url,ProductName,MarketerName,Uses,Features,Directions,Safety
https://www.1mg.com/otc/dolovera-gel-otc343307,,Denzai Innovations & Therapeutics Pvt Ltd,,,,
https://www.1mg.com/otc/deemark-ortho-balm-premium-50gm-each-otc945323,Deemark Ortho Balm Premium,Deemark Health Care Pvt Ltd,,"Tail Parna Tail, Tejovathi, Tejpatta, Sati, Karpura, Pudina, Gandhpura, White Petroleum Jelly",Apply the balm 3-4 times a day with a light massage,
https://www.1mg.com/otc/tynor-l-24-elbow-support-oac-small-otc345820,Tynor L-24 Elbow Support Oac,Tynor Orthotics Pvt. Ltd.,It is primarily used to provide support and stability to an injured elbow.,"Promotes easy elbow movement, Gives better comfort, Facilitates better compression and grip, Has excellent aesthetics and retains body heat effectively, Promotes quicker healing, Available sizes: S (7""-10""), M (10""-12""), L (12""-14""), XL (14""-16"")",Use as per requirement or as directed by the physician.,"Read the label carefully before use, Store in a cool dry place away from direct sunlight, Keep out of reach of the children, Avoid physical damage"
https://www.1mg.com/otc/lp-160xt-x-tremus-back-support-small-otc331192,LP #160XT X-Tremus Back Support,LP Support,"It is recommended in injury prevention, low back pain, and mild muscle strain.","X pattern Stable Contoured Structure surrounded forward from behind provides lumbar spine encirclement protection, C pattern Magic Power Band contoured to fit the core muscles preserves energy consumption, and enhances sports explosion, Semi-rigid stays positioned on the back support and stabilize the lumbar spine without limiting performance, Pocket closure design makes it easier to wrap in front, Durable Fitting Knit with high permeability fabric ensures wearing durability and breathability",Use as per requirement or as directed by the physician.,"Read the label carefully before use, Keep out of the reach of children, Store in a cool dry place away from direct sunlight"
https://www.1mg.com/otc/wellon-ks02-hinged-knee-support-open-patella-large-otc387637,Wellon Hinged Knee Support Open Patella KS-02,Mana Medical,It offers a natural and non-invasive pain relief and is helpful in treatment of inflammation and pain around the knees.,"Hinged with Open Patella is made of elastic cotton with aluminium splints on both side of the knee to give required movement, It is designed with a large dorsal opening to ensure no buckling and no vaso constriction, Magnetic field helps to improves blood circulation, It improves sleeping activity levels and reduces the stress due to knee pain, Very effective as athletic support for rheumatic or arthritic pain and post operative conditions, Model: Knee Support Hinged - (Open Patella), Part Number: KS-02, Size in Number: 16 - 18 inch, Suitable for both men and women, Designed For:Knee",,"Read the manual carefully before use, Keep out of the reach of children, Only for external use, Avoid use during pregnancy, Avoid use if using pacemakers, suffering from haemophills, have surgically implanted screws, undergoing dialysis, allergic to metal or have wound"
https://www.1mg.com/otc/samson-ls0417-ring-seat-pillow-universal-grey-otc487781,Samson LS-0417 Ring Seat Pillow Universal Grey,Samson Scientifics & Surgicals,"It is used in reducing pressure on the coccyx, tailbone, legs and hip bones while sitting.",,Use as per requirement or as directed by the physician.,"Read the label carefully before use, Store in a cool dry place away from direct sunlight, Keep out of reach of the children, Avoid physical damage"
https://www.1mg.com/otc/presens-hot-and-cold-pack-regular-otc545759,Presens Hot and Cold Pack Large,Presens Healthcare,The hot and cold pack helps provide relief from pain or swelling.,"All-around use:Ideal for clinical, home, office, school, and sports use, First aid essential:Provides efficient hot and cold therapy, For all ages:For adult’s and children’s relief, Post-surgery use:Can be used after wisdom tooth operation, cosmetic procedure, etc., Fast relief:Store it in a freeze for quick use as needed, Portable:Small and lightweight design make it easy to be carried around, Contents:CMC. Sugar, Water",,"It is advisable to check that the temperature is not too extreme against the skin, It is recommended that the gel pack is wrapped in cloth before applying it to the skin, Read the label carefully before use, Store in a cool and dry place, Keep out of reach of children"
https://www.1mg.com/otc/ortho-aid-natural-pain-relief-ointment-otc943285,Ortho-Aid Natural Pain Relief Ointment,Leeford Healthcare Ltd,,"Pudina ka Phool (Mentha arvensis), Kapoor (Cinnamomum), Ajowan ka Phool (Trachyspermum ammi), Gandhpura (Gaultheria ka tel), Nilgiri ka tel (Eucalyptus globulus), Lavang ka tel (Syzygium aromaticum), Tarpin ka tel (Pinus roxburghii), Jaiphal tel (Myristica fragrans), Ortho aid ointment provides effective and long-lasting relief, It relieves cough, cold, headache, backache and muscular pains, It contains gandhapura oil that is beneficial for the stiffness of muscles, It has pudina leaves that provide relief from cough and cold, Ayurvedic formulation is highly effective and free from side effects","Apply sufficient quantity on the painful area, at least 2:3 times a day, as a thin layer, rub and massage on the affected area, Or as advised by your healthcare practitioner","Read the label carefully before use, Store in a cool and dry place, away from sunlight, Keep out of reach of children"
https://www.1mg.com/otc/medi-duomed-thigh-length-stocking-xl-beige-otc569854,,Isha Surgical,,,,
https://www.1mg.com/otc/swasthya-sankul-organic-peeda-kashmak-oil-otc916176,Swasthya Sankul Organic Peeda Kashmak Oil(8ml Each),Tarus Pharmaceutical,,"Ajwain, camphor, eucalyptus, wintergreen and turmeric oils., Ajwain relaxes the uterine muscles and reduces menstrual cramps, Eucalyptus oil soothes and relaxes the muscles and helps in cold, Wintergreen oil relieves pain, inflammation, and headaches, Turmeric is known for its anti-inflammatory and antiseptic properties, Camphor helps deal with the pain in the joints",,"Read the label carefully before use, Keep out of reach of children, Maintain hygiene"
https://www.1mg.com/otc/acupressure-slipper-for-women-otc518558,Acupressure Slipper for Women,Kapil Plastic Mould,It is primarily used to increase blood circulation and relieve pains and aches.,"This acupressure slipper helps to promote sleep, It is beneficial for increasing blood circulation, It provides relief from pains and aches, It helps to condition neuropathy, It also helps to promote relaxation and reduce stress",As directed by the physician.,"Keep it away from directed sunlight, Keep it indoors, Keep it away from children"
https://www.1mg.com/otc/sleepsia-premium-quality-thick-contour-gel-infused-pillow-large-blue-star-fabric-otc504639,,Sleepsia India Pvt Ltd,,,,
https://www.1mg.com/otc/witzion-small-grey-contoured-lumbar-sacral-back-support-belt-otc513900,,Witzion,,,,
https://www.1mg.com/otc/smart-care-ice-bag-otc372973,Smart Care Ice Bag,Saify Health Care and Medi Devices India Pvt Ltd,"To provide perfect cold therapy for strained and tired muscles caused by sports activities, back pain, etc.","Material: water-repellent cloth, Made from high-quality materials and has a leak-proof design, Soft fibre provides comfort and complete coverage of injured area, Comes in a compact design, is small, handy and easy to carry, It has a large cup for ice cubes, Reaches all contours of the body and relieves pains and swelling","Just put some ice in the bag and wrap it in a clean towel, Place this ice pack on the affected area","Read the label carefully before use, Store in a cool and dry place, away from sunlight, Keep out of reach of children, Keep away from direct exposure to flame, Keep away from sharp and pointed objects"
https://www.1mg.com/otc/medtrix-functional-open-patella-hinge-knee-support-xl-black-otc503669,,Medtrix,,,,
https://www.1mg.com/otc/dyna-3d-knitted-knee-cap-xl-black-right-otc392267,,Dynamic Techno Medicals Pvt. Ltd.,,,,
https://www.1mg.com/otc/zeodic-gel-otc448272,,Zephon Life Sciences,,,,
https://www.1mg.com/otc/medtrix-open-patella-knee-cap-small-beige-otc503749,,Medtrix,,,,
https://www.1mg.com/otc/witzion-shoulder-support-black-left-otc513532,,Witzion,,,,
https://www.1mg.com/otc/comprezon-cotton-varicose-vein-stockings-class-1-above-knee-large-beige-otc390212,,Dynamic Techno Medicals Pvt. Ltd.,,,,
https://www.1mg.com/otc/rubenac-gel-otc457089,,Saksham Pharmaceuticals India Ltd,,,,
https://www.1mg.com/otc/rolini-gel-otc347443,,R B Pharmaceuticals,,,,
https://www.1mg.com/otc/witzion-xxxl-grey-contoured-lumbar-sacral-back-support-belt-otc513914,,Witzion,,,,
https://www.1mg.com/otc/labrador-india-kings-flip-body-massage-sleeve-stress-relief-relaxation-chocolate-otc917955,Labrador India Kings Flip Body Massage Sleeve Stress Relief & Relaxation,Loop,This massager helps relax the body and the mind.,"It is a skin-friendly massager that is built with medical-grade silicone, It helps relax the body and calm the mind, It helps soothe the nerves and provides pleasure","Apply appropriate pressure; once the massager is properly fitted, you can start using it on your body, Apply the appropriate pressure according to your preference, After each use, it's essential to clean the massager to maintain hygiene, Invert the massager and wash it with gentle soap and water, Make sure to clean it thoroughly, paying attention to any textured areas, Rinse off any soap residue and allow it to dry completely before storing","Read the label carefully before use, Store in a cool and dry place, Maintain hygiene, Keep out of reach of children"
https://www.1mg.com/otc/tynor-k-08-metatarsal-silicon-pad-pair-universal-otc344165,Tynor K-08 Metatarsal Silicon Pad (Pair) Universal,Tynor Orthotics Pvt. Ltd.,,"Absorbs shock and impact, Comfortable, durable and reusable silicone pads, Anatomically designed for comfort and support",Use as per requirement or as directed by the physician.,"Read the label carefully before use, Keep out of the reach of children, Store in a cool and dry place"
https://www.1mg.com/otc/medtrix-varicose-vein-stocking-xl-beige-premium-otc503788,Medtrix Varicose Vein Stocking,Medtrix,The product is primarily used in relieving post-surgical pain and pain due to varicose veins and restricted blood circulation.,"It helps to stop varicose veins from getting worse, The product provides consistent pressure to the legs, It helps to alleviate pain and reduce pain and discomfort, The product aims to offer compression and support, It assists in improving the blood circulation",Use as per requirement or as directed by the physician.,"Read the label carefully before use, Store in a cool dry place away from direct sunlight, Keep out of reach of the children, Avoid physical damage"
https://www.1mg.com/otc/aroma-treasures-juniper-berry-essential-oil-otc485031,,Aroma Treasures Pvt Ltd,,,,
https://www.1mg.com/otc/amron-xamax-seatrest-otc421700,Amron Xamax Seatrest,Xamax Ergonomics Pvt. Ltd.,It is useful in the case of tail-bone pain and also reduces muscle stress. It is useful in acting as a back rest for office chairs. It provides lumbar support and can beused as back rest for patients.,,Use as per requirement or as directed by the physician.,"Read the label carefully before use, Store in a cool dry place away from direct sunlight, Keep out of reach of the children, Avoid physical damage"
https://www.1mg.com/otc/medtrix-functional-open-patella-hinge-knee-support-xxl-black-otc503670,,Medtrix,,,,
https://www.1mg.com/otc/dr.-reckeweg-bellis-per-dilution-3x-otc373080,Dr. Reckeweg Bellis Per Dilution,Dr Reckeweg & Co,,"Bellis Perennis, Liquid, This dilution can help manage injuries to soft tissue such as abdomen, Dr. Reckeweg Bellis Per Dilution can help manage injuries to bones or sprains in the muscle tissue, It may help in managing concerns associated with varicose veins with bruises on the external surface",,"Read the label carefully before use, Store in a cool and dry place, away from sunlight, Keep out of reach of children, Don’t exceed the recommended dosage"
https://www.1mg.com/otc/p-care-a1019-lumbo-sacral-support-belt-xxl-otc658680,,PR Flexmake Private Limited,,,,
https://www.1mg.com/otc/tynor-l-23-heating-pad-universal-otc335884,,Tynor Orthotics Pvt. Ltd.,,,,
https://www.1mg.com/otc/bjain-rhus-toxicodendron-dilution-200-ch-otc701493,Bjain Rhus Toxicodendron Dilution,Bjain Pharmaceuticals Pvt. Ltd.,,,Take 3-5 drops of the dilution in 1 teaspoon of water twice a day or as directed by the physician.,
https://www.1mg.com/otc/bjain-rhus-toxicodendron-dilution-3x-otc701490,Bjain Rhus Toxicodendron Dilution,Bjain Pharmaceuticals Pvt. Ltd.,,,Take 3-5 drops of the dilution in 1 teaspoon of water twice a day or as directed by the physician.,
https://www.1mg.com/otc/tynor-l-24-elbow-support-oac-large-otc345822,Tynor L-24 Elbow Support Oac,Tynor Orthotics Pvt. Ltd.,It is primarily used to provide support and stability to an injured elbow.,"Promotes easy elbow movement, Gives better comfort, Facilitates better compression and grip, Has excellent aesthetics and retains body heat effectively, Promotes quicker healing, Available sizes: S (7""-10""), M (10""-12""), L (12""-14""), XL (14""-16"")",Use as per requirement or as directed by the physician.,"Read the label carefully before use, Store in a cool dry place away from direct sunlight, Keep out of reach of the children, Avoid physical damage"
https://www.1mg.com/otc/opq-bronze-plastic-cap-hot-water-bag-otc801606,OPQ Bronze Plastic Cap Hot Water Bag,Krishna Waterproof,"It is a waterproof hot water bag that helps relieve aches and pains, cramps and cold symptoms by providing heat therapy.","Made of natural rubber, Can be used as a body warmer, Retains heat for a long time, Reusable, non-electrical and leakproof, Has a high tensile strength",Use as directed on the label.,"Read the label carefully before use, Store in a cool and dry place, away from sunlight, Keep out of reach of children"
https://www.1mg.com/otc/indian-remedies-coldnil-capsule-otc461553,,Indian Remedies,,,,
https://www.1mg.com/otc/fastac-hot-gel-otc852319,Fastac Hot Gel,Novita Healthcare Pvt Ltd,,"Wintergreen Oil, Mint Extract, Turpentine Oil, Eucalyptus Oil, Wintergreen oil helps relieve inflammation and swelling, Mint extract helps relieve sore and aching muscles, Turpentine oil provides effective relief from pain, Eucalyptus oil offers a warming sensation and helps soothe and lubricate the joints","Gently massage the fast hot gel into the skin of the affected area, Allow the medicine to dry for at least 10 minutes before you wear clothes or gloves over the affected area, Wash your hands immediately after using cream, unless your hands are part of the affected area, Do not wrap, bandage, or apply heat to the affected area","Do not exceed the recommended dosage, Read the label carefully before use, Store in a cool, dry place away from direct sunlight, Keep out of reach of children"
https://www.1mg.com/otc/him-herbal-red-royal-balm-otc892740,Him Herbal Ayurvedic Red Royal Balm,Pioneer Herbals,,"Paudina Ka Phool, Kapur, Cajuput Oil, Pudina Tail, Clove Oil, Dalchini Oil, Headache and Cold Relief:Him Herbal Ayurvedic Red Royal Balm provides relief from headaches and cold symptoms. Applying the balm and gently massaging it helps to alleviate headache discomfort and clear nasal congestion, improving breathing, Muscle Pain Relief:The balm soothes muscle aches and pains. By massaging it into the affected area, it helps to reduce muscle soreness, stiffness, and discomfort, Swelling and Sprain Relief:Him Herbal Ayurvedic Red Royal Balm reduces swelling and stiffness in sprains. Applying the balm to the affected area and wrapping it with a bandage helps to alleviate swelling and promote healing, Stuffy Nose Relief:The balm clears a stuffy nose and improves breathing. By applying it to the chest and sinuses, it helps to open up the nasal passages, providing relief from congestion, Insect Bite Soothing:Him Herbal Ayurvedic Red Royal Balm can also be used to soothe itchy insect bites. Applying the balm to the affected area helps to relieve itching and irritation caused by insect bites",Apply generously a thin layer on the affected area and massage gently until the ointment disappears. Repeat if necessary.,"Read the product label carefully before use, Keep out of reach of children"
https://www.1mg.com/otc/tynor-b-01-collar-soft-firm-density-small-otc335723,,Tynor Orthotics Pvt. Ltd.,,,,
https://www.1mg.com/otc/baidyanath-mahawatvidhvansan-ras-tablet-otc325866,Baidyanath Mahawatvidhvansan Ras Tablet,Shree Baidyanath Ayurved Bhawan Pvt Ltd,,"Pippali, maricha, shunthi, trikatu, amlaki, nimbu swarasa, chitrakamoola, and bhringaraja, 80 tabs, Tablets, The tablet is effective in various types of pain and aches, due to its ability to balance vata dosha, It addresses ailments caused by vata imbalance, such as abdominal bloating, colic, and splenic disorders, by harmonizing the body's vata energy, Ingredients like pippali, maricha, and shunthi help in improving digestion and reducing symptoms of indigestion and bloating, The formulation helps in managing epilepsy and other nervous system-related issues by stabilizing nerve function, The tablet is indicated for haemorrhoid patients, providing relief from discomfort and promoting recovery",,"Do not exceed the recommended dosage, Read the label carefully before use, Store in a cool dry place away from direct sunlight, Keep out of reach of children, Avoid any strong smell in the mouth such as coffee, onion, hing, mint, camphor, garlic etc. while taking the medicine, Keep at least half an hour gap between food/drink/ any other medicines and allopathic medicine"
https://www.1mg.com/otc/hapdco-magnesia-phosphoricum-biochemic-tablet-30x-otc386271,,HAPDCO,,,,
https://www.1mg.com/otc/fullstop-arthritis-joint-pain-relief-1000mg-oil-otc547458,Lycoturn-CQ Capsule,Fullstop,,"Grape seed extract, Beta carotene, Lycopene, Biotin, Citrus bioflavanoids, L-methionine, L-cysteine, Antioxidants, Vitamins, Minerals, Grape seed extract possibly helps to manage wounds and conditions like high cholesterol, poor circulation, atherosclerosis, nerve damage, etc., Lycopene is a plant protein rich in antioxidants that helps keep the heart healthy, Citrus flavonoids are antioxidants that scavenge free radicals, improve glucose tolerance and insulin sensitivity, modulate lipid metabolism etc, Beta carotene and biotin are essential for healthy eyes, hair and skin",Use as directed by the physician.,"Read the label carefully before use, Do not exceed the recommended dose, Keep out of the reach of children, Store at a temperature below 25-degree Celsius and 40 % humidity in a cool and dry place, Keep away from direct light"
https://www.1mg.com/otc/lenvitz-gel-cushion-with-foam-base-otc399203,,Lenvitz Medical Solutions Pvt Ltd,,,,
https://www.1mg.com/otc/p-care-c3015-ankle-binder-xl-otc659065,,PR Flexmake Private Limited,,,,
https://www.1mg.com/otc/aroma-treasures-lavender-french-essential-oil-otc485038,,Aroma Treasures Pvt Ltd,,,,
https://www.1mg.com/otc/medtrix-hinged-knee-cap-xl-beige-eco-otc503701,,Medtrix,,,,
https://www.1mg.com/otc/the-white-willow-cervical-orthopedic-memory-foam-cooling-gel-contour-pillow-small-otc506740,The White Willow Cervical Orthopedic Memory Foam Cooling Gel Contour Pillow Queen,The White Willow,"It is made from original visco elastic memory foam which is used to support the neck, head and shoulder.",,Read the instructions manual for usage directions.,"Read the label carefully before use, Keep out of reach of the children, Store in a cool dry place away from use"
https://www.1mg.com/otc/painoleave-anti-arthritic-oil-100ml-each-otc860962,Painoleave Anti Arthritic Oil (100ml Each),Beston Herbal Products,,"Rasna, Menthol, Camphor, Sidhi, Saindhava lavana, Nisindha, Sajna, Hari mirch, It is beneficial in combating rheumatic ailments including pain and swelling, It acts as a potent analgesic that helps relieve pain in osteoarthritis, rheumatoid arthritis, strains, and sprains, It is a potent anti-inflammatory agent that helps deal with arthritis, joint stiffness, immobility, etc.","Sufficient quantity of Painoleave Oil to be massaged gently on the affected area for 5 to 10 minutes, Repeat as per requirement( to get better results give hot-dry fomentation before massage and cover with flannel cloth on affected area after massage)","Read the label carefully before use, Store in a cool, dry place away from direct sunlight, Keep out of reach of children"
https://www.1mg.com/otc/mgrm-wrist-cock-up-splint-0307-xl-right-otc390713,MGRM Wrist & Cock Up Splint 0307,MGRM Medicare Ltd.,It is mainly used to support and grip your wrist and arm.,"It is a pre-shaped mouldable splint made of light metal that maintains dorsiflexion, It is made of high-quality, coated fabric with a foam pad and sweat-absorbing lining for comfortable support, It is specially designed for the right and left arms, It has a hole for thumb insertion and easy splint movement","First, select the proper size for your wrist. Then insert the thumb of the injured hand into the hole and lock your wrist with the velcro loops.","Keep out of reach of the children, It should not be machine washed, It must not be brushed hard, It should not be squeezed"
https://www.1mg.com/otc/patanjali-divya-ekangveer-ras-otc387950,,Patanjali Divya Pharmacy,,,,
https://www.1mg.com/otc/wellon-compression-stockings-under-knee-stk01-small-otc387713,Wellon Compression Stockings (Under Knee) STK-01,Mana Medical,"Specially designed to apply pressure on the lower legs, it helps maintain blood flow and helps reduce discomfort and swelling. Mainly indicated in varicose veins.","Four way stretchable fabric which makes it easy to put on and off, Anatomic Shape making it easy to wear and is highly comfortable, It is made of dermophillic soft nylon yarn and spandex for higher compression and longer life, Light weight breathing material which prevents any discomfort","It can be worn over socks, shoes and slippers.","Read the label carefully before use, Do not exceed the recommended dose, Keep out of the reach of children, Store in a cool dry place away from direct sunlight and heat"
https://www.1mg.com/otc/dominion-care-acupressure-handy-roller-delux-otc529866,,Kapil Plastic Mould,,,,
https://www.1mg.com/otc/sbs-sandhimukta-kit-otc544460,SBS Sandhimukta Kit,SBS Herbal Pvt Ltd,,"It is an ayurvedic medicine, It is beneficial for all types of pain, It is useful for muscle and joint pain",Use as directed on the label or as suggested by health care professionals.,"Store in a cool and dry place away from direct sunlight, Read the label carefully, Keep out of reach of children"
https://www.1mg.com/otc/vissco-0709-elastic-tubular-anklet-xl-otc344576,,Vissco Rehabilitation Aids Pvt. Ltd.,,,,
https://www.1mg.com/otc/boldfit-knee-support-cap-brace-small-otc688144,,Sasvat Omnicare Pvt Ltd,,,,
https://www.1mg.com/otc/voligesic-plus-gel-otc350264,,Scott Edil Pharmacia Ltd,,,,
https://www.1mg.com/otc/sleepsia-premium-quality-thick-contour-gel-infused-pillow-medium-blue-star-fabric-otc504645,,Sleepsia India Pvt Ltd,,,,
https://www.1mg.com/otc/cramps-d-tablet-otc544130,Cramps-D Tablet,Anogen Pharma Pvt Ltd,,"Magnesium bisglycinate, Vitamin D3, Cramps-D Tablet is beneficial for boosting the performance of the immune system of the body, It contains Magnesium bisglycinate which helps in promoting bone health and also maintains normal heart rhythms, It also contains vitamin D3 which aids in strengthening muscles and bones and improves cardiac functions",Use as directed on the label or as advised by your physician.,"Read the label carefully before use, Do not exceed the recommended dosage, Store in a cool and dry place away from direct sunlight, Keep out of reach of children"
https://www.1mg.com/otc/tynor-a-29-lumbo-lacepull-brace-universal-otc345478,Tynor A-29 Lumbo Lacepull Brace Universal,Tynor Orthotics Pvt. Ltd.,"It ergonomically braces waist, requires lesser force for old aged users to achieve high compression and immobilization. Recommended specifically for postoperative stabilization and multi level decompression.",,Use as per requirement or as directed by the physician.,
https://www.1mg.com/otc/medtrix-lumbar-sacral-belt-xl-beige-otc503737,,Medtrix,,,,
https://www.1mg.com/otc/biofreeze-menthol-pain-relief-colorless-gel-otc570134,,Isha Surgical,,,,
https://www.1mg.com/otc/sri-nature-ayur-lakshadi-guggulu-tablet-otc495904,Sri Nature Ayur Lakshadi Guggulu Tablet,Sri Nature Ayur,,"Lakshadi Guggulu, It is helpful for healing broken bones, fractures and osteophyte removal, It is a natural formula to enhance calcium deposition in bone, It is a herbal remedy for osteoporosis and decreased bone density",Use as directed on the label or as suggested by health care professionals.,"Store in a cool and dry place away from direct sunlight, Read the label carefully, Keep out of reach of children"
https://www.1mg.com/otc/opq-executive-plastic-cap-hot-water-bag-with-cover-otc801587,OPQ Executive Plastic Cap Hot Water Bag with Cover,Krishna Waterproof,It helps manage pain through heat therapy.,"This hot water bag is made of leakage-proof thick and sturdy material, It helps provide relief from muscular and menstrual pain, It is easily portable and convenient to handle, This hot water bag provides heat therapy and lasts for a long time",As directed in the instruction manual.,"Read the label carefully, Keep out of reach ofthe children, Avoid extreme heat"
https://www.1mg.com/otc/presens-otc310-thigh-length-anti-embolism-medical-compression-stocking-xxxl-white-otc569762,,Presens Healthcare,,,,
https://www.1mg.com/otc/babuline-babkaan-ear-drops-for-baby-and-adult-relieving-ear-pain-eardrops-for-babies-ear-infections-and-earaches-10ml-each-otc929717,Babuline Babkaan Ear Drops for Ear Infection and Ear Ache,Babuline Pharma,,"Arka (Leaf) (Calotropis Procera), Nimba (Leaf) (Azadirachta Indica), Bilva (Fruit) Karpura (Crystal), Tila Taila (Sesamum Indicum), Preservatives (Benzoic Acid)",3 to 4 drops of Babkaan Ear Drops in the affected ear.,
https://www.1mg.com/otc/o-mumsie-mama-don-t-stress-headache-soother-otc905088,O'mumsie Mama Don't Stress Headache Soother,Derma Organics,,"Bees Wax, Castor Oil, Sunflower Oil, Shea Butter, Cocoa Butter, Kokum Butter, Wheat Germ Oil, Coconut Oil, Bees Wax, Castor Oil, Sunflower Oil, Shea Butter, Almond Oil, Lavender Oil, Peppermint Oil, Menthol Extract, Mandarin Oil, Herbal Extracts Of coleus , Plectranthus, Scutellarioides, Plectranthus Barbatus, Coffee Beans, Boswellia, Keliamaranth, Black Pepper, Marigold, Fennel, Cinnamon, Jaiphal, Rose Hip Oil, Vitamin E, Carrot Seed Oil, Butylated Hydroxytoluene, This potent formula relieves pain by calming your senses, The all-natural herbal formula is suitable for pregnant ladies, It is made with natural ingredients that will give you an aromatherapy experience after application, The soothing aroma of lavender will ease you out, Menthol and peppermint will add a tingly sensation to the applied area, O’mumsie’s products are organic and free from harsh chemicals, All the ingredients are cruelty, sulfate, and paraben-free",Use this balm as soon as the headache starts for optimal results.,"Read the label carefully, For external use only, If symptoms persist, seek medical attention, Not for internal consumption"
https://www.1mg.com/otc/bakson-s-homoeopathy-flu-aid-tablet-otc815875,Bakson's Flu Aid Tablet,Bakson Drugs &  Pharmaceuticals Pvt. ltd.,,"Arsenicum Album 6x, Gelsemium Sempervirens 3x, Eupatorium Perfoliatum 3x, Bellis Perennis 3x, Bryonia Alba 3x",As directed by your healthcare professional,
https://www.1mg.com/otc/dr-med-tennis-wrist-thumb-splint-dr-w132-universal-blue-left-otc377488,,A-MI Global Co Ltd,,,,
https://www.1mg.com/otc/lp-711a-waist-support-trimmer-otc334894,LP #711A Waist Support Trimmer,LP Support,"It is primarily recommended in low back pain, and muscle strain/ sprain.","Used for lower back support and abdominal lift, Effective in toning and shaping waistline when worn during athletic activity, Helps to provide constant heat and moisture to lower back muscles, Designed with 1/8"" thick neoprene with a double knit nylon exterior",Use as per requirement or as directed by the physician.,"Read the label carefully before use, Store in a cool dry place away from direct sunlight, Keep out of reach of the children, Avoid physical damage"
https://www.1mg.com/otc/lp-708-standard-knee-support-open-patella-single-small-blue-otc331390,LP #708 Standard Knee Support Open Patella,LP Support,The LP Open Patella Knee Support helps to protect against further injury and it is also helpful for post-operative knee problems.,,Hand wash with mild soap in cold water. Rinse thoroughly.,"Read the label carefully before use, Keep out of reach of the children, Air dry at room temperature, Do not machine wash or dry., EndFragment"
https://www.1mg.com/otc/mgrm-rib-belt-male-0401-xl-otc390705,,MGRM Medicare Ltd.,,,,
https://www.1mg.com/otc/amron-xamax-arm-sling-xxxl-otc421720,,Xamax Ergonomics Pvt. Ltd.,,,,
https://www.1mg.com/otc/alva-s-painex-balm-otc590924,,Alva Pharmacy,,,,
https://www.1mg.com/otc/witzion-large-beige-contoured-lumbar-sacral-back-support-belt-otc513890,,Witzion,,,,
https://www.1mg.com/otc/accusure-e-8-elastic-elbow-support-pair-xl-otc371687,,AccuSure Ortho Support,,,,
https://www.1mg.com/otc/dicloran-spray-otc885829,Dicloran spray,J B Chemicals and Pharmaceuticals Ltd,,"Diethylamine Ip, Diclofenac Sodium IP, Methyl Salicylate,menthol, It is useful for all types of pain, It penetrates through the skin, It is useful for knees, joints, muscles, shoulder, back, leg or ankle pain, It is a powerful pain reliever which contains 2% Diclofenac",Use as mentioned on the label of as directed by a health care professional.,"Store in a cool and dry place away from direct sunlight, Read the label carefully, Keep out of reach of children"
https://www.1mg.com/otc/acupressure-roller-yoga-anand-otc518654,,Kapil Plastic Mould,,,,
https://www.1mg.com/otc/slimish-pain-go-tablet-otc893973,Slimish Pain Go Tablet:,RJM Enterprises,,"Glucosamine, MSM, Chondroitin Sulphate, Hadjod, Shalaki, Ginger, Calcium, Curcumin, Black Pepper, Vit D3, Piperin, Supports joint health and mobility, It helps relieve pain and stiffness, Helps repair and strengthen the cartilage, Supports overall joint function, enhances flexibility and mobility, Easy-to-take tablet that can be used as needed for pain relief, Suitable for vegetarians and free from common allergens like gluten and dairy, Promotes overall well-being and helps reduce inflammation",Take 1-2 Tablets Twice a day after a meal,"Store in a cool and dry place, away from direct sunlight, Read the label carefully before use"
https://www.1mg.com/otc/kneeton-tablet-otc391982,,Suncure Remedies,,,,
https://www.1mg.com/otc/dominion-care-combo-pack-of-accu-paduka-accupressure-massage-slipper-and-steam-sauna-bath-large-otc516310,,Kapil Plastic Mould,,,,
https://www.1mg.com/otc/my-dr-pain-relief-oil-otc422007,MY Dr Pain Relief Oil,Med Manor Organics Pvt Ltd,,,,
https://www.1mg.com/otc/dr.-reckeweg-taraxacum-officinale-dilution-10m-ch-otc375361,Dr. Reckeweg Taraxacum Officinale Dilution,Dr Reckeweg & Co,,"Taraxacin, Taraxacerin, Acrystalline, Potash, Gum, B-complex, Vitamins A, C, D, 11ml, Dilution, This dilution may help to relieve kidney and bone disorders, It helps to manage warts and acne, This is an effective remedy in managing liver complaints, It also supports urinary organs, This formula may help to reduce infections and swelling and manage water retention, and breast problems, It also helps to deal with gallbladder problems, viruses, and pneumonia, This product promotes normal digestion",,"Read the label carefully before use, Store in a cool and dry place, Keep out of reach of children, Do not exceed the recommended dose, Self-medication is not advised"
https://www.1mg.com/otc/proyurveda-joint-care-combo-pack-of-flex-imac-forte-50caps-flex-imac-oil-50ml-otc350404,,Maximaa Proyurveda,,,,
https://www.1mg.com/otc/mgrm-dorsolumbar-brace-0512-medium-otc390543,,MGRM Medicare Ltd.,,,,
https://www.1mg.com/otc/tynor-compression-stocking-below-knee-classic-beige-latex-powder-free-large-otc675928,Tynor I-16 Compression Stocking Below Knee,Tynor Orthotics Pvt. Ltd.,It is primarily used to provide relief in all forms of venous disease including blood pools or congests in legs.,,Use as per requirement or as directed by the physician.,
https://www.1mg.com/otc/p-care-c3003-varicose-vein-stocking-xxl-otc658843,,PR Flexmake Private Limited,,,,
https://www.1mg.com/otc/four-seasons-amrut-yog-dhara-for-headache-10ml-each-otc713927,,Veloce Herbals Pvt Ltd,,,,
https://www.1mg.com/otc/metabolic-life-sciences-hicomit-pain-oil-otc924509,Metabolic Life Sciences Hicomit Pain Oil,Velnex Medicare India Pvt Ltd,,"Eucalyptus oil, mahanarayan oil, black cumin oil, garlic oil, lemongrass oil, turmeric oil, lavender oil, menthol oil, sesame oil, castor oil, til oil, bakuchi oil, karpura, ajwain, shallaki oil., It is a powerful formula that is composed of ayurvedic and natural ingredients, It contains the goodness of eucalyptus oil, mahanarayan oil, black cumin oil, and many other potent ingredients, This oil helps reduce rheumatoid and arthritic pain, It helps provide relief to the muscles and strengthens the tissues, It helps bring flexibility and mobility to the body",As directed by the healthcare professional.,"Read the label carefully before use, Store in a cool and dry place, Keep away from direct sunlight"
https://www.1mg.com/otc/p-care-a1020-posture-back-support-brace-small-otc658689,,PR Flexmake Private Limited,,,,
https://www.1mg.com/otc/p-care-c3015-ankle-binder-large-otc659064,,PR Flexmake Private Limited,,,,
https://www.1mg.com/otc/medtrix-hinged-knee-cap-small-beige-premium-otc503704,,Medtrix,,,,
https://www.1mg.com/otc/torque-s-relief-on-pain-relief-oil-100ml-each-otc869006,Torque's Relief-On Pain Relief Oil,Torque Pharmaceuticals Pvt Ltd,,"Taliparna, Ajwain, Lavang, Dhatura, Karpura, Pudina, Gandhapura, Sesame oil, Mahanarayana, Khurasani, The ayurvedic massage oil for arthritis helps patients, especially during winters, It is beneficial for knee and all types of body pain, It is helpful for chronic joint pain, It is useful for muscle stiffness",You need 5 to 10 ml or more and gently massage the affected area for a few minutes 2-3 times a day.,"Store in a cool and dry place away from direct sunlight, Read the label carefully, Keep out of reach of children"
https://www.1mg.com/otc/remedo-arm-sling-pouch-medium-otc390102,,Remedo Wellness Pvt Ltd,,,,
https://www.1mg.com/otc/wellon-elastic-knee-support-knee-cap-ks-04-small-otc387662,,Mana Medical,,,,
https://www.1mg.com/otc/amron-xamax-wrist-wrap-large-otc421704,,Xamax Ergonomics Pvt. Ltd.,,,,
https://www.1mg.com/otc/lp-723-neoprene-tennis-elbow-support-with-strap-medium-black-otc331403,LP 723 Neoprene Tennis Elbow Support with Strap,LP Support,"It is primarily used to provide relief in the case of lateral epicondylitis, weak and painful elbow joints, for prevention and control of bursitis /tendinitis.","Aims to facilitate relief in case of tennis elbows, It is used for lateral epicondylitis and prevention and control of bursitis and tendinitis, Provides comfort in arthritis pain, Easy to wear and remove and provides utmost comfort to the elbow, Helps to protect the elbow & arm during any activity, It consists of an attached strap which offers adjustable compression, Reduces wrist and finger tension, Permits limited movement to avoid stiffness, Provides comfortable fit, Measure:CM Unit- S= 22.9-25.4 cm, M= 25.4-27.9 cm, L= 27.9-30.5 cm, XL= 30.5-33.0 cm, Measure:Inch Unit- S= 9-10 "", M= 10-11 "", L= 11-12 "", XL=12-13 """,Use as per requirement or as directed by the physician.,"Read the label carefully before use, Store in a cool dry place away from direct sunlight, Keep out of reach of the children, Avoid physical damage"
https://www.1mg.com/otc/nicogel-spray-55gm-each-otc778016,Nicogel Spray,HOF Pharmaceuticals,,"Virgin linseed oil bp, Methyl salicylate, Menthol, Sodium IP, Diclofenac, It can provide relief from back pain, neck pain, joint pain, muscular pain, sprains and sports injuries, It may help reduce inflammation and relieve pain, It is non-greasy and has lightening fast absorption, It is paraben-free and has an easy, hassle-free application, It does not contain any artificial colours and fragrance","Shake well before each use, Spray the contents from a 5 cm distance on the affected areas three to four times a day","Read the label carefully before use, Store in a cool and dry place, away from sunlight, Keep out of reach of children"
https://www.1mg.com/otc/dr.-thangs-batnashak-batika-60-each-otc882505,Dr. Thangs Batnashak Batika (60 Each),Doctor Thangs,,"Maha Yograj Guggul, Maha Rasandi Quath, Kala Zeera, Salai Guggul, Tagara, Dev Daru, Ashwagandha, Abhrak Bhasam, Shilajit, Kasis Bhasma, This herbal blend caters to joint pain and inflammation of the area, It soothes knee and lumbar pain, It helps with joint cartilage regeneration, strains, sprains, frozen shoulder and muscle pull, It also addresses lumbar spondylitis and cervical spondylitis","1 tablet twice a day with water, Or as advised by your healthcare practitioner","Read the label carefully before use, Store in a cool and dry place, away from sunlight, Keep out of reach of children, We do not promote self-medication, Always consult your health care provider, nutritionist, or doctor before use, If you are pregnant, nursing or taking any medication, consult your doctor before use"
https://www.1mg.com/otc/omnigel-pain-relief-from-sprain-injury-back-pain-muscle-pain-body-pain-knee-pain-joint-pain-otc959933,Omnigel,Cipla Ltd,,"Linseed Oil BP, Diclofenac Diethylamine BP Equivalent to Diclofenac Sodium, Methyl Salicylate IP, Menthol IP, Benzyl Alcohol IP (As Preservative) in water-washable base, Linseed oil has anti-inflammatory properties and minimises inflammation and swelling, Diclofenac is an anti-inflammatory that inhibits the release of chemicals that are responsible for causing pain and inflammation, Methyl salicylate and menthol work topically to relieve pain, Gel",Use as directed by the healthcare professional.,"Read the label carefully before use, Store below 25C. Do not freeze, Keep out of reach of children"
https://www.1mg.com/otc/deemark-ortho-balm-premium-50gm-each-otc945328,Deemark Ortho Balm Premium,Deemark Health Care Pvt Ltd,,"Tail Parna Tail, Tejovathi, Tejpatta, Sati, Karpura, Pudina, Gandhpura, White Petroleum Jelly",Apply the balm 3-4 times a day with a light massage,
https://www.1mg.com/otc/medtrix-hinged-knee-cap-xl-beige-premium-otc503707,,Medtrix,,,,
https://www.1mg.com/otc/dyna-3d-knitted-knee-cap-small-black-left-otc392269,,Dynamic Techno Medicals Pvt. Ltd.,,,,
https://www.1mg.com/otc/witzion-medium-grey-lumbo-sacral-back-support-belt-otc513859,Witzion Lumbo Sacral Back Support Belt,Witzion,It is used to provide support to the lower spine area and also helps in reducing the back pain.,,Use as directed in the manual.,"Read the label carefully before use, Keep out of reach of children, Avoid any physical damage"
https://www.1mg.com/otc/medtrix-cervical-pillow-spondylosis-neck-and-back-pain-support-universal-beige-premium-otc503570,Medtrix Cervical Pillow Spondylosis Neck and Back Pain Support Universal,Medtrix,"It is used to support the head, neck and shoulder for better comfort.",,Read the instructions manual for usage directions.,"Read the label carefully before use, Keep out of reach of the children, Store in a cool dry place"
https://www.1mg.com/otc/medtrix-knee-brace-xl-beige-otc503716,,Medtrix,,,,
https://www.1mg.com/otc/ayukriti-herbals-rheuminon-oil-otc445442,,Harasha Pharma Pvt Ltd,,,,
https://www.1mg.com/otc/wellon-cervical-collar-soft-eyelet-cc-01-small-otc387483,Wellon Cervical Collar Soft Eyelet CC-01,Mana Medical,"Specially designed to support, immobilise or adjust the neck in the flexion, extension or hyperextension position.","Specially designed to support, immobilize or adjust the neck in the flexion, extension or hyperextension position, Velcro closures are used for easy application, removal and adjustment",Use as directed by the instructions manual,"Read the label carefully before use, Keep away from children"
https://www.1mg.com/otc/presens-otc302-medical-compression-knee-length-stocking-medium-beige-otc569861,,Presens Healthcare,,,,
https://www.1mg.com/otc/dr.-thangs-batnashak-batika-60-each-otc882504,Dr. Thangs Batnashak Batika (60 Each),Doctor Thangs,,"Maha Yograj Guggul, Maha Rasandi Quath, Kala Zeera, Salai Guggul, Tagara, Dev Daru, Ashwagandha, Abhrak Bhasam, Shilajit, Kasis Bhasma, This herbal blend caters to joint pain and inflammation of the area, It soothes knee and lumbar pain, It helps with joint cartilage regeneration, strains, sprains, frozen shoulder and muscle pull, It also addresses lumbar spondylitis and cervical spondylitis","1 tablet twice a day with water, Or as advised by your healthcare practitioner","Read the label carefully before use, Store in a cool and dry place, away from sunlight, Keep out of reach of children, We do not promote self-medication, Always consult your health care provider, nutritionist, or doctor before use, If you are pregnant, nursing or taking any medication, consult your doctor before use"
https://www.1mg.com/otc/rexo-dentiseat-otc493634,Rexo Dentiseat,Rexo Products,These are filled seat covers for comfortable sitting and dental chairs.,"These are filled seat covers for comfortable sitting and dental chairs, These cushions are supplied with double-protected PVC-coated cloth seat covers, The bag converts into gel cushions with the help of three litres of water only",Follow the directions mentioned on the label.,"Read the label carefully, Store in a safe place, Keep out of reach of children"
https://www.1mg.com/otc/dyna-3d-knitted-knee-cap-medium-orange-left-otc392346,,Dynamic Techno Medicals Pvt. Ltd.,,,,
https://www.1mg.com/otc/lp-150xt-x-tremus-elbow-support-single-xl-otc331268,LP #150XT X-Tremus Elbow Support,LP Support,It is used to provide elbow pain relief by giving stable compression during your entire day of daily activity.,,Measure around the elbow joint and wear accordingly.,"Read the label carefully before use, Keep out of reach of the children, Store in a cool dry place"
https://www.1mg.com/otc/estaright-spray-55gm-each-otc961933,Estaright Spray (55gm Each),Estapro Pharmaceuticals Private Limited,,"Diclofenac Diethylamine IP (Eq. to Diclofenac Sodium) 2.32%, Methyl Salicylate IP 10%, Menthol IP 5%, Provides targeted relief to specific areas of the body where pain or discomfort is experienced, Effective in managing various types of musculoskeletal pain, including neck pain, back pain, muscle pain, joint pain, ankle pain, shoulder pain, and wrist pain, Easy-to-use spray application for quick and hassle-free pain relief","Shake well before each use, Hold the can upright and spray the can from the face, Spray the contents on the affected area 3-4 times a day or as directed by the physician, Cover the sprayed area with a cloth to improve drug penetration and effectiveness, Do not spray on open wounds","Read the label carefully before use, Store in a cool and dry place, away from sunlight, Keep out of the reach of children, Pressurised container, Keep away from direct sunlight, live electrical equipment and heat, Do not spray on an open flame, Do not expose to temperatures above 50°C, Do not freeze, Store below 30°C"
https://www.1mg.com/otc/dominion-care-cervical-pillow-otc526374,Dominion Care Cervical Pillow,Kapil Plastic Mould,It is designed in a manner that keeps the neck in hyperextension position thus helping them get a good night's sleep.,"Helps fight pain and stress associated with cervical, Comes in a universal size, Positions the neck in such a fashion that it ensures good sleep",Use as directed on the leaflet or manual.,"Read the label carefully before use, Store in a cool and dry place, away from sunlight, Keep away from children"
https://www.1mg.com/otc/witzion-knee-brace-small-beige-otc514120,,Witzion,,,,
https://www.1mg.com/otc/accusure-a2-ankle-elastic-pair-xl-otc371774,AccuSure A2 Ankle Elastic Pair,AccuSure Ortho Support,It is used to help get relief from sprains and strain on the ankle caused due to injury or pains associated with arthritis,"Material:Elastic, Bi-layered construction with dermophillic cotton for comfort in all weather conditions, Nylon exterior for long life, excellent aesthetics, and colour fastness, Four-way stretchable knit with spandex for effective compression, comfort, and no buckling of fabric, Thick knit retains body heat, providing therapeutic warmth, Helps provide support for the ankle","Wear the ankle support around the ankles. Use cold water and mild detergent to wash it, Thoroughly rinse and dry under air at room temperature","Read the guidelines carefully before use, Do not use the washing machine for washing or drying"
https://www.1mg.com/otc/medtrix-varicose-vein-stocking-small-beige-eco-otc503779,Medtrix Varicose Vein Stocking,Medtrix,The product is primarily used in relieving post-surgical pain and pain due to varicose veins and restricted blood circulation.,"It helps to stop varicose veins from getting worse, The product provides consistent pressure to the legs, It helps to alleviate pain and reduce pain and discomfort, The product aims to offer compression and support, It assists in improving the blood circulation",Use as per requirement or as directed by the physician.,"Read the label carefully before use, Store in a cool dry place away from direct sunlight, Keep out of reach of the children, Avoid physical damage"
https://www.1mg.com/otc/tynor-a-09-rib-belt-xxl-otc345456,,Tynor Orthotics Pvt. Ltd.,,,,
https://www.1mg.com/otc/medtrix-knee-brace-small-grey-otc503718,,Medtrix,,,,
https://www.1mg.com/otc/lp-150xt-x-tremus-elbow-support-single-medium-otc331262,LP #150XT X-Tremus Elbow Support,LP Support,It is used to provide elbow pain relief by giving stable compression during your entire day of daily activity.,,Measure around the elbow joint and wear accordingly.,"Read the label carefully before use, Keep out of reach of the children, Store in a cool dry place"
https://www.1mg.com/otc/hapdco-immusol-capsule-otc386581,Hapdco Immusol Capsule,HAPDCO,,"Ashwagandha, Satavari, Giloy, Sonth, Lahsun, Haldi, Shuddha Shilajeet, Kalmegh, Helps enhance the immunity of the body and shields the body against recurring diseases, It helps protect the body from bacterial or viral infections, It is useful in immune dysfunction disorders",1-2 Capsules 2-3 times a day or as directed by the physician,"Read the label carefully before use, Store in a cool and dry place, away from sunlight, Keep out of reach of children"
https://www.1mg.com/otc/ziffinac-gel-otc346646,,Affinity Life Sciences Pvt Ltd,,,,
https://www.1mg.com/otc/mgrm-heel-cup-single-1101-medium-right-otc390591,,MGRM Medicare Ltd.,,,,
https://www.1mg.com/otc/presens-otc310-thigh-length-anti-embolism-medical-compression-stocking-small-white-otc569760,,Presens Healthcare,,,,
https://www.1mg.com/otc/parfenax-gel-otc344706,Parfenax Gel,Aegis Prescriptions Pvt Ltd,,"Aceclofenac, It reduces joint pain and stiffness by inhibiting the enzymes (5-lipoxygenase) responsible for inflammation, joint pain, swelling and stiffness, It also improves flexibility, physical performance, as well as joint movement, It helps to manage the symptoms of osteoarthritis, It strengthens the joints and prevents further degeneration",Use as directed by the physician,"Read the label carefully before use, Keep out of the reach of children, Store at a temperature below 25-degree Celsius and 40 % humidity in a cool and dry place, Should be protected from direct light"
https://www.1mg.com/otc/united-ortho-adjustable-night-splint-small-otc483216,,United Ortho,,,,
https://www.1mg.com/otc/wellon-arm-string-strap-pas05-large-otc387705,Wellon Arm String Strap PAS-05,Mana Medical,Provides support to the arm during conservation and post-operative care,"It Helps in suspending the forearm for keeping elbow in 900 flexion, It Provides support to the arm during conservation and post-operative care, It Helps in strain, pain and in fracture",As instructed on the label of the product,"Read the label carefully before use, Keep it out of reach of the children, Store in a cool and dry place away from direct sunlight, Use under medical supervision"
https://www.1mg.com/otc/geo-fresh-organic-curcumin-capsule-otc436303,,Geo Fresh Organic,,,,
https://www.1mg.com/otc/fx-elastic-sports-tape-20-precut-10-inch-purple-otc525320,,Greathealth Trexim Pvt Ltd,,,,
https://www.1mg.com/otc/sbl-arsenicum-album-0-4-lm-otc360865,,SBL Pvt Ltd,,,,
https://www.1mg.com/otc/baidyanath-garbh-chintamani-ras-vrihat-with-gold-otc404511,,Shree Baidyanath Ayurved Bhawan Pvt Ltd,,,,
https://www.1mg.com/otc/accusure-e-2-elbow-wrap-neoprene-otc371703,AccuSure E-2 Elbow Wrap Neoprene,AccuSure Ortho Support,It provides therapeutic warmth around the elbow while the nylon loop lining gives a soft comfort.,,Use as per your requirement or as directed by the physician.,"Read the label carefully before use, Keep out of the reach of children"
https://www.1mg.com/otc/unaveda-no-pain-ointment-otc807420,No pain ointment,Unaveda,,"Lasun(Allium sativum), Haridra(Curcuma longa), Aswagandha (Winthania somnifera), Lavanga (Syzygium aromaticum), Onion (Allium cepa), It can help to reduce muscular pains and provide some relief, It can help to relieve sprains and joint pains, It can also help to relieve headaches or any other pain",This ointment has to be applied to the affected areas.,"For external use only, Not for oral medication"
https://www.1mg.com/otc/lp-605-palm-brace-large-otc331340,LP #605 Palm Brace,LP Support,"Provides support and relieves pain from the stiff, swollen or injured wrist. Protects against further injury.",,Measure the circumference of your wrist and wear accordingly.,"Read the label carefully before use, Keep out of reach of the children, Store in a cool dry place"
https://www.1mg.com/otc/physicool-coolant-recharge-otc757089,,Sanrai Retails,,,,
https://www.1mg.com/otc/maxis-cotton-thigh-length-stocking-xs-beige-otc570823,,Isha Surgical,,,,
https://www.1mg.com/otc/witzion-functional-knee-support-small-beige-otc513595,,Witzion,,,,
https://www.1mg.com/otc/runtej-pain-reliever-oil-otc516989,Runtej Pain Reliever Oil,Parsham Group,,"Camphora, It helps reduce pain in the body, This formula provides relief from backache and helps support the knees, It strengthens the joints of the body, It nourishes the bones and improves flexibility",Massage gently on the required area.,"Read the label carefully, Store in a cool, dry place, Keep away from direct sunlight, For external use only"
https://www.1mg.com/otc/lp-581-neoprene-knee-support-dual-patella-strap-large-xl-otc331287,LP #581 Neoprene Knee Support Dual Patella Strap (Large/XL),LP Support,"It is recommended to support weak knee and prevent mild strain/sprain, and Arthritis.","Extra pad applies pressure on the tendon below the kneecap for improved patella tracking, Provides symptomatic relief of pain from chondromalacia, tendinitis, jumper´s knee or Osgood-Schlatter, Unique strap design fits all knee sizes with adjustable support",Use as per requirement or as directed by the physician.,"Read the label carefully before use, Keep out of the reach of children, Store in a cool dry place away from direct sunlight"
https://www.1mg.com/otc/dr-med-ankle-support-dr-a002-xl-blue-otc377579,,A-MI Global Co Ltd,,,,
https://www.1mg.com/otc/lp-958-shoulder-support-large-otc331414,LP #958 Shoulder Support,LP Support,Speeds healing of shoulder dislocation or subluxation. It is designed to help reduce pain and stiffness while also giving maximum support to a weak or recovering shoulder.,,"Read the user manual carefully, Hand wash with mild soap in cold water, Rinse thoroughly, Air dry at room temperature, Do not machine wash or dry",
https://www.1mg.com/otc/lp-753-neoprene-wrist-wrap-universal-black-otc331578,LP #753 Neoprene Wrist Wrap,LP Support,It is primarily used in the case of injured wrist and helps to reduce pain and pressure.,"Provides firm support around weakened and strained area, Adjustable design fits most body sizes, Minimizes potential for injury, Helps relieve pain through pressure on injured wrist, Provides firm support around weak or strained joint, Adjustable hook and loop strap ensures comfortable fit and stabilization during activity, One size: 10.2-20.3cm (4-8"")","Read the user manual carefully, Hand wash in cold water with mild soap. Rinse thoroughly, Air dry at room temperature. Do not machine wash and dry, Should a rash or irritation occur, discontinue use and consult your physician","Read the label carefully before use, Store in a cool dry place away from direct sunlight, Keep out of reach of the children, Avoid physical damage"
https://www.1mg.com/otc/lp-150xt-x-tremus-elbow-support-single-small-otc331259,LP #150XT X-Tremus Elbow Support,LP Support,It is used to provide elbow pain relief by giving stable compression during your entire day of daily activity.,,Measure around the elbow joint and wear accordingly.,"Read the label carefully before use, Keep out of reach of the children, Store in a cool dry place"
https://www.1mg.com/otc/aroma-treasures-rosemary-essential-oil-otc485080,,Aroma Treasures Pvt Ltd,,,,
https://www.1mg.com/otc/nagarjuna-pinda-thailam-otc376821,Nagarjuna Pinda Thailam,Nagarjuna Ayurvedic Centre,,"Madhuchhista (Honey bee wax), Manjishta (Rubia cordifolia), Sarjarasa (Resin of Vateria indica), Sariva (Hemidesmus indicus), Taila (Oil of Sesamum indicum), It is an Ayurvedic product, It is useful for gouty arthritis, It is used in Pitta prakruti individuals, as a massage oil",Use Nagarjuna Pinda Thailam as directed by the physician,"Store in a cool and dry place away from direct sunlight, Read the label carefully, Keep out of reach of children"
https://www.1mg.com/otc/lp-894-ice-bag-medium-blue-otc331360,LP #894 Ice Bag,LP Support,It is used to provide perfect cold therapy to the strained and tired muscles.,,,"Read the label carefully before use, Keep out of reach of the children, Store in a cool dry place away from direct sunlight, EndFragment"
https://www.1mg.com/otc/witzion-shoulder-support-black-right-otc513533,,Witzion,,,,
https://www.1mg.com/otc/organio-s-t-bone-pain-relief-spray-otc552013,,Genitech NSAN Pharmaceutical Pvt. Ltd,,,,
https://www.1mg.com/otc/mgrm-arm-sling-pouch-deluxe-0206-xl-otc390485,MGRM Arm Sling Pouch Deluxe 0206 Medium,MGRM Medicare Ltd.,"Provide good support to the arm or shoulder in case of closed or surgical management of strain, sprain and fractures.","A high-quality foam fused fabric envelope for the arm provides good comfortable support and improves patient compliance, Non-stretching strap helps to reduce pressure and evenly distribute the weight of the affected arm over the other shoulder, An adjustable, broad shoulder pad further reduces pressure on neck and shoulder regions, Simple velcro closure using plastic buckles, A special thumb loop is provided inside the fabric envelope for 'parking' the hand when desired, Product Care:Hand wash using cold water and mild soap. Air dry in the shade. Do not brush hard. Do not squeeze. No machine wash","Position the lower arm (across the chest with the elbow joint bent at 90 degrees) inside the envelope, Bring the strap along the backside and over the other shoulder, Adjust the position of the shoulder pad around the neck as necessary, Insert the strap through both plastic buckles of the envelope, Use velcro closure in the strap for secured fit","Read the user manual carefully, Keep away from children, Keep in a cool and dry place away from direct heat, Avoid any physical damage"
https://www.1mg.com/otc/dr.-reckeweg-natrum-arsenicum-dilution-cm-ch-otc374653,Dr. Reckeweg Natrum Arsenicum Dilution,Dr Reckeweg & Co,,"Natrum Arsenicosum, 11ml, Liquid dilution, It is incredibly successful in dealing with frontal headaches accompanied by strained eyes, It deals with runny and blocked noses and reduces the development of crusts inside the nose, A great solution for eyelid irritation and conjunctivitis, It reduces chest tightness and phlegm-producing cough, It can also be used to deal with rheumatism, It offers efficient solution for shoulder and joint pain",,"Do not exceed the recommended dosage, Read the label carefully before use, Store in a cool dry place away from direct sunlight, Keep out of reach of children, Avoid any strong smell in the mouth such as coffee, onion, hing, mint, camphor, garlic etc. while taking the medicine, Keep at least half an hour gap between food/drink/ any other medicines and allopathic medicine"
https://www.1mg.com/otc/mgrm-0104-soft-collar-large-otc390529,MGRM Soft Collar 0104,MGRM Medicare Ltd.,"It is used in lateral muscle spasm (Wry Neck), mild sprain and strain and wrong neck posture.","Soft foam collar with unique contour and fine resiliency offers warm comfort and snug fit around the neck, Fine, knitted fabric cover absorbs sweat and remains skin friendly, Pediatric - 2.5 - 3.0 Inches, Small - 3.0 - 3.5 Inches, Medium - 3.5 - 4.0 Inches, Large - 4.0 - 4.5 Inches","Look for the 'Inside Up' label on the collar, By keeping center of the collar under the chin, apply velcro closure for proper fit, If you are not able to fix the velcro in this position, keep the velcro loop and hook ends in the front, close the collar, and then rotate to bring the center of the collar under the chin","Hand wash using cold water and mild soap, Air dry in shade, Do not brush hard, Do not squeeze, No machine wash"
https://www.1mg.com/otc/herb-tantra-muscle-recovery-roll-on-otc829118,Herb Tantra Muscle Recovery Roll On,Trueroots Impex Pvt Ltd,,"Nutmeg, Frankincense, Lemongrass, Wintergreen, Red chilly, Menthol, Nutmeg contains eugenol and safrole which have anti-inflammatory properties that make it useful for managing joint and muscle pain, Frankincense has anti-inflammatory effects that help reduce joint inflammation caused by arthritis, It helps prevent leaktronies which can cause irritaion, The active ingredient found in wintergreen, methyl salicylate is very closely related to aspirin and has analgesic and anti-inflammatory properties, Menthol primarily activates the cold-sensitive TRPM8 receptors in the skin, Menthol after topical application causes a feeling of coolness due to stimulation of cold receptors",As prescribed by a healthcare professional,"Read the label carefully before use, Store in a cool and dry place, away from sunlight, Keep out of reach of children, Use under medical supervision, Don’t exceed the recommended dosage"
https://www.1mg.com/otc/flamisum-ultra-gel-otc940932,Flamisum Ultra Gel,Medlife International Pvt Ltd,,"Diclofenac Diethylamine IP Eq.to Diclofenac sodium, Virgin Linseed Oil BP, Methyl Salicylate IP, Menthol IP, Benzyl alcohol IP (As preservative), Provides effective relief from pain in joints, knees, back, neck and shoulder, Helps in reducing swelling and pain in musculoskeletal, joint, and soft tissue disorders, Effective in sprain, myositis, fibrositis and sciatica, Useful in relieving pain due to sports injuries, Absorbs quickly in the skin for instant action, Helps in relaxing muscle stiffness and provides long-lasting relief from pain, Non-sticky formula","Apply Flamisun Gel directly on the affected areas, Use 3-4 times a day or, as directed by the physician","Read the label carefully before use, Keep out of the reach of children, Use under medical supervision, Do not exceed the recommended dosage, For external use only, Replace the cap tightly, Should be applied to intact skin surfaces only and not to skin wounds and open injuries, Should not come into contact with eyes, or mucous membranes and should not be ingested, Store in a cool and dry place"
https://www.1mg.com/otc/fx-elastic-sports-tape-20-precut-10-inch-black-otc525317,,Greathealth Trexim Pvt Ltd,,,,
https://www.1mg.com/otc/lp-161xt-x-tremus-back-support-xxl-otc331211,LP #161XT X-Tremus Back Support,LP Support,"It is primarily recommended in moderate muscle strain, low back pain and HIVD (Herniated lntervertebral Disc).","X pattern Stable Contoured Structure combined with elastic straps and semi-rigid stays provide lumbar spine maximal protection, C Pattern Magic Power Band contoured to fit the core muscles preserves energy consumption and enhances sports explosion, Semi-rigid stays positioned on the back support and stabilize the lumbar spine without limiting performance, Bilateral straps provide reinforced compression to enhance stays function with extra stability, Pocket closure design makes it easier to wrap in front, Durable Fitting Knit with high permeability fabric ensures wearing durability and breathability",Use as per requirement or as directed by the physician.,"Read the label carefully before use, Store in a cool dry place away from direct sunlight, Keep out of reach of the children, Avoid physical damage"
https://www.1mg.com/otc/lp-752-neoprene-wrist-thumb-support-small-black-otc331325,LP #752 Neoprene Wrist/Thumb Support,LP Support,"It is used to facilitate support and stability to the wrist and is useful for painful, swollen, or weak joints.",,Measure the circumference of your wrist and wear accordingly.,"Read the label carefully before use, Keep out of reach of the children, Store in a cool dry place"
https://www.1mg.com/otc/choicemmed-mdts111-electronic-pulse-stimulator-white-otc364489,,ChoiceMMed India,,,,
https://www.1mg.com/otc/geo-fresh-organic-turmeric-750mg-tablet-otc435678,Geo Fresh Organic Turmeric 750mg Tablet,Geo Fresh Organic,,"Organic Turmeric (Curcuma Longa), Acts as a natural antioxidant and helps to treat joint pain, Neutralizes free radicals and stimulates enzymes, Helps to reduce joints pain and inflammation, Effective in the treatment of arthritis and rheumatism, Maintains a healthy cardiovascular system and promotes cell growth",As directed by your doctor,"Keep in a cool and dark place with a tightly closed lid away from moisture, Keep out of reach of the children, Do not use if safety seal or cap is broken or missing"
https://www.1mg.com/otc/medtrix-functional-open-patella-hinge-knee-support-xxl-blue-otc503676,,Medtrix,,,,
https://www.1mg.com/otc/optimove-gel-otc423879,,Amore Health Essentials Pvt Ltd,,,,
https://www.1mg.com/otc/dr-willmar-schwabe-india-juniperus-virginiana-dilution-12-ch-otc404313,,Dr Willmar Schwabe India Pvt Ltd,,,,
https://www.1mg.com/otc/lp-726-neoprene-wrist-support-wrap-universal-black-otc331315,LP #726 Neoprene Wrist Support Wrap,LP Support,"It is used in the condition of Carpal Tunnel Syndrome (CTS), strain or sprain of wrist muscles, and post plaster cast removal.",,Measure the circumference of your wrist and wear accordingly.,"Read the label carefully before use, Keep out of reach of the children, Store in a cool dry place"
https://www.1mg.com/otc/maxis-cotton-knee-length-stocking-xxxl-beige-otc570800,,Isha Surgical,,,,
https://www.1mg.com/otc/mgrm-knee-immobilizer-0702-medium-otc390608,,MGRM Medicare Ltd.,,,,
https://www.1mg.com/otc/lp-941-knee-support-elastic-single-medium-otc331382,LP #941 Knee Support Elastic,LP Support,"It is designed to help prevent injuries, reduce pain, and play sports. It can be used while performing leg press while running on the treadmill, mountain climbing and hiking.",,Measure the circumference of the knee at the patella with the knee fully extended and wear accordingly.,"Read the label carefully before use, Keep out of reach of the children, Store in a cool dry place"
https://www.1mg.com/otc/3m-coban-wrap-1583-otc393924,3M Coban Wrap 1583,3M India Limited,It helps reduce swelling and provides support to injured areas,"It sticks to itself making it easy to apply and remove without causing pain or discomfort, It is self-adhering, Material: elastic, It is porous and lightweight",Use as directed on the label,Read the label carefully before use
https://www.1mg.com/otc/accusure-w-4-elastic-wrist-brace-with-thumb-otc371739,AccuSure W-4 Elastic Wrist Brace With Thumb,AccuSure Ortho Support,It can be used to provide stability and prevent injuries to the wrist during weight lifting.,,Use as directed on the label or as advised by your healthcare provider.,"Read the label carefully before use, Store in a cool and dry place away from direct sunlight, Keep out of reach of children"
https://www.1mg.com/otc/bipha-ayurveda-karpooradi-thailam-otc558407,Bipha Ayurveda Karpooradi Thailam,Bipha Drug Laboratories Pvt Ltd,,"Karpoora, Tila thaila, Ajamoda, It might soothe and clear your nasal and chest congestion in all seasonal variations, Relieves aches and pains in the body, Effective remedy for toothache and ear pain, Reduces joint pain, stiffness and swelling associated with inflammatory diseases, Relieves chest congestion and eases respiration, Provides relief against headaches and migraine",Use as directed on the label.,"Read the label carefully before use, Do not expose to direct sunlight, Keep out of reach of children"
https://www.1mg.com/otc/amron-xamax-knee-cap-medium-otc421656,,Xamax Ergonomics Pvt. Ltd.,,,,
https://www.1mg.com/otc/ayusya-valeria-massage-oil-otc423482,,Ayusya Naturals,,,,
https://www.1mg.com/otc/witzion-xxl-beige-lumbo-sacral-back-support-belt-otc513853,Witzion Lumbo Sacral Back Support Belt,Witzion,It is used to provide support to the lower spine area and also helps in reducing the back pain.,,Use as directed in the manual.,"Read the label carefully before use, Keep out of reach of children, Avoid any physical damage"
https://www.1mg.com/otc/dyna-3d-knitted-lumbar-brace-with-silicone-pad-medium-otc392248,,Dynamic Techno Medicals Pvt. Ltd.,,,,
https://www.1mg.com/otc/dr-willmar-schwabe-india-bismuthum-subnitricum-dilution-6-ch-otc397183,Dr Willmar Schwabe India Bismuthum Subnitricum Dilution,Dr Willmar Schwabe India Pvt Ltd,,"Provides effective relief from neuralgic pain in the head, Helps in treating toothache and swollen gum, Effective in healing ulcers on the side of tongue, Helps in treatment of inflammation of the mucosal lining of the alimentary canal, Helps in relieving stomachache and vomiting, Useful in curing diarrhoea with pain in the stomach, Reduces weakness and relieves painful cramps in limbs","Take 3-5 drops 2-3 times a day or, as directed by the physician.","Read the label carefully before use, Keep out of the reach of children, Use under medical supervision, Do not exceed the recommended dosage, Maintain half an hour gap between food,drink and any other medicines and homoeopathic medicine, Store in a cool and dry place"
https://www.1mg.com/otc/p-care-a1014-back-wrap-neoprene-xl-otc658560,,PR Flexmake Private Limited,,,,
https://www.1mg.com/otc/sbl-arsenicum-album-0-10-lm-otc360871,,SBL Pvt Ltd,,,,
https://www.1mg.com/otc/dyna-3d-knitted-knee-cap-xl-orange-left-otc392354,,Dynamic Techno Medicals Pvt. Ltd.,,,,
https://www.1mg.com/otc/md-homoeo-neuralgia-m-mixture-otc413940,,M D Homoeo Lab Pvt Ltd,,,,
https://www.1mg.com/otc/samson-pa-2007-sam-band-resistance-universal-blue-otc487863,,Samson Scientifics & Surgicals,,,,
https://www.1mg.com/otc/mgrm-spondylosis-collar-0101-xs-otc390671,,MGRM Medicare Ltd.,,,,
https://www.1mg.com/otc/lifelong-ll27-electric-handheld-full-body-massager-brown-otc530390,Lifelong LL27 Electric Handheld Full Body Massager Brown,Lifelong Online Retail Pvt Ltd,,"Reduces tension and fatigue from muscle tissues, Has 4 different massage heads, Flat Massage Head, Wavy Massage Head, Ball Massage Head and Micro Fibre Massage Head, Designed with a powerful motor and regulator to adjust speed and intensity, Relaxes and soothes nerves and relieves pain, Helps in reducing weight and burning fat, Lightweight and compact design which makes it easy to use, High-quality ABS and TPR body design makes it durable and heat resistant, Vibrations from massager increase blood flow and relax muscle tissues",Read the instruction manual for usage directions.,"Read the label carefully before use, Keep away from children, Protect from physical damage, Use under medical advise, Do not use continuously for long duration, Store in a dry and clean place"
https://www.1mg.com/otc/witzion-xl-beige-lumbo-sacral-back-support-belt-otc513850,Witzion Lumbo Sacral Back Support Belt,Witzion,It is used to provide support to the lower spine area and also helps in reducing the back pain.,,Use as directed in the manual.,"Read the label carefully before use, Keep out of reach of children, Avoid any physical damage"
https://www.1mg.com/otc/healthy-hey-curcumin-with-bioperine-vegetable-capsule-with-piperine-and-turmeric-extract-otc505883,HealthyHey Curcumin with Bioperine1310mg Vegetable Caps With Piperine,HealthyHey Foods LLP,,Curcumin,Use as directed by the physician.,
https://www.1mg.com/otc/dr-med-posture-control-shoulder-brace-large-beige-otc377462,,A-MI Global Co Ltd,,,,
https://www.1mg.com/otc/oriental-botanics-body-massage-oil-with-jasmine-nargis-otc373911,Oriental Botanics Body Massage Oil with Jasmine & Nargis,Emmbros Overseas,,"Bran Oil, Sweet Almond Oil, Virgin Jojoba Oil, Grapeseed Oil, Virgin Coconut Oil, Avocado Oil, Safflower Oil, Jasmine Oil, Nargis Oil, The fragrance of the oil helps calm the mind down, and therefore this is an ideal oil for a relaxing aromatherapy body massage, It quickly permeates the skin and leaves behind a transparent layer of oil on the skins surface, It helps fortify the skin's protective barrier and reduce moisture loss from your skin, thereby making it feel smooth throughout the day, It helps soften the dry, rough elbows and knees and the cracked heels, It also helps rejuvenate your body, skin and mind, It is free from mineral oil, paraben, phthalate, sulfates, and other toxic compounds, this is a natural product, The oils have been united in proportions that help maximize the benefit of the body massage oil, This product has not been tested on animals","Pour some oil on your palm and apply it to the body part you want to massage, Start massaging gently by using various techniques, If done by an expert, it can help soothe your body and give you a relaxing experience","Read the product label carefully before use, Keep out of reach of children"
https://www.1mg.com/otc/boiron-rhus-toxicodendron-pellets-30c-otc407894,Boiron Rhus Toxicodendron Multi Dose Approx 80 Pellets,Boiron Laboratories Pvt Ltd,,"Rhus Toxicodendron, Provides effective treatment for eczema and relieves conditions of itchiness and rashes, Helpful in the treatment of conditions associated with herpes, Highly effective in the treatment of pains associated with arthritis and rheumatism, Helps in relieving symptoms associated with flu and viral infections., Helpful in the treatment of sore, dry throat and excessive cough, It is also helpful in curing prolonged menses with heavy discharge accompanied by abdominal pain, It is also used to correct psychological issues such as depression and anxiety",As directed by the physician.,"Read the label carefully before use, Do not exceed the recommended dose, Keep out of the reach of children, Use under medical supervision, Store in a cool dry place away from direct sunlight and heat"
https://www.1mg.com/otc/amron-xamax-regular-backrest-large-otc421586,Amron Xamax Backrest,Xamax Ergonomics Pvt. Ltd.,It aids in treating backache by correcting the sitting posture. It helps provide lumbar support and can be used as back support for a car seat.,,Use as directed and follow proper instructions.,
https://www.1mg.com/otc/samson-wr0806-tennis-elbow-support-with-pressure-pad-medium-otc348980,Samson WR0806 Tennis Elbow Support with Pressure Pad Medium,Samson Scientifics & Surgicals,Helps to support elbow pain or injury.,"Adjustable Size:The support comes with an adjustable design, allowing users to customize the fit for optimal comfort. This feature is beneficial for individuals with different forearm and elbow sizes, Skin-Friendly:The material used in the support is skin-friendly, minimizing the risk of irritation or discomfort during use. This is important for individuals with sensitive skin, Crochet Technology:The support is crafted using crochet technology. This results in an air-permeable fabric that enhances ventilation, reducing the accumulation of sweat. This can be particularly advantageous during physical activities, Soft Support:While providing support to the affected area, the product is designed to be soft, allowing for a degree of flexibility and natural movement. This feature can be crucial for individuals who need support without restricting their range of motion, Tested Fabrics:The fabrics used in the product are tested for antifungal and antibacterial properties. This helps in maintaining hygiene and preventing potential skin issues, Commonly Used By Various Individuals:The support is mentioned to be commonly used by tennis players, golfers, racquet players, and industrial workers. It indicates versatility in its application for those engaging in activities that may strain the forearm and elbow","Remove the cap and gently squeeze and massage smoothly into the required portion, In case of use with condom, just smooth over the condom when it is already on","Keep out of the reach and sight of children, Read the label carefully before use, Store in a cool dry place and away from direct sunlight, Use within three months of opening, The gel is non-sticky and won't stain but to avoid contact with the eyes is advised, In case of any irritation stop the use and if the irritation continues, or additional lube is required all the time then visit a doctor"
https://www.1mg.com/otc/lp-794-ice-and-hot-wrap-otc331355,LP #794 Ice and Hot Wrap,LP Support,"Is specially designed to help treat pain, swelling, and bruising that may arise due to trauma.","Cold Treatment:, It reduces muscle spasms, pain, swelling and or bruising after any type of trauma, Hot Treatment:, It is excellent for relieving sore, stiff, nagging muscles, joint pain, and chronic injuries with no inflammation, It can help reduce muscle spasms, alleviate pain and elevate blood flow",Use as per requirement or as directed by the physician.,"Read the label carefully before use, Keep out of the reach of children, Store in a cool dry place away from direct sunlight"
https://www.1mg.com/otc/witzion-functional-knee-support-medium-beige-otc513598,,Witzion,,,,
https://www.1mg.com/otc/sbl-arnica-montana-0-30-lm-otc360854,,SBL Pvt Ltd,,,,
https://www.1mg.com/otc/lp-561cp-elbow-pad-single-small-otc331249,,LP Support,,,,
https://www.1mg.com/otc/sandpuppy-fitbelt-plus-otc421267,SandPuppy Fitbelt Plus,Afferent Wearable Technology,"The belt is designed for busy professionals, frequent travellers, active exercisers, and homemakers who want to relieve back pain while performing daily activities.","Vibration mode:Relaxes the muscles, Use time:60 minutes per charge, Material:Advanced carbon fibre-based heating for safe, deep, and high surface reflective heat for comfort and long-lasting pain relief, Syncs with app:The belt can be connected to the SandPuppy app to customise heat and vibration levels, Wireless and Portable:Yes, Far Infrared Radiation:FIR light can transfer energy purely in the form of heat and reach the deeper layers of body tissue, providing pain relief, Contents:Belt, Extenders, Charging cable, Power bank, Pouch","Wrap the belt, Connect the female connector to the power bank, Insert power bank into the pouch, Change heating mode","Read the label carefully before use, Store in a cool, dry place away from direct sunlight, Keep out of reach of the children"
https://www.1mg.com/otc/bjain-cholesterinum-dilution-6-ch-otc439369,Bjain Cholesterinum Dilution,Bjain Pharmaceuticals Pvt. Ltd.,,,,
https://www.1mg.com/otc/tynor-i68-medical-compression-stocking-below-knee-high-class-3-pair-small-otc335859,Tynor I-68 Medical Compression Stocking Below Knee High Class 3 (Pair),Tynor Orthotics Pvt. Ltd.,It helps to support and reduce the pain in ankles and reduces the varicose pain and also improves the comfort and stability.,"High quality, dermophillic, strong with long functional life, Effective and Graduated compression, Anatomical shape ensures, snug fitting and optimal grip, but no localized constrictions, Top silicone lined band ensures no slippage, Available in different compression classes ensures effective blood evacuation, Open toe design reduces wear and tear and is easy to wear, Comes with Applicator, User manual, and CD for effective management of the disease",Use as per requirement or as directed by the physician.,"Read the label carefully before use, Keep out of the reach of children, Store in a cool and dry place"
https://www.1mg.com/otc/nagarjuna-laakshaadi-thailam-otc376752,Nagarjuna Laakshaadi Thailam,Nagarjuna Ayurvedic Centre,,"Taila (Sesame oil, Sesamum indicum), Aranala (Fermented gruel), Laksha (Laccifer lacca), Haridra (Turmeric rhizome, Curcuma longa), Manjishta (Indian Madder, Rubia cordifolia), It is useful for fever and related body aches, It is an ayurvedic oil, It is beneficial for headache, It is useful in rhinitis, bronchitis, bronchial asthma, pruritis, epilepsy and hysteria",Take Nagarjuna Laakshaadi Thailam as directed by the physician,"Store in a cool and dry place away from direct sunlight, Read the label carefully, Keep out of reach of children"
https://www.1mg.com/otc/medtrix-open-patella-knee-cap-xxl-beige-otc503753,,Medtrix,,,,
https://www.1mg.com/otc/adel-pyrogenium-dilution-200-ch-otc333187,ADEL Pyrogenium Dilution,Adel Pekana Germany,,"Pyrogenium, 10 Ml, Liquid, Highly effective for septic diseases and with intense restlessness, It can be used to manage anxiety in patients as well as headaches associated with restlessness, Useful in diarrhoea and dysentery, Helps manage catarrhal fevers with chills and restlessness, It can be used as a laxative to get relief from constipation and bloating, Pyrogenium may help relieve inflammation in the kidneys, It can be used to manage abnormal menses with foul discharges, Used to manage septic infections post-abortion and relieves pain in the pelvic region",Use as directed by a healthcare professional,"Read the label carefully before use, Store in a cool and dry place, Protect from direct sunlight, Avoid any strong smells in the mouth, such as coffee, onion, hing, mint, camphor, garlic, etc., while taking the medicine, Keep at least half an hour gap between food/drink / any other medicines and allopathic medicines"
https://www.1mg.com/otc/proyurveda-flex-imac-joint-pain-gel-otc350472,,Maximaa Proyurveda,,,,
https://www.1mg.com/otc/biofreeze-menthol-pain-relief-colorless-gel-otc570133,,Isha Surgical,,,,
https://www.1mg.com/otc/p-care-c3025-ankle-support-neoprene-special-otc659226,P+caRe C3025 Ankle Support (Neoprene),PR Flexmake Private Limited,"It is used to provide warmth, compression and protection.","Features a wrap-around design to provide warmth, compression and protection, Indicated for the treatment of ankle strains or sprains and athletic protection","Pull-on ankle over achilles tendon area with heel protruding through opening, attach distal and proximal straps and secure to the desired comfort.","Read the label carefully before use, Store in a cool and dry place away from direct sunlight, Keep out of reach of the children, Please seek the advice of a physician or qualified health professional on the medical condition and its usage"
https://www.1mg.com/otc/wellon-dynamic-cock-up-splint-wb-06-large-right-otc387549,Wellon Dynamic Cock-Up Splint WB-06,Mana Medical,It helps hold the wrists and hand cocked up in a single position and immobilize the wrist during healing of wrist injuries.,,"Place the loop over your thumb, Take the long section of the support around the back of your wrist and wrap around pulling slightly, Do up the strap",Read the user manual carefully before use
https://www.1mg.com/otc/surgicare-shoppie-coccyx-support-seat-cushion-medium-otc399998,,Surgicare Shoppie,,,,
https://www.1mg.com/otc/rexo-regular-keep-cool-gel-filled-eye-mask-otc493498,Rexo Regular Keep Cool Gel Filled Eye Mask,Rexo Products,Used on the outside of your eyelids to relieve inflammation or swelling,,,"Store in a cool and dry place, Keep away from direct sunlight, Read the label carefully before use, Keep away from the reach of children"
https://www.1mg.com/otc/wellon-breathable-lumbo-sacral-belt-double-strap-mb04-xxl-otc387379,Wellon Breathable Lumbo Sacral Belt- Double Strap MB-04,Mana Medical,Used for providing support to back as lumbar Support.,,Use as directed by a physician.,"Read the label carefully before use, Keep it away from children, Do not overuse it, Protect from physical damage"
https://www.1mg.com/otc/amron-xamax-arm-sling-xxl-otc421719,,Xamax Ergonomics Pvt. Ltd.,,,,
https://www.1mg.com/otc/zemaica-healthcare-natural-relief-plus-oil-otc485862,Zemaica Healthcare Natural Relief Plus Oil,Zemaica Healthcare,,"The oil helps to relieve inflammation and reduces swelling, It helps to deal with joint disorders and reduces joint pain and muscle soreness, It offers a warming sensation and helps soothe and lubricate the joints, The formula helps to increase joint flexibility and mobility",Apply on the affected area and massage gently,"Keep out of reach of children, Store in a cool and dry place, For external usage only, Read the label before use"
https://www.1mg.com/otc/p-care-a1019-lumbo-sacral-support-belt-large-otc658678,,PR Flexmake Private Limited,,,,
https://www.1mg.com/otc/moovecart-pack-otc853063,Moovecart Pack,Enixe Biotech Private Limited,,"Refer to the label for full ingredients list, The tablets can help reduce joint pain and inflammation, It may aid in increasing joint flexibility, It might assist in improving movement, It can help with faster recovery of joint and muscle pain",Use as directed by the healthcare professional.,"Read the label carefully before use, Store in a cool and dry place, Keep out of reach of children"
https://www.1mg.com/otc/iodex-ultra-gel-otc917745,Iodex Ultra Gel+,GlaxoSmithKline Consumer Healthcare,"It helps to alleviate back, joint, neck, shoulder and body pain.","Diclofenac Diethylamine Gel I.P. 2.32% w/w equivalent to Diclofenac Sodium I.P. 2% w/w., Gel, 15 gm, Male/Female",,
https://www.1mg.com/otc/acupressure-mat-26-magnet-otc518746,Acupressure Mat,Kapil Plastic Mould,It is used to provide relief in muscle strain and improves blood circulation.,"Provides relief in sciatica, leg pain, cramps, heel pain, knee pain, Used in the treatment of piles, migraine, sinus, insomnia, Facilitates relief in the case of constipation, gastric, acidity, diabetes, indigestion, Promotes active nervous system",Use as per requirement or as directed by the physician.,"Read the label carefully before use, Store in a cool dry place away from direct sunlight, Keep out of reach of the children, Avoid physical damage"
https://www.1mg.com/otc/vissco-2d-ankle-support-stretchable-ankle-support-for-injured-ankles-arthritic-pain-xxl-otc448782,Vissco 2707 Pro 2D Ankle Support,Vissco Rehabilitation Aids Pvt. Ltd.,The Pro 2D Ankle support provides compression and support to the ankle.The scientific design and perfect fit helps in injury prevention and reducing pain.,"Anti-Slip Structure:Specially designed to support the parts firmly and its innovating knitting structure helps in better shock absorption ad anti slippage during activities, Comfortable Material:It is made from a blend of natural and synthetic yarn, and elastic with larger pores enabling your skin to breathe and aerate better, Excellent Stability:It provides excellent stability and compression to the ankle which aids comfortable immobilization","It can be worn during ankle sprain, muscle strain, post ankle surgery rehab, swelling or oedema to the ankle and Achilles tendonitis.","Read the user manual carefully before use, Keep out of the reach of children"
https://www.1mg.com/otc/mgrm-wrist-cock-up-splint-0307-small-right-otc390711,MGRM Wrist & Cock Up Splint 0307,MGRM Medicare Ltd.,It is mainly used to support and grip your wrist and arm.,"It is a pre-shaped mouldable splint made of light metal that maintains dorsiflexion, It is made of high-quality, coated fabric with a foam pad and sweat-absorbing lining for comfortable support, It is specially designed for the right and left arms, It has a hole for thumb insertion and easy splint movement","First, select the proper size for your wrist. Then insert the thumb of the injured hand into the hole and lock your wrist with the velcro loops.","Keep out of reach of the children, It should not be machine washed, It must not be brushed hard, It should not be squeezed"
https://www.1mg.com/otc/rexo-denti-comf-gel-filled-cold-pads-otc493537,Rexo Denti-Comf Gel Filled Cold Pads,Rexo Products,It helps relieve pre and post-dental toothaches,,,"Store in a cool and dry place, Keep away from direct sunlight, Read the label carefully before use, Keep away from the reach of children"
https://www.1mg.com/otc/amron-xamax-sofa-and-bed-backrest-otc337169,Amron Xamax Backrest,Xamax Ergonomics Pvt. Ltd.,It aids in treating backache by correcting the sitting posture. It helps provide lumbar support and can be used as back support for a car seat.,,Use as directed and follow proper instructions.,
https://www.1mg.com/otc/lp-533ca-knee-support-with-posterior-reinforcement-strap-single-otc331173,LP 533CA Knee Support with Posterior Reinforcement Strap (Single),LP Support,"It is recommended in knee instability, collateral ligament injury, patellar subluxation/ tilting, and muscle strain.","Bilateral spiral stays provide extra support for the knee joint, and avoid extreme knee rotational motion, Anterior and posterior hook and loop closure for extra stabilization and custom fit, Open patella design with donut shaped patella pad help prevent patella abnormal tracking, Two additional straps provide patella stability and prevent patella abnormal tracking",Use as per requirement or as directed by the physician.,"Read the label carefully before use, Store in a cool dry place away from direct sunlight, Keep out of reach of the children, Avoid physical damage"
https://www.1mg.com/otc/medi-duomed-knee-length-stocking-medium-beige-otc569848,,Isha Surgical,,,,
https://www.1mg.com/otc/dr-ortho-knee-cap-otc451704,Dr Ortho Knee Cap,Dr Ortho Ayurvedic,"This device is used to provide mild compression, warmth, and support to knee joints.","Tackles immobility and improves blood circulation, Helpful in improving performance, It enhances flexibility and eases inflammation, It helps to get relief from painful joints due to ageing","Dr. Ortho knee cap must be put upside down starting from the foot, Straighten the knee cap when you reach the knee, Adjust the knee cap correctly, Cover the knee properly for complete comfort","Read the label carefully before use, Do not exceed the recommended dose, Keep out of the reach of children, Store in a cool and dry place"
https://www.1mg.com/otc/vanas-sat-jeevan-tail-otc836874,Vanas Sat Jeevan Tail,Vanas Herbal Care,,"Ashwagandha, Devdaru, Punarnava, This powerful formula helps provide relief from muscle aches and discomfort, It gives comfort from joint pain and inflammation, It is a lightweight and quick absorption formula that provides a calming and soothing effect on the skin, It manages muscle stiffness and soreness",Apply on pain affected areas or as directed by the healthcare professional.,"Read the label carefully, Do not apply to cuts and burns, Keep out of reach of children, For external use only"
https://www.1mg.com/otc/sandpuppy-neckfit-neo-electric-fir-heating-pad-otc977423,SandPuppy NeckFit Neo - Electric FIR Heating Pad,Afferent Wearable Technology,SandPuppy NeckFit provides long-lasting pain relief as it works on far infrared heating.,"Heating pad for neck and cervical area:Neckfit neo is designed to provide relief from neck and cervical pain. This can be used by senior citizens, housewives, and people with desk jobs as well as for general pain and fatigue relief. An on/off switch can be used to adjust the heat levels as per your comfort. There are three heating modes: red - high, white - medium and blue - low, Infrared heat therapy for long-lasting pain relief:Far infrared heat penetrates deep into the tissues and provides long-lasting pain relief when compared to the other heating pads which heat the skin surface only, Safe to use:Sandpuppy neckfit works on a 12v DC adaptor which is very safe to use even for senior citizens. It also has an inbuilt thermostat to manage to overheat, No metal heating coils inside:Unlike cheap heating pads that use heated metal coils to generate surface heat, sandpuppy heating pads generate heat through advanced carbon technology to generate deep heat that gives long-lasting pain relief, One-year warranty:All sandpuppy products come with a one-year warranty. Register your product with Sandpuppy customer service once you purchase","Place the heating pad over the neck and cervical affected area, Use the flops to adjust the compression and contact on the neck and cervical area, Connect the adaptor to the socket and the heat pad. Switch on, Use the switch to control the temperature to set it to high/low/medium heat based on preference","12 Months replacement warranty, Keep away from the reach of children"
https://www.1mg.com/otc/witzion-functional-knee-support-medium-black-otc513553,,Witzion,,,,
https://www.1mg.com/otc/medtrix-compression-neoprene-shoulder-brace-beige-left-otc503756,,Medtrix,,,,
https://www.1mg.com/otc/lp-561cp-elbow-pad-single-large-otc331252,,LP Support,,,,
https://www.1mg.com/otc/healthbest-jointbest-glucosamine-1000mg-effervescent-tablet-strawberry-otc652754,HealthBest Jointbest Glucosamine 1000mg Effervescent Tablet,Healthbest Private Limited,,"Glucosamine Sulphate Potassium Chloride, Glucosamine helps stimulate the manufacture of proteoglycans in healthy joints, Chondroitin is a component of healthy joints that attracts water to the tissue, which helps the joint stay elastic and function as a shock absorber for joints, MSM (methylsulfonylmethane) is a natural sulfur to help form antioxidants and serve as a key structural nutrient in healthy joints, May help to give shape, strength and support to other tissues within the body, This combination of ingredients has been proven to support joint structure, function and comfort","1 ml for toddlers full of vitamins and minerals, easy to administer with a dropper, One teaspoon twice a day or as directed","Read the label carefully before use, Keep out of reach of the children, Store in a cool dry place"
https://www.1mg.com/otc/p-care-a1019-lumbo-sacral-support-belt-medium-otc658677,,PR Flexmake Private Limited,,,,
https://www.1mg.com/otc/boiron-valeriana-officinalis-multi-dose-approx-80-pellets-30-ch-otc408149,,Boiron Laboratories Pvt Ltd,,,,
https://www.1mg.com/otc/renewa-shoe-horn-red-otc492760,Renewa Shoe Horn White,Dr. Sayani's Health Care Pvt. Ltd.,It is useful for people with knee problems or who suffer from arthritis or weight management.,"It has a  round edge which is useful for people with knee problems or who suffer from arthritis or are heavy, Its sharp edge makes the device effective, It is made of plastic material that can help to protect your skin from getting hurt, It is ideal for home or office use, It provides an easy grip handle, It even allows user to easily slides into the back of any shoe",Read the instructions in the manual.,Keep it away from the reach of the children
https://www.1mg.com/otc/divyaanand-reversing-arthritis-oil-otc815210,Divyaanand Reversing Arthritis Oil,Spark Marketing,,"Dalchini, Peppermint/Menthol, Gandhapura patra, Sallai guggal, Lavang, Kapoor, Nirgundi, Til Tail, Mom Tail, It helps provide fast and effective relief in all types of arthritic pain and ensures well-being, It provides satisfactory comfort in osteoarthritic pain and improves joint mobility and flexibility, It helps deal with sciatica and other neurological pain and is also equally beneficial in muscular aches",Gently massage the affected part with this oil or as directed by the physician.,"Read the label carefully before use, Store in a cool and dry place away from direct sunlight, Keep out of reach of the children"
https://www.1mg.com/otc/medi-duomed-thigh-length-stocking-xxl-beige-otc569855,,Isha Surgical,,,,
https://www.1mg.com/otc/lifelong-ll72-foot-massager-brown-otc530395,Lifelong LL72 Foot Massager Brown,Lifelong Online Retail Pvt Ltd,Massages the foot and helps in relaxing body by removing fatigue and stress.,"Relaxes and soothes body by massaging organ nerve reflex areas and points in the foot, Has 4 automatic programs and custom massage nodes, Designed with flexible rubber kneading pads to provide real massage-like experience, Improves blood circulation and relieves stress, Speed and intensity of the massage can be adjusted, Acts on acupressure points of the foot, It is easy to use and durable","Ensure that the device is switched off before plug in, Put your feet and calves in the black cloth area, Switch on the device by sliding the switch to ON position, You can change the settings by clicking on these buttons, It has 3 buttons to choose between Vibration & Heat, Manual andAuto, The auto mode has 3 preset actions P1, P2 & P3, Switch to manual mode and adjust heat, vibration and speed oncalves and feet","Read the label carefully before use, Ensure that the device is switched off before you plug in, Do not stand or exert excessive pressure on the massager, it can slowdown or stop the machine, You may feel itchy while use. Do not worry as this is due to improvedCirculation, Do not use the massager while you’re in the washroom, Do not use the massager on wet body, this may cause short circuit or electricshock, Those suffering from cancer, osteoporosis, tumors, high fever or pregnancymust consult a doctor before use, Store in a cool and dry place"
https://www.1mg.com/otc/diazox-liniment-otc154702,,Strides shasun Ltd,,,,
https://www.1mg.com/otc/dyna-3d-knitted-knee-cap-medium-maroon-left-otc392364,,Dynamic Techno Medicals Pvt. Ltd.,,,,
https://www.1mg.com/otc/wellon-elastic-shoulder-immobilizer-support-ring-type-pas-04-large-otc387698,Wellon Elastic Shoulder Immobilizer Support-Ring Type PAS-04,Mana Medical,"It is used to provide support and prevent unwanted movement of shoulder. It helps in achieving fast recovery during shoulder injury.Product Specification and Features:, Helps to maintain the post-operative immobilization of the shoulder, , Unique waist strap prevents rotation and provides stable immobilization, Useful in stable subcapital fractures and sports injuries, To support the shoulder and arm during strain and pain, It provides compression and warmth to the injured shoulder joint, Model Name:Elastic Shoulder Immobilizer Support Ring Type, Part Number:PAS-04, Orientation:both hands, Size in Number:44 - 48 inch",,As directed on the manual.,"Read the label carefully before use, Read the manual carefully before use, For external use only, Hand wash using mild liquid detergent, Air dry away from heat and sunlight, Do not bleach, iron or dry-clean"
https://www.1mg.com/otc/remedo-lumber-sacro-support-large-otc390084,,Remedo Wellness Pvt Ltd,,,,
https://www.1mg.com/otc/medtrix-cervical-pillow-spondylosis-neck-and-back-pain-support-universal-beige-eco-otc503568,Medtrix Cervical Pillow Spondylosis Neck and Back Pain Support Universal,Medtrix,"It is used to support the head, neck and shoulder for better comfort.",,Read the instructions manual for usage directions.,"Read the label carefully before use, Keep out of reach of the children, Store in a cool dry place"
https://www.1mg.com/otc/mgrm-abdominal-belt-0603-xl-otc390462,,MGRM Medicare Ltd.,,,,
https://www.1mg.com/otc/kudos-dr.-jod-kit-180-tablet-each-otc601936,"Kudos, Dr Jod Kit",Kudos Laboratories India Ltd,,"Shunthi, Shudh guggulu, It can help to reduce shoulder and joint pains, It can help to make your joints more flexible and increase their mobility, It can help to reduce swelling, strains, and cramps around the joints, It also helps to reduce stiffness around the joints and the cuff muscle and make movement easier, It can help to maintain your bone and joint wellness, It can help to reduce sprains, backaches and spondylitis as well",Take two tablets twice or thrice a day or a directed physician.,"Store in a cool, dry place, Keep it away from direct sunlight, Keep out of reach of the children"
https://www.1mg.com/otc/fullstop-workout-recovery-250mg-tincture-otc547484,,Fullstop,,,,
https://www.1mg.com/otc/samson-tc-1101-thigh-support-xl-otc348985,,Samson Scientifics & Surgicals,,,,
https://www.1mg.com/otc/brufen-power-pain-relief-gel-otc894300,,Abbott,,,,
https://www.1mg.com/otc/samson-pa-2001-weight-cuff-black-1kg-otc487850,,Samson Scientifics & Surgicals,,,,
https://www.1mg.com/otc/mgrm-rib-belt-male-0401-large-otc390703,,MGRM Medicare Ltd.,,,,
https://www.1mg.com/otc/comprezon-classic-varicose-vein-stockings-class-1-mid-thigh-1-pair-small-beige-otc390141,Comprezon Classic Varicose Vein Stockings Class 1 Mid Thigh (1 Pair),Dynamic Techno Medicals Pvt. Ltd.,It is primarily used to assist patients suffering from varicose veins and prevents pooling of blood.,"Prevents blood pooling: Applies graduated compression or high pressure at the ankle, medium pressure at the thigh which allows blood to flow back up to the leg, Quality Assurance: It is the only brand manufactured in India which meets international specifications for varicose vein stockings, Economical Price: It is an economical alternative to imported brands and is exported to more than 40 countries, High Quality Design: Manufactured using German Machinery and imported raw materials to provide accurate pressure for each indication of varicose veins, Toe Style: Peep hole",Use as per requirement or as directed by the healthcare physician.,"Read the label carefully before use, Store in a cool dry place away from direct sunlight, Keep out of reach of the children, Avoid physical damage"
https://www.1mg.com/otc/aygun-ayurvedic-pain-reliever-oil-otc528684,Aygun Ayurvedic Pain Reliever Oil,Sorinsun Healthcare,,"Eucalyptus globulus, Mentha spicata, It may be used to help facilitate the process of ligament regeneration, It provides relief from gouty inflammation of the joint, It assists in reducing joint stress and preserves joint cartilage",Read the label carefully before use,"Do not exceed the recommended dosage, Store in a cool and dry place away from direct sunlight, Keep out of reach of children"
https://www.1mg.com/otc/neeflex-pain-oil-otc955737,Neeflex Oil Pain,Eris Lifesciences Ltd,,"Til Oil, Turpentine Oil, Linseed Oil, and Kapoor Crystal., Pain relief oil with til, turpentine, linseed oils, and kapoor crystal, Til oil nourishes, turpentine oil is anti-inflammatory, Linseed oil supports joint flexibility, Kapoor crystal provides a soothing effect for effective pain relief",As directed by the healthcare professional.,"Read the label carefully, Store in a cool, dry place, Keep out of reach of children, Do not exceed the recommended dose"
https://www.1mg.com/otc/mesmara-cedarwood-cedrus-deodara-essential-oil-otc481258,Mesamara Cedar wood Essential Oil,Siva Sri Retail,,"100%, therapeutic grade cedar wood essential oil - no fillers, additives, bases or carriers added, Woody and warm fragrance, Acts as a natural deodorizer, Promotes a relaxed environment when used aromatically, Treats acne, Natural insect repellant, Prevents hair loss, Reduces pain and has anti-inflammatory properties, Helps reduce fungal infection, Enriched with trace elements","Diffuse after a stressful day to relax the mind and body, Use with a carrier oil in massage therapy, Add 1-2 drops to facial toner or moisturizer for added clarifying properties, Inhale directly or diffuse to promote healthy respiratory function","For external use only, Keep out of reach of children, Avoid Contact with eyes, Do not use on sensitive or damaged skin, Do not use undiluted on skin, Avoid using, if pregnant"
https://www.1mg.com/otc/wellon-finger-cot-fi01-small-otc387560,Wellon Finger Cot FI-01,Mana Medical,"It provides a protection from all the external factors, It controls the finger movement and restrict the actions also, It is very comfortable to use because of it pads","It has malleable powdered coated finger splints padded with polyethylene foam, It helps in providing maximum resilience and comfort with density and compressibility, It is easily adjustable and can be easily applied on the finger, It has well ventilation system",Please read the manual before using the product.,"Read the label carefully before use, Store in a cool and dry place away from direct sunlight, Keep away from children, Do not exceed the recommended dosage, Take under medical supervision only"
https://www.1mg.com/otc/netaspray-quick-relief-from-muscle-joint-pain-55gm-each-otc930157,Neta Spray (55gm Each),Aneta Pharmaceuticals Pvt. Ltd,,"Diclofenac Diethylamine, This spray is designed to provide quick relief from muscle and joint pain, Its formulation is optimised for rapid action, making it an effective solution for alleviating various types of discomfort, including body pain, back pain, strains, and inflammation, The spray harnesses the benefits of diclofenac diethylamine and is known for its potent anti-inflammatory and pain-relieving properties, which help target the root causes of pain and reduce inflammation, One of the advantages of this spray is its ability to get absorbed quickly into the skin tissues; this efficient absorption ensures that the active ingredients reach the affected areas swiftly, enhancing the speed at which it begins to work",Apply on the targetted areas.,"Read the label carefully, Store in a cool, dry place, Keep out of reach of children, Maintain hygiene"
https://www.1mg.com/otc/accusure-e9-elastic-elbow-support-medium-otc371693,AccuSure E-9 Elastic Elbow Support,AccuSure Ortho Support,It is used to provide support and stability to an injured elbow.,"It is useful for healing elbow strains and sprains, epicondylitis (tennis elbow) and medial epycondylitis (golfer's elbow), Helpful in post elbow arthroscopy and for pre and post operative elbow conditions, Facilitates protection against further injury",Use as per requirement or as directed by the physician.,"Read the label carefully before use, Store in a cool dry place away from direct sunlight, Keep out of reach of the children, Avoid physical damage"
https://www.1mg.com/otc/agom-vatnashak-oil-otc402390,,Agom Sukshma Ayurved Ketan Pvt Ltd,,,,
https://www.1mg.com/otc/longlife-oct-004-abdominal-support-medium-blue-otc490830,,Veridicus Health Care Pvt Ltd,,,,
https://www.1mg.com/otc/dr-med-hinged-knee-support-mcl-right-dr-k0121-xl-grey-otc377512,,A-MI Global Co Ltd,,,,
https://www.1mg.com/otc/amron-xamax-cervical-pillow-otc421691,Amron Xamax Cervical Pillow,Xamax Ergonomics Pvt. Ltd.,It is designed in a manner that keeps the neck in hyperextension position thus helping them get a good night's sleep.,"Helps fight pain and stress associated with cervical, Comes in a universal size, Positions the neck in such a fashion that it ensures good sleep, It is made of PU foam, It maintains thenatural curvature of the neck, It absorbs vibrations",Read the instructions manual for usage directions.,"Read the label carefully before use, Store in a cool and dry place, away from sunlight, Keep away from children"
https://www.1mg.com/otc/urban-platter-chia-seed-oil-otc493785,Urban Platter Chia Seed Oil,IStoreDirect Trading Pvt Ltd,,"Chia Seed Oil, It helps to relieve dry skin, Chia seed oil is rich in the omega-3 fatty acid ALA and omega-6 fatty acid linoleic acid, It is rich in various fatty acids that can penetrate the hair shaft to seal in moisture, It promotes shiny hair, It may improve heart and brain health",Use as directed on the label or as suggested by health care professionals.,"Store in a cool and dry place away from direct sunlight, Read the label carefully, Keep out of reach of children"
https://www.1mg.com/otc/gynoveda-muscle-joint-pain-relief-mayahi-ointement-25gm-each-otc745635,Gynoveda Muscle & Joint Pain Relief Mayahi Ointment,Gynoveda Femtech Private Limited,,"Dashmool (includes ten herbs oil), Eucalyptus, Peppermint, Nirgundi, Shallaki, Gandhpura, Pain Relief:May help in managing muscle and joint discomfort, cramps, and stiffness, Anti-inflammatory:Eucalyptus oil may aid in reducing swelling due to its anti-inflammatory properties, Cooling Effect:Peppermint oil may support improved blood circulation, offering a cooling and calming sensation, Muscle Relaxation:Infusion of 15 herbs may help in managing various muscle pain and discomfort, Supports Flexibility:Supports managing blood flow to minimise stiffness and promote muscle flexibility, 25 gm, Ointment","Apply generously to the affected area, Gently massage in circular motions for a few seconds, For best results, use twice daily or as directed by a healthcare provider","Read the label carefully before use, Store in a cool, dry place away from sunlight, Keep out of reach of children, Use under medical supervision, Do not exceed the recommended dosage"
https://www.1mg.com/otc/witzion-xxxl-grey-lumbo-sacral-back-support-belt-otc513869,Witzion Lumbo Sacral Back Support Belt,Witzion,It is used to provide support to the lower spine area and also helps in reducing the back pain.,,Use as directed in the manual.,"Read the label carefully before use, Keep out of reach of children, Avoid any physical damage"
https://www.1mg.com/otc/axe-brand-universal-oil-otc856842,Axe Brand Universal Oil,LKF Medical,,"Nilgiri ka tel, Pudhina ka phool, Karpoor tel, Gandhapura tel, The oil can help provide relief from a blocked nose, It may soothe insect bites, It might alleviate muscular pain and stomach pain, It can be useful for soothing cold and giddiness","Apply a few drops to the affected area and massage gently, For stuffy nose: Apply 2-3 drops to a handkerchief or tissue paper and inhale deeply, For relief of flatulence and stomach discomfort: Apply the oil to the navel region and cover with a hot towel. Repeat the hot towel application whenever necessary","Read the label carefully before use, Store in a cool and dry place, Keep out of reach of children, This product is not to be used in infants under 2 years old"
https://www.1mg.com/otc/dominion-care-acupressure-vaccum-cupping-kit-otc495814,,Kapil Plastic Mould,,,,
https://www.1mg.com/otc/aroma-treasures-calendula-infused-vegetable-oil-otc485127,,Aroma Treasures Pvt Ltd,,,,
https://www.1mg.com/otc/mgrm-hard-collar-0112-large-otc390524,,MGRM Medicare Ltd.,,,,
https://www.1mg.com/otc/bach-flower-mix-36-chronic-pain-in-joints-muscles-drop-otc426827,,The Bach Flower Mix,,,,
https://www.1mg.com/otc/wellon-elastic-elbow-support-wb-07-small-otc387553,,Mana Medical,,,,
https://www.1mg.com/otc/dr-med-posture-control-shoulder-brace-xl-beige-otc377463,,A-MI Global Co Ltd,,,,
https://www.1mg.com/otc/genugrip-knee-brace-large-right-otc392372,,Dynamic Techno Medicals Pvt. Ltd.,,,,
https://www.1mg.com/otc/moov-100-ayurvedic-pain-relief-spray-for-back-pain-joint-pain-knee-pain-muscle-pain-otc297781,,Reckitt Benckiser Healthcare Pvt. Ltd.,,,,
https://www.1mg.com/otc/vetory-nano-gel-otc345344,,Hetero Drugs Ltd,,,,
https://www.1mg.com/otc/amron-xamax-arm-sling-small-otc421713,,Xamax Ergonomics Pvt. Ltd.,,,,
https://www.1mg.com/otc/opq-executive-metal-cap-hot-water-bag-with-cover-otc801585,OPQ Executive Metal Cap Hot Water Bag with Cover,Krishna Waterproof,It helps manage pain through heat therapy.,"This hot water bag is made of leakage-proof thick and sturdy material, It helps provide relief from muscular and menstrual pain, It is easily portable and convenient to handle, This hot water bag provides heat therapy and lasts for a long time",As directed in the instruction manual.,"Read the label carefully, Avoid extreme heat"
https://www.1mg.com/otc/remortho-oil-otc654065,Remortho Oil,Remalthea Pharmaceuticals Private Limited,,"Wintergreen oil, Tarpin oil, Camphor, The oil has analgesic properties that help to relieve joint pain, back pain, neck pain, knee pain and muscular pain, It helps to reduce swelling and soothes inflammation around the affected area, The ingredients help to alleviate tissue discomfort and relax muscles, It is ideal for relieving cramps and muscle tension",Take a generous amount of oil and apply it to the affected area,"Keep out of reach of children, Store in a cool and dry place, For external usage only, Read the label before use"
https://www.1mg.com/otc/jodayu-oil-otc623350,Jodayu Oil,Sonshree Ved,,"Devdaru oil, Sarsav oil, Wintergreen oil, It heals muscle pain and improves the absorption of vitamin D in the body, It helps control spondylitis and arthritis, It helps in the prevention of pains, including rheumatic disorders, neck pain, back pain and osteoporosis, It is enriched with ingredients that enhance blood circulation in the body, It keeps the bones strong and helps to relieve muscular pain, Genheal oil helps to make the bone stronger and supports natural function",Use as directed by the physician,"Keep away from direct sunlight, Store in a cool and dry place, Read the label carefully before use, Keep away from the reach of children"
https://www.1mg.com/otc/sharangdhar-peedahar-lep-otc540485,Sharangdhar Peedahar Lep,Sharangdhar Pharmaceuticals Pvt Ltd,,"Multani mati, Kapoor, Nilgiri oil, Navsagar (Ammonium chloride), Daruharidra (Berberis austata), Raktachandan (Pterocarpus santalinus), Vekhanda (Acorus calamus), Shunthi (Zingiber officinale), Kalabol (Aloe indica), Guggul, This formulation can provide relief from swelling and sprain of joints, It may provide relief by reducing inflammation and pain, It can be effective against sprains, swelling and internal swelling of organs, This lep can be effective in dealing with spondylitis and cramps","Mix one or two spoons of the powder with water or milk and apply it to the affected area, Allow it to dry so that the skin absorbs the medicinal elements from the lep and works as a pain reliever","Read the label carefully before use, Do not exceed the recommended dosage, Store in a cool and dry place away from direct sunlight, Keep out of reach of children"
https://www.1mg.com/otc/vissco-3d-ankle-support-stretchable-ankle-support-for-injured-ankles-arthritic-pain-swelling-xl-otc448809,Vissco 2709 Pro 3D Ankle Support,Vissco Rehabilitation Aids Pvt. Ltd.,Primarily used to gain relief from inflammatory conditions of the ankle joints which cause great pain and swelling.,"It relieves arthritic pains and keeps joints and muscle flexible, Its rubber ring helps guide the patella position, Provides better support to the knees for side to side movement and even during normal walking, Proper use of this product protects the knees and joints from any injury causing incident",Read the instruction manual for detailed use or as directed by the physician.,"Read the instruction manual carefully before use, Keep out of the reach of children, Do not wash or bleach"
https://www.1mg.com/otc/presens-otc310-thigh-length-anti-embolism-medical-compression-stocking-xxl-white-otc569761,,Presens Healthcare,,,,
https://www.1mg.com/otc/bjain-rhus-toxicodendron-dilution-1000-ch-otc701494,Bjain Rhus Toxicodendron Dilution,Bjain Pharmaceuticals Pvt. Ltd.,,,Take 3-5 drops of the dilution in 1 teaspoon of water twice a day or as directed by the physician.,
https://www.1mg.com/otc/vandelay-magic-mate-body-massager-matte-black-otc668392,Vandelay Magic Mate Body Massager Pink,SFT Technologies Pvt Ltd,It is used to relax the body after a long and tiring day.,"28 vibration modes and 8 speeds and is easy to tailor to the body's needs, Product Dimensions : ‎ 4.5 x 4.5 x 14 cm; 0.14 g, Easy to hold with medical-grade silicon and is a skin-friendly massager, It is non-toxic, water-resistant and easy to clean, Comes with a bendable head for full body use, 360° massager head rotation, Great for back, shoulder, neck, feet making it very relaxing and comfortable, Long-life battery and quick charging, Cordless use with a rechargeable USB cable, Can be charged via laptop, power bank, adaptor and car charger, Comes with a convenient carry bag, The massager is a portable product that is quiet and lightweight with vibrant colours",Use as directed.,"Read the label carefully before use, Store in a cool and dry place away from direct sunlight, Keep out of reach of the children, Avoid exposing the charging point to water"
https://www.1mg.com/otc/tynor-a04-l.s-belt-lumbopore-xl-otc345449,Tynor A04 L.S Belt Lumbopore,Tynor Orthotics Pvt. Ltd.,This device is used to provide support and stabilisation to the lumbo-sacral region,"Pre-Shaped Semi-Rigid Splints:Helps provide anatomical support while easing muscular stress and offering firm immobilisation, Double-Pull Mechanism:Enhances compression and ensures a secure grip for better support, Broad Hook-Loop Panel:Allows easy application and removal while providing adjustable tightness for a customised fit, Spacer Fabric Cushioning:Designed with breathable fabric to allow better air circulation and comfort, even in a thin cross-section, Ergonomic Fit:Designed to conform to body contours for a snug and comfortable fit without restricting movement, High Durability:Made from high-quality material for extended use without losing elasticity or structure, Available in Multiple Sizes:Provides a range of size options for a customised fit, measured around the navel for accuracy","Measure the waist circumference around the navel before selecting a size, Position the belt around the lower back and secure it with the hook-loop panel, Adjust the double-pull straps to achieve the desired level of compression, Ensure a snug but comfortable fit for effective support","Read the label carefully before use, Store in a cool, dry place away from direct sunlight, Avoid excessive tightening to maintain proper blood circulation, Keep out of reach of children"
https://www.1mg.com/otc/medtrix-varicose-vein-stocking-large-beige-premium-otc503787,Medtrix Varicose Vein Stocking,Medtrix,The product is primarily used in relieving post-surgical pain and pain due to varicose veins and restricted blood circulation.,"It helps to stop varicose veins from getting worse, The product provides consistent pressure to the legs, It helps to alleviate pain and reduce pain and discomfort, The product aims to offer compression and support, It assists in improving the blood circulation",Use as per requirement or as directed by the physician.,"Read the label carefully before use, Store in a cool dry place away from direct sunlight, Keep out of reach of the children, Avoid physical damage"
https://www.1mg.com/otc/tynor-i69-medical-compression-stocking-mid-thigh-class-1-medium-otc345879,Tynor I-69 Medical Compression Stocking Mid Thigh Class 1,Tynor Orthotics Pvt. Ltd.,It is primarily used to provide relief in all forms of venous disease including blood pools or congests in legs.,"It is high quality, dermophillic, strong with long functional life, Gives effective and graduated compression, Anatomical shape ensures, snug fitting and optimal grip, Top silicone lined band ensures no slippage, Open toe design reduces wear and tear and is easy to wear, Available in different compression classes, ensures effective blood evacuation, Available sizes: S (14.6""-16.9""), M (16.5""-18.9""), L (18.5""-20.9""), XL (20.5""-22.8"")",Use as per requirement or as directed by the physician.,"Read the label carefully before use, Store in a cool dry place away from direct sunlight, Keep out of reach of the children, Avoid physical damage"
https://www.1mg.com/otc/amron-xamax-ls-belt-regular-xxl-otc421608,,Xamax Ergonomics Pvt. Ltd.,,,,
https://www.1mg.com/otc/bjain-agaricus-muscarius-dilution-12-ch-otc429352,Bjain Agaricus Muscarius Dilution,Bjain Pharmaceuticals Pvt. Ltd.,,,Bjain Agaricus Muscarius Dilution should be taken 3-5 drops in 1 teaspoon of water three times a day or as directed by the physician.,
https://www.1mg.com/otc/dr-med-elbow-sleeve-soft-compression-dr-e010-large-beige-otc377595,Dr MED Elbow Soft Compression DR-E010,A-MI Global Co Ltd,"Elbow mild sprain and strain, Elbow slight injuries and trauma, Elbow tendonitis, Bursitis and osteoarthritis",,Read the user manual carefully,"Read the label carefully before use, Keep out of the reach of children"
https://www.1mg.com/otc/genugrip-knee-brace-medium-left-otc392377,,Dynamic Techno Medicals Pvt. Ltd.,,,,
https://www.1mg.com/otc/medtrix-compression-neoprene-shoulder-brace-black-left-otc503758,,Medtrix,,,,
https://www.1mg.com/otc/sleepsia-medium-contour-gel-infused-pillow-blue-star-fabric-otc504628,,Sleepsia India Pvt Ltd,,,,
https://www.1mg.com/otc/surgicare-shoppie-deluxe-ice-bag-otc400339,Surgicare Shoppie Ice Bag Deluxe for Cool Therapy,Surgicare Shoppie,"It is used to provide perfect cold therapy for strained and tired muscles caused by sports activities, back pain, etc.","Has a leak-proof design, Affordable and improved cost performance, Soft fibre provides comfort and full coverage to the injured area, Has a small and compact design",Use as per requirement or as directed by the physician.,"Read the label carefully before use, Keep out of the reach of children"
https://www.1mg.com/otc/healthgenie-wrist-brace-with-thumb-support-beige-otc399637,,Healthgenie India Pvt Ltd,,,,
https://www.1mg.com/otc/biofreeze-professional-menthol-pain-relief-gel-otc570119,,Isha Surgical,,,,
https://www.1mg.com/otc/amron-xamax-knee-cap-xxxl-otc421663,,Xamax Ergonomics Pvt. Ltd.,,,,
https://www.1mg.com/otc/deemark-ortho-balm-premium-50gm-each-otc945325,Deemark Ortho Balm Premium,Deemark Health Care Pvt Ltd,,"Tail Parna Tail, Tejovathi, Tejpatta, Sati, Karpura, Pudina, Gandhpura, White Petroleum Jelly",Apply the balm 3-4 times a day with a light massage,
https://www.1mg.com/otc/amron-xamax-elbow-cap-xxl-otc421745,,Xamax Ergonomics Pvt. Ltd.,,,,
https://www.1mg.com/otc/runtej-red-balm-otc517014,Runtej Red Balm,Parsham Group,,"Refer to the label., Can help ease stiffness and muscular pain and backache, May aid in reducing inflammation and soreness, Gets absorbed into the skin easily",Apply the required amount to the affected area.,"Read the label carefully before use, Store in a cool and dry place, Keep out of reach of children"
https://www.1mg.com/otc/biomedison-care4u-lidocaine-patch-otc756677,,Biomedison,,,,
https://www.1mg.com/otc/whit-care-capsule-otc246174,,Mark India,,,,
https://www.1mg.com/otc/vissco-core-0701-knee-brace-xxl-otc507647,Vissco Core 0701 Knee Brace,Vissco Rehabilitation Aids Pvt. Ltd.,It is used to provide support to knee joint and ligaments.,,"Place the brace on your leg from behind the knee, Attach the two velcro straps on from the front, adjusting the fit according to your comfort, Then take the large elastic band over the knee, stretch and attach with Velcro","Read the label carefully before use, Keep out of reach of children, Keep away from physical damage, Hand wash with mild detergent, do not dry clean, iron and bleach the product"
https://www.1mg.com/otc/wellon-stockinette-roll-3inches-20m-otc387743,Wellon Stockinette Roll 3 inches*20m:,Mana Medical,"It is commonly used in orthopaedic, sports, and rehabilitation settings.",,Use as directed by the healthcare professional.,"Store in a clean and dry place, Keep out of reach of children"
https://www.1mg.com/otc/vissco-2710-pro-3d-ankle-support-with-gel-padding-medium-otc448833,Vissco 2710 Pro 3D Ankle Support with Gel Padding,Vissco Rehabilitation Aids Pvt. Ltd.,"It is used to facilitate relief from discomfort in case of plantar fasciitis, joint pain, sprains, swelling, tendonitis, muscle weakness.",,Use as per requirement or as directed by the physician.,"Read the label carefully before use, Store in a cool dry place away from direct sunlight, Keep out of reach of the children, Avoid physical damage"
https://www.1mg.com/otc/deve-herbes-pure-emu-dromaius-novaehollandiae-oil-otc396567,Deve Herbes Pure Emu Oil,Deve Herbes,,"Pure Emu Oil (Dromaius novaehollandiae), Contains a deep penetrating ability to effectively nourish the scalp and make your hair smooth and glossy, Helps in reactivation of thinning hair follicles, which allows for better hair growth, Considered to be a great skin cell regenerator and improves ageing skin, Moisturizes and replenishes dry or irritated skin on the face, hands and body, Known to improve the appearance of scars, burns, stretch marks, sun damage, and damaged skin after surgery, acne and injuries., Can helps in reducing inflammation, joint pain, stiffness and bruising",Read the label for instructions or as directed by the physician.,"Read the label carefully for usage instructions, For external use only, Keep out of reach of the children, Use under medical supervision, Store in a cool and dry place away from direct sunlight and moisture"
https://www.1mg.com/otc/amron-xamax-elbow-cap-large-otc421739,,Xamax Ergonomics Pvt. Ltd.,,,,
https://www.1mg.com/otc/arifnac-gel-otc446210,,Arika Healthcare,,,,
https://www.1mg.com/otc/longlife-oct-007-ankle-support-small-skin-colour-otc490866,Longlife OCT 007 Ankle Support,Veridicus Health Care Pvt Ltd,It is used to provide optimal comfort and a great fit to help reduce ankle pain.,,Apply the anklet in a way it comes exactly in the right position on the heel and then wrap the elastic in such a way that it is comfortable to wear.,"Read the label carefully before use, Keep out of reach of children, Keep away from physical damage"
https://www.1mg.com/otc/dr.-reckeweg-thymolum-dilution-6-ch-otc375417,Dr. Reckeweg Thymolum Dilution,Dr Reckeweg & Co,,"Thymolum (Thyme oil) 200 CH, May assist in managing symptoms of infections, May help alleviate digestive issues such as bloating and indigestion, Could provide relief from respiratory conditions like cough and congestion, May boost the immune system, May reduce inflammation and pain, Supports overall health and well-being, 11 ml",,"Individual responses may vary, Keep out of reach of children, Store in a cool, dry place away from direct sunlight, If symptoms persist or worsen, discontinue use and seek medical attention, Consult with a healthcare provider before use, especially if you are pregnant, nursing, or taking other medications"
https://www.1mg.com/otc/swasthya-sankul-organic-peeda-kashmak-oil-otc916172,Swasthya Sankul Organic Peeda Kashmak Oil(8ml Each),Tarus Pharmaceutical,,"Ajwain, camphor, eucalyptus, wintergreen and turmeric oils., Ajwain relaxes the uterine muscles and reduces menstrual cramps, Eucalyptus oil soothes and relaxes the muscles and helps in cold, Wintergreen oil relieves pain, inflammation, and headaches, Turmeric is known for its anti-inflammatory and antiseptic properties, Camphor helps deal with the pain in the joints",,"Read the label carefully before use, Keep out of reach of children, Maintain hygiene"
https://www.1mg.com/otc/mesmara-cedarwood-cedrus-deodara-essential-oil-otc481255,Mesamara Cedar wood Essential Oil,Siva Sri Retail,,"100%, therapeutic grade cedar wood essential oil - no fillers, additives, bases or carriers added, Woody and warm fragrance, Acts as a natural deodorizer, Promotes a relaxed environment when used aromatically, Treats acne, Natural insect repellant, Prevents hair loss, Reduces pain and has anti-inflammatory properties, Helps reduce fungal infection, Enriched with trace elements","Diffuse after a stressful day to relax the mind and body, Use with a carrier oil in massage therapy, Add 1-2 drops to facial toner or moisturizer for added clarifying properties, Inhale directly or diffuse to promote healthy respiratory function","For external use only, Keep out of reach of children, Avoid Contact with eyes, Do not use on sensitive or damaged skin, Do not use undiluted on skin, Avoid using, if pregnant"
https://www.1mg.com/otc/averdynm-herbals-mahanarayana-thailam-oil-otc490250,Averdynm Herbals Mahanarayana Thailam Oil,Averdynm Herbals Pvt Ltd,,"Haldi, Manjeet, Devdaru, This formulation provides relief from acute body pain, It helps rejuvenate the muscles and the joints, This oil reduces the effects of swelling and inflammation, It comes with a refreshing spell and removes fatigue and weakness from the body",As directed by the healthcare practitioner.,"Read the label carefully, Store in a cool, dry place, Keep out of reach of children"
https://www.1mg.com/otc/mgrm-hard-collar-0112-small-otc390526,,MGRM Medicare Ltd.,,,,
https://www.1mg.com/otc/dr.-reckeweg-magnesium-muriaticum-dilution-10m-ch-otc374492,Dr. Reckeweg Magnesium Muriaticum Dilution,Dr Reckeweg & Co,,"Magnesium Muriaticum, 11 ml, Liquid drops, The dilution helps manage infections and enlargement of the liver, It provides relief from chronic headaches and blocked nose, It helps in addressing diarrhoea and indigestion, It addresses constipation issues, It is useful for menstrual complaints in females, It helps reduce bloating and hemorrhoids",,"Do not exceed the recommended dosage, Read the label carefully before use, Store in a cool dry place away from direct sunlight, Keep out of reach of children, Avoid any strong smell in the mouth such as coffee, onion, hing, mint, camphor, garlic etc. while taking the medicine, Keep at least half an hour gap between food/drink/ any other medicines and allopathic medicine"
https://www.1mg.com/otc/medtrix-surgical-shoe-cast-orthopedic-boot-large-beige-otc503539,,Medtrix,,,,
https://www.1mg.com/otc/comprezon-cotton-varicose-vein-stockings-class-2-below-knee-1-pair-large-beige-otc390223,Comprezon Cotton Varicose Vein Stockings Class 2 Below Knee (1 Pair),Dynamic Techno Medicals Pvt. Ltd.,It is specially designed to help increase the bloodflow to capillaries in order to prevent venous disorders.,,,"Read the manual carefully before use, Keep out of reach of the children, Store in a cool and dry place"
https://www.1mg.com/otc/mgrm-knee-cap-0703-xxl-otc390602,,MGRM Medicare Ltd.,,,,
https://www.1mg.com/otc/aktive-support-knee-unisex-500-large-otc355026,,Beckcem Drug International Pvt. Ltd.,,,,
https://www.1mg.com/otc/lenvitz-universal-gel-pillow-mini-otc399024,Lenvitz Universal Gel Pillow,Lenvitz Medical Solutions Pvt Ltd,It is used to protect the patient during surgery.,,Use as per requirement or as directed by the physician.,"Read the label carefully before use, Store in a cool dry place away from direct sunlight, Keep out of reach of the children, Avoid physical damage"
https://www.1mg.com/otc/boldfit-ice-bags-for-pain-relief-12inch-blue-star-otc744416,Boldfit Ice Bags For Pain Relief 12inch Blue Star,Sasvat Omnicare Pvt Ltd,It is used to treat sore muscles and other knee or joint pains.,,"Pour water and ice cubes., Remove air from the bag., Press the ice bag on the pain area., Relax the ice bag on the injury area with an ice wrap.","Read the label carefully before use, Store in a cool and dry place away from direct sunlight, Keep out of reach of children"
https://www.1mg.com/otc/kesri-marham-prompt-relief-from-pain-40gm-each-otc725429,Kesri Marham Prompt Relief from Pain,B.C. Hasaram & Sons,,"Mentha Piperita, Carum Copticum, Cinnamomum Camphora, Gaultheria Fragrantissima, Syzygium Aromaticum, Cinnamomum Zeylanicum, Myristica Fragrans, Capsicum Annum, Eucalyptus Globules, Base, Approved Natural Colours, This marham can help in managing pain like headaches and joint and back pain, This marham can be rubbed on the affected area to reduce the pain, Regular use may help in managing body pain, neck and shoulder pain, muscle pain, backache and inflammation, It can help in managing cold, stuffy nose and stomach pain",Use as directed on the label or as advised by the physician.,"Store in a cool and dry place, Read the label carefully before use, Keep out of reach of children"
https://www.1mg.com/otc/vissco-0629-dynamic-cock-up-splint-left-with-finger-extension-universal-otc344540,Vissco 0629 Dynamic Cock UP Splint-Left with Finger Extension Universal,Vissco Rehabilitation Aids Pvt. Ltd.,It is used to mobilise fingers and wrists. It is useful for physiotherapy after extensor tendon repair.,"It maintains the wrist in a resting position to relieve pain and strengthen muscles, Ideal for sprains, post-fracture, micro trauma and arthritis, Unique spring mechanism that provides the perfect angle for flexion and extension, The product fits both limbs, It is made with skin-friendly cloth, It is available in a universal size that can be worn by all",Use as directed on the label,"Read the label carefully before use, Store in a cool and dry place, away from sunlight, Keep out of reach of children, Wipe clean with a damp cloth"
https://www.1mg.com/otc/genugrip-knee-brace-xxl-right-otc392375,,Dynamic Techno Medicals Pvt. Ltd.,,,,
https://www.1mg.com/otc/longlife-oct-004-abdominal-support-large-blue-otc490831,,Veridicus Health Care Pvt Ltd,,,,
https://www.1mg.com/otc/farflam-gel-otc444077,,Cosset Pharmaceuticals Pvt Ltd,,,,
https://www.1mg.com/otc/rexo-comfiseat-otc493630,Rexo Comfiseat,Rexo Products,It provides comfort to patients suffering from piles.,"This seat is soothing and prevents sores and wounds, The top of the cushion is ergonomically designed to make life easier and more comfortable, It provides comfort to patients suffering from piles",As directed in the product manual.,"Read the label carefully, Store in a cool, dry place, Maintain hygiene"
https://www.1mg.com/otc/sbs-arthodhan-vati-otc526020,SBS Arthodhan Vati,SBS Herbal Pvt Ltd,,"Ajwain, Giloy, Chitrak, It is beneficial for joint health and reduces joint pain and swelling, It contains that has anti-inflammatory properties and alleviates joint pain and inflammation, It may help prevent cartilage loss and assist in managing rheumatoid arthritis and osteoarthritis, It also has potent antioxidant and anti-inflammatory properties and helps reduce inflammation",Use as directed on the label or as advised by your healthcare provider.,"Read the label carefully before use, Store in a cool and dry place away from direct sunlight, Keep out of reach of children"
https://www.1mg.com/otc/jointflex-pain-relief-cream-90gm-each-otc625811,Joint Flex Pain Cream,Strides Consumer Pvt Ltd,,"Glucosamine, Chondoitrin, JointFlex gives you immediate and long-lasting relief from joint pain helping you actively keep up with your everyday tasks, JointFlex is the most preferred joint pain relief brand in the USA and is trusted to provide joint care by bringing instant relief from joint pain and keeping them healthy, The special formula with Glucosamine and Chondroitin, which are well-known as joint-specific treatment ingredients, helps you immediately get rid of joint pain and brings respite from joint degeneration caused by conditions like arthritis, Its targeted, deep-penetration technology enables the quick absorption of the key ingredients to provide immediate pain relief, essential lubrication and flexibility, giving you healthier joints with continuous use, It reduces and helps cure pain in all main joints – elbows, shoulders, back, ankle, hands, wrist, neck, foot, and knees.","Clean, rinse and dry the skin prior to application. Apply 3-4 times a day generously to painful joints and muscles, gently massaging until the pain relief cream disappear.","Read the label carefully before use, Use under medical supervision, Store in a cool and dry place away from direct sunlight, Keep away from children, For external use only"
https://www.1mg.com/otc/myolaxin-d-gel-otc210431,,Geno Pharmaceuticals Ltd,,,,
https://www.1mg.com/otc/inaari-comfort-roll-on-oil-for-menstrual-cramps-otc841337,Inaari Comfort Roll On Oil for Menstrual Cramps,Inaari Life Pvt Ltd,,"Peppermint oil, Hibiscus flower, Davana oil, Lavender oil, Davana oil can help relieve period cramps and nausea, Peppermint oil has cooling properties that help energise and combat fatigue, Hibiscus oil can help with PMS symptoms, Lavender oil has calming properties and helps reduce fluid retention","Apply 2-3 times a day, In case of severe pain, apply every 3 hours, Apply on the affected areas with gentle strokes","Read the label carefully before use, Store in a cool and dry place, away from sunlight, Keep out of reach of children"
https://www.1mg.com/otc/lifelong-llm126-electric-portable-face-cleanser-and-massager-brush-with-4-brush-heads-otc530445,Lifelong LLM126 Electric Portable Face Cleanser and Massager Brush with 4 Brush Heads,Lifelong Online Retail Pvt Ltd,,"Removes dirt and helps in preventing pimples, Useful in removing sebum, Effectively removes makeup and reduces roughness of pores, Aids in removing sebum from the skin, It is cordless and easy to use and operates on 4 AA batteries, Equipped with 4 interchangeable heads for scrubbing, cleansing, massaging and exfoliating skin","Remove the bottom of the handle to open the battery compartment., Insert 4 x AA batteries according to the polarity markings indicated in the battery compartment., Replace the battery compartment cover and ensure it is clipped in firmly., Choose any one massage head from 4, Place the desired attachment on the cleanser machine, apply your favourite facial soaps, cleansers or moisturiser and switch the appliance on, When the product is not in use, remove the batteries and store in a dry place, out of the reach of children","Read the label carefully before use, Keep away from children, Dry clean the massage heads after usage, Avoid contact with water, Protect from physical damage, Store in a cool and dry place"
https://www.1mg.com/otc/witzion-varicose-vein-stocking-medium-beige-eco-otc514856,,Witzion,,,,
https://www.1mg.com/otc/wellon-pas03-universal-shoulder-immobilizer-small-otc387687,Wellon Universal Shoulder Immobilizer PAS-03,Mana Medical,"It is used to provide support and prevent unwanted movement of shoulder, It helps in fast recovery during shoulder injury","It is made from 3 layered PUF fused fabric that offers softness and comfort, It offers immobilization during for ensuring faster recovery, It comprises of straps that cover both shoulder and back for even weight distribution and comfort, The arm restraint band is fastened with Velcro to the hand, Type of Product: Shoulder Immobilizer, Brand: Universal Shoulder Immobilizer, Model: PAS-03, Size: 32-36 inch",As directed on the manual.,"Read the manual carefully before use, For external use only, Hand wash using mild liquid detergent, Air dry away from heat and sunlight, Do not bleach, iron or dry-clean"
https://www.1mg.com/otc/medtrix-hinged-knee-cap-xxxl-beige-eco-otc503703,,Medtrix,,,,
https://www.1mg.com/otc/dr-med-ankle-support-dr-a002-xxl-blue-otc377582,,A-MI Global Co Ltd,,,,
https://www.1mg.com/otc/comprezon-classic-varicose-vein-stockings-class-2-mid-thigh-1-pair-xxl-beige-otc390184,Comprezon Classic Varicose Vein Stockings Class 2 Mid Thigh (1 Pair),Dynamic Techno Medicals Pvt. Ltd.,Boost flow of blood back from legs to heart. Prevents the pooling of blood in the legs which is the main cause of varicose veins,,As described by your physician,
https://www.1mg.com/otc/mgrm-abdominal-belt-0603-medium-otc390459,,MGRM Medicare Ltd.,,,,
https://www.1mg.com/otc/mpil-wellness-rheuam-60-capsule-with-rheuam-liniment-30ml-free-otc577510,Mpil Rheuam 60 Capsule with Rheuam Liniment 30ml Free,Maheshwari Pharmaceuticals (I) Ltd.,,"Rheuam controls inflammation, reduces swelling and tenderness, It is very quick to relieve pain, associated with sprains and restores mobility, It is used to increase the tissue oxidation in the diseased joints and helps in regulating the easy movement of joints, It is useful in the treatment of Osteoarthritis, and is an adjuvant to NSAIDS, It is useful in stimulates uric acid excretion",,"Read the label carefully before use, Store in a cool dry place away from direct sunlight, Keep out of reach of the children"
https://www.1mg.com/otc/nagarjuna-dhanwantharam-aavarthi-101-otc377722,Nagarjuna Dhanwantharam Aavarthi 101,Nagarjuna Ayurvedic Centre,,"Dhanwantharam tailam, 25 ml, Oil, The oil can help manage arthritis and osteoporosis, It may aid in alleviating conditions like rheumatoid arthritis and headaches, It is beneficial for bone health and strength",,"Read the label carefully before use, Store in a cool and dry place, Keep out of reach of children"
https://www.1mg.com/otc/nopain-liniment-otc376255,,Olympus Therapeutics Pvt Ltd,,,,
https://www.1mg.com/otc/medtrix-compression-knee-cap-xxxl-beige-premium-otc503731,,Medtrix,,,,
https://www.1mg.com/otc/omega-pain-killer-pro-liniment-otc788025,Omega Pain Killer Pro Liniment,IPI India Pvt Ltd,,"Methyl Silicate, Camphor, Menthol, It can provide relief from back, muscle and joint pain, It may help relieve muscle cramps and nerve pains, It can alleviate stiff neck and headache, It might help ease minor sprains and strains","Apply a liberal amount to the affected area, Gently massage until absorbed into the skin, Repeat 3-4 times if necessary","Keep out of reach of children, If accidentally swallowed, induce vomiting and call a physician, Avoid getting into the eyes or on mucous membranes, Discontinue use if skin redness or irritation develops"
https://www.1mg.com/otc/medtrix-open-patella-knee-cap-xl-beige-otc503752,,Medtrix,,,,
https://www.1mg.com/otc/avp-rheumaheal-fast-pain-relief-balm-otc761966,The Arya Vaidya Pharmacy (Coimbatore) Ltd Rheumaheal Fast Pain Relief Balm,The Arya Vaidya Pharmacy (Coimbatore) Ltd,,"Dhanwantharam thailam, Sahacharadi thailam, Narayana thailam, Prabhanjanam thailam, 80 years legacy: AVP, since 1943, has been a pioneer in Ayurveda medicine manufacturing, education and research. All products are produced in our GMP and ISO-certified manufacturing facilities under strict quality assurance mechanisms, Effective for headaches: A fast-acting pain relief balm for muscle and body pains. Also, it counters generalised body aches and discomfort from the common cold, Ideal for acute pains: It may relieve pain related to soft-tissue injury and sudden body pains. This balm may provide a soothing effect without a burning sensation on the skin, New age Ayurveda product: This balm has the power of 4 traditional ayurvedic oils, dhanwantharam thailam, narayana thailam, sahacharadi thailam and prabhanjanam thailam","External use only: Gently massage the balm on the affected area, Rest and wait for at least 15-20 minutes for the desired result of pain relief","Read the label carefully before use, Store in a cool and dry place, away from sunlight, Keep out of reach of children"
https://www.1mg.com/otc/vissco-3d-knee-cap-with-donut-padding-knee-support-for-pain-relief-knee-injury-xl-otc448668,Vissco 2705 Pro 3D Knee Cap with Donut Padding,Vissco Rehabilitation Aids Pvt. Ltd.,"Provides support for musculoskeletal health, vascular health and helps in pain management.","Fit:Ergonomic, Material:Cotton Elastic",Wear this compression sleeve as you would wear socks so that the broader end is above the knee.,"Read the label carefully before use, Keep out of the reach of children, Store in cool and dry place, Should be protected from sunlight"
https://www.1mg.com/otc/vaidhyashala-dashmool-tail-otc491404,,Namo Gange Wellness Pvt Ltd,,,,
https://www.1mg.com/otc/acupressure-massager-string-magic-otc518700,,Kapil Plastic Mould,,,,
https://www.1mg.com/otc/nagarjuna-mahaa-naaraayana-thailam-otc376753,Nagarjuna Mahaa Naaraayana Thailam,Nagarjuna Ayurvedic Centre,,"Tailam Sesamum indicum, Vilva Aegle marmelos, Asvagandha Withania somnifera, Brihati Solanum anguivi, Svadamshtra Tribulus terrestris, Syonaka Oroxylum indicum, Vatyalaka Sida cordifolia, Paribhadra Erythrina variegata, Kathilla Boerhavia diffusa, Ksudra Solanum virginianum, Atibala Abutilon indicum, Agnimantha Premna corymbosa, Sarani Merremia tridentata, Patali Stereosprmum tetragonum, Ajadugdha Goat's milk, Satavari Asparagus recemosus, Rasna Alpinia galanga, Asvagandha Withania somnifera, Misi Anethum gavaeolens, Daru Cedrus deodara, Prisniparni Desmodium gangeticum, Salaparni Pseudarthria viscida, Mashaparni Vigna radiata var. Sublobata, Mudgaparni Dysolobium pilosum, Kesara Mesua ferrea, Sindhuttha Rock salt, Rajani Curcuma longa, Darvi Berberis aristata, Saileya Parmelia perlata, Chandana Santalum album, Pushkara Inula racemosa, Ela Elettaria cardamomum, Ugra Acorus calamus, Yashti Glycyrrhiza glabra, Tagara Valeriana jatamansi, Abda Cyperus rotundus, Ambu Plectranthus vettiveroides, Patra Cinnamomum tamala, Bringa Eclipta alba, Kakolidvaya Withania somnifera, Dvimeda Asparagus racemosus, Jivakadvaya Pueraria tuberosa, Ridhidvaya Curculigo orchioides, Vacha Acorus calamus, Palasa Butea monosperma, Sthauneya, Vrischika Boerhavia verticillata, Karpura Dryobalanops aromatica, Kasmira Crocus sativus, 200 ml, Oil, Men/Women, Eases muscle tension, promotes relaxation and provides relief from joint stiffness and discomfort, Helps in improving joint flexibility and enhances overall mobility, Aids in nurturing the tissues, promoting their health and vitality, Possesses anti-inflammatory properties which helps to alleviate inflammation, reducing swelling and discomfort, Massaging with this oil enhances blood circulation for better nourishment of muscles and joints",Use as mentioned on the label or as directed by the physician,"Store in a cool and dry place away from direct sunlight, Read the product label carefully before use, Keep out of reach of children, For external use only"
https://www.1mg.com/otc/pain-free-herb-oil-otc408989,,Natural Biodrugs Pvt Ltd,,,,
https://www.1mg.com/otc/nagarjuna-brahmi-thailam-otc376472,Nagarjuna Brahmi Thailam,Nagarjuna Ayurvedic Centre,,"Brahmi-Bacopa monnieri, Amalaki (Emblica officinalis), Tila taila (Sesame oil), It is useful for mental problems, It is beneficial for sleep disorders, It is useful for stress, It relieves tension and anxiety","Sufficient quantity of Nagarjuna Brahmi Thailam is applied over scalp and forehead, Gentle massage with the tip of the fingers is done for 10 minutes, Or use as directed by the physician","Store in a cool and dry place away from direct sunlight, Read the label carefully, Keep out of reach of children"
https://www.1mg.com/otc/dr-med-elbow-sleeve-high-compression-dr-e015-large-blue-otc377543,,A-MI Global Co Ltd,,,,
https://www.1mg.com/otc/dr.-morepen-pain-x-ortho-oil-otc617213,Dr Morepen Pain-X Ortho Oil,Dr. Morepen Limited,,,Take 5 to 10ml of oil or quantity as per the affected area. Rub the oil between palms and gently massage it onto the affected area. Always wash your hands before and after using.,
https://www.1mg.com/otc/sbl-arsenicum-album-0-2-lm-otc360863,,SBL Pvt Ltd,,,,
https://www.1mg.com/otc/rexo-knee-care-pads-otc493636,,Rexo Products,,,,
https://www.1mg.com/otc/vissco-5601-platinum-elbow-support-with-silicone-pressure-pad-small-otc448588,Vissco 5601 Platinum Elbow Support with Silicone Pressure Pad,Vissco Rehabilitation Aids Pvt. Ltd.,It is primarily used in the condition of tendonitis (lateral epicondylitis).,,Use as per requirement or as directed by the physician.,"Read the label carefully before use, Store in a cool dry place away from direct sunlight, Keep out of reach of the children, Avoid physical damage"
https://www.1mg.com/otc/coronation-hot-water-bottle-super-deluxe-otc337223,Coronation Hot Water Bottle (Super Deluxe),Enkay Brand Distribution Pvt Ltd,The hot water bottle is used as a natural body warmer in winter and for heat therapy.,"Capacity:1.5 litres approx., Soft rubber provides comfort and full coverage to the injured area, Provides quick relief from muscular, joint, and menstrual pain, Small and compact design makes it handy and easy to carry, Can be used as a bed warmer","Do not use boiling water when filling the bottle, Fill the bottle to a maximum of two-thirds capacities, Check the bottle for any leakage by holding the bottle in an upside-down position, Expel air by lowering carefully on a flat surface until water appears at the opening, Screw the cap tightly to ensure that there is no leakage","Never fill the bottle with boiling water, Read the label carefully before use, Keep out of reach of the children, Store in a cool and dry place"
https://www.1mg.com/otc/nutritjet-joint-support-tablet-otc685887,NutritJet Joint Support Tablet,DualShield Private Limited,,"Glucosamine sulphate, MSM, Chondroitin sulphate, Rosehip extract, Turmeric root extract, Enhances flexibility, Advanced formula with turmeric, Has anti-inflammatory properties, Boosts joint mobility, Reduces joint pain",Take one tablet daily or as directed by the physician.,"Read the label carefully before use, Store in a cool dry place away from direct sunlight, Keep out of reach of the children"
https://www.1mg.com/otc/monisons-pain-balm-25gm-each-otc978659,Monison Pain Balm,Monji Vishram & Co.,,"Pudina, Wintergreen Oil, Nilgiri Oil, It is an ayurvedic product, This product helps relieve headaches, This balm may also help to reduce body pain, colds, joint pain and muscle pain",Use as directed on the label or as suggested by a healthcare practitioner.,"Store it in a cool and dry place, Keep it away from direct sunlight, Keep it away from the reach of the children"
https://www.1mg.com/otc/rexo-back-and-shoulder-heat-pads-otc493625,Rexo Back and Shoulder Heat Pads,Rexo Products,It is designed to help treat shoulder and back pain.,"Has a soft PVC gel pouch, Made of non toxic gel, Come with a bag that has an elastic belt and holds the gel pack",Use as directed on the manual.,"Read the label carefully before use, Store in a cool dry place away from direct sunlight, Keep out of reach of the children"
https://www.1mg.com/otc/rhue-oil-ayurvedic-strong-pain-relief-joint-care-otc257199,Rhue Oil,Ban Labs,,,Gentle massage on the affected part so as to facilitate penetration or as directed by the physician.,
https://www.1mg.com/otc/boiron-kali-iodatum-multi-dose-approx-80-pellets-30-ch-otc407705,,Boiron Laboratories Pvt Ltd,,,,
https://www.1mg.com/otc/lp-271z-thigh-compression-sleeve-xl-otc331444,Uses:,LP Support,"It is used to enhance the explosive strength of thigh muscles, improving kicking and jumping.",,Use as directed by the health-care professional and Make sure the power band is positioned around the knee.,"Read the label carefully before use, Keep out of reach of the children, Store in a cool dry place"
https://www.1mg.com/otc/hamdard-liquirub-for-pain-relief-otc698792,,Hamdard Laboratories India,,,,
https://www.1mg.com/otc/sleepsia-premium-quality-thick-contour-gel-infused-pillow-large-sleepsia-logo-otc504642,,Sleepsia India Pvt Ltd,,,,
https://www.1mg.com/otc/vaidhyashala-mahavishgarbh-tail-otc491410,,Namo Gange Wellness Pvt Ltd,,,,
https://www.1mg.com/otc/medtrix-lumbar-sacral-belt-small-beige-otc503734,,Medtrix,,,,
https://www.1mg.com/otc/quik-relif-pain-relief-roll-on-otc690571,Quik Relif Roll On,Leeford Healthcare Ltd,This roll-on has a potent formulation of herbal extracts that provides effective pain relief throughout the body.,"Contains powerful extracts of 6 herbs, including Pudina, Gandhapura, Lavang and Kapur, that offers fast-acting pain relief, Can be especially beneficial for soothing problems like headache, nasal congestion, musculoskeletal and lower back pain, Provides comfort from joint pain, muscle stiffness, and also repairs damaged tissues and muscles, Has a deep penetration technology and improves microcirculation to alleviate pain quickly while being mess-free to use","Just roll 3-5 times in circular motions on the affected area, such as head, nasal area, chest, neck, shoulder, low back, etc. after cleaning the skin surface gently, Apply for the medicine at least 3-4 times a day, if needed","Read the label carefully before use, Store in a cool and dry place away from direct sunlight, Keep out of reach of children"
https://www.1mg.com/otc/lp-958-shoulder-support-small-otc331411,LP #958 Shoulder Support,LP Support,Speeds healing of shoulder dislocation or subluxation. It is designed to help reduce pain and stiffness while also giving maximum support to a weak or recovering shoulder.,,"Read the user manual carefully, Hand wash with mild soap in cold water, Rinse thoroughly, Air dry at room temperature, Do not machine wash or dry",
https://www.1mg.com/otc/mgrm-knee-immobilizer-0702-small-otc390609,,MGRM Medicare Ltd.,,,,
https://www.1mg.com/otc/comprezon-cotton-varicose-vein-stockings-class-1-below-knee-1-pair-xl-otc390203,Comprezon Cotton Varicose Vein Stockings Class 1 Below Knee (1 Pair),Dynamic Techno Medicals Pvt. Ltd.,To support the abdomen.,"Comfortable and non-restricting, Early varicose in pregnancy, Available in the following sizes:, X-Small (17-19), Small (19-23), Medium (23-26), Large (26-29), X-Large (29-31), XX-Large (31-34)",,"Read the manual carefully before use, Keep out of reach of the children"
https://www.1mg.com/otc/renewa-aerosoft-cervical-king-size-pillow-otc491923,,Dr. Sayani's Health Care Pvt. Ltd.,,,,
https://www.1mg.com/otc/biotrex-turmeric-400mg-capsule-otc419720,Biotrex Turmeric 400mg Capsule,Biotrex Nutraceuticals,,"Turmeric Extract, Primarily used for its large contents of anti-oxidant and anti-inflammatory properties, It boosts brain-derived neurotrophic factor which is linked to improved brain function and a lower risk of brain diseases, It can be used effectively to improve heart functions and health, It leads to several changes on the molecular level which may prevent and treat cancer, It can cross the blood-brain barrier and improves the pathological process of Alzheimer’s disease",Take one capsule twice a day or as directed by the physician.,"A dietary supplement not intended for medicinal use, Read the label carefully before use, Do not exceed the recommended dose, Keep out of the reach of children, Store in a cool dry place away from direct sunlight and heat"
https://www.1mg.com/otc/dr.-reckeweg-cimex-dilution-10m-ch-otc375931,Dr. Reckeweg Cimex Dilution,Dr Reckeweg & Co,,"Highly effective in the treatment of violent frontal headache and migraine, Relieves itchiness inside the gums and treats painful conditions associated with it, Reduces swelling of the tongue and provides relief from conditions of scaled tongue, Useful in relieving congestion in the chest and treats feelings of suffocation, Provides effective relief from sore throat and whooping cough, Highly useful in the treatment of chronic liver complaints, especially pain in the liver, Useful in treating discolouration of urine caused due to dehydration",Take 3-5 drops of dilution in half cup of water three times a day or as directed by the physician.,"Read the label carefully before use, Do not exceed the recommended dosage, Keep out of the reach of children, Store in a cool dry place away from direct sunlight and heat"
https://www.1mg.com/otc/dr-ortho-combo-pack-of-crepe-bandage-10x4-pain-relief-ointment-30gm-otc472777,Dr Ortho Combo Pack of Crepe Bandage (10X4) & Pain Relief Ointment 30gm,Dr Ortho Ayurvedic,,"Unique and rich formula delivers fast, targeted relief of deep muscle, joint, and back pain, It's the first and only advanced formula with 4 powerful pain-fighting ingredients, Works deeply and Penetrating relief directly to the site of pain, crepe bandage is suitable for use as support for sprains and strains in joints and muscles, It also works as a moderate compression bandage for knee swelling, ankle swelling, and other relevant injuries",,"Read the label carefully before use, Keep out of the reach of children, Do not exceed the recommended dosage, Store in a cool and dry place"
https://www.1mg.com/otc/serofin-gel-otc368565,Serofin Gel,Globus Remedies Ltd,,"Diclofenac, Linseed oil, Menthol, Methyl salicylate, It provides relief from swelling and inflammation, It helps improve sprains and strains in the body, It can help ease muscle stiffness, It provides relief from joint and back pain",Use as directed on the label,"Read the label carefully before use, Store in a cool and dry place, away from sunlight, Keep out of reach of children"
https://www.1mg.com/otc/caretouch-ice-and-hot-water-bag-for-pain-relief-otc744988,Caretouch Ice and Hot Water Bag for Pain Relief,Labdhi Pharma surgical,It is beneficial for sore muscles and other knee or joint pains.,"It is used for cold therapy by simply filling it with ice cubes and a little water to relieve discomfort, It is used as hot therapy by just adding some hot water (not boiling) and apply to the needed areas, It may give relief from pain and makes you feel comfortable, It is leakproof and has a multicolour design, It has a large mouth opening for easy filling",Use as mentioned on the label or as directed by a healthcare professional,"Read the label carefully before use, Store in a cool dry place away from direct sunlight, Keep out of reach of the children, Avoid physical damage"
https://www.1mg.com/otc/holy-vedaa-aayurveda-ortho-spas-oil-otc425302,Holy Vedaa Aayurveda Ortho Spas Oil,Holy Vedaa Ayurveda,,"Natural herbs, The oil helps to relieve pain and reduces inflammation and swelling, It helps to reduce back pain, neck pain, joint pain and knee pain, The formulation improves joint mobility and flexibility and reduces muscular pain, It regulates pro-inflammatory response and stimulates blood circulation",Apply on the affected area and massage gently for better absorption,"Keep out of reach of children, Store in a cool and dry place, For external usage only, Read the label before use"
https://www.1mg.com/otc/lp-957-elastic-support-stocking-small-otc331425,LP #957 Elastic Support Stocking,LP Support,It is primarily used in the condition of pain due to varicose veins or restricted blood circulation.,"It helps to alleviate pain due to varicose veins or restricted blood circulation, The product is bi-knitted and bi-layered with 100% cotton lining, It facilitates compression and support to the calves",Use as per requirement or as directed by the physician.,"Read the label carefully before use, Store in a cool dry place away from direct sunlight, Keep out of reach of the children, Avoid physical damage"
https://www.1mg.com/otc/efra-halal-abufaas-liquid-roll-on-otc504074,Efra Halal Abufaas Liquid Roll On,Zam Zam Halal Products Pvt. Ltd.,,"Nilgiri extract, Menthol extract, This oil contains potential pain-relieving effects, It soothes pain or strains caused to the muscles or joints, It is beneficial in soothing headaches, neck and shoulder discomfort, low back pain, and migraines, It caters to minor aches and pains relating to joint problems, It helps improve fever and symptoms of flu","Apply it to the intended area, Or as advised by your healthcare practitioner","Read the label carefully before use, Store in a cool and dry place, away from sunlight, Keep out of reach of children"
https://www.1mg.com/otc/lp-945-shin-sleeve-small-otc331367,LP #945 Shin Sleeve,LP Support,It is used to boost your circulation and created to use during the workout when the muscles are tired and painful.,,"Measure around mid-section of the shin, while in a standing position and wear accordingly.","Read the label carefully before use, Keep out of reach of the children, Store in a cool dry place"
https://www.1mg.com/otc/azani-active-care-muscle-rub-cream-otc681680,,Relentless Sports Pvt Ltd,,,,
https://www.1mg.com/otc/deve-herbes-pure-pumpkin-cucurbita-pepo-seed-oil-otc396897,,Deve Herbes,,,,
https://www.1mg.com/otc/genugrip-hb-hinged-knee-brace-small-left-otc392409,,Dynamic Techno Medicals Pvt. Ltd.,,,,
https://www.1mg.com/otc/dr-med-wrist-thumb-splint-dr-w132-3-universal-black-left-otc377496,,A-MI Global Co Ltd,,,,
https://www.1mg.com/otc/sleepsia-gel-infused-medium-visco-memory-foam-pillow-contour-shape-white-otc492217,,Sleepsia India Pvt Ltd,,,,
https://www.1mg.com/otc/medtrix-compression-neoprene-shoulder-brace-blue-and-black-right-otc503763,,Medtrix,,,,
https://www.1mg.com/otc/max-knee-gel-otc445226,,Synthergen Therapeutics Pvt Ltd,,,,
https://www.1mg.com/otc/sira-3-in-1-postpartum-post-pregnancy-belt-xxl-beige-otc504365,,Sira Healthcare,,,,
https://www.1mg.com/otc/witzion-xxl-beige-contoured-lumbar-sacral-back-support-belt-otc513892,,Witzion,,,,
https://www.1mg.com/otc/lp-958-shoulder-support-medium-otc331413,LP #958 Shoulder Support,LP Support,Speeds healing of shoulder dislocation or subluxation. It is designed to help reduce pain and stiffness while also giving maximum support to a weak or recovering shoulder.,,"Read the user manual carefully, Hand wash with mild soap in cold water, Rinse thoroughly, Air dry at room temperature, Do not machine wash or dry",
https://www.1mg.com/otc/acupressure-spine-roller-curved-soft-otc518629,,Kapil Plastic Mould,,,,
https://www.1mg.com/otc/p-care-c3023-designer-knee-sleeve-xxl-otc659216,P+caRe C3023 Designer Knee Sleeve,PR Flexmake Private Limited,"It is used to provide warmth, support and compression to the knee.","Features a scientific (3D) design that ensures warmth, support and compression for the knee, It is indicated for moderate knee strains, sprains, injuries and arthritis","Insert foot into the largest end of support and slide over the knee, Adjust placement as required","Read the label carefully before use, Store in a cool and dry place away from direct sunlight, Keep out of reach of the children, Please seek the advice of a physician or qualified health professional on the medical condition and its usage"
https://www.1mg.com/otc/vissco-2710-pro-3d-ankle-support-with-gel-padding-large-otc448835,Vissco 2710 Pro 3D Ankle Support with Gel Padding,Vissco Rehabilitation Aids Pvt. Ltd.,"It is used to facilitate relief from discomfort in case of plantar fasciitis, joint pain, sprains, swelling, tendonitis, muscle weakness.",,Use as per requirement or as directed by the physician.,"Read the label carefully before use, Store in a cool dry place away from direct sunlight, Keep out of reach of the children, Avoid physical damage"
https://www.1mg.com/otc/medtrix-surgical-shoe-cast-orthopedic-boot-small-beige-otc503537,,Medtrix,,,,
https://www.1mg.com/otc/rhumalitol-pain-relieving-oil-otc910993,Glatt Wellness Rhumalitol Pain Relieving Oil,Ambika Biotech,,"Ajwain Oil, Tarpin Oil, Devdar Oil, Neeligir Oil, Camphor, Peppermint Oil, Til Oil, Fast-acting relief:Instantly eases pain and discomfort with its powerful analgesic action, Reduces inflammation:Anti-inflammatory properties soothe swelling, enhancing mobility, Deep penetration:The oil penetrates deeply, reaching the source of discomfort for thorough relief, Natural ingredients:Crafted with natural extracts for a safe and effective pain-relieving experience, Long-lasting comfort:Experience enduring relief, making daily activities more enjoyable, Easy application:Effortlessly apply and massage the oil, allowing it to absorb without residue, Promotes conditioning:The rubefacient properties encourage circulation, aiding the body's conditioning process",Massage or apply 2-3 times a day on the affected part or as directed by the healthcare professional.,"Read the label carefully before use, Store in a cool, dry, and dark place, Keep out of reach of children"
https://www.1mg.com/otc/mgrm-c.a.s.h-orthosis-0514-medium-otc390521,,MGRM Medicare Ltd.,,,,
https://www.1mg.com/otc/rosscare-automatic-e-hot-bag-large-otc350146,Rosscare Automatic E-Hot Bag Large,Emami Frank Ross Ltd,"It is ideal for stomach pain, backaches, joint pain, muscular cramps, menstrual pain, muscle pull and arthritic and rheumatic pain.","Automatic hot water bag that uses advanced technology to relieve pain in the affected areas, Eliminates muscle fatigue by improving blood circulation, Small and convenient design which makes it hassle-free and easy to use all over the body, Optimum and soothing warm comfort, Lasts for a long time (Upto 6 hours), Suitable for kids above 5 years, Ready to use in 10 minutes, No slippage and rechargeable bag, Size:Large (200 x 270 mm)","Plug in cord and connect to power source, Lay flat and wait for LED light to turn off, Remove the plug and use it over the affected areas","Read the label carefully before use, Keep away from direct contact with sunlight, Keep out of reach of children"
https://www.1mg.com/otc/acupressure-seat-b-otc518521,Acupressure Seat B,Kapil Plastic Mould,It is useful while doing yoga or body massage.,"It helps in balancing the bio-energy of the body, It is specially made for executive classes and meditation centres, It improves blood circulation, It reduces tiredness and soreness",Use as directed by the healthcare professional,"Keep it away from the reach of the children, Read the label carefully before use"
https://www.1mg.com/otc/nyassa-citronella-essential-oil-otc373807,,Nyassa Retail Pvt Ltd,,,,
https://www.1mg.com/otc/dr.-reckeweg-pothos-foetida-dilution-3x-otc374951,,Dr Reckeweg & Co,,,,
https://www.1mg.com/otc/medtrix-knee-brace-medium-grey-otc503719,,Medtrix,,,,
https://www.1mg.com/otc/dr-med-knee-sleeve-soft-compression-protects-dr-k018-large-beige-otc377499,,A-MI Global Co Ltd,,,,
https://www.1mg.com/otc/amron-xamax-abdominal-belt-xxl-otc428939,,Xamax Ergonomics Pvt. Ltd.,,,,
https://www.1mg.com/otc/flamisun-spray-otc936829,Flamisun Spray,Suncare Formulations Pvt Ltd,,"Diclofenac diethylamine, linseed oil, methyl salicylate, menthol., This formula provides instant pain relief, It provides effective relief from pain in joints, knees, back, neck and shoulder, This formula reduces pain caused due to sprains, sports injuries, muscle pulls and strain, This formula is microparticles allow deeper penetration and provide quick relief, It is useful in musculoskeletal, joint, and soft tissue disorders, This formula is useful in relieving pain due to sports injuries","Spray directly onto the affected areas from a distance of 5 cm, Use 3-4 times a day or, as directed by the physician, Shake well before each use","Read the label carefully, Store in a cool, dry place, Keep out of reach of children, Should be applied to intact skin surfaces only and not to skin wounds and open injuries, Should not come into contact with eyes, or mucous membranes and should not be ingested"
https://www.1mg.com/otc/aruba-essentials-combo-pack-of-basil-oil-lemon-oil-15ml-each-otc488084,Aruba Essentials Combo Pack Basil Oil & Lemon Oil (15ml Each),Kamatri Corporation Pvt Ltd,,"Ocimum basilicum, Citrus limonum, Boost the production of collagen promoting hair growth, Helps to curb hair fall, Cleans the scalp and unclog hair follicles, Helps to maintain healthy and clean scalp, due to the presence of anti-fungal properties, Regulates levels of oil in the scalp, Enhances the luster of dull looking skin and hair, Provides relief from pain and cold, Known to rejuvenate sagging skin","For application on skin or hair mix 2-4 drops of essential oil with some carrier oil like Coconut oil or Olive oil as all Aruba Essentials oils are undiluted. Rub into your scalp with finger tips and leave it for an hour or apply at night for better results, then shampoo your hair. Use it regularly for effective results.","Keep out of reach of the children, Store in a cool and dry place, away from direct heat, and sunlight, For external use only"
https://www.1mg.com/otc/ache-free-gel-otc456308,,Frank Medilink,,,,
https://www.1mg.com/otc/moov-100-ayurvedic-pain-relief-spray-for-back-pain-joint-pain-knee-pain-muscle-pain-otc911072,"Moov 100% Ayurvedic Pain Relief Spray / For Back Pain, Joint Pain, Knee Pain & Muscle Pain",Reckitt Benckiser Healthcare Pvt. Ltd.,,"Spray, 50g",,
https://www.1mg.com/otc/genugrip-knee-brace-xl-right-otc392374,,Dynamic Techno Medicals Pvt. Ltd.,,,,
https://www.1mg.com/otc/mgrm-abdominal-binder-0601-large-otc390728,,MGRM Medicare Ltd.,,,,
https://www.1mg.com/otc/amron-xamax-elbow-cap-medium-otc421740,,Xamax Ergonomics Pvt. Ltd.,,,,
https://www.1mg.com/otc/tynor-l05-anklet-oac-pair-xl-otc345814,Tynor L-05 Anklet Oac (Pair),Tynor Orthotics Pvt. Ltd.,"It is primarily used to facilitate mild compression, warmth & support to the ankle joint.","Comes with two layers of enclose air space which retains body heat effectively, Gives better sweat absorption and better comfort, Has better patient compliance, Gives no allergies or rash, Provides effective compression, No vaso constriction, Available sizes: S (7.2""-8.4""), M (8.4""-9.6""), L (9.6""-10.8""), XL (10.8""-12"")",Use as per requirement or as directed by the physician.,"Read the label carefully before use, Store in a cool dry place away from direct sunlight, Keep out of reach of the children, Avoid physical damage"
https://www.1mg.com/otc/longlife-oct-004-abdominal-support-small-blue-otc490829,,Veridicus Health Care Pvt Ltd,,,,
https://www.1mg.com/otc/lp-250z-elbow-compression-sleeve-single-xxxl-otc331240,LP #250Z Elbow Compression Sleeve Single,LP Support,It is useful in treating elbow sprain and strain as well as slight injuries and trauma.,"Provide warmth and compression on the wrist and hand region, Adjustable compression by winding wrap, Easy and simple wear, Useful for protecting weaken muscles and preventing sports injuries",Use as per requirement or as directed by the physician.,"Read the label carefully before use, Keep out of the reach of children, Store in a cool dry place away from direct sunlight"
https://www.1mg.com/otc/amron-xamax-ls-belt-contour-small-otc421572,,Xamax Ergonomics Pvt. Ltd.,,,,
https://www.1mg.com/otc/vissco-2710-pro-3d-ankle-support-with-gel-padding-small-otc448820,Vissco 2710 Pro 3D Ankle Support with Gel Padding,Vissco Rehabilitation Aids Pvt. Ltd.,"It is used to facilitate relief from discomfort in case of plantar fasciitis, joint pain, sprains, swelling, tendonitis, muscle weakness.",,Use as per requirement or as directed by the physician.,"Read the label carefully before use, Store in a cool dry place away from direct sunlight, Keep out of reach of the children, Avoid physical damage"
https://www.1mg.com/otc/safeheed-electric-heat-bag-velvet-otc477422,Safeheed Electric Heat Bag,Safeheed,It is used to relieve aches in cold climatic conditions.,"It is easy to use and carry, Gives relief from pain and provides comfort, It is reliable and safe, One can keep it inside the quilt to heat up the quilt or use on low temperature for massaging body parts","Plug in the male pin of the cable to the electric socket, Remove the plug now and use the hot pad as per your needs. If the sheet has lost the heat after the use then reheat it if you need to use it again, Switch on the power supply, once properly plugged wait for the pad to reach the desired temperature, After use, store the heating pad back and ensure that the pad is not very hot while storing it","Take all precautions as you would take while using any electric device, Avoid using when the pad is charging and is connected to the socket, Store it properly once the pad cools down, If there is any leakage, it must not be used, Read the label carefully before use, Store in a cool dry place away from direct sunlight, Keep away from young children and the elderly who are immobile"
https://www.1mg.com/otc/mgrm-cot-splint-0901-small-otc390537,,MGRM Medicare Ltd.,,,,
https://www.1mg.com/otc/easycare-german-tech-ec-6021-anti-decubitus-fine-bubble-mattress-blue-otc515751,Easy Care German Tech EC 6021 Anti-Decubitus Fine Bubble Mattress Blue,Easy Care,It is designed for the elderly. It is used to provide pain relief and can be used as an alternative therapy.,"It is made up of medical-grade PVC, It has a variable pressure dial, Power Consumption:Low, Noise level:Low, Power Supply:220 volts/50 Hz, Air output:5-7 Liter/min, Pressure Range:50mmHg-120 mmHg, Cycle time:12 min, Power consumption:7W, Mattress weight:2 kg, Weight capacity:120-130 kg",Use as directed by the physician.,"Read the label carefully, Store in a cool and dry place, Keep out of the reach of children"
https://www.1mg.com/otc/zandu-ortho-vedic-knee-joint-pain-oil-otc628592,Zandu Ortho Vedic Knee & Joint Pain Oil,Emami Ltd,,"Mahanarayan Taila (Bh. R.) 15.0% w/v, Mahamasha Taila (Bh. R.) 15.0% w/v, Vishgarbha Taila (Ni. R.) 5.0% w/v, Gandhapura Patra Taila (Gaultheria fragrantissima Wall.) Lf. 8.0% w/v, Kunduru (Boswellia serrata Roxb.) Exud. 2.99% w/v, Peppermint Satva (Months sp.) 6.0% w/v, Tailaparna Taila (Eucalyptus globulus Labia.) Lf. 3.0% w/v, Karpura Satva (Cinnamomum camphora (L.) Nees, Eberm) 3.0% w/v, Katuvira Oleoresin (Capsicum annum Linn.) Fr. 0.6% w/v, Sunthi Oleoresin (Zingiber officinate Roxb.) Rz. 0.2% w/v, Lavanga Taila (Serzygium aromaticum Merril, Perry) Fl. Bud 1.0% w/v, Sarsapa Taila (Brassica campestris Linn.) Sd. 18.0% w/v, Tila Taila (Sesamum indicum Linn.) Sd. 22.21% w/v, Liquid",,
https://www.1mg.com/otc/longlife-oct-027-heel-cushion-gel-pair-universal-blue-otc492516,,Veridicus Health Care Pvt Ltd,,,,
https://www.1mg.com/otc/aquagel-innovations-fever-down-gel-filled-cold-pack-otc514144,Aquagel Innovations Fever Down Gel Filled Cold Pack,Balaji Innovations,It gives orthopaedic support with cold compression,"It is a smart substitute for water dampened cloth, It helps to reduce fever and its symptoms, It assists in reducing inflammation and swelling, Helps to reduce muscle spasms, Useful in improving the recovery time, Easy to use, portable and effective in reducing swelling, Stays cool for a longer time",As directed by the instructions manual,"Read the label carefully before use, Store in a cool and dry place, away from sunlight, Keep out of reach of children"
https://www.1mg.com/otc/vissco-shoulder-support-with-adjustable-stretchable-strap-xl-otc344553,Vissco Core 0812 Shoulder Support,Vissco Rehabilitation Aids Pvt. Ltd.,"It is used to help reduce inflammation, pain or mild instabilities to the shoulder joint.","It allows patients to gradually return to full range of motion after an injury or operation, It provides warmth, support and pain relief to the shoulder joint, It can be worn comfortably under clothing, It has a hook and loop closure for easy adjustment, It is made up of fabric thus it does not cause any type of irritation, It ensures compression retention support and stability control",Use as directed by the physician.,"Store in a cool and dry place, Keep out of the reach of children, Read the manual carefully"
https://www.1mg.com/otc/kaahan-ayurveda-s-leuco-rahat-otc530021,Kaahan Ayurveda’s Leuco Rahat,Kaahan Ayurveda,,"Babool, Palash, Ashwagandha, This potent formula supports women’s reproductive wellness, It reduces burning sensations and itching, This formula fights urinary tract infections, It helps relieve lower back pain and might help balance hormones",As directed by the healthcare professional.,"Read the label carefully, Keep away from direct sunlight, Store in a cool, dry place, Keep out of reach of children"
https://www.1mg.com/otc/herbal-hills-gautyhills-gout-care-tablet-value-pack-otc377271,Herbal Hills Gautyhills Gout Care Tablet,Isha Agro Developers Pvt Ltd,,,,
https://www.1mg.com/otc/medtrix-tennis-elbow-support-universal-black-otc503777,,Medtrix,,,,
https://www.1mg.com/otc/medtrix-varicose-vein-stocking-xxxl-beige-eco-otc503784,Medtrix Varicose Vein Stocking,Medtrix,The product is primarily used in relieving post-surgical pain and pain due to varicose veins and restricted blood circulation.,"It helps to stop varicose veins from getting worse, The product provides consistent pressure to the legs, It helps to alleviate pain and reduce pain and discomfort, The product aims to offer compression and support, It assists in improving the blood circulation",Use as per requirement or as directed by the physician.,"Read the label carefully before use, Store in a cool dry place away from direct sunlight, Keep out of reach of the children, Avoid physical damage"
https://www.1mg.com/otc/tynor-i-28-tubular-elastic-bandage-1-meter-63mm-otc345873,,Tynor Orthotics Pvt. Ltd.,,,,
https://www.1mg.com/otc/eutheria-cream-otc167902,,Bengal Chemicals & Pharmaceuticals Ltd,,,,
https://www.1mg.com/otc/bluheat-knee-elbow-ankle-heat-patch-for-pain-relief-patches-heat-therapy-safe-natural-otc925296,"BluHeat Knee, Below & Ankle Heat Patch",Pantheon Pharmchem,It provides hassle-free relief on the go.,,,
https://www.1mg.com/otc/dominion-care-dolphin-infra-red-hammer-full-body-massager-otc492100,Dominion Care Dolphin Infra Red Hammer Full Body Massager,Kapil Plastic Mould,It helps perform kneading and gives multifunctional massage based on 3D massage heads.,"Comes with an open and close button, infrared lamp and massage cap, Full body massager which gives deep tissue patting massage at home, Provides magnetic therapy and skin tightening, Ergonomic and easy-to-use massager, Facilitates full body massager that all ages can use","Apply on the neck, shoulder, head or back and turn on the massager.","Read the label carefully before use, Store in a cool and dry place, away from sunlight, Keep out of reach of children"
https://www.1mg.com/otc/vedantaas-udanchoo-pain-oil-otc776323,VEDANTAAS Udanchoo Pain Oil,Vedantaas Herbs Pvt Ltd,,"Arand oil, Haldi, Rasna, Nirgundhi, Arandmool, Ajwain, It provides relief from all kinds of pains and aches, It can help reduce swelling and inflammation, It can help strengthen the muscles, It helps improve joint function",Use as directed on the label,"Read the label carefully before use, Store in a cool and dry place, away from sunlight, Keep out of reach of children"
https://www.1mg.com/otc/deemark-ortho-balm-premium-50gm-each-otc945324,Deemark Ortho Balm Premium,Deemark Health Care Pvt Ltd,,"Tail Parna Tail, Tejovathi, Tejpatta, Sati, Karpura, Pudina, Gandhpura, White Petroleum Jelly",Apply the balm 3-4 times a day with a light massage,
https://www.1mg.com/otc/garlico-herbal-pain-free-walk-oil-otc511170,Garlico Herbal Pain Free Walk Oil,Garlico Herbal Pvt Ltd,,"Refer to the label, It is beneficial in combating rheumatic ailments including pain and swelling, It acts as a potent analgesic that helps relieve pain in osteoarthritis, rheumatoid arthritis, strains, and sprains, It is a potent anti-inflammatory agent that helps deal with arthritis, joint stiffness, immobility, etc.","Apply and massage on the affected area, Repeat if necessary","Read the label carefully before use, Do not exceed the recommended dose, Store in a cool, dry place away from direct sunlight"
https://www.1mg.com/otc/sbl-arsenicum-album-0-3-lm-otc360864,,SBL Pvt Ltd,,,,
https://www.1mg.com/otc/witzion-hinge-knee-cap-xl-beige-otc514106,,Witzion,,,,
https://www.1mg.com/otc/tynor-l-24-elbow-support-oac-medium-otc345821,Tynor L-24 Elbow Support Oac,Tynor Orthotics Pvt. Ltd.,It is primarily used to provide support and stability to an injured elbow.,"Promotes easy elbow movement, Gives better comfort, Facilitates better compression and grip, Has excellent aesthetics and retains body heat effectively, Promotes quicker healing, Available sizes: S (7""-10""), M (10""-12""), L (12""-14""), XL (14""-16"")",Use as per requirement or as directed by the physician.,"Read the label carefully before use, Store in a cool dry place away from direct sunlight, Keep out of reach of the children, Avoid physical damage"
https://www.1mg.com/otc/rexo-driveseat-otc493633,,Rexo Products,,,,
https://www.1mg.com/otc/accusure-a-9-elastic-ankle-support-xl-otc371779,,AccuSure Ortho Support,,,,
https://www.1mg.com/otc/the-white-willow-cervical-orthopedic-memory-foam-cooling-gel-contour-pillow-xs-otc506739,The White Willow Cervical Orthopedic Memory Foam Cooling Gel Contour Pillow Queen,The White Willow,"It is made from original visco elastic memory foam which is used to support the neck, head and shoulder.",,Read the instructions manual for usage directions.,"Read the label carefully before use, Keep out of reach of the children, Store in a cool dry place away from use"
https://www.1mg.com/otc/vissco-activecool-wrist-support-h1015-universal-otc393912,Vissco Activecool Wrist Support,Vissco Rehabilitation Aids Pvt. Ltd.,"It helps to facilitate support and stability to the wrist and is useful for painful, swollen, or weak joints.",,Use as per requirement or as directed by the physician.,"Read the label carefully before use, Store in a cool dry place away from direct sunlight, Keep out of reach of the children, Avoid physical damage"
https://www.1mg.com/otc/upurfit-cryo-spray-otc966610,Popular Essentials Hazel Nuts,Actibound Consumer Pvt Ltd,,Hazel Nuts,Use it as per your need.,
https://www.1mg.com/otc/adel-heloderma-dilution-1000-ch-otc331203,ADEL Heloderma Dilution,Adel Pekana Germany,,"Heloderma Suspectum, Liquid Dilution, The dilution helps in relieve nerve pain and neuralgia, It addresses coldness and numbness of extremities, It supports the overall health of the nervous system, It provides natural and gentle relief following homeopathic principles",Use as directed by a healthcare professional.,"Keep away from the direct sunlight, Keep out of the reach of children, Store in a cool and dry place"
https://www.1mg.com/otc/dr-med-ankle-brace-dr-a011-large-blue-otc377584,,A-MI Global Co Ltd,,,,
https://www.1mg.com/otc/jindal-herbal-kseerabala-taila-otc524385,Jindal Herbal Kseerabala Taila,Jindal Naturecare Limited,,"Til taila, Bala moola, This potent formula strengthens the nerves, It reduces body pain, This oil helps reduce the effects of osteoarthritis, It helps manage vata dosha",As directed by your healthcare professional.,"Read the label carefully, Solely meant for external use, Store in a cool, dry place, Keep away from direct sunlight"
https://www.1mg.com/otc/the-white-willow-cervical-orthopedic-memory-foam-contour-pillow-queen-otc506940,The White Willow Cervical Orthopedic Memory Foam Contour Pillow King,The White Willow,"It is constructed to facilitate a healthy support to the neck, shoulder, and head.",,Read the instructions manual for usage directions.,"Read the label carefully before use, Store in a cool dry place away from direct sunlight, Keep out of reach of the children, Avoid any physical damage"
https://www.1mg.com/otc/kairali-gorochanadi-gulika-otc326337,Kairali Gorochanadi Gulika,Kairali Ayurvedic Products Pvt. Ltd.,,"Gorochanam, Mrugasringa, Rudraksha, Chandana, Vacha, Aklari, Useera, Abja, Naga, Gandhamarjara veerya, Krishna Mrugasringa, Gosrunga, Varahasrunga, Ajasrunga, Mahishasrunga, Kirathathiktha, Swarnabhasma, PravalaPasma, Tablet, The tablet is useful in managing high body temperature and related issues, It helps deal with general weakness, giddiness, and nausea, It helps to relieve congestion complained in the chest region",,"Read the label carefully before use, Keep out of the reach of children, Store in a cool and dry place"
https://www.1mg.com/otc/bjain-natrum-salicylicum-dilution-30-ch-otc436614,Bjain Natrum Salicylicum Dilution,Bjain Pharmaceuticals Pvt. Ltd.,,Natrum Salicylicum,Take Bjain Natrum Salicylicum Dilution as directed by the physician.,
https://www.1mg.com/otc/adel-lecithinum-trituration-tablet-3x-otc326329,,Adel Pekana Germany,,,,
https://www.1mg.com/otc/remedo-arm-sling-pouch-large-otc390103,,Remedo Wellness Pvt Ltd,,,,
https://www.1mg.com/otc/the-white-willow-cervical-orthopedic-memory-foam-cooling-gel-contour-pillow-standard-otc506741,The White Willow Cervical Orthopedic Memory Foam Cooling Gel Contour Pillow Queen,The White Willow,"It is made from original visco elastic memory foam which is used to support the neck, head and shoulder.",,Read the instructions manual for usage directions.,"Read the label carefully before use, Keep out of reach of the children, Store in a cool dry place away from use"
https://www.1mg.com/otc/medtrix-lumbar-sacral-belt-xxl-beige-otc503738,,Medtrix,,,,
https://www.1mg.com/otc/medtrix-varicose-vein-stocking-large-beige-eco-otc503781,Medtrix Varicose Vein Stocking,Medtrix,The product is primarily used in relieving post-surgical pain and pain due to varicose veins and restricted blood circulation.,"It helps to stop varicose veins from getting worse, The product provides consistent pressure to the legs, It helps to alleviate pain and reduce pain and discomfort, The product aims to offer compression and support, It assists in improving the blood circulation",Use as per requirement or as directed by the physician.,"Read the label carefully before use, Store in a cool dry place away from direct sunlight, Keep out of reach of the children, Avoid physical damage"
https://www.1mg.com/otc/medtrix-compression-neoprene-shoulder-brace-blue-and-black-left-otc503762,,Medtrix,,,,
https://www.1mg.com/otc/kairali-lakshadi-kuzhambu-otc327410,,Kairali Ayurvedic Products Pvt. Ltd.,,,,
https://www.1mg.com/otc/lifespan-headache-rapid-relief-roll-on-100-ayurvedic-solution-for-headache-and-migraine-relief-otc818692,Lifespan Headache Rapid Relief Roll-On,Lifespan Private Limited,,"Pudina, Gandhapura, Camphor, Peppermint, Capsicum, Pudina contains menthol that can help relax muscles and ease the pain, Pippermint can help relieve pain from both tension headaches and migraine attacks, The supplement has decisive action on headaches, It can also allow for managing anxiety and insomnia, which are common causes of headaches","Apply generously to forehead and temples, Repeat if the pain persists, For adults and children above five years","Read the label carefully before use, Keep out of reach of children, Avoid contact with eyes, nostrils, mucous membranes & broken or irritated skin, For external use only"
https://www.1mg.com/otc/diclones-gel-otc364210,Diclones Gel,Fitwel Pharmaceuticals Private Limited,,"Diclofenac, Linseed oil, Menthol, Methyl salicylate, This gel may help deal with swelling and soreness of the body, It can provide relief from pain and inflammation of the body, It contains menthol that may help cool the inflamed area due to pain",Use as directed on the label or as advised by your healthcare provider.,"Read the label carefully before use, Do not exceed the recommended dosage, Store in a cool and dry place away from direct sunlight, Keep out of reach of children"
https://www.1mg.com/otc/mgrm-hinged-knee-support-0706-xl-otc390572,,MGRM Medicare Ltd.,,,,
https://www.1mg.com/otc/medtrix-lumbar-sacral-belt-medium-grey-otc503741,,Medtrix,,,,
https://www.1mg.com/otc/dominion-care-body-slimmer-massager-otc492075,,Kapil Plastic Mould,,,,
https://www.1mg.com/otc/witzion-medium-beige-lumbo-sacral-back-support-belt-otc513844,Witzion Lumbo Sacral Back Support Belt,Witzion,It is used to provide support to the lower spine area and also helps in reducing the back pain.,,Use as directed in the manual.,"Read the label carefully before use, Keep out of reach of children, Avoid any physical damage"
https://www.1mg.com/otc/dyna-3d-knitted-knee-cap-large-black-left-otc392311,,Dynamic Techno Medicals Pvt. Ltd.,,,,
https://www.1mg.com/otc/nicogel-spray-55gm-each-otc778015,Nicogel Spray,HOF Pharmaceuticals,,"Virgin linseed oil bp, Methyl salicylate, Menthol, Sodium IP, Diclofenac, It can provide relief from back pain, neck pain, joint pain, muscular pain, sprains and sports injuries, It may help reduce inflammation and relieve pain, It is non-greasy and has lightening fast absorption, It is paraben-free and has an easy, hassle-free application, It does not contain any artificial colours and fragrance","Shake well before each use, Spray the contents from a 5 cm distance on the affected areas three to four times a day","Read the label carefully before use, Store in a cool and dry place, away from sunlight, Keep out of reach of children"
https://www.1mg.com/otc/in-freeze-roll-on-otc939804,In-Freeze Roll-On,RJ Meditechs Private Limited,,"Peppermint(Menthol) Crystals, Gandhapura Patra Taila, IN-FREEZE ROLL ON gives targeted relief from low back pain, joint pain, neck pain, sprains, sore muscles, and inflammation, It has roll-on application for easy and precise application on affected areas, It quickly absorbs for immediate comfort, It has a synergistic blend of potent ingredients known for their analgesic and anti-inflammatory properties, It is a versatile solution suitable for various types of pain and discomfort","Apply a thin film to the affected area and do not need to massage, 3-4 times a day, Wash hands after application, Or as advised by your healthcare practitioner","Read the label carefully before use, Store in a cool and dry place, away from sunlight, Keep out of reach of children, Replace cap tightly"
https://www.1mg.com/otc/perennial-lifesciences-100-pure-turmeric-curcumuin-extract-veg-capsules-otc421010,,Perennial Lifesciences Pvt Ltd,,,,
https://www.1mg.com/otc/elanor-warm-bag-otc506482,Elanor Warm Bag,Elanor Surgicals,,"Easy to carry, Improve blood circulation, Designed with automatic temperature control, Charges in 8-12 minutes",Read the instructions carefully before use.,"Read the label carefully before use, Store in a clean and dry place, Keep away from children, Protect from physical damage"
https://www.1mg.com/otc/osteopain-gel-otc372420,Osteopain Gel,Gujarat Terce Laboratories Ltd,,"Ajwain, Kapoor, Dalchini, Lasun extract, It is ayurvedic and is beneficial for all types of pain, It is useful for back pain and helps to reduce cramps, It is useful for sprains and morning stiffness",Use as directed on the label or as suggested by health care professionals,"Store in a cool and dry place away from direct sunlight, Read the label carefully, Keep out of reach of children"
https://www.1mg.com/otc/wellon-elastic-wrist-brace-with-thumb-regular-wb-01-universal-otc387506,,Mana Medical,,,,
https://www.1mg.com/otc/lp-937-sacro-lumbar-support-with-stays-xl-otc331364,,LP Support,,,,
https://www.1mg.com/otc/clear-sure-premium-electric-hot-water-bag-otc713129,Clear & Sure Premium Electric Hot Water Bag,Recombigen Laboratories Pvt. Ltd,The electric heating pad helps relieve pain in affected areas and saves the hassle and time of changing water like in ordinary hot bottles.,"Runs on electricity and has no aggravations of heating water on gas or heaters, An electric hot water pouch is filled and sealed with a special gel used to provide warmth, Gives relief from pain and makes you feel comfortable, The fur helps in retaining the heat for a longer time and allows for a gradual release of heat","Turn the flap covering the socket on the gel pad and plug in the connector cord. Once connected steadily, plug the cable into the wall socket, Switch on the power supply. Once correctly plugged in, the charging indicator red light will turn on, Watch for the gel pad to reach the desired temperature, Remove the plug from the electric socket and detach the charging wire from the gel pad. Use the gel pad to massage the body parts","Read the label carefully before use, Take all precautions as you would take while using any electric device, Avoid using when the gel pad is charging and is connected to the socket, Store it properly once the pad cools down, If there is any leakage of gel, it must not be used, Store in a cool, dry place away from direct sunlight, Keep away from young children and the elderly who are immobile"
https://www.1mg.com/otc/broncho-rub-pain-relief-balm-cool-relief-otc685266,Broncho Rub Pain Relief Balm Cool Relief,IPI India Pvt Ltd,,"Menthol 15g, Methyl salicylate 12g, Camphor 5g, Eucalyptus oil 5g, It is a fast-absorbing balm that provides instant relief, It has powerful pain-relieving action that provides long-lasting relief, It gives relief from all kinds of muscle, joint and back pain, It provides a cooling effect to the affected area",Apply thick and evenly to be affected areas of the body up to 3-4 times per day. Do not apply to broken or inflamed skin,"Avoid contact with mouth, eyes and mucous membranes, Keep away from children, If pregnant or breastfeeding, consult a healthcare practitioner before use, For external use only"
https://www.1mg.com/otc/dr-ortho-combo-pack-of-pain-relief-oil-120ml-pain-relief-spray-50ml-otc472723,Dr. Ortho Combo Pack of Pain Relief Oil 120ml and Pain Relief Spray 50ml,Dr Ortho Ayurvedic,,"Flaxseed oil, Cinnamomum camphora oil, Mentha piperita oil, Pinus roxburghii oil, Gandhapura oil, It is highly effective to relieve pain even in hard to reach places like middle back, neck and lower back pain in people of all ages, It has good deeper penetration action into muscles so ensures quick and natural relief from pain",Take Dr. Ortho Combo Pack of Pain Relief Oil 120ml and Pain Relief Spray 50ml as directed by the physician.,"Read the label carefully before use, Do not exceed the recommended dose, Keep out of the reach of children, Store in cool and dry place, Should be protected from direct light"
https://www.1mg.com/otc/vissco-2-in-1-anklet-binder-to-support-stability-to-the-ankle-sprain-swelling-muscle-small-otc448846,Vissco 2708 Pro Ankler,Vissco Rehabilitation Aids Pvt. Ltd.,Used to provide stability to the ankle joint.,,Wear this compression sleeve as you would wear shocks.,
https://www.1mg.com/otc/coronation-hot-water-bottle-deluxe-super-otc526695,Coronation Hot Water Bottle (Deluxe Super),Enkay Brand Distribution Pvt Ltd,"It is ideal for stomach pain, backaches, joint pain, muscular cramps, menstrual pain, muscle pull and arthritic and rheumatic pain.","Soft fibre provides comfort and full coverage to the injured area, Provides instant relief from muscular and menstrual pain, The small and compact design makes it more handy and easy to carry, Used as a natural body warmer and also for heat therapy treatment, Ideal for stomach and backaches, joint pain, muscular cramps and menstrual pain, Soothes pain during muscle pull, arthritic and rheumatic pain, 2 sided ribbed bottle to avoid burns, Ideal for adults, elderly, athletes etc., Available Colours:Red, Blue, Green","When filling the bottle, do not use boiling water, Fill to a maximum of two-thirds capacities, Check the bottle for any leakage by holding the bottle in an upside-down position, Expel air by lowering carefully onto a flat surface until water appears at the opening, Screw the stopper sufficiently tight to ensure that there is no leakage","Read the label carefully before use, Keep away from direct contact with sunlight, Do not pierce, Do not put liquid hotter than 120F or boiling water, Not suitable for children under the age of 36 months, Do not put in microwave"
https://www.1mg.com/otc/medtrix-knee-brace-xxl-beige-otc503717,,Medtrix,,,,
https://www.1mg.com/otc/lp-668-elbow-sleeve-single-small-blue-otc331254,LP #668 Elbow Sleeve,LP Support,Elbow Sleeve is recommended for tennis and golf elbow.,,Use as recommended by the health-care professional.,"Read the label carefully before use, Keep out of reach of the children, Hand wash and air dry at room temperature"
https://www.1mg.com/otc/medtrix-hinged-knee-cap-xxxl-beige-premium-otc503709,,Medtrix,,,,
https://www.1mg.com/otc/imc-pain-away-cream-otc333731,,IMC Pvt.Ltd.,,,,
https://www.1mg.com/otc/mesmara-cedarwood-cedrus-deodara-essential-oil-otc481257,Mesamara Cedar wood Essential Oil,Siva Sri Retail,,"100%, therapeutic grade cedar wood essential oil - no fillers, additives, bases or carriers added, Woody and warm fragrance, Acts as a natural deodorizer, Promotes a relaxed environment when used aromatically, Treats acne, Natural insect repellant, Prevents hair loss, Reduces pain and has anti-inflammatory properties, Helps reduce fungal infection, Enriched with trace elements","Diffuse after a stressful day to relax the mind and body, Use with a carrier oil in massage therapy, Add 1-2 drops to facial toner or moisturizer for added clarifying properties, Inhale directly or diffuse to promote healthy respiratory function","For external use only, Keep out of reach of children, Avoid Contact with eyes, Do not use on sensitive or damaged skin, Do not use undiluted on skin, Avoid using, if pregnant"
https://www.1mg.com/otc/vissco-stretchable-2d-knee-cap-knee-support-for-pain-relief-and-injury-in-pair-small-otc448682,Vissco 2703 Pro 2D Knee Cap,Vissco Rehabilitation Aids Pvt. Ltd.,It is primarily used to give support and stability to the knee.,,Use as per requirement or as directed by the physician.,"Read the label carefully before use, Store in a cool dry place away from direct sunlight, Keep out of reach of the children, Avoid physical damage"
https://www.1mg.com/otc/medtrix-open-patella-knee-cap-medium-beige-otc503750,,Medtrix,,,,
https://www.1mg.com/otc/fx-elastic-sports-tape-20-precut-10-inch-green-otc525319,,Greathealth Trexim Pvt Ltd,,,,
https://www.1mg.com/otc/dr.-reckeweg-echinacea-ang-dilution-3x-otc373691,,Dr Reckeweg & Co,,,,
https://www.1mg.com/otc/pain-choo-oil-otc345679,,Yours Medicare Pvt. Ltd,,,,
https://www.1mg.com/otc/remedo-cervical-collar-small-otc390067,,Remedo Wellness Pvt Ltd,,,,
https://www.1mg.com/otc/samson-np-3010-wrist-brace-with-thumb-support-universal-otc348996,,Samson Scientifics & Surgicals,,,,
https://www.1mg.com/otc/p-care-a1020-posture-back-support-brace-medium-otc658690,,PR Flexmake Private Limited,,,,
https://www.1mg.com/otc/healthy-hey-95-curcumin-c3-bioperine-vegicap-otc725905,HealthyHey 95% Curcumin C3 + Bioperine Vegicap,HealthyHey Foods LLP,,"Curcumin, Curcumin helps build immunity, endurance, and resistance to diseases, It may help heal cuts, burns, and bruises, It supports cognitive functions and boosts detoxification",Read the label carefully before use,"Read the label carefully before use, Do not exceed the recommended dosage, Store in a cool and dry place"
https://www.1mg.com/otc/bhumija-lifesciences-turmeric-400mg-capsule-otc378067,Bhumija Lifesciences Turmeric 400mg Capsule,Bhumija Lifesciences,,"Turmeric, Stimulates the gall bladder to produce bile which helps in improving digestion, Reduces inflammation and helps relieve osteoarthritis pain, Helps in preventing atherosclerosis, the buildup of plaque that can block arteries and lead to a heart attack or stroke, May help prevent or treat several types of cancers, including prostate, breast, skin and colon cancer",Take Bhumija Lifesciences Turmeric 400mg Capsule as directed by the physician,"Read the label carefully before use, Do not exceed the recommended dose, Keep out of reach of the children, Should be protected from direct light"
https://www.1mg.com/otc/nicogel-spray-55gm-each-otc778012,Nicogel Spray,HOF Pharmaceuticals,,"Virgin linseed oil bp, Methyl salicylate, Menthol, Sodium IP, Diclofenac, It can provide relief from back pain, neck pain, joint pain, muscular pain, sprains and sports injuries, It may help reduce inflammation and relieve pain, It is non-greasy and has lightening fast absorption, It is paraben-free and has an easy, hassle-free application, It does not contain any artificial colours and fragrance","Shake well before each use, Spray the contents from a 5 cm distance on the affected areas three to four times a day","Read the label carefully before use, Store in a cool and dry place, away from sunlight, Keep out of reach of children"
https://www.1mg.com/otc/dhootapapeshwar-shwasakuthar-rasa-otc393225,Dhootapapeshwar Shwasakuthar Rasa,Shree Dhootapapeshwar Ltd,,,,
https://www.1mg.com/otc/amron-xamax-ls-belt-contour-xxl-otc421577,,Xamax Ergonomics Pvt. Ltd.,,,,
https://www.1mg.com/otc/sleepsia-standard-memory-foam-infused-gel-pillow-medium-bamboo-fabric-otc504668,,Sleepsia India Pvt Ltd,,,,
https://www.1mg.com/otc/medtrix-surgical-shoe-cast-orthopedic-boot-medium-beige-otc503538,,Medtrix,,,,
https://www.1mg.com/otc/sbl-berberis-vulgaris-0-28-lm-otc361327,,SBL Pvt Ltd,,,,
https://www.1mg.com/otc/ayur-mantra-joinset-pro-pain-relief-spray-otc517763,Ayur Mantra Joinset-Pro Pain Relief Spray,Ayur Mantra,,"Rasna, Castor oil, Nirgundi, Nirgundi is helpful in managing pain, headache, inflammation, leukoderma, enlargement of the spleen, rheumatoid arthritis, gonorrhea, bronchitis, fever, cold and cough, Castor oil reduces swelling and pain caused by inflammation, Castor oil may reduce arthritis symptoms more effectively, Rasna is also beneficial in managing arthritis as it reduces inflammation and joint pain due to its anti-inflammatory and analgesic properties","Spray and apply in the tender area and massage gently in clockwise directions for 10-15 minutes, Keep at below 25c temperature","Keep it out of the reach of children, For external use only"
https://www.1mg.com/otc/earthpulse-sleep-on-command-otc515678,,EarthPulse,,,,
https://www.1mg.com/otc/witzion-varicose-vein-stocking-xxxl-beige-premium-otc514973,,Witzion,,,,
https://www.1mg.com/otc/tynor-i68-medical-compression-stocking-below-knee-high-class-3-pair-large-otc335866,Tynor I-68 Medical Compression Stocking Below Knee High Class 3 (Pair),Tynor Orthotics Pvt. Ltd.,It helps to support and reduce the pain in ankles and reduces the varicose pain and also improves the comfort and stability.,"High quality, dermophillic, strong with long functional life, Effective and Graduated compression, Anatomical shape ensures, snug fitting and optimal grip, but no localized constrictions, Top silicone lined band ensures no slippage, Available in different compression classes ensures effective blood evacuation, Open toe design reduces wear and tear and is easy to wear, Comes with Applicator, User manual, and CD for effective management of the disease",Use as per requirement or as directed by the physician.,"Read the label carefully before use, Keep out of the reach of children, Store in a cool and dry place"
https://www.1mg.com/otc/medtrix-functional-open-patella-hinge-knee-support-medium-black-otc503667,,Medtrix,,,,
https://www.1mg.com/otc/medtrix-functional-open-patella-hinge-knee-support-xxxl-beige-otc503665,,Medtrix,,,,
https://www.1mg.com/otc/medopharm-wellness-supergin-liniment-oil-for-joint-muscle-back-shoulder-and-arthritis-pain-with-10gm-ointment-free-otc618952,"Medopharm Wellness Fast Ayurvedic Pain Relief Formula liniment Quick Relief from Arthritis Pain, Joint Pain, Muscle Pain, Back Pain, and Shoulder Pain - With Capsicum Oil, Gultheri Oil, Karpoor, Thamalpathra Oil, Lavang Oil, Nirgundi Oil, Cinnamon Oil",Medopharm Wellness Pvt Ltd,,"Thamalpathra oil, Lavang oil, Ajma Satva, Capsicum, Gultheri oil, Camphor (Karpoor), Nirgundi, Cinnamon oil, Langali and Sesame oil., This pain relief formula improves flexibility and blood circulation while reducing swelling, pain, and muscle spasms, It relieves joint pain, stiffness, loss of flexibility, and swelling, It is an instant pain relief oil for age-related muscle aches and joint pains",Apply gently on the affected area 2 times per day.,"Protect from heat and sunlight, Keep out of reach of children, Avoid contact with eyes and broken skin, Wash hands after using"
https://www.1mg.com/otc/dr-ortho-pain-relief-patch-otc451731,Dr Ortho Pain Relief Patch,Dr Ortho Ayurvedic,"It is used to provide relief in the case of back pain, stiff neck, wrist pain, and other joint pain.","It is easy to use anywhere and anytime as it is an instant pain relief patch, The product is enriched with Ayurvedic herbs such as Peppermint Oil, Camphor Oil, Clove Oil, Capsicum Oil, Eucalyptus Oil, Gandhpura Oil, Comes with 10 large patches, It gives comfort in the condition of inflammation","Completely dry the area of use. Peel off the film on the patch slightly, Hold the patch from both sides carefully so that it could not stick to your finger, Apply this patch on your painful area and put it in such way so that it get fixed on the particular area","Read the label carefully before use, Store in a cool dry place away from direct sunlight, Keep out of reach of the children, Avoid physical damage"
https://www.1mg.com/otc/mgrm-hinged-knee-support-0706-xxl-otc390575,,MGRM Medicare Ltd.,,,,
https://www.1mg.com/otc/samson-pa-2012-ice-bag-universal-otc348974,,Samson Scientifics & Surgicals,,,,
https://www.1mg.com/otc/tynor-a-07-contoured-l.s.-support-xxxl-otc335688,Tynor A-07 Contoured L.S. Support,Tynor Orthotics Pvt. Ltd.,It is specially contoured in a way that is used to give support and immobilization to the lumbar and sacral regions. It also helps to provide relief from lower back pain.,,Use as per requirement or as directed by the physician.,
https://www.1mg.com/otc/mgrm-frog-splint-0902-small-otc390562,,MGRM Medicare Ltd.,,,,
https://www.1mg.com/otc/lp-708-standard-knee-support-open-patella-single-medium-blue-otc331391,LP #708 Standard Knee Support Open Patella,LP Support,The LP Open Patella Knee Support helps to protect against further injury and it is also helpful for post-operative knee problems.,,Hand wash with mild soap in cold water. Rinse thoroughly.,"Read the label carefully before use, Keep out of reach of the children, Air dry at room temperature, Do not machine wash or dry., EndFragment"
https://www.1mg.com/otc/aruba-essentials-combo-pack-of-basil-oil-lavender-oil-15ml-each-otc488082,Aruba Essentials Combo Pack of Basil Oil & Lavender Oil (15ml Each):,Kamatri Corporation Pvt Ltd,,"Basil Oil, Lavender Oil, Basil Oil can help alleviate stress and anxiety, Lavender Oil can promote relaxation and improve sleep quality, Both oils can be used for aromatherapy and as a natural fragrance, Basil Oil can help improve digestion and respiratory health, Lavender Oil can help soothe skin and promote healthy hair growth",,"Do a patch test before using any essential oil., Keep away from children and pets., Store in a cool, dry place away from direct sunlight."
https://www.1mg.com/otc/dr-ortho-combo-of-pain-relief-oil-120ml-crepe-bandage-10x4-otc472724,Dr. Ortho Medicinal Oil,Dr Ortho Ayurvedic,,,"Gently massage between 5ml – 10ml of the oil on the affected area., Repeat twice a day or as per directed by the Physician.","Read the label carefully before use, Store in a cool and dry place, away from sunlight, Keep out of the reach of children, For external use only"
https://www.1mg.com/otc/witzion-varicose-vein-stocking-xxl-beige-premium-otc514972,,Witzion,,,,
https://www.1mg.com/otc/amron-xamax-anklet-medium-otc421642,,Xamax Ergonomics Pvt. Ltd.,,,,
https://www.1mg.com/otc/norton-linimentum-otc584909,Norton Linimentum,Mcastro Pharma,,"Kanika mool, Kahuchai, Palasparni, Darunisha, Yawni, Sindhuj, Devi, The oil helps to deal with joint disorders, It helps to reduce joint stiffness, The formulation relieves joint pain and inflammation, It supports muscle and nerve health",Use as directed on the label or by the physician,"Keep out of reach of children, Store in a cool and dry place, Self-medication is not advisable, Do not exceed the recommended dosage, Read the label before use"
https://www.1mg.com/otc/ashtanga-sanflex-pain-oil-otc479323,,Ashtanga Ayurvedics,,,,
https://www.1mg.com/otc/lifelong-ll36-powerful-double-head-body-massager-hammer-brown-otc530413,Lifelong LL36 Powerful Double Head Body Massager Hammer Brown,Lifelong Online Retail Pvt Ltd,,"Has 3 different removable massage heads, It can be effectively used for massaging the neck, back, legs and foot, Speed and intensity can be regulated, Rubber grip ensures a strong and comfortable grip, It loosens muscles and reduces pain and tension, Stimulates pressure points and helps in relieving stiffness","Ensure that the device is switched off before you plugin, Choose between 3 different massage head options – Multiple points, 3 point and rounded heads depending on your personal preference, Switch on the device by sliding the switch to ON position, Guide the device to the area of the body to be massaged. You can stand, sit or lie down and use the massager, Glide the speed switch and adjust the speed as per your requirement, Use on a particular area only for 15 minutes and then switch to another, Switch off the machine and let it cool after usage","Read the label carefully before use, Do not use the device continuously for longer than 15 minutes to avoidoverheating, Never cover the device when it is switched on (with blanket, pillow etc.), Persons with cardiac pacemakers are requested to consult their doctor before using the massager device and never to massage the region of the heart., Never use the device on swollen, burned or injured areas of skin. The following should also not be massaged: bones (e.g. joints, spine), the head or other sensitive areas of the body, Store in a clean and dry place"
https://www.1mg.com/otc/amron-xamax-ls-belt-regular-large-otc421605,,Xamax Ergonomics Pvt. Ltd.,,,,
https://www.1mg.com/otc/vissco-0620-elbow-brace-medium-otc344533,Vissco 0620 Elbow Brace,Vissco Rehabilitation Aids Pvt. Ltd.,"It is useful in treating chronic postoperative and posttraumatic inflammation and prevent tennis elbow, golfer’s elbow and rower’s elbow.","It provides support to weak and strained muscles and targets compression enabling pain relief, It applies pressure on specific areas to relieve tension at the tendon inserts, It product is skin friendly, It is made using crochet technology that allows for an air permeable fabric that gives a ventilating effect and reduces sweat, Provides soft support to the body while still allowing it to move, Fabrics are tested for anti-fungal and anti-bacterial properties, Fabric can be stretched in any direction instead of the previous horizontal stretch for better comfort and support",Use as directed by the physician.,"Store in a cool and dry place, Keep out of the reach of children, Read the manual carefully"
https://www.1mg.com/otc/dyna-3d-knitted-knee-cap-small-orange-left-otc392345,,Dynamic Techno Medicals Pvt. Ltd.,,,,
https://www.1mg.com/otc/biofreeze-pain-relieving-roll-on-otc570836,,Isha Surgical,,,,
https://www.1mg.com/otc/mgrm-heel-cup-pair-1101-small-otc390595,,MGRM Medicare Ltd.,,,,
https://www.1mg.com/otc/myclogesic-roll-on-oil-otc634227,Myclogesic Roll On Oil,Meckley Life Sciences Pvt Ltd,,"Gandhapura oil, Pudina oil, Lavang oil, Dalchini oil, It helps in soothing aching joints, numb pain and has a cooling effect on sore muscles, It is used for painful conditions including headache, nerve pain and joint pain, It helps in relieving spasm of muscles and swelling of joints","Apply some amount of oil on the affected area and massage gently for about 5 minutes,two to three times a day or as directed by the physician","Read the label carefully before use, Do not exceed the recommended dosage, Store in a cool and dry place away from direct sunlight, Keep out of reach of children"
https://www.1mg.com/otc/longlife-oct-012-contoured-ls-support-small-blue-otc492496,,Veridicus Health Care Pvt Ltd,,,,
https://www.1mg.com/otc/trividha-orthovidha-oil-otc540234,Trividha Orthovidha Oil,Trividha Ayurveda,,"Gandhapura oil, Nilgiri oil, It helps provide relief from joint pain, stiffness, and inflammation, It helps to improve joint mobility and flexibility, It promotes healing of injured tissues, It helps reduce muscle soreness and fatigue, It contains natural ingredients with anti-inflammatory, analgesic, and antioxidant properties, It is free from harmful chemicals and preservatives",,"For external use only, Do not apply to broken skin or open wounds, Store in cool and dry place, Read the label carefully before use"
https://www.1mg.com/otc/wellon-compression-stockings-mid-thigh-stk02-medium-otc387723,Wellon Compression Stockings (Mid Thigh) STK-02,Mana Medical,It helps to support and reduce the pain in ankles and reduces the varicose pain and also improves the comfort and stability.,,,"Read the manual carefully before use, Keep out of reach of the children"
https://www.1mg.com/otc/nacty-gel-otc238721,Nacty Gel,Med Manor Organics Pvt Ltd,,"Diclofenac, Linseed oil, Menthol, Methyl salicylate, The gel helps to get relief from muscle and joint pain, It reduces inflammation and swelling, It soothes and relaxes sore muscles, It promotes quicker recovery from injuries, Gel",,"Store in a cool and dry place, Keep away from the direct sunlight, Keep out of the reach of children"
https://www.1mg.com/otc/witzion-medium-grey-contoured-lumbar-sacral-back-support-belt-otc513902,,Witzion,,,,
https://www.1mg.com/otc/biofreeze-professional-menthol-pain-relief-spray-otc570120,,Isha Surgical,,,,
https://www.1mg.com/otc/flamisun-spray-otc602934,,Suncare Formulations Pvt Ltd,,,,
https://www.1mg.com/otc/samson-pa-2025-resistance-tube-universal-green-otc487903,,Samson Scientifics & Surgicals,,,,
https://www.1mg.com/otc/wellon-elastic-elbow-support-wb-07-xxl-otc387558,,Mana Medical,,,,
https://www.1mg.com/otc/dr.-reckeweg-echinacea-ang-dilution-cm-ch-otc373695,,Dr Reckeweg & Co,,,,
https://www.1mg.com/otc/deemark-ortho-premium-balm-otc493867,Deemark Ortho Premium Balm,Deemark Health Care Pvt Ltd,,"Tailparna tail, Tejovati, Tejpatta, Sati, Karpura, Pudnia, Gandhpura, White petroleum jelly, It is highly effective for joint pain and muscles pain, It is helpful in the management of cervical pain, spondylitis, and sciatica, Regular applications make the affected area of joints stronger and increase mobility, thus are helpful in osteoarthritis, frozen joints, and gout, It is effective in muscle cramps, sprains, arthritis, and twitching, It helps manage stiff joints, It also relieves body pain and tension",Use Deemark Ortho Balm as directed by the physician,"A dietary nutritional supplement not for medicinal use, Read the label carefully before use, Do not exceed the recommended dose, Keep out of the reach of children, Store in a cool and dry place away from direct sunlight"
https://www.1mg.com/otc/wellon-cervical-collar-soft-eyelet-cc-01-large-otc387485,Wellon Cervical Collar Soft Eyelet CC-01,Mana Medical,"Specially designed to support, immobilise or adjust the neck in the flexion, extension or hyperextension position.","Specially designed to support, immobilize or adjust the neck in the flexion, extension or hyperextension position, Velcro closures are used for easy application, removal and adjustment",Use as directed by the instructions manual,"Read the label carefully before use, Keep away from children"
https://www.1mg.com/otc/wonder-care-magic-accupressure-soft-megnetic-wheel-massager-otc522036,Wonder Care Magic Accupressure Soft Megnetic Wheel Massager,Wonder Care,It soothes the pain and discomfort of sports or another injury.,,Use as directed on the label or as directed by your doctor,"Read the label carefully before use, Store in a cool and dry place away from direct sunlight, Keep out of reach of children"
https://www.1mg.com/otc/remedo-knee-support-pair-medium-otc390074,,Remedo Wellness Pvt Ltd,,,,
https://www.1mg.com/otc/amron-xamax-neckrest-otc341506,Amron Xamax Neckrest,Xamax Ergonomics Pvt. Ltd.,"This neck rest reduces pressure around the neck, head and back area and provides comfort while sitting for a prolonged period.",,Use as directed on the label.,"Read the label carefully before use, Store in a cool and dry place away from direct sunlight, Keep out of reach of children"
https://www.1mg.com/otc/madren-healthcare-artho-x-massage-oil-otc395308,,Madren Healthcare LLP,,,,
https://www.1mg.com/otc/asist-orthopaedic-fabric-electric-heating-pad-xxl-otc375399,Asist Orthopaedic Fabric Electric Heating Pad,Asist Healthcare,It helps to provide relief from pain in affected areas and saves the hassle and time of changing water like in ordinary bottles.,"Waterproof element with even distribution of heat, With three temperature settings, heating pad size: 15 X 10.5 inch, Electric heating pad with foldable design, soft fabric feel and wide coverage area, Two built-in thermal cutouts for 100 per cent safety, Available sizes: Regular with waist belt (12’’ x 8.5’’), Large with waist belt (13’’ x 10’’), Extra large with Fleece Fabric (15’’ x 10.5’’)","Plug in the male pin of the cable to the electric socket, Remove the plug now and use the hot pad as per your needs. If the sheet has lost the heat after the use then reheat it if you need to use it again, Switch on the power supply, once properly plugged wait for the pad to reach the desired temperature, After use, store the heating pad back and ensure that the pad is not very hot while storing it","Take all precautions as you would take while using any electric device, Avoid using when the pad is charging and is connected to the socket, Store it properly once the pad cools down, If there is any leakage, it must not be used, Read the label carefully before use, Store in a cool dry place away from direct sunlight, Keep away from young children and the elderly who are immobile"
https://www.1mg.com/otc/actfast-gel-otc452332,,Bio Sars Pharma Pvt Ltd,,,,
https://www.1mg.com/otc/medtrix-functional-open-patella-hinge-knee-support-large-black-otc503668,,Medtrix,,,,
https://www.1mg.com/otc/opq-gold-metal-cap-hot-water-bag-with-cover-otc801576,OPQ Gold Metal Cap Hot Water Bag with Cover,Krishna Waterproof,It helps manage pain through heat therapy.,"This hot water bag is made of leakage-proof fibre, It helps provide relief from muscular and menstrual pain, It is easily portable and convenient to handle, It comes with a protective cover, This hot water bag provides heat therapy and lasts for a long time",As directed in the instruction manual.,"Read the label carefully before use, Avoid extreme heat"
https://www.1mg.com/otc/comprezon-cotton-varicose-vein-stockings-class-1-below-knee-1-pair-medium-beige-otc390198,Comprezon Cotton Varicose Vein Stockings Class 1 Below Knee (1 Pair),Dynamic Techno Medicals Pvt. Ltd.,To support the abdomen.,"Comfortable and non-restricting, Early varicose in pregnancy, Available in the following sizes:, X-Small (17-19), Small (19-23), Medium (23-26), Large (26-29), X-Large (29-31), XX-Large (31-34)",,"Read the manual carefully before use, Keep out of reach of the children"
https://www.1mg.com/otc/naman-india-tiger-ortho-pain-relief-cream-otc573282,Naman India Tiger Ortho Pain Relief Cream,Naman India Herbal formulation,,"Vishgarbh oil, Mhanaran oil, Vitex nigundo, It is effective against joint pain, It boosts flexibility",As prescribed by the physician,"Read the label carefully before use, Store in a cool and dry place, away from sunlight, Keep out of reach of children, Use under medical supervision, Don't exceed the recommended dosage"
https://www.1mg.com/otc/alna-care-soft-cervical-collar-with-support-xl-otc526490,,Alnacare Ortho,,,,
https://www.1mg.com/otc/bestogesic-1.16-gel-otc225743,,BestoChem Formulations  India  Ltd,,,,
https://www.1mg.com/otc/vissco-activeair-air-pillow-for-neck-support-with-extra-support-h1047-universal-otc393930,Vissco Activeair Air Pillow for Neck Support with Extra Support H1047 Universal,Vissco Rehabilitation Aids Pvt. Ltd.,It helps to supporting pillow and used to provide comfort to the neck area and helps to reduce the pain.,,Use as directed by the manual.,"Read the label carefully before use, Store in a cool dry place away from direct sunlight, Keep out of reach of the children, Avoid physical damage"
https://www.1mg.com/otc/aquagel-innovations-back-pain-relief-blue-otc514073,,Balaji Innovations,,,,
https://www.1mg.com/otc/lyra-healthcare-thoracic-rib-support-belt-chest-support-brace-otc412744,,Lyra Healthcare,,,,
https://www.1mg.com/otc/united-ortho-adjustable-night-splint-medium-otc483217,,United Ortho,,,,
https://www.1mg.com/otc/mgrm-hinged-knee-support-0706-medium-otc390570,,MGRM Medicare Ltd.,,,,
https://www.1mg.com/otc/orthogaz-pain-relief-oil-otc924706,Orthogaz Pain Relief Oil,Leegaze Pharmaceuticals Pvt. Ltd.,,"Nirgundi, Camphor, The herbal formulation helps to alleviate joint pain and discomfort, The oil helps to reduce stiffness and swelling and manage sprains and strains, It helps strengthen the knee joints and can increase the movability of the knees, The herbs support muscle health and increase the blood flow in the muscles",Use as directed by the healthcare professional,"Keep out of reach of children, Store in a cool and dry place, Read the label before use, For external usage only"
https://www.1mg.com/otc/p-care-c3025-ankle-support-neoprene-standard-otc659225,P+caRe C3025 Ankle Support (Neoprene),PR Flexmake Private Limited,"It is used to provide warmth, compression and protection.","Features a wrap-around design to provide warmth, compression and protection, Indicated for the treatment of ankle strains or sprains and athletic protection","Pull-on ankle over achilles tendon area with heel protruding through opening, attach distal and proximal straps and secure to the desired comfort.","Read the label carefully before use, Store in a cool and dry place away from direct sunlight, Keep out of reach of the children, Please seek the advice of a physician or qualified health professional on the medical condition and its usage"
https://www.1mg.com/otc/p-care-c3004-knee-sleeve-with-stays-neoprene-medium-otc658987,,PR Flexmake Private Limited,,,,
https://www.1mg.com/otc/healthvit-tulsi-drops-otc347500,HealthVit Tulsi Drops,West-Coast Pharmaceutical Works Ltd,,"ShyamTulsi(occimumbasilicum), Rama Tulsi (occimum sanctum), SursaTulsi (occimumcanum), NimbuTulsi (occimumcitridorum), Van Tulsi (occimumgratissimum), Solvent base (E-1521), Acidity regulator (E-330) contains permitted Class II preservative, The intake of tulsi is the best way to improve intestine functioning, It helps to remove impurities in the blood, It helps to increase the immunity level of the body, Helps to soothe the cough and respiratory problems",Mix 3-4 drops of Healthvit Tulsi drops in a glass of hot water and consume 3-4 times a day. It can also be used with tea or juice.,"Read the label carefully before use, Keep out of reach of the children, Store in a cool dry place away from direct sunlight"
https://www.1mg.com/otc/amron-xamax-abdominal-belt-xl-otc428932,,Xamax Ergonomics Pvt. Ltd.,,,,
https://www.1mg.com/otc/lp-751-neoprene-tennis-golf-elbow-wrap-universal-black-otc331408,LP 751 Neoprene Tennis & Golf Elbow Wrap,LP Support,It is primarily used to provide relief in lateral and medial epicondylitis (tennis elbow golfer’s elbow).,"Triangular pressure point offers extra pressure on the muscles in the forearm, Helps relieve pain associated with elbow injuries, tennis elbow, golf elbow, and muscle strains, Adjustable hook and loop closure allows for greater tension",Use as per requirement or as directed by the physician.,"Read the label carefully before use, Keep out of the reach of children, Store in a cool dry place away from direct sunlight"
https://www.1mg.com/otc/artium-xd-oil-otc465462,Artium XD Oil,Novolix Pharmaceuticals,,"Pudina satva (menthol), Ajwain satva (thymol), Petroleum jelly, Paraffin wax, Wintergreen oil, Eucalyptus oil, Lemongrass oil, Karpur mudda, It helps provide relief from headaches and muscular aches, It helps deal with pains, sprains and stuffy nose, It aso helps deal with insect bites",Apply gently on the affected area,"Read the label carefully before use, Store in a cool and dry place away from direct sunlight, Keep out of reach of the children"
https://www.1mg.com/otc/newnik-ic700-printed-ice-bag-cool-bag-blue-otc428001,Newnik IC700 Printed Ice Bag / Cool Bag,Newnik Lifecare Pvt. Ltd,"It give immediate relief back pain, joint pain, shoulder pain, and ankle pain. Cold therapy is recommended to help relieve pain, reduce swelling and speed recovery.","Fast relief, anytime, anywhere, Perfect for first aid and sports-related injuries, Refillable and reusable, The innovative and secure lock system, Leak resistant and large opening for easy filling, Superior quality, allergy free material, Sizes: 9"" diameter, Soft fabric provides comfort and coverage of injured area, Economical, Light-weight, Reusable and Children-friendly","To loosen and remove the cap turn it counter-clockwise, Fill the ice bag two-thirds full with ice cubes, Turn the cap clockwise until it is secured tightly on the ice bag, Turn ice bag upside down and firmly press on the bottom to test for leakage, Apply to the desired area, Condensation may form after 15-20 minutes on the outside of the bag, Wrap the ice bag in a soft towel to protect the skin and to avoid condensation accumulation, Apply ice bag for 20 to 30 minutes (maximum) at a time, Wait one hour between applications","Read the label carefully before use, Store in a cool and dry place, Keep out of the eachof children"
https://www.1mg.com/otc/medtrix-open-patella-knee-cap-large-beige-otc503751,,Medtrix,,,,
https://www.1mg.com/otc/trividha-orthovidha-capsule-otc540237,Trividha Orthovidha Capsule,Trividha Ayurveda,,"Guggul Salai extract, Guggul extract, Sonth extract, Ashwagandha extract, Lahsun shuddha, Surjan extract, Sat puspa extract, Haldi extract, It helps provide relief from joint pain, stiffness, and inflammation, It helps to improve joint mobility and flexibility, It promotes healing of injured tissues, It reduces muscle soreness and fatigue, It contains natural ingredients with anti-inflammatory, analgesic, and antioxidant properties, It is free from harmful chemicals and preservatives",,"Read the label carefully before use, Store in a cool and dry place"
https://www.1mg.com/otc/limitra-arthosure-500mg-capsule-otc527086,,Natural Healthcare,,,,
https://www.1mg.com/otc/nectar-valley-eucalyptus-100-natural-essential-oil-otc616116,Nectar Valley Eucalyptus Essential Oil,Bionova Lifesciences,,"Eucalyptus essential oil, It is 100% pure and therapeutic grade essential oil that is free from fillers, additives, bases or carriers, It shows immune-stimulatory, anti-inflammatory, antioxidant, analgesic and spasmolytic effects, Relieves cold symptoms and headache, Also helps reduce both inflammation and pain associated with rheumatoid arthritis and osteoarthritis, It treats sore muscles when used in massage and also helps treat dry skin and skin eruptions, It promotes wound and ulcer healing, It is very helpful in treating foot and nail infections",Use as directed by the physician.,"Read the label carefully, Store in a cool and dry place, Keep out of the reach of children"
https://www.1mg.com/otc/simteq-warm-gel-bag-otc812767,Simteq Warm Gel Bag,Simplex Healthcare Solutions Pvt Ltd,It is used to relieve body pain and cramps,"The bag helps to relieve back pain and inflammation, It helps to improve blood circulation through heat therapy, The product is easy to use, light in weight and portable, It helps to reduce muscle pain, strains and stiffness",Use as per requirement,"Store in a dry and hygienic place, Read the label before use, Keep out of reach of small children"
https://www.1mg.com/otc/mctaflam-liniment-otc939147,Mactaflam Liniment,Mclaren Labs Pvt Ltd,,"Mahanarayana, wintergreen, camphor, tarpin oil, malkagani, guggul, mahamash, panchguna, pudina, and mahavishgarbha., Combining mahanarayana, wintergreen, camphor, tarpin oil, malkagani, guggul, mahamash, panchguna, pudina, and mahavishgarbha for fast pain and inflammation relief, Rejuvenating mahanarayana complements wintergreen and camphor's analgesic effects, ensuring quick relief, Tarpin oil, malkagani, and guggul contribute to the liniment's anti-inflammatory properties, Pudina and mahavishgarbha add a soothing touch, enhancing overall effectiveness for joint pain, muscle strain, or inflammation relief",Use it on the targetted area.,"Read the label carefully, Store in a cool, dry place, Keep out of reach of children, Do not exceed the recommended dose"
https://www.1mg.com/otc/lifelong-llm720-rechargeable-cleansing-face-massager-otc530452,Lifelong LLM720 Rechargeable Cleansing Face Massager,Lifelong Online Retail Pvt Ltd,,"Gently cleans and exfoliates skin, Has 3 different brushes Deep cleaning brush, Cleaning fibre brush, Make Up brush, It is water resistant, Has 360 degree rotation which for complete cleansing effect, Removes dirt, impurities and unclogs skin pore, It can operate on 2 different speeds 300 vibration/oscillations and 450 vibration/oscillation, Offers 45 minutes of continuous usage when charged for 2 hours, Helps in preventing blackheads, pimples and acne",Read the instruction’s manual for usage directions.,"Read the label carefully before use, Keep away from children, For external use only, Protect from physical damage, Store in a clean and dry place"
https://www.1mg.com/otc/medtrix-functional-open-patella-hinge-knee-support-xxxl-grey-otc503683,,Medtrix,,,,
https://www.1mg.com/otc/aruba-essentials-combo-pack-of-basil-oil-cypress-oil-15ml-each-otc488110,Aruba Essentials Combo Pack of Basil Oil & Cypress Oil (15ml Each),Kamatri Corporation Pvt Ltd,,"100% Undiluted Basil Oil & Lemon Oil, Basil Oil is known to enhances the luster of dull-looking skin and hair, Provides relief from pain & Cold, Lemon Oil is known to restore the luster of dull skin, Acts as an astringent and rejuvenates sagging skin, It is 100% undiluted basil oil & lemon oil for aroma, For application on skin or hair mix 2-3 drops of essential oil with some carrier oil like Coconut oil or Olive oil as all Aruba Essentials oils are undiluted",Rub it in your scalp with fingertips and leave it for an hour,"Read the label carefully before use, Keep out of the reach of children, For external use only, Avoid contact with eyes, Store in a cool and dry place"
https://www.1mg.com/otc/mesmara-cedarwood-cedrus-deodara-essential-oil-otc481253,Mesamara Cedar wood Essential Oil,Siva Sri Retail,,"100%, therapeutic grade cedar wood essential oil - no fillers, additives, bases or carriers added, Woody and warm fragrance, Acts as a natural deodorizer, Promotes a relaxed environment when used aromatically, Treats acne, Natural insect repellant, Prevents hair loss, Reduces pain and has anti-inflammatory properties, Helps reduce fungal infection, Enriched with trace elements","Diffuse after a stressful day to relax the mind and body, Use with a carrier oil in massage therapy, Add 1-2 drops to facial toner or moisturizer for added clarifying properties, Inhale directly or diffuse to promote healthy respiratory function","For external use only, Keep out of reach of children, Avoid Contact with eyes, Do not use on sensitive or damaged skin, Do not use undiluted on skin, Avoid using, if pregnant"
https://www.1mg.com/otc/healthgenie-one-size-adjustable-wrist-support-black-otc399640,Healthgenie One Size Adjustable Wrist Support,Healthgenie India Pvt Ltd,"Ideal for aiding recovery from wrist sprains, strains, or other minor injuries, Provides preventive support during sports activities or repetitive tasks that strain the wrist, Offers general support and stability for weak or fatigued wrists","Male/Female, 1 count",Use as directed on the product label.,"Store in a cool and dry place away from direct sunlight, Read the product label carefully before use, Keep out of reach of children"
https://www.1mg.com/otc/lp-952-thigh-support-medium-otc331454,LP #952 Thigh Support,LP Support,It is primarily used to alleviate pain and discomfort in thigh by providing compression.,"Facilitates compression and support, Provides relief in thigh pain and discomfort, It is Bi-knitted and bi-layered with cotton lining, Comes with heat retention properties",Use as per requirement or as directed by the physician.,"Read the label carefully before use, Store in a cool dry place away from direct sunlight, Keep out of reach of the children, Avoid physical damage"
https://www.1mg.com/otc/amrit-veda-tiger-ortho-pain-relief-oil-otc573286,Amrit Veda Tiger Ortho Pain Relief Oil,Amrit Veda,,"Eucalyptus globulus, Gaultheria fragrantissima, Cedrus deodara, Vishgarbh oil, Vitex nigundo, It helps provide relief from joint and muscle pain, It helps in reducing inflammation and swelling, It contains natural ingredients that promote overall health and well-being, It has a soothing effect on the body, It can be use for various types of pain, including arthritis, back pain, and sprains",,"For external use only, Do not apply to broken or irritated skin, Keep away from direct sunlight, Store in a cool and dry place"
https://www.1mg.com/otc/samson-tc-1101-thigh-support-large-otc348983,,Samson Scientifics & Surgicals,,,,
https://www.1mg.com/otc/estaright-spray-55gm-each-otc961932,Estaright Spray (55gm Each),Estapro Pharmaceuticals Private Limited,,"Diclofenac Diethylamine IP (Eq. to Diclofenac Sodium) 2.32%, Methyl Salicylate IP 10%, Menthol IP 5%, Provides targeted relief to specific areas of the body where pain or discomfort is experienced, Effective in managing various types of musculoskeletal pain, including neck pain, back pain, muscle pain, joint pain, ankle pain, shoulder pain, and wrist pain, Easy-to-use spray application for quick and hassle-free pain relief","Shake well before each use, Hold the can upright and spray the can from the face, Spray the contents on the affected area 3-4 times a day or as directed by the physician, Cover the sprayed area with a cloth to improve drug penetration and effectiveness, Do not spray on open wounds","Read the label carefully before use, Store in a cool and dry place, away from sunlight, Keep out of the reach of children, Pressurised container, Keep away from direct sunlight, live electrical equipment and heat, Do not spray on an open flame, Do not expose to temperatures above 50°C, Do not freeze, Store below 30°C"
https://www.1mg.com/otc/fix-oil-pain-oil-otc579742,Fix Oil Pain Oil,Qcl Life Science Pvt Ltd,,"Kali musli, Til tel, Menthol, Lahasun, The oil helps to provide relief from back, joints, neck, knees, muscles and tendon pain, It helps to rejuvenate the body and helps energise the joints for better functioning, The formulation supports muscular and joint health and speeds up the recovery process, It has anti-inflammatory properties that help to soothe soreness and inflammation",Use as directed by the physician,"Keep out of reach of children, Store in a cool and dry place, For external usage only, Read the label before use"
https://www.1mg.com/otc/r3set-pain-relief-tablet-otc970569,R3SET Pain Relief Tablet,Venus Remedies Ltd,,"Salix alba, Sveta veda muska, Ajwain leaf powder, Vayavidanf fruit powder, Safed jeera fruit powder, Pippali fruit powder, R3SET instant ease tablet can be an optimal choice for those seeking safe and natural pain relief, Ensures effective relief from various types of discomfort without the risk of side effects typically associated with conventional pain medications, Emphasising well-being and safety, R3SET presents an ideal solution for anyone looking for a reliable, natural alternative to pain management, Tablet",,"Store at room temperature not exceeding 30 degrees C, Protect from moisture and heat, Do not freeze, Keep out of reach of children, Exposure to direct light and heat may result in discolouration without affecting efficacy of the product"
https://www.1mg.com/otc/myovedic-massage-oil-otc543019,Myovedic Massage Oil,BT Aushadhalaya,,"Guggulu, Vidang, Langali, Nirgundi, Bakuchi, Iranda thaila, Sixamum Indicum., This herbal oil is specifically designed for external use through massage., Ashwagandha and Bala are known for their abilities to promote muscle and joint health, making the oil ideal for individuals facing physical stress and discomfort., Shatavari contributes to stress reduction and promotes a sense of calm and balance., Ksheerabala, a combination of Bala and milk, is traditionally used for its soothing properties., Sesame oil serves as a base oil, facilitating the absorption of herbal benefits into the skin., Crafted following time-honored Ayurvedic principles, this oil reflects the commitment to quality and authenticity in Ayurveda practices.",,"For external use only., Store in a cool, dry place, away from direct sunlight."
https://www.1mg.com/otc/boiron-tabacum-single-dose-approx-200-microgranules-200-ch-otc409049,,Boiron Laboratories Pvt Ltd,,,,
https://www.1mg.com/otc/vesdol-gel-otc344806,,Vestal Healthcare,,,,
https://www.1mg.com/otc/divyy-pain-oil-otc477583,Divyy Pain Oil,Divyy Research Clinic,,"Wintergreen oil, Panchgun tail, Capsaicin, Karpoor, Nilgiri oil, Pudina, Castor oil, Til, The oil helps to strengthen the bones, muscles and joints, It helps to reduce joint and muscle pain and soothes inflammation, It may help to manage muscular strains and sprains, The formulation helps to deal with spondylitis and manage neuromuscular-skeletal disorders",Use the oil on the affected area and massage,"Keep out of reach of children, Store in a cool and dry place, For external usage only, Read the label before use"
https://www.1mg.com/otc/bael-wellness-seat-cushion-for-sciatica-coccyx-tailbone-orthopedic-back-pain-relief-grey-otc530069,"Bael Wellness Seat Cushion for Sciatica, Coccyx, Tailbone, Orthopedic, Back Pain Relief White Bamboo Fabric",Bael Health Private Limited,"It relieves back pain, sciatica and coccyx (tailbone) pain naturally.","New cushion built;Firm support and medically proven cylindrical panel design to complement body shape with slopes. Thermo sensitive, high quality organic memory foam. Easily washable and removable velour cushion cover. Excellent package for gift. Size - 18.2 x 14.4 x 3.3 (Inches), Common complaints of other cushions are taken care of:Heavy duty and high density resilient grade A memory foam to provide natural balance ball effect. Doesn't flatten even after years of use. Lightweight yet quality velor fabric. New anti-sliding back prevents sliding on any surface, Benefits:Relieves back pain, sciatica and coccyx (tailbone) pain naturally. Corrects postures. mitigates risk of sitting for longer hours. Assists in managing pressure ulcers, sciatica, hernia and hemorrhoid, For all seats:Perfect cushion for any seat - office chair, car seat, general automotive, patio chair, dining chair, kitchen chair, truck seat, airplane seat, wheelchair, stadium seat or even for flat surface and outdoor",Use it as directed by the instructions manual,"Read the label carefully before use, Keep out of reach of children"
https://www.1mg.com/otc/tynor-d27-off-loader-knee-brace-large-otc345624,Tynor D-27 Off Loader Knee Brace,Tynor Orthotics Pvt. Ltd.,"Provides support to knee joint and ligaments and provides effective relief from sprains and articular strains, damage of osteoarthritis and cartilage.",,Use a directed by the health-care professional.,"Read the label carefully before use, Keep out of reach of the children, Store in a cool dry place"
https://www.1mg.com/otc/salo-orthotics-tailbone-pain-coccyx-cushion-for-office-chair-car-seat-regular-otc394481,,Salo Orthotics,,,,
https://www.1mg.com/otc/cmg-nutritions-boneglu-tablet-essential-support-for-bone-health-otc662106,CMG Nutritions,Cmg Biotech Pvt Ltd,,"Glucosamine sulphate, Chondroitin sulphate, Piperine, Ease pain caused due to arthritis, reduce stiffness and protects bone, Relieves severe back, neck, hands, hips, knees or feet pain, Help to slow or prevent the degeneration of joint cartilage, Piperine increases the bioavailability of the bioactive compounds","1-2 capsules daily, preferably with your meal or as directed by the physician.","Read the label carefully before use, Keep out of reach of the children, Store in a cool dry place, {""mode"":""full"",""isActive"":false}"
https://www.1mg.com/otc/samson-tc-1101-thigh-support-medium-otc348984,,Samson Scientifics & Surgicals,,,,
https://www.1mg.com/otc/3m-coban-wrap-1586-otc393941,3M Coban Wrap 1586,3M India Limited,"The wrap can be used as an overwrap for splints, support sprains and strains, secure dressings and devices, and as compression to reduce oedema and post-operative swelling.","Bandage sticks to itself and not the skin, It stays in place and does not require frequent adjustments, Lightweight, porous, and breathable, which makes it comfortable to use, Does not require adhesive, pins or clips, Secures and protects primary dressings and other devices",Use as directed on the label.,"Read the label carefully before use, Store in a cool and dry place, Keep out of reach of children"
https://www.1mg.com/otc/kesri-marham-balm-otc725434,,B.C. Hasaram & Sons,,,,
https://www.1mg.com/otc/aurthot-rom-elbow-brace-universal-otc389296,,Aurthot Surgicals (OPC) Pvt Ltd,,,,
https://www.1mg.com/otc/opq-gold-plastic-cap-hot-water-bag-otc801583,OPQ Gold Plastic Cap Hot Water Bag,Krishna Waterproof,"It helps to relieve backache, muscle pain, stiffness, strains, cramps, joint pain, menstrual pain, and abdominal pain","It can be used as a hot compress to soothe muscle aches and discomfort, It helps to relieve backache, muscle pain, stiffness, strains, cramps, joint pain, menstrual pain, and abdominal pain, It can be used as a body warmer, It aids in reducing inflammation, helps relax the tightened and sore muscles, and also helps to improve the blood supply, It is made with robust and high-grade rubber that is unaffected by heat","Remove the stopper from the top, Remove the air inside the bag by pressing down gently on the bag, Pour warm water inside, Put the stopper back in its position","Read the label carefully before use, Do not pour boiling water into the bag, Wash with mild detergent and water regularly"
https://www.1mg.com/otc/netagel-quick-relief-from-muscle-joint-pain-gel-30gm-each-otc930141,Netagel Quick Relief from Muscle & Joint pain Gel (30gm Each),Aneta Pharmaceuticals Pvt. Ltd,,"Diclofenac Diethylamine, This gel is designed to provide quick relief from muscle and joint pain, Its formulation is optimised for rapid action, making it an effective solution for alleviating various types of discomfort, including body pain, back pain, strains, and inflammation, The gel harnesses the benefits of diclofenac diethylamine and is known for its potent anti-inflammatory and pain-relieving properties, which help target the root causes of pain and reduce inflammation, One of the advantages of this gel is its ability to get absorbed quickly into the skin tissues; this efficient absorption ensures that the active ingredients reach the affected areas swiftly, enhancing the speed at which it begins to work",Apply on the targetted areas.,"Read the label carefully, Store in a cool, dry place, Keep out of reach of children, Maintain hygiene"
https://www.1mg.com/otc/viopatch-herbal-pain-relief-patch-small-50cm-otc356903,Viopatch Herbal Pain Relief Patch,Unexo Life Sciences Pvt. Ltd.,,"Gandhpura oil, Menthol, Camphor, Eucalyptus oil, Clove oil, It is ideally suited for patients undergoing musculoskeletal pain and similar conditions, It is a 100% herbal and waterproof supplement with zero use of chemicals, The patch is applied externally and therefore does not cause any digestive issues, This patch requires no reapplication after every few hours and infuses the medicine at a controlled rate for 12 hours, It is non-messy and non-greasy, making it easy to apply under clothing",,"Read the user manual carefully before use, Keep out of the reach of children, Store in a cool, dry place away from direct sunlight"
https://www.1mg.com/otc/mgrm-spoon-splint-0903-large-otc390678,,MGRM Medicare Ltd.,,,,
https://www.1mg.com/otc/wellon-breathable-lumbo-sacral-belt-double-strap-mb04-small-otc387373,Wellon Breathable Lumbo Sacral Belt- Double Strap MB-04,Mana Medical,Used for providing support to back as lumbar Support.,,Use as directed by a physician.,"Read the label carefully before use, Keep it away from children, Do not overuse it, Protect from physical damage"
https://www.1mg.com/otc/trioflam-aqua-spray-otc343248,,Cadila Pharmaceuticals Ltd,,,,
https://www.1mg.com/otc/wellon-ks02-hinged-knee-support-open-patella-small-otc387632,Wellon Hinged Knee Support Open Patella KS-02,Mana Medical,It offers a natural and non-invasive pain relief and is helpful in treatment of inflammation and pain around the knees.,"Hinged with Open Patella is made of elastic cotton with aluminium splints on both side of the knee to give required movement, It is designed with a large dorsal opening to ensure no buckling and no vaso constriction, Magnetic field helps to improves blood circulation, It improves sleeping activity levels and reduces the stress due to knee pain, Very effective as athletic support for rheumatic or arthritic pain and post operative conditions, Model: Knee Support Hinged - (Open Patella), Part Number: KS-02, Size in Number: 16 - 18 inch, Suitable for both men and women, Designed For:Knee",,"Read the manual carefully before use, Keep out of the reach of children, Only for external use, Avoid use during pregnancy, Avoid use if using pacemakers, suffering from haemophills, have surgically implanted screws, undergoing dialysis, allergic to metal or have wound"
https://www.1mg.com/otc/ozocheck-comfy-orthopaedic-electric-heating-belt-otc720883,Ozocheck Comfy Orthopaedic Electric Heating Belt,Medsource Ozone Biomedicals Pvt Ltd,"It is used to help you with back discomfort, joint and muscle sprains, and menstruation cramps.",,Use as directed on the label.,"Read the label carefully before use, Store in a cool and dry place away from direct sunlight, Keep out of reach of children"
https://www.1mg.com/otc/vissco-core-0708-ankle-binder-xl-otc344571,Vissco Core 0708 Ankle Binder,Vissco Rehabilitation Aids Pvt. Ltd.,"It is used to provide support and stability to the ankle, further curtailing any swelling due to the compression offered",,Use as directed by the physician.,
https://www.1mg.com/otc/jain-pain-off-oil-otc964876,"Kabiron Kab-Cast Fiber Glass Casting Tape 3"" x 4yrds 7.5cm x 3.6m",Sri Jain Ayurvedic Pharmacy,,,,
https://www.1mg.com/otc/jointflex-pain-relief-cream-30gm-each-otc603845,Joint Flex Pain Relief Cream,Strides Consumer Pvt Ltd,,"Glucosamine, Chondroitin Sulfate, Provides relief from the pain associated with arthritis and joint degeneration, It quickly penetrates the top 2 skin layers to deliver pain-relievers right to the pain sources, Useful in relieving muscle sprains and strains, Provides relief from all type of joint pains, Fortified with glucosamine to repair and regenerate joint cartilage for long-lasting relief from pain, Comes in a pack of 3 tubes of 30 gms each","Clean, rinse and dry the affected part prior to application, Apply a small quantity on the affected area and massage till absorbed","Read the label carefully before use, Use under medical supervision, Store in a cool and dry place away from direct sunlight, Keep away from children, For external use only"
https://www.1mg.com/otc/dr-med-tennis-wrist-thumb-splint-dr-w132-universal-blue-right-otc377486,,A-MI Global Co Ltd,,,,
https://www.1mg.com/otc/sri-nature-ayur-maha-yograj-guggulu-tablet-otc495912,Sri Nature Ayur Maha Yograj Guggulu Tablet,Sri Nature Ayur,,"Guggul commiphora wightii, It aids in constipation relief and digestion improvement, It contains anti-inflammatory and antioxidant qualities, which help the body detoxify and boost the immune system, It helps with issues related to piles and gout, It helps in the removal of harmful substances and unbroken waste from the body","1-2 tablets, 2-3 times a day, before or after food, Or as directed by your ayurvedic physician","Read the label carefully before use, Store in a cool and dry place, away from sunlight, Keep out of reach of children, Recap bottle after use"
https://www.1mg.com/otc/hamdard-halwa-gheekwar-otc408501,Hamdard Halwa Gheekwar,Hamdard Laboratories India,,"Elaichi Khurd, Taj, Salab Misri, Khulanjan, Maghz Akrot, Musli Sainbhal, Gheekwar Sabz, Ghee, Shakar Safaid, Khoya, Khajoor, Maida Gandum, The preparation is indicated for the treatment and management of pain and bodyaches, It has also been found to be effective in treating cough and lumbago",One can take 12-25 grams in the morning or at bed time with milk or as directed by the physician,"Read the label carefully before use, Keep out of the reach of children, Do not exceed the recommended dose"
https://www.1mg.com/otc/hamdard-raughan-e-suranjan-otc329765,Hamdard Raughan-e-Suranjan,Hamdard Laboratories India,,"25 ml, Liquid",,
https://www.1mg.com/otc/wellon-shoulder-support-nss-01-universal-left-otc387467,Wellon Shoulder Support NSS-01,Mana Medical,"It is recommended for conditions like shoulder dislocation, rotator cuff tendinitis and shoulder instability.","It is made from light and breathable fabric, Facilitates warm support and pain relief to the sore shoulder, Comprises of hook and loop closure for easy adjustment",Use as per requirement or as directed by the physician.,"Read the label carefully before use, Store in a cool dry place away from direct sunlight, Keep out of reach of the children, Avoid physical damage"
https://www.1mg.com/otc/mgrm-c.a.s.h-orthosis-0514-xl-otc390523,,MGRM Medicare Ltd.,,,,
https://www.1mg.com/otc/bjain-rhus-toxicodendron-dilution-6x-otc701488,Bjain Rhus Toxicodendron Dilution,Bjain Pharmaceuticals Pvt. Ltd.,,,Take 3-5 drops of the dilution in 1 teaspoon of water twice a day or as directed by the physician.,
https://www.1mg.com/otc/sensur-pain-relief-oil-otc796479,Sensur Oil Pain Relief,Integrace Pvt Ltd,,"Satva, Karpoora, Gaultheria Fragrantissima, Nilgiri, It helps to provide relief from joint, bone, muscle and back pain, It gives a cooling effect to the pain and provides comfort from sore muscles and joint aches, It helps to get relief from osteoporosis and rheumatic pain in the body, It can work great on injuries such as muscle pulls, sprains, and strains",As directed on the label,"Read the label carefully, Keep away from direct sunlight, Store in a cool and dry place, Keep out of the reach of children"
https://www.1mg.com/otc/p-care-a1014-back-wrap-neoprene-large-otc658559,,PR Flexmake Private Limited,,,,
https://www.1mg.com/otc/mgrm-hinged-knee-support-0706-small-otc390571,,MGRM Medicare Ltd.,,,,
https://www.1mg.com/otc/witzion-small-grey-lumbo-sacral-back-support-belt-otc513857,Witzion Lumbo Sacral Back Support Belt,Witzion,It is used to provide support to the lower spine area and also helps in reducing the back pain.,,Use as directed in the manual.,"Read the label carefully before use, Keep out of reach of children, Avoid any physical damage"
https://www.1mg.com/otc/greenkure-pain-relief-oil-50-ml-each-otc893577,Greenkure Pain Relief Oil,Paras Products,,"Oil base, Pudina, Kapur, Nilgiri, Laung oil, Sugandhi, It is a vegan-friendly non-sticky oil, It has a refreshing aroma and has no toxic elements, It is beneficial for joint pain, muscular pain, body stiffness and headache, It is also useful for gym workouts and cold",As directed on the label,"Read the label carefully before use, Store in a cool and dry place away from direct sunlight, Keep out of reach of children"
https://www.1mg.com/otc/nng-healthcare-jointcare-capsule-otc548968,NNG Healthcare Jointcare Capsule,NanoGen HealthCare Pvt Ltd,,"Shunthi, Shallaki, This potent formula supports the wellness of the joints, It promotes flexibility and mobility, This formula maintains the health of the cartilage, It fights the risk of osteoporosis",As directed by your healthcare professional.,"Read the label carefully, Do not exceed the recommended dose, Keep out of reach of children, Store in a cool, dry place"
https://www.1mg.com/otc/surgicare-shoppie-donut-seat-cushion-otc400004,,Surgicare Shoppie,,,,
https://www.1mg.com/otc/witzion-functional-knee-support-xxxl-black-otc513560,,Witzion,,,,
https://www.1mg.com/otc/mgrm-0305-wrist-wrap-medium-otc390723,MGRM Wrist Wrap 0305,MGRM Medicare Ltd.,To support the wrist.,"High modulus of elasticity; retains shape and size for a long time, Excellent compressive strength, better support, Better fitting and universal sizing, Available in universal Size (5""-9.5"")",,"Read the manual carefully before use, Keep out of reach of the children"
https://www.1mg.com/otc/lifelong-llm207-rechargeable-ankle-massager-brown-otc530455,Lifelong LLM207 Rechargeable Ankle Massager Brown,Lifelong Online Retail Pvt Ltd,,"Improves blood circulation and relieves inflammation and stiffness, It is portable, wireless and rechargeable, Massager provides combined effect of heating,vibration and air pressure, Has 5 different vibration levels, Fits comfortably for all ankle sizes, Runs for 1.5 hours of when fully charged, Useful for sports and age related soreness",Read the instruction’s manual for usage directions.,"Read the label carefully before use, Keep away from children, For external use only, Avoid contact with water, Store in a clean and dry place"
https://www.1mg.com/otc/witzion-shoulder-support-beige-left-otc513545,,Witzion,,,,
https://www.1mg.com/otc/dr.-reckeweg-naja-trip-dilution-6-ch-otc374630,,Dr Reckeweg & Co,,,,
https://www.1mg.com/otc/lp-937-sacro-lumbar-support-with-stays-small-otc331358,,LP Support,,,,
https://www.1mg.com/otc/bjain-ferrum-phosphoricum-dilution-6-ch-otc439708,Bjain Ferrum Phosphoricum Dilution,Bjain Pharmaceuticals Pvt. Ltd.,,,,
https://www.1mg.com/otc/opq-silver-metal-cap-hot-water-bag-with-cover-otc801595,OPQ Silver Metal Cap Hot Water Bag with Cover,Krishna Waterproof,It helps manage pain through heat therapy.,"This hot water bag is made of leakage-proof thick and sturdy material, It helps provide relief from muscular and menstrual pain, It is easily portable and convenient to handle, This hot water bag provides heat therapy and lasts for a long time",As directed in the instruction manual.,"Read the label carefullevelly, Avoid extreme heat"
https://www.1mg.com/otc/dr-willmar-schwabe-india-scutellaria-mother-tincture-q-otc391640,,Dr Willmar Schwabe India Pvt Ltd,,,,
https://www.1mg.com/otc/dyna-3d-knitted-lumbar-brace-with-silicone-pad-large-otc392249,,Dynamic Techno Medicals Pvt. Ltd.,,,,
https://www.1mg.com/otc/platobuild-tablet-otc371018,Platobuild Tablet,Tas Med India Pvt Ltd,,"Carica papaya extract, This potent formula helps improve the immune functions of the body, It enhances the count of platelets in the blood, This formula is rich in flavonoids, It energises the body to fight against dengue",As directed by the healthcare professional.,"Read the label carefully, Do not exceed the recommended dose, Keep out of reach of children, Store in a cool, dry place"
https://www.1mg.com/otc/amron-xamax-regular-backrest-small-otc421587,Amron Xamax Backrest,Xamax Ergonomics Pvt. Ltd.,It aids in treating backache by correcting the sitting posture. It helps provide lumbar support and can be used as back support for a car seat.,,Use as directed and follow proper instructions.,
https://www.1mg.com/otc/malleo-grip-ankle-brace-xxl-otc392430,,Dynamic Techno Medicals Pvt. Ltd.,,,,
https://www.1mg.com/otc/baidyanath-garbh-chintamani-ras-vrihat-with-gold-otc404505,,Shree Baidyanath Ayurved Bhawan Pvt Ltd,,,,
https://www.1mg.com/otc/samson-pa-2008-heating-pad-electronic-xl-black-otc487789,,Samson Scientifics & Surgicals,,,,
https://www.1mg.com/otc/wellon-compression-stockings-under-knee-stk01-xl-otc387718,Wellon Compression Stockings (Under Knee) STK-01,Mana Medical,"Specially designed to apply pressure on the lower legs, it helps maintain blood flow and helps reduce discomfort and swelling. Mainly indicated in varicose veins.","Four way stretchable fabric which makes it easy to put on and off, Anatomic Shape making it easy to wear and is highly comfortable, It is made of dermophillic soft nylon yarn and spandex for higher compression and longer life, Light weight breathing material which prevents any discomfort","It can be worn over socks, shoes and slippers.","Read the label carefully before use, Do not exceed the recommended dose, Keep out of the reach of children, Store in a cool dry place away from direct sunlight and heat"
https://www.1mg.com/otc/mgrm-wrist-cock-up-splint-0307-medium-right-otc390710,MGRM Wrist & Cock Up Splint 0307,MGRM Medicare Ltd.,It is mainly used to support and grip your wrist and arm.,"It is a pre-shaped mouldable splint made of light metal that maintains dorsiflexion, It is made of high-quality, coated fabric with a foam pad and sweat-absorbing lining for comfortable support, It is specially designed for the right and left arms, It has a hole for thumb insertion and easy splint movement","First, select the proper size for your wrist. Then insert the thumb of the injured hand into the hole and lock your wrist with the velcro loops.","Keep out of reach of the children, It should not be machine washed, It must not be brushed hard, It should not be squeezed"
https://www.1mg.com/otc/witzion-xxl-grey-contoured-lumbar-sacral-back-support-belt-otc513910,,Witzion,,,,
https://www.1mg.com/otc/sbs-arthodhan-vati-with-arthodhan-oil-25ml-free-otc526019,SBS Arthodhan Vati,SBS Herbal Pvt Ltd,,"Ajwain, Giloy, Chitrak, It is beneficial for joint health and reduces joint pain and swelling, It contains that has anti-inflammatory properties and alleviates joint pain and inflammation, It may help prevent cartilage loss and assist in managing rheumatoid arthritis and osteoarthritis, It also has potent antioxidant and anti-inflammatory properties and helps reduce inflammation",Use as directed on the label or as advised by your healthcare provider.,"Read the label carefully before use, Store in a cool and dry place away from direct sunlight, Keep out of reach of children"
https://www.1mg.com/otc/nidraa-headache-relief-oil-otc651792,Nidraa Headache Relief Oil,Unico Consumers Products Pvt Ltd,,"Yashti, Nimba, Nagarvel, Sesame Oil, Veticar, All-natural and ayurvedic proven ingredients to help control migraine and headache, Proprietary Ayurvedic Medicine approved by FDA, Made with active ingredients like Yashti, Nimba, Karpoor, Nagarvel, Sesame Oil","Gently apply on your forehead and temple area on a daily basis to get relief from the harsh effects of the Migraine, It is recommended to use the combination of the Nidraa™ Migraine Relief Head massage Oil & Nidraa™ Migraine Relief Roll-On on a regular basis for the optimum result","Read the label carefully before use, Keep out of reach of the children, Store in a cool dry place, Only for external use"
https://www.1mg.com/otc/healthgenie-epsom-salt-otc426790,,Healthgenie India Pvt Ltd,,,,
https://www.1mg.com/otc/vlcc-wellscience-ortho-aid-tablet-otc711743,,VLCC Online Services Pvt. Ltd.,,,,
https://www.1mg.com/otc/sleepsia-multiuse-knee-support-memory-foam-pillow-white-otc492203,,Sleepsia India Pvt Ltd,,,,
https://www.1mg.com/otc/viaggi-super-soft-memory-foam-neck-pillow-egg-plant-otc510211,Viaggi Super Soft Memory Foam Neck Pillow,Siddhivinayak Enterprises,It is designed to help support and cradle the neck and head while in a sitting position in the car. It is useful in preventing neck pain.,"It is comfortable and has great tensile strength, It does not scratch the surface of the skin, Four fold increase in life expectancy, Has a soft breathable cover, It is super soft and provides cervical support, It works as an orthopedic neck pillow, It is ideal for home, travel, flight, or in the car especially on long trips",Read the instruction manual for detailed use or as directed by the physician.,"Read the instruction manual carefully before use, Keep out of the reach of children, Store in a cool and dry place"
https://www.1mg.com/otc/oliade-massage-oil-otc237632,Oliade Massage Oil,Ind Swift Laboratories Ltd,,"Olive oil, Vitamin A, Vitamin D, Vitamin E, Olive oil and vitamins A, D, and E combine to deeply nourish the skin, leaving it supple and rejuvenated, Vitamins and olive oil work together to lock in moisture, preventing dryness and promoting skin hydration, The presence of essential vitamins offers antioxidant benefits, protecting the skin from free radical damage, Olive oil helps to nourish the skin and aids in healing abrasions, Vitamin D helps to strengthen the bones while vitamin E helps to maintain skin and muscle suppleness, Oil, Children",Use as mentioned on the label or as directed by the healthcare professional,"Store in a cool and dry place away from direct sunlight, Read the product label carefully before use, Keep out of reach of children, For external use only"
https://www.1mg.com/otc/vissco-5602-platinum-wrist-splint-binder-with-silicone-pressure-pad-medium-right-otc448721,Vissco 5602 Platinum Wrist Splint Binder with Silicone Pressure Pad,Vissco Rehabilitation Aids Pvt. Ltd.,"It helps to facilitate support and stability to the wrist and is useful for painful, swollen, or weak joints.",,Use as per requirement or as directed by the physician.,"Read the label carefully before use, Store in a cool dry place away from direct sunlight, Keep out of reach of the children, Avoid physical damage"
https://www.1mg.com/otc/nutree-pure-orthoil-roll-on-otc509721,Nutree Pure Orthoil Roll-On,Nutree World Life Care Pvt Ltd.,,"Guggul Oil, Deodar Oil, Gandhapura Oil, Kapura, Turpentine Oil, Nilgiri Oil, Pudina Phool, Arand Oil, Ajwain Oil, Lemongrass Oil, Sallaki Oil, Till Oil, Nutree Pure Orthoil Roll-On can help to manage arthritis problems and reduce inflammation, It can help to get relief from sprains caused due to over lifting and cramps, It can help to reduce pain and stiffness in your back and neck, It can help to improve motions and flexibility of joints and eases movement, It may help reduce swelling and stiffness around the joints and improve joint health",Apply 2-3 times a day on the affected area and gently massage or as directed by the physician.,"Store it in a cool and dry place, Keep it away from direct sunlight, Keep it away from the reach of the children"
https://www.1mg.com/otc/aquagel-innovations-gel-filled-shoe-sandal-insole-blue-otc514094,Aquagel Innovations Gel Filled Shoe / Sandal Insole Blue,Balaji Innovations,It is used for shoe/sandal insoles,,Read the label carefully,"Store in a cool and dry place away from direct sunlight, Read the label carefully, Keep out of reach of children"
https://www.1mg.com/otc/witzion-ankle-support-medium-beige-otc513736,,Witzion,,,,
https://www.1mg.com/otc/lifelong-ll54-detachable-powerful-body-massager-brown-otc530385,Lifelong LL54 Detachable Powerful Body Massager Brown,Lifelong Online Retail Pvt Ltd,,"Helps in relieving tension and pain from muscle tissues, Improves blood circulation and reduces fatigue, Has two different massage heads, It can be detachable and used all over the body, Helps in improving overall health and wellness",Read the instruction’s manual for usage directions.,"Read the label carefully before use, Keep away from children, Use under medical supervision, For external use only, Store in a cool and dry place"
https://www.1mg.com/otc/ravi-care-oil-otc776348,Ravi Care Oil,Pvc Ayurvedic Ortho Products,,"Thespesia populnea, It is a blend of natural herbs that helps reduce swelling and inflammation, It works as a natural antibiotic that relieves pain, Thespesia populnea has anti-inflammatory, analgesic and antipyretic properties, It may help reduce and prevent knee pain",Apply to the affected areas and gently massage,"Read the product label carefully before use, Store in a cool and dry place away from direct sunlight, Keep out of reach of children"
https://www.1mg.com/otc/medigrip-strong-pain-balm-otc831078,Medigrip Strong Pain Balm,Precision Coatings Pvt Ltd,,"Turpentine oil, Gandhapura oil, Ajwain oil, Eucalyptus oil, Satpundha, It provides relief from joint, muscle and nerve pain, It contains anti-inflammatory properties that create a soothing effect, It also helps produce heat and block pain signals",Apply on clean and dry skin,"Read the label carefully before use, Store in a cool, dry place away from direct sunlight, Keep out of reach of children, Avoid contact with eyes, mucous membranes, rashes, wounds or damaged skin, Do not mix the balm with any other oils or sprays. It could cause a severe reaction, For external use only, Allergy-prone people to consult a physician before use, In case of excessive irritation of the skin, discontinue the use of this product & consult a physician"
https://www.1mg.com/otc/witzion-ankle-support-large-beige-otc513738,,Witzion,,,,
https://www.1mg.com/otc/aruba-essentials-lavender-oil-otc403454,,Kamatri Corporation Pvt Ltd,,,,
https://www.1mg.com/otc/dr-med-ankle-support-dr-a004-large-black-otc377561,,A-MI Global Co Ltd,,,,
https://www.1mg.com/otc/tynor-k-09-heel-cup-silicone-pair-small-otc335736,Tynor K-09 Heel Cup Silicon (Pair),Tynor Orthotics Pvt. Ltd.,"Anatomically designed for better comfort and fitting, it provides even pressure distribution throughout.","Made of silicon with the high cushioning coefficient, Next to natural adipose, shock absorption & energy return, They include a softer center pad which absorbs excess pressure over the heel, Thin Construction, can easily be put into shoes, Convenient and comfortable",Use as per requirement or as directed by the physician.,"Read the label carefully before use, Keep out of the reach of children, Store in a cool and dry place"
https://www.1mg.com/otc/vissco-5601-platinum-elbow-support-with-silicone-pressure-pad-xl-otc448593,Vissco 5601 Platinum Elbow Support with Silicone Pressure Pad,Vissco Rehabilitation Aids Pvt. Ltd.,It is primarily used in the condition of tendonitis (lateral epicondylitis).,,Use as per requirement or as directed by the physician.,"Read the label carefully before use, Store in a cool dry place away from direct sunlight, Keep out of reach of the children, Avoid physical damage"
https://www.1mg.com/otc/presens-otc301-medical-compression-thigh-length-stocking-xxxl-beige-otc569871,,Presens Healthcare,,,,
https://www.1mg.com/otc/amron-xamax-regular-backrest-xl-otc421588,Amron Xamax Backrest,Xamax Ergonomics Pvt. Ltd.,It aids in treating backache by correcting the sitting posture. It helps provide lumbar support and can be used as back support for a car seat.,,Use as directed and follow proper instructions.,
https://www.1mg.com/otc/swasthya-sankul-organic-peeda-kashmak-oil-otc916173,Swasthya Sankul Organic Peeda Kashmak Oil(8ml Each),Tarus Pharmaceutical,,"Ajwain, camphor, eucalyptus, wintergreen and turmeric oils., Ajwain relaxes the uterine muscles and reduces menstrual cramps, Eucalyptus oil soothes and relaxes the muscles and helps in cold, Wintergreen oil relieves pain, inflammation, and headaches, Turmeric is known for its anti-inflammatory and antiseptic properties, Camphor helps deal with the pain in the joints",,"Read the label carefully before use, Keep out of reach of children, Maintain hygiene"
https://www.1mg.com/otc/sumo-spray-otc698241,,Alkem Laboratories Ltd,,,,
https://www.1mg.com/otc/lyra-healthcare-lumbar-tennis-elbow-support-band-brace-with-velcro-strap-belt-beige-otc412778,,Lyra Healthcare,,,,
https://www.1mg.com/otc/acupressure-slipper-k-star-otc518401,,Kapil Plastic Mould,,,,
https://www.1mg.com/otc/p-care-a1019-lumbo-sacral-support-belt-small-otc658676,,PR Flexmake Private Limited,,,,
https://www.1mg.com/otc/dr.-reckeweg-bromium-dilution-3x-otc373123,Dr. Reckeweg Bromium Dilution,Dr Reckeweg & Co,,"Bromine, Ethanol, Water, Liquid, The dilution may help in managing dry cough with hoarseness and burning pain behind the sternum, It reduces sweating, maintains strength and reduces sore discharges, It can help regulate temperature and not get hot which is worse in the evening till midnight, It may help in relieving pain in the headaches caused by sun heat and rapid movements, This dilution can help in managing nasal discharge with blockage of the right nostril, Dr. Reckeweg Bromium Dilution can help reduce the tonsil pain when any food or liquid is swallowed, This formulation may help manage pain behind the chest region with a lot of dry cough and hoarseness, It can help in reducing pus-filled pimples",,"Read the label carefully before use, Store in a cool and dry place, away from sunlight, Keep out of reach of children, Don’t exceed the recommended dosage"
https://www.1mg.com/otc/witzion-knee-brace-large-beige-otc514126,,Witzion,,,,
https://www.1mg.com/otc/lp-561cp-elbow-pad-single-xl-otc331253,,LP Support,,,,
https://www.1mg.com/otc/wellon-elastic-elbow-support-wb-07-medium-otc387554,,Mana Medical,,,,
https://www.1mg.com/otc/acupressure-massager-string-red-self-otc518701,,Kapil Plastic Mould,,,,
https://www.1mg.com/otc/mgrm-knee-support-0701-large-otc390612,,MGRM Medicare Ltd.,,,,
https://www.1mg.com/otc/lp-906-cervical-collar-support-medium-otc331415,LP #906 Cervical Collar Support,LP Support,Cervical strains and sprains,,"Read the user manual carefully, Hand wash with mild soap in cold water, Rinse thoroughly, Air dry at room temperature, Do not machine wash or dry",
https://www.1mg.com/otc/p-care-a1010-contoured-back-support-medium-otc658548,,PR Flexmake Private Limited,,,,
https://www.1mg.com/otc/p-care-c3003-varicose-vein-stocking-medium-otc658840,,PR Flexmake Private Limited,,,,
https://www.1mg.com/otc/wellon-tennis-elbow-support-wb-04-universal-otc387538,,Mana Medical,,,,
https://www.1mg.com/otc/dyna-3d-knitted-knee-cap-small-orange-right-otc392334,,Dynamic Techno Medicals Pvt. Ltd.,,,,
https://www.1mg.com/otc/sleepsia-standard-memory-foam-infused-gel-pillow-medium-embossed-white-fabric-otc504667,,Sleepsia India Pvt Ltd,,,,
https://www.1mg.com/otc/dr-ortho-combo-of-crepe-bandage-8x4-pain-relief-ointment-30gm-otc472733,,Dr Ortho Ayurvedic,,,,
https://www.1mg.com/otc/tynor-b-01-collar-soft-firm-density-medium-otc335724,,Tynor Orthotics Pvt. Ltd.,,,,
https://www.1mg.com/otc/dyna-3d-knitted-knee-cap-large-black-right-otc392260,,Dynamic Techno Medicals Pvt. Ltd.,,,,
https://www.1mg.com/otc/crampout-tablet-otc928374,Crampout Tablet,Matteo Healthcare Pvt Ltd,,"Magnesium bisglycinate, Elemental magnesium, Magnesium bisglycinate, the key ingredient, swiftly alleviates muscle cramps, offering quick and effective relief, With carefully selected ingredients, this tablet ensures maximum absorption of elemental magnesium for enhanced efficacy, Beyond symptom relief, the formulation targets magnesium deficiency at its source, providing sustained comfort, Designed to address various forms of muscle discomfort, it offers a holistic approach to muscle health",As advised by your healthcare practitioner,"Read the label carefully before use, Store in a cool and dry place, away from sunlight, Keep out of reach of children"
https://www.1mg.com/otc/agarwals-hyllis-herbal-neck-pain-cervical-shoulder-reliever-self-heating-patch-10-each-otc865072,Agarwals Hyllis Pain Relief Neck Patches,Agarwal Surgicals,It is used to relieve neck pain and discomfort,"The patch helps to provide rapid relief from neck pain and discomfort, It uses ancient herbal ingredients and adopts plant extracts and natural herbal ingredients with no side effects, It helps provide relief from the pain of osteoarthritis, rheumatoid arthritis, tendonitis and bursitis, The patches are soft, flexible and does not leave stain, They can be cut to the desired sizes and be worn under clothes","Clean the affected skin with warm water, remove the protective film and stick the adhesive pain relieving patch on the area where you’re in pain","Store in a dry and hygienic place, Read the label before use, Keep out of reach of small children"
https://www.1mg.com/otc/ramshree-ayurvedic-sansthan-para-pain-capsule-otc871020,Ramshree Ayurvedic Sansthan Para Pain Capsule,Ramshree Ayurvedic Sansthan,,"Centella Asiatica, Convolvulus pluricaulis, Glycyrrhiza Glabra, Oroxylum Indicum Vent, Rauwolfia Serpentina, Cinnamomum Zeylanicum, Phyllanthus Emblica, Terminalia Chebula, Terminalia Bellirica, Withania Somnifera, Bacopa Monnieri, The capsules help to relieve body pain and soothe inflammation, They help increase mobility by reducing the pain caused by various injuries and diseases, They are effective for topical and acute pain and help provide long-term relief",Take a capsule twice a day with lukewarm water or as prescribed by the physician,"Keep out of reach of children, Store in a cool and dry place, Read the label before use, Do not exceed the recommended dosage"
https://www.1mg.com/otc/amron-xamax-wrist-wrap-small-otc421723,,Xamax Ergonomics Pvt. Ltd.,,,,
https://www.1mg.com/otc/amron-xamax-knee-cap-xxl-otc421662,,Xamax Ergonomics Pvt. Ltd.,,,,
https://www.1mg.com/otc/indian-herbal-valley-arthro-dense-ultra-oil-otc550029,,Indian Herbal Valley,,,,
https://www.1mg.com/otc/adel-carbo-ani-dilution-200-ch-otc331873,ADEL Carbo Ani Dilution,Adel Pekana Germany,,"Carbo Animalis, 10 ml, Liquid, Reduces pain and dryness in throat, Helps in managing anxiety and nausea which increase during the night, Helps in managing irregular periods and weakness in women, It is an effective remedy for reducing hardness in glands, Provides relief from pain in the tailbone",,"Read the label carefully before use, Use under medical supervision, Do not exceed the recommended dosage, Maintain half an hour gap between food, drink and any other medicine, Avoid any strong smell in the mouth while taking medicine e.g. camphor, garlic, onion, coffee and hing, Store in a cool and dry place"
https://www.1mg.com/otc/witzion-medium-beige-contoured-lumbar-sacral-back-support-belt-otc513888,,Witzion,,,,
https://www.1mg.com/otc/sleepsia-premium-quality-thick-contour-gel-infused-pillow-medium-polka-dot-blue-white-fabric-otc504647,,Sleepsia India Pvt Ltd,,,,
https://www.1mg.com/otc/maxis-cotton-thigh-length-stocking-xxxl-beige-otc570825,,Isha Surgical,,,,
https://www.1mg.com/otc/amron-xamax-tennis-elbow-support-xxl-otc421734,,Xamax Ergonomics Pvt. Ltd.,,,,
https://www.1mg.com/otc/witzion-functional-knee-support-large-grey-otc513636,,Witzion,,,,
https://www.1mg.com/otc/tynor-i69-medical-compression-stocking-mid-thigh-class-1-xl-otc345881,Tynor I-69 Medical Compression Stocking Mid Thigh Class 1,Tynor Orthotics Pvt. Ltd.,It is primarily used to provide relief in all forms of venous disease including blood pools or congests in legs.,"It is high quality, dermophillic, strong with long functional life, Gives effective and graduated compression, Anatomical shape ensures, snug fitting and optimal grip, Top silicone lined band ensures no slippage, Open toe design reduces wear and tear and is easy to wear, Available in different compression classes, ensures effective blood evacuation, Available sizes: S (14.6""-16.9""), M (16.5""-18.9""), L (18.5""-20.9""), XL (20.5""-22.8"")",Use as per requirement or as directed by the physician.,"Read the label carefully before use, Store in a cool dry place away from direct sunlight, Keep out of reach of the children, Avoid physical damage"
https://www.1mg.com/otc/dr.-gene-accusure-electric-heating-pad-otc331096,Description:,Microgene Diagnostic Systems (P) Ltd,"It is an electronically operated heating pad that promotes consistent circulation throughout the body and provides relief from cold, pain and body aches.","Product Dimensions:  32.8 x 23.6 x 3.8 cm, It has a 3-level temperature setting that can be adjusted according to your comfort, Comes with an auto-cut feature that helps save energy, It has an in-built thermostat for safety, It is equipped with an overheat security system","Turn the flap covering the socket on the gel pad and plug in the connector cod, Once connected, plug the cable into the wall socket, Switch on the power supply. The charging indicator red light will turn on, Wait for the heating pad to reach the desired temperature, Use on the desired area for immediate relaxation","Read the label carefully before use, Keep it away from direct contact with sunlight, Electric device, to be used with caution"
https://www.1mg.com/otc/the-lifekart.in-migraine-relief-30-days-kit-90-chewable-tablet-30-probiotic-sachet-otc710937,,Lancer Pharma,,,,
https://www.1mg.com/otc/wellon-elastic-wrist-splint-wb02-large-left-otc387518,Wellon Elastic Wrist Splint WB-O2,Mana Medical,It is used to support the wrist and to prevent unwanted movement of wrist during sprain or strain.,"It provides firm immobilization, This splint can be moulded to form exact required shape, It is made from skin friendly fabric, well ventilated, easily adjustable and can be applied conveniently, It is lined with ethafoam that provides high cushioning and comfortable fit, It allows free movement of fingers, Wrist support for prevention of movement, Made from skin friendly fabric with comfortable ethafoam, Comfortable and easy to use during sprain and strain",As directed on the manual.,"For external use only, Hand wash using mild liquid detergent, Air dry from sunlight, Do not bleach, iron or dry clean"
https://www.1mg.com/otc/parsana-stone-therapy-plate-otc837188,Parsana Stone Therapy Plate,Parsana Health Centre Pvt. Ltd.,This device helps provide relief from bouts of anxiety and stress.,"This stone therapy plate helps in curbing headaches and migraines, This stone therapy plate may help improve digestion, It helps fight bouts of anxiety and stress, It helps improve blood circulation in the body, It helps increase energy levels and helps manage weight",Use it thrice a day; each session should continue for 15 minutes.,"Read the label carefully, It is not recommended during pregnancy, Store in a safe and clean place, Keep out of reach of children"
https://www.1mg.com/otc/samson-pa-2023-wrist-and-arm-exerciser-universal-black-otc487865,,Samson Scientifics & Surgicals,,,,
https://www.1mg.com/otc/jsb-hf66-leg-massager-machine-with-air-compressor-otc835779,JSB HF66 Leg Massager Machine with Air Compressor,JSB Healthcare,,"Promotes blood circulation:With air compression and heat working all together to help improve blood circulation, it works well on your muscles and helps relieve pain and discomfort. It works on the various parts of the body which usually get affected by pain, Air compression massager:It consists of an airbag compression feature which creates pressure on the muscles to reduce pain and swelling and gives relief to varicose veins and chronic leg pain, 1-year warranty:It comes with a one-year brand warranty, Multiple usage and portable:It works on the various parts of the body which usually get affected by the pain, like on your arms, calves, thighs and feet. It can be used by anyone as it is free size where you can fix to any of your body parts and is a portable product",Use as directed in the user manual.,Read the instructions carefully before use
https://www.1mg.com/otc/lp-641-knee-support-elastic-single-medium-blue-otc340459,LP #641 Knee Support Elastic,LP Support,These supports are used to prevent knee ache and it helps to treat knee injuries.,,"Sit comfortably on a chair and apply the support on the affected area, Make sure they are not tight, you should not feel any numbness and walk around and smooth the knee support to eliminate the wrinkles","Hand wash in cold water with mild soap. Rinse thoroughly, Air dry at room temperature. Do not machine wash and dry, Should a rash or irritation occur, discontinue use and consult your physician"
https://www.1mg.com/otc/acupressure-foot-roller-wooden-half-otc518729,Acupressure Foot Roller,Kapil Plastic Mould,Use it to massage your feet at your convenience.,,Place feet with gentle pressure using to and fro action for a few minutes every day to get relief from stress and tension.,"Store in a cool and dry place away from direct sunlight, Read the product label carefully before use, Keep out of reach of children"
https://www.1mg.com/otc/acupressure-roller-soft-plastic-anand-otc518653,,Kapil Plastic Mould,,,,
https://www.1mg.com/otc/aurthot-afo-foot-drop-splint-large-right-otc389289,,Aurthot Surgicals (OPC) Pvt Ltd,,,,
https://www.1mg.com/otc/tynor-e-03-wrist-forearm-splint-small-right-otc345641,Tynor E 03 Wrist & Forearm Splint,Tynor Orthotics Pvt. Ltd.,It helps to maintain the wrist in the neutral/functional position.,,Use a directed by the health-care professional.,
https://www.1mg.com/otc/acupressure-foot-roller-lehriya-wooden-otc518726,Acupressure Foot Roller Lehriya Wooden,Kapil Plastic Mould,"The roller helps stimulate the acupressure points in the feet, It enables to activate of the pressure points located under the feet, It helps relieve pain","It is made of wood, It enables foot relaxation and pain relief, It is useful for arthritis, sciatica, leg pain, and gouts and supports the digestive system, The roller is designed to stimulate the acupressure points in the feet","Sit on a chair in a comfortable position and place the roller on a stable floor, Roll your feet on it for about 5-10 minutes daily for best results, This enables to activate the pressure points located under the feet","Store in a dry and hygienic place, Read the label carefully before use, Keep out of reach of children"
https://www.1mg.com/otc/maxis-cotton-knee-length-stocking-xl-beige-otc570794,,Isha Surgical,,,,
https://www.1mg.com/otc/maxis-cotton-thigh-length-stocking-large-beige-otc570819,,Isha Surgical,,,,
https://www.1mg.com/otc/wellon-cervical-collar-soft-full-foam-cc-02-large-otc387489,,Mana Medical,,,,
https://www.1mg.com/otc/westcoast-crampnil-sachet-helps-to-relieve-muscle-pain-joint-pain-cramps-calcium-magnesium-l-carnitine-vitamin-b5-vitamin-b6-15gm-each-orange-flavour-otc707801,Crampnil Powder Sachet (15gm Each) Orange Flavour,West-Coast Pharmaceutical Works Ltd,,"Calcium Citrate, L-carnitine, Magnesium, It is effective in reducing joint inflammation and pain and may improve joint health, It may help to make bones strong and flexible and increases the bone strength, It is a unique combination of calcium that increases the bioavailability of calcium and makes it a complete solution, This medication is an essential body mineral. It ensures the adequate supply of calcium to bones",Use as directed on the label or as advised by your healthcare provider.,"Read the label carefully before use, Store in a cool and dry place away from direct sunlight, Keep out of reach of children"
https://www.1mg.com/otc/raayancha-herbals-rheumansh-capsule-otc656569,Raayancha Herbals Rheumansh Capsule,Raayancha Herbals,,"Shallaki exudate (Boswellia serrata), Rasna root (Pluchea lanceolata), Guggulu exudate (Commiphora mukul), Rudraksha seeds (elaeocarpus sphaericus), Nirgundi leaves (Vitex negundo), Guduchi whole plant (Tinospora cordifolia), Sonti rhizome (Zingiber officinale), Devadaru Stem bark (Cedrus deodara), Eranda (Ricinus communis), Effective for rheumatic pains and all joint pains, Helps with muscular spasm and low back pain, Features ancient Ayurvedic formula, 100% purely herbal, Free from chemicals, No Side Effects",Take one capsule twice daily or as directed by a physician.,"Read the label carefully before use, Store in a cool and dry place away from direct sunlight, Keep out of reach of the children"
https://www.1mg.com/otc/sandpuppy-kneebrace-adjustable-open-patella-hinged-knee-support-cap-universal-otc711220,,Afferent Wearable Technology,,,,
https://www.1mg.com/otc/dr.-reckeweg-eupatorium-purpureum-dilution-3x-otc376066,Dr. Reckeweg Eupatorium Purpureum Dilution,Dr Reckeweg & Co,,"Plant extract of Joe-Pye weed, Ethanol, Effective in managing the condition of albuminuria, Helps reduce irritation in the bladder, Helpful in the condition of blood in urine, Useful in case of enlarged prostate, Relieves impotency and sterility, Soothes headaches with vertigo, May relieve pain in the kidneys, Eases pain in the urethra on urinating, Relieves sensation of heaviness in the back, Provides relief from pain around the left ovary, 10 ML, Liquid dilution","Take 3-5 drops 2-3 times in a day or, as prescribed by a physician.","Use under medical supervision, Store in a cool and dry place, away from direct sunlight, Consult a doctor before use, especially for individuals with specific medical conditions, Keep out of the reach of children"
https://www.1mg.com/otc/dolphin-air-cushion-otc337142,,Sahnisons Pvt. Ltd.,,,,
https://www.1mg.com/otc/comprezon-cotton-varicose-vein-stockings-class-1-below-knee-1-pair-small-beige-otc390197,Comprezon Cotton Varicose Vein Stockings Class 1 Below Knee (1 Pair),Dynamic Techno Medicals Pvt. Ltd.,To support the abdomen.,"Comfortable and non-restricting, Early varicose in pregnancy, Available in the following sizes:, X-Small (17-19), Small (19-23), Medium (23-26), Large (26-29), X-Large (29-31), XX-Large (31-34)",,"Read the manual carefully before use, Keep out of reach of the children"
https://www.1mg.com/otc/baidyanath-moti-pishti-no.1-otc388415,,Shree Baidyanath Ayurved Bhawan Pvt Ltd,,,,
https://www.1mg.com/otc/unigrip-hot-water-bag-otc550592,Unigrip Hot Water Bag,Unigrip Inc,"It is used to provide relief from back pain, rheumatic pain and arthritis pain.","It provides instant relief from pain, Made from superior quality material, It has a small and compact design","When filling the bottle, do not use boiling water, Fill to a maximum of two-third capacity, Check the bottle for any leakage by holding the bottle in an upside-down position, Expel air by lowering carefully onto a flat surface until water appears at the opening, Screw the stopper sufficiently tight to ensure that there is no leakage","Read the label carefully before use, Store in a cool and dry place away from direct sunlight, Keep out of reach of the children"
https://www.1mg.com/otc/seer-secrets-ayurvedic-herbal-head-temple-potli-compress-otc648111,Seer Secrets Ayurvedic Herbal Head Temple Potli Compress,Seer Secrets,,"Organic pink lentil, Organic Cloth, Rosemary Essential oil, Camphor oil, Wintergreen oil, Peppermint Oil, Tea Tree essential oil, It will loosen up tense knotted muscles, Improves muscle tone and strength, Reduces inflammation and improve blood circulation, Gives a warm relaxed feel to the mind, body and soul","Start by placing your thumbs on your cheekbones, and use the head potli to gently apply pressure and rub the temples (the soft spot between the corner of your eye and your ear), Use potli to put compress pressure and in a tiny circular motion, gradually move your fingers up along your hairline until they meet in the middle of your forehead, massaging your entire forehead and scalp as you inch along","Read the label carefully before use, Store in a cool and dry place away from direct sunlight, Keep out of reach of the children"
https://www.1mg.com/otc/mgrm-shoulder-immobilizer-0201-xl-otc390659,,MGRM Medicare Ltd.,,,,
https://www.1mg.com/otc/samson-np3007-knee-wrap-universal-otc348975,,Samson Scientifics & Surgicals,,,,
https://www.1mg.com/otc/wellon-finger-extension-splint-fi-02-small-otc387567,Wellon Finger Extension Splint FI-02,Mana Medical,"The splint is designed to assist with finger extension, potentially aiding in the treatment of conditions such as mallet finger or other finger injuries that require finger extension support.","Sizes: Available in small, medium and large sizes, Malleable Design: The splint is malleable, allowing it to be adjusted and moulded to fit the finger's contour, Foam Padding: The splint is foam padded, providing comfort to the wearer, Thumb Support: The splint may provide support to the thumb, Velcro Straps: The splint likely features Velcro straps that ensure a secure and adjustable fit, Extension Assistance: The splint is designed to assist with finger extension, potentially aiding in the treatment of conditions such as mallet finger or other finger injuries that require finger extension support",Use as directed by a healthcare professional,"Hand wash using mild liquid detergent, Air dry away from heat and sunlight, Do not bleach, iron or dry clean"
https://www.1mg.com/otc/gohil-ayurved-rumoxl-oil-otc346690,,Gohil Ayurved Pvt Ltd,,,,
https://www.1mg.com/otc/runtej-pain-ointment-otc517001,Runtej Pain Ointment,Parsham Group,,"Camphora, It helps reduce pain in the body, This formula provides relief from backache and helps support the knees, It strengthens the joints of the body, It nourishes the bones and improves flexibility",Massage gently on the required area.,"Read the label carefully, Store in a cool, dry place, Keep away from direct sunlight, For external use only"
https://www.1mg.com/otc/dr-med-multipurpose-knee-support-with-lateral-straps-dr-k032-large-black-otc377533,,A-MI Global Co Ltd,,,,
https://www.1mg.com/otc/guduchi-the-ayurvedism-flexiplus-liniment-otc492734,Guduchi The Ayurvedism Flexiplus Liniment,Guduchi The Ayurvedism,,"Guduchi, Nirgundi, It helps to relieve pain and stiffness in the joints, muscles, and tendons, It has anti-inflammatory and pain-relieving properties, It helps to improve flexibility and mobility, It can help to relieve from osteoporosis and rheumatic pain in the body",,"Read the label carefully before use, Store in a cool and dry place, Keep away from direct sunlight"
https://www.1mg.com/otc/fullstop-workout-recovery-1000mg-tincture-otc547487,,Fullstop,,,,
https://www.1mg.com/otc/comprezon-classic-varicose-vein-stockings-class-2-above-knee-1-pair-small-beige-otc390186,Comprezon Classic Varicose Vein Stockings Class 2 Above Knee (1 Pair),Dynamic Techno Medicals Pvt. Ltd.,Boost flow of blood back from legs to heart. Prevents the pooling of blood in the legs which is the main cause of varicose veins,,As described by your physician,"Read the label carefully before use, Store in a cool, dry place away from direct sunlight, Keep out of reach of children, Avoid physical damage"
https://www.1mg.com/otc/witzion-varicose-vein-stocking-large-beige-eco-otc514898,,Witzion,,,,
https://www.1mg.com/otc/dr.-reckeweg-viola-odor-dilution-6-ch-otc375550,Dr. Reckeweg Viola Odor Dilution,Dr Reckeweg & Co,,"Viola plant with alcohol, Liquid dilution, Helps relieve joint pain in hand, finger joints and shoulder muscles, It may relieve migraine headaches in the forehead, Helps reduce pain above the eyebrows, Helps in the management of vertigo",Use as directed by a healthcare professional,"Read the label carefully before use, Store in a cool and dry place, Protect from direct sunlight, Avoid any strong smells in the mouth, such as coffee, onion, hing, mint, camphor, garlic, etc., while taking the medicine, Keep at least half an hour gap between food/drink / any other medicines and allopathic medicines"
https://www.1mg.com/otc/dr-ortho-combo-pack-of-crepe-bandage-10x4-pain-relief-spray-75ml-otc575680,,Dr Ortho Ayurvedic,,,,
https://www.1mg.com/otc/healthvit-curcumin-475mg-capsule-otc340663,HealthVit Curcumin 475mg Capsule,West-Coast Pharmaceutical Works Ltd,,"Curcumin 475mg, Immunity tablets with curcumin powder help as immunity boosters by suppressing viral replication, Curcumin helps make your skin glow naturally by diminishing blemishes, fine lines and wrinkles. It also promotes the natural healing of wounds., Curcumin helps manage inflammation for physical overexertion and can also help promote joint comfort and mobility, Curcumin helps in making your skin glow naturally by diminishing blemishes, fine lines, and wrinkles, It also promotes the natural improving wounds","As a Dietary supplement for adults, 1 or 2 capsules daily, preferably at mealtime or as directed by the health practitioner","Store in a cool and dry place away from direct sunlight, Read the label carefully, Keep out of reach of children"
https://www.1mg.com/otc/equinox-hot-water-bottle-with-cover-eq-ht-04-s-otc355829,Equinox Hot Water Bottle (EQ-HT-04 S),Equinox Overseas Pvt Ltd,"This product treats muscular pain, induces relaxation and releases stress.","Capacity - 2 Litre and durable and is leakproof, Softcover outside the hot water bag, Ideal for stomach and backaches, joint pain, muscular cramps and menstrual pain, Soothes pain during muscle pull, arthritic and rheumatic pain, Ideal for adults, elderly, athletes etc.","When filling the bottle do not use boiling water, Fill to a maximum of two-third capacities, Check the bottle for any leakage by holding the bottle in an upside-down position, Expel air by lowering carefully onto a flat surface until water appears at the opening, Screw the stopper sufficiently tight to ensure that there is no leakage","Read the label carefully before use, Keep out of reach of the children, Store in  a cool dry place away from direct sunlight"
https://www.1mg.com/otc/dicoliv-gel-otc244545,,Ind Swift Laboratories Ltd,,,,
https://www.1mg.com/otc/monisons-pain-balm-45gm-each-otc978657,Monison Pain Balm,Monji Vishram & Co.,,"Pudina, Wintergreen Oil, Nilgiri Oil, It is an ayurvedic product, This product helps relieve headaches, This balm may also help to reduce body pain, colds, joint pain and muscle pain",Use as directed on the label or as suggested by a healthcare practitioner.,"Store it in a cool and dry place, Keep it away from direct sunlight, Keep it away from the reach of the children"
https://www.1mg.com/otc/mgrm-tennis-elbow-support-0306-medium-otc390691,,MGRM Medicare Ltd.,,,,
https://www.1mg.com/otc/lp-130xt-x-tremus-wrist-brace-small-otc331465,LP #130XT X-Tremus Wrist Brace,LP Support,It is useful in providing relief in instability on the wrist and preventing wrist injuries.,"It is used to treat slight distortions, sprains and strains in the wrist, It helps treat Tendonitis, bursitis and osteoarthritis of the wrist",Use as per requirement or as directed by the physician.,"Read the label carefully before use, Keep out of the reach of children, Store in a cool dry place away from direct sunlight"
https://www.1mg.com/otc/vaidhyashala-prasarini-tail-otc491423,,Namo Gange Wellness Pvt Ltd,,,,
https://www.1mg.com/otc/salo-orthotics-donut-cushion-for-piles-and-fistula-visible-hole-xl-otc394694,,Salo Orthotics,,,,
https://www.1mg.com/otc/witzion-functional-knee-support-small-black-otc513552,,Witzion,,,,
https://www.1mg.com/otc/mensome-magnesium-oil-otc546739,Mensome Magnesium Oil,Padam Shree Marketing,,"Elemental magnesium, It helps to reduce inflammation and pain in the joints and muscles, It helps to halt muscle soreness and cramps, It calms the symptoms of restless syndrome, It helps to promote bone health, It provides relaxation and makes sleeping peacefully","Take a few drops of oil and massage the affected area, Read label before use","Store in a cool and dry place, Keep out of reach of children, For external use only"
https://www.1mg.com/otc/rexo-knee-care-pads-insta-heat-otc493635,,Rexo Products,,,,
https://www.1mg.com/otc/medtrix-functional-open-patella-hinge-knee-support-medium-grey-otc503679,,Medtrix,,,,
https://www.1mg.com/otc/aquagel-innovations-knee-pad-velvet-pouch-otc514167,Aquagel Innovations Knee Pad Velvet Pouch,Balaji Innovations,It provides relief to swollen knees.,"It is built with the latest technology and fibre optic coil, This pouch helps reduce the pain and suffering of arthritis, It provides relief to swollen knees, It comes with three stages heating regulator, It includes two strep velcro belts for a tight grip",As mentioned in the instruction manual.,"Read the label carefully before use, Keep out of the reach of children, Maintain hygiene"
https://www.1mg.com/otc/wellon-anklet-binder-tubular-as-03-xl-otc387619,,Mana Medical,,,,
https://www.1mg.com/otc/dr-med-tennis-elbow-support-dr-e001-universal-blue-otc377591,,A-MI Global Co Ltd,,,,
https://www.1mg.com/otc/vaidyaratnam-dhanwantharam-101-soft-gel-capsule-otc377764,,Ashtavaidyan Thaikkattu Mooss Vaidyaratnam Pvt Ltd,,,,
https://www.1mg.com/otc/baidyanath-jhansi-chandanvala-lakshadi-tel-otc614046,Baidyanath (Jhansi) Chandanvala Lakshadi Tel,Shree Baidyanath Ayurved Bhawan (P)Limited (Jhansi),,"Sounf, Ushira, Netrabala, Salab mishri, Yavani, Haridra, Daru haridra, Yasti, Kutki, Devdru, Pushkarmool, Manjistha Agara, Ashwagandha, Danti, Nagkesar, Nagar motha, Rasna, Resin, Sariva, Coraka, Bala, Chandan, Tvak, Kwath: Cow milk, Chandan safed, Lakh, Kush, Bala, Sesame oil., Oil, 50 ml, Male/Female, Promotes skin health by addressing various skin concerns like dryness or irritation, Supports muscle relaxation and alleviates discomfort, Assists in reducing inflammation in joints and muscles and helps manage discomfort associated with inflammatory conditions, Rooted in ayurvedic principles, it helps in balancing bodily functions and supports the body's natural healing processes, Stimulates blood circulation, promoting better oxygen flow throughout the body",Gentle massage of this oil all over the body or affected area twice daily or as directed by the physician.,"Store in a cool and dry place away from direct sunlight, Read the product label carefully before use, Keep out of reach of children, For external use only"
https://www.1mg.com/otc/wellon-elastic-tubular-anklet-as-01-medium-otc387594,Wellon Elastic Tubular Anklet AS-01,Mana Medical,It is used to provide support and stability in the case of sprains and strains in the ankle region.,"Provides graduated compression to the affected area, Designed with four way stretchable fabric, Facilitates comfort in sprains and strains",Use as per requirement or as directed by the physician.,"Read the label carefully before use, Store in a cool dry place away from direct sunlight, Keep out of reach of the children, Avoid physical damage"
https://www.1mg.com/otc/wellon-thumb-spica-splint-fi-04-universal-otc387574,,Mana Medical,,,,
https://www.1mg.com/otc/amron-xamax-ls-belt-contour-xxxl-otc421578,,Xamax Ergonomics Pvt. Ltd.,,,,
https://www.1mg.com/otc/remedo-back-support-standard-otc390063,,Remedo Wellness Pvt Ltd,,,,
https://www.1mg.com/otc/lp-170xt-x-tremus-knee-brace-single-xl-otc331285,LP #170XT X-Tremus Knee Brace,LP Support,"It is used to relieve sprain, strain, patellar dislocation, arthritis and post-surgery support.",,Measure the circumference of the knee at the patella with the knee fully extended and wear accordingly.,"Read the label carefully before use, Keep out of reach of the children, Store in a cool dry place"
https://www.1mg.com/otc/dr.-reckeweg-hypericum-per-dilution-3x-otc376071,,Dr Reckeweg & Co,,,,
https://www.1mg.com/otc/moov-cool-therapy-gel-otc964101,Moov Cool Therapy Gel,Reckitt Benckiser Healthcare Pvt. Ltd.,,"Each gram of gel contains: Pudina Satva (Mentha piperita) extract (Aerial parts of plant) 8.0% w/w, Preservative: Benzyl Alcohol IP, Colouring Agents: Brilliant Blue FCF, Tartrazine Yellow., Gel., 10g.",Apply a thin film of the gel to the affected area and massage gently. Repeat 3-4 times daily for best results.,
https://www.1mg.com/otc/pentaphyte-p-syrup-otc234608,,Dr.Palep Medical Research Foundation,,,,
https://www.1mg.com/otc/lp-769-neoprene-patella-brace-single-otc331332,LP #769 Neoprene Patella Brace (Single),LP Support,It is specially designed to help prevent knee injury and applies pressure on the area to treat the pain.,"Measure the circumference of the knee at the patella with knee fully extended. It is available in one size that fits all, It applies pressure on the patellar tendon to assist with correct tracking, It provides symptomatic relief from pain and inflammation",Use as per requirement or as directed by the physician.,"Read the label carefully before use, Keep out of the reach of children, Store in a cool dry place away from direct sunlight"
https://www.1mg.com/otc/witzion-functional-knee-support-small-grey-otc513628,,Witzion,,,,
https://www.1mg.com/otc/ar-5-gel-otc266401,AR 5 Gel,Tetramed Biotek Pvt Ltd,,"Inositol nicotinate, On chest and throat, temporarily relieves cough due to minor throat and bronchial irritation associated with the common cold, It provides effective relief from pain in the joint, knee, back, neck and shoulder, It helps in pain caused due to muscle pulls, sprain, strain and sports injuries, Microparticles allow deeper penetration and provide quick pain relief, It is useful in musculoskeletal, joint and soft tissue disorders",Use as directed on the label or as advised by your healthcare provider.,"Read the label carefully before use, Store in a cool and dry place away from direct sunlight, Keep out of reach of children"
https://www.1mg.com/otc/amron-xamax-wrist-wrap-xl-otc421705,,Xamax Ergonomics Pvt. Ltd.,,,,
https://www.1mg.com/otc/dyna-3d-knitted-knee-cap-medium-black-left-otc392310,,Dynamic Techno Medicals Pvt. Ltd.,,,,
https://www.1mg.com/otc/maxis-cotton-knee-length-stocking-xxxxl-beige-otc570801,,Isha Surgical,,,,
https://www.1mg.com/otc/dr.-vaidya-s-rumox-pain-relief-balm-50gm-each-otc788282,Dr. Vaidya's Rumox Pain Relief Balm (50gm Each),Herbolab India Pvt Ltd,,"Mahanarayan oil, Vishagarbha oil, Menthol and Wintergreen oil, Deodar oil, Cinnamon oil, Relief from joint pain:Rumox pain relief balm contains a blend of 9 ayurvedic ingredients known to provide relief from joint pain, Relieves muscle pain and soreness:Pain-relieving oils contain anti-inflammatory properties that help relieve muscle pain and soreness, Improves joint flexibility and mobility:Cartilage-strengthening oils help improve joint strength and flexibility, Safe pain reliever with zero known side effects:High-quality oils and ingredients are used to make rumox pain relief balm results in a pain reliever with no known side effects, Mahanarayan oil:This pain relief oil contains anti-inflammatory and pain-relieving properties that help relieve swelling and pain in your muscles and joints, Vishagarbha oil:This oil helps soothe muscle aches while relieving joint stiffness caused by arthritis, Menthol and Wintergreen oil:This oil helps provide fast relief from joint pain and discomfort by reducing muscle stiffness, pain, and soreness, Deodar oil:This oil is known for its anti-inflammatory action which helps relieve muscle aches, joint pain, and discomfort, Cinnamon oil:This oil has analgesic, anti-inflammatory, and anti-rheumatic properties that make it a pain reliever. It also helps promote cartilage repair","For adults & children over 14 years, apply and rub well on the affected area, Repeat 3-4 times daily, Children under the age of 14, consult a physician before use","Read the label carefully before use, Store in a cool and dry place, away from sunlight, Keep out of reach of children"
https://www.1mg.com/otc/lp-250z-elbow-compression-sleeve-single-xl-otc331236,LP #250Z Elbow Compression Sleeve Single,LP Support,It is useful in treating elbow sprain and strain as well as slight injuries and trauma.,"Provide warmth and compression on the wrist and hand region, Adjustable compression by winding wrap, Easy and simple wear, Useful for protecting weaken muscles and preventing sports injuries",Use as per requirement or as directed by the physician.,"Read the label carefully before use, Keep out of the reach of children, Store in a cool dry place away from direct sunlight"
https://www.1mg.com/otc/medtrix-surgical-shoe-cast-orthopedic-boot-xl-beige-otc503540,,Medtrix,,,,
https://www.1mg.com/otc/lyra-healthcare-knee-support-band-and-adjustable-brace-with-velcro-belt-otc412751,,Lyra Healthcare,,,,
https://www.1mg.com/otc/salo-orthotics-spine-support-lumbar-back-rest-d-shaped-otc394501,,Salo Orthotics,,,,
https://www.1mg.com/otc/panion-plus-capsule-otc690974,Panion Plus Capsule,Win Trust Pharmaceuticals Limited,,"Yograj guggal, Sallai guggal, Ashwagandha extract, Lehsoon, Ashwagandha contains chemicals that might help calm the brain, reduce swelling, lower blood pressure, and alter the immune system, It may reduce symptoms of some mental health conditions, It may also help in reducing inflammation, May improve brain function, including memory",As prescribed by the physician,"Read the label carefully before use, Store in a cool and dry place, away from sunlight, Keep out of reach of children, Use under medical supervision, Don’t exceed the recommended dosage"
https://www.1mg.com/otc/wellon-knee-immobilizer-long-kb01-small-otc387580,Wellon Knee Immobilizer Long KB-01,Mana Medical,It is used for Knee instability patellar subluxation/ tilting collateral ligament injury muscle strain/ sprain.,"Anatomically contoured splints ensure rigid immobilization, PUF fused strong fabric offers perfect cushioning for enhanced patient comfort, Skin friendly fabric provides excellent feel and aesthetics, Spring steel supports on dorsal and lateral aspect, Steel reeves inserted for effective immobilization of knee after surgery, Model no :Kb01, Indications:Weak knee, Mild strain / sprain Arthritis, Size:Measure the circumference of the knee at the patella with knee fully extended, S/M: 30.48cm - 34.4cm (12"" - 13.5""), L/XL: 18inch -22inch",Put it on the affected knee while walking or resting.,"Read the manual carefully before use, Keep out of reach of the children"
https://www.1mg.com/otc/boldfit-ice-bags-for-pain-relief-6inch-yellow-banana-otc744418,Boldfit Ice Bags For Pain Relief 6inch Yellow Banana,Sasvat Omnicare Pvt Ltd,It is used to treat sore muscles and other knee or joint pains.,,"Pour water and ice cubes., Remove air from the bag., Press the ice bag on the pain area., Relax the ice bag on the injury area with an ice wrap.","Read the label carefully before use, Store in a cool and dry place away from direct sunlight, Keep out of reach of children"
https://www.1mg.com/otc/renewa-beads-neck-pillow-otc492837,,Dr. Sayani's Health Care Pvt. Ltd.,,,,
https://www.1mg.com/otc/healthvit-giloy-tulsi-juice-otc347495,HealthVit Giloy Tulsi Juice,West-Coast Pharmaceutical Works Ltd,,"Whey protein isolate, Digestive enzyme blend, Boosts Immunity Level:The combination of Tulsi variants contributes to boosting the immune system, helping the body defend against infections, Improves Blood Formation:The herbal blend may play a role in improving blood formation, contributing to overall circulatory health, Joint Health:Used in gout and joint-related troubles, the juice may support joint health and help alleviate discomfort, Anti-Inflammatory Properties:It helps fight against various infections and fever conditions, thanks to the anti-inflammatory properties of Tulsi, Detoxifying and Cleansing:Acts as a detoxifying, cleansing, and purifying agent, promoting internal well-being, Relieves Respiratory Issues:Helps relieve headaches, sore throat, cold, cough, flu, and chest congestion","Mix 1 scoop of Animal Whey with 4-6 ounces of skim milk or your beverage of choice. For optimal results, use a blender or Animal Shaker Cup, On training days, consider using 2 or more servings post-workout or whenever additional protein is required, For a more flavorful experience, use slightly less liquid when mixing up Animal Whey","Store in a cool and dry place away from direct sunlight, Read the label carefully, Keep out of reach of children"
https://www.1mg.com/otc/dyna-3d-knitted-knee-cap-small-black-right-otc392258,,Dynamic Techno Medicals Pvt. Ltd.,,,,
https://www.1mg.com/otc/mgrm-lady-s-choice-abdominal-binder-0604-medium-otc390620,,MGRM Medicare Ltd.,,,,
https://www.1mg.com/otc/kerala-ayurveda-santhwanam-oil-otc368348,,Kerala Ayurveda Limited,,,,
https://www.1mg.com/otc/wellon-finger-extension-splint-fi-02-medium-otc387568,Wellon Finger Extension Splint FI-02,Mana Medical,"The splint is designed to assist with finger extension, potentially aiding in the treatment of conditions such as mallet finger or other finger injuries that require finger extension support.","Sizes: Available in small, medium and large sizes, Malleable Design: The splint is malleable, allowing it to be adjusted and moulded to fit the finger's contour, Foam Padding: The splint is foam padded, providing comfort to the wearer, Thumb Support: The splint may provide support to the thumb, Velcro Straps: The splint likely features Velcro straps that ensure a secure and adjustable fit, Extension Assistance: The splint is designed to assist with finger extension, potentially aiding in the treatment of conditions such as mallet finger or other finger injuries that require finger extension support",Use as directed by a healthcare professional,"Hand wash using mild liquid detergent, Air dry away from heat and sunlight, Do not bleach, iron or dry clean"
https://www.1mg.com/otc/pilief-tablet-otc312045,Pilief Tablet,Charak Pharma Pvt Ltd,,,Use as directed by the physician.,
https://www.1mg.com/otc/macjoint-pain-killer-oil-otc556831,Macjoint Pain Killer Oil,Krishgir Pharmaceuticals Pvt Ltd,,"Natural herbs, The oil helps to relieve pain and reduces inflammation and swelling, It helps to reduce back pain, neck pain, joint pain and knee pain, The formulation improves joint mobility and flexibility and reduces muscular pain, It regulates pro-inflammatory response and stimulates blood circulation",Use as directed by the physician,"Keep out of reach of children, Store in a cool and dry place, For external usage only, Read the label before use"
https://www.1mg.com/otc/mgrm-knee-support-0701-xxxl-otc390617,,MGRM Medicare Ltd.,,,,
https://www.1mg.com/otc/accusure-k-2-neoprene-knee-support-closed-pattela-otc371716,AccuSure K-2 Neoprene Knee Support Closed Pattela,AccuSure Ortho Support,The kneecap is useful and may be effective in mild sprains and twists.,,Read the label carefully before use.,"Read the label carefully before use, Store in a cool and dry place away from direct sunlight, Keep out of reach of children"
https://www.1mg.com/otc/painaway-oil-otc686111,Painaway Oil,Semiotic Pharmaceutical Private Limited,,"Mahanarayana oil, Commiphora mukul, Gaultheria, Pinus longifolia, Eucalyptus globulus, Cinnamomum camphora, Brassica campestris, The oil supports joint movement and promotes healthy muscles, It provides quick and long-lasting relief from joint sprain and stiffness as well as backaches, It helps in relieving inflammation and eases muscle fatigue, It gives nourishment to bones, muscles and tissues, It helps in relaxing the muscles and reduces pain",Gently massage the affected part with light fingers,"Read the label carefully before use, Store in a cool and dry place, away from sunlight, Keep out of reach of children"
https://www.1mg.com/otc/r3set-pain-relief-tablet-otc970570,R3SET Pain Relief Tablet,Venus Remedies Ltd,,"Salix alba, Sveta veda muska, Ajwain leaf powder, Vayavidanf fruit powder, Safed jeera fruit powder, Pippali fruit powder, R3SET instant ease tablet can be an optimal choice for those seeking safe and natural pain relief, Ensures effective relief from various types of discomfort without the risk of side effects typically associated with conventional pain medications, Emphasising well-being and safety, R3SET presents an ideal solution for anyone looking for a reliable, natural alternative to pain management, Tablet",,"Store at room temperature not exceeding 30 degrees C, Protect from moisture and heat, Do not freeze, Keep out of reach of children, Exposure to direct light and heat may result in discolouration without affecting efficacy of the product"
https://www.1mg.com/otc/dr.-reckeweg-natrum-arsenicum-dilution-6-ch-otc374650,Dr. Reckeweg Natrum Arsenicum Dilution,Dr Reckeweg & Co,,"Natrum Arsenicosum, 11ml, Liquid dilution, It is incredibly successful in dealing with frontal headaches accompanied by strained eyes, It deals with runny and blocked noses and reduces the development of crusts inside the nose, A great solution for eyelid irritation and conjunctivitis, It reduces chest tightness and phlegm-producing cough, It can also be used to deal with rheumatism, It offers efficient solution for shoulder and joint pain",,"Do not exceed the recommended dosage, Read the label carefully before use, Store in a cool dry place away from direct sunlight, Keep out of reach of children, Avoid any strong smell in the mouth such as coffee, onion, hing, mint, camphor, garlic etc. while taking the medicine, Keep at least half an hour gap between food/drink/ any other medicines and allopathic medicine"
https://www.1mg.com/otc/mgrm-lumbo-sacral-belt-0511-xxl-otc390629,MGRM Lumbo Sacral Belt 0511,MGRM Medicare Ltd.,It relieves pain and ease tension in the lower back,,"Wrap the product around the lumbo sacral region, Make sure that the triangular pad is positioned in the lumbo sacral region, While applying ensure that the fastening handles with Velcro come in the front, Use the finger pockets for easy application, Stretch out both ends of the product and fasten the Velcros","Keep out of the reach of children, Store in cool and dry place, Should be protected from sunlight"
https://www.1mg.com/otc/tynor-c-06-pouch-arm-sling-baggy-xl-otc345571,Tynor C-06 Pouch Arm Sling (Baggy),Tynor Orthotics Pvt. Ltd.,It has been designed to cover the cast and give extra protection to the injured arm.,,Measure the circumference around the chest below the under arms and wear accordingly.,"Read the label carefully before use, Keep out of reach of the children, Store in a cool dry place"
https://www.1mg.com/otc/earthpulse-basic-otc515674,,EarthPulse,,,,
https://www.1mg.com/otc/lp-251z-arm-compression-sleeve-single-small-otc331163,LP #251Z Arm Compression Sleeve,LP Support,Provides quality containment to prevent swelling and treat inflammation around the arms and elbow area.,,Measure around centre of the forearm and wear accordingly.,"Read the label carefully before use, Keep out of reach of the children, Store in a cool dry place"
https://www.1mg.com/otc/dr-willmar-schwabe-india-tinospora-cordifolia-dilution-1000-ch-otc406409,,Dr Willmar Schwabe India Pvt Ltd,,,,
https://www.1mg.com/otc/samson-tc-1102-calf-support-xl-otc348969,,Samson Scientifics & Surgicals,,,,
https://www.1mg.com/otc/dr-med-rib-band-dr-b019-xl-beige-otc377465,,A-MI Global Co Ltd,,,,
https://www.1mg.com/otc/witzion-xxxl-beige-contoured-lumbar-sacral-back-support-belt-otc513894,,Witzion,,,,
https://www.1mg.com/otc/lyrus-veinfit-capsule-otc495873,Lyrus Veinfit Capsule,Lyrus Life Sciences Pvt Ltd,,"Vitamin C, Vitamin E, Grape Seed Extract, Zinc, It helps increase the vein wall strength and reduce the ballooning of the vein wall and alleviates pain, It helps enhance general circulation throughout the vein, It helps tone the vein valves to better regulate the blood flow",Use as directed on the label or as suggested by health care professionals,"Store in a cool and dry place away from direct sunlight, Read the label carefully, Keep out of reach of children"
https://www.1mg.com/otc/pain-kool-balm-otc276662,Pain Kool Balm,Trrust Health Care,,"Nilgiri, Peppermint, Dalchini, Tarpin, It relieves muscular and joint pain, Useul for knee, back, and neck pain, Provides quick and effective pain management, It has analgesic properties and works as a natural pain killer",Apply gently on the affected area 1-2 times a day.,"Read the label carefully before use, Store in a cool and dry place, away from sunlight, Keep out of reach of children"
https://www.1mg.com/otc/wellon-elastic-wrist-splint-wb02-xl-left-otc387519,Wellon Elastic Wrist Splint WB-O2,Mana Medical,It is used to support the wrist and to prevent unwanted movement of wrist during sprain or strain.,"It provides firm immobilization, This splint can be moulded to form exact required shape, It is made from skin friendly fabric, well ventilated, easily adjustable and can be applied conveniently, It is lined with ethafoam that provides high cushioning and comfortable fit, It allows free movement of fingers, Wrist support for prevention of movement, Made from skin friendly fabric with comfortable ethafoam, Comfortable and easy to use during sprain and strain",As directed on the manual.,"For external use only, Hand wash using mild liquid detergent, Air dry from sunlight, Do not bleach, iron or dry clean"
https://www.1mg.com/otc/carent-ehwb1000-premium-electric-hot-water-bag-otc823716,Carent EHWB1000 Premium Electric Hot Water Bag,Entero Healthcare Solutions Pvt Ltd,"The hot water bag can be used to relieve sore muscles, cramps, and aches. The bag can also double up as a cold compress for kids with fever or to reduce swelling for minor injuries.","5X long-lasting:The hot water bag stays hotter for longer and is double ribbed on both sides, allowing for the transmission of heat and no spillage, Easy to use:No hassle of heating water on gas or filling hot water in a rubber heating pad. This electric hot water bad heats instantly and provides relief from pain, No refills:This hot water bag is filled and sealed with pure distilled water and is used to provide warmth whilst in bed for the application of heat to a specific body part, Contents:1 unit electric hot water bag, 1 unit charging cable, and 1 unit user manual",Use as directed in the user manual.,"Read the user manual carefully before use, Store in a cool and dry place"
https://www.1mg.com/otc/sleepsia-standard-memory-foam-infused-gel-pillow-xl-bamboo-fabric-otc504663,,Sleepsia India Pvt Ltd,,,,
https://www.1mg.com/otc/acupressure-slipper-for-gents-otc518549,Acupressure Slipper for Gents,Kapil Plastic Mould,"It is constructed to provide acupressure therapy, magnetic therapy and reflexology",,As mentioned on the label or as suggested by healthcare professional,"Store in a cool and dry place away from direct sunlight, Read the label carefully, Keep out of reach of children"
https://www.1mg.com/otc/natures-aid-jointeeze-devils-claw-tablet-otc480712,Natures Aid JointEeze Devils Claw Tablet,Natures Aid Ltd,,"Devil’s Claw root extract, It is a herbal solution used to relieve aches and pains in the muscles and joints, It is beneficial for backache, rheumatic or muscular pain",Use as directed on the label or as suggested by health care professionals,"Store in a cool and dry place away from direct sunlight, Read the label carefully, Keep out of reach of children"
https://www.1mg.com/otc/wellon-cervical-collar-hard-adjustable-cc04-medium-otc387497,Wellon Cervical Collar Hard Adjustable CC-04,Mana Medical,"This cervical collar is used to support the neck and supports in traumatic head or neck injuries, and can be used to treat cervical region conditions.","An anatomical design that is comfortable and light weight, Comes with a ventilation ensuing air circulation through the eyelet, Features Velcro closures promoting simple application, removal and adjustment, Allows you to adjust the height for a secure fit and better immobilization, Long hook-loop tape ensure the snug fitting and easy application, It is latex free and available with adjustable thoriate or plain",,"Read the user manual carefully before use, Keep out of the reach of children, Store in a cool dry place away from direct sunlight, Hand wash using mild liquid detergent, Air dry away from heat and sunlight, Do not bleach, iron or dry clean"
https://www.1mg.com/otc/p-care-c3013-elastic-ankle-support-medium-otc659055,,PR Flexmake Private Limited,,,,
https://www.1mg.com/otc/witzion-varicose-vein-stocking-xl-beige-premium-otc514971,,Witzion,,,,
https://www.1mg.com/otc/kesri-marham-prompt-relief-from-pain-40gm-each-otc725430,Kesri Marham Prompt Relief from Pain,B.C. Hasaram & Sons,,"Mentha Piperita, Carum Copticum, Cinnamomum Camphora, Gaultheria Fragrantissima, Syzygium Aromaticum, Cinnamomum Zeylanicum, Myristica Fragrans, Capsicum Annum, Eucalyptus Globules, Base, Approved Natural Colours, This marham can help in managing pain like headaches and joint and back pain, This marham can be rubbed on the affected area to reduce the pain, Regular use may help in managing body pain, neck and shoulder pain, muscle pain, backache and inflammation, It can help in managing cold, stuffy nose and stomach pain",Use as directed on the label or as advised by the physician.,"Store in a cool and dry place, Read the label carefully before use, Keep out of reach of children"
https://www.1mg.com/otc/dr.-reckeweg-sabadilla-dilution-50m-ch-otc375096,,Dr Reckeweg & Co,,,,
https://www.1mg.com/otc/acupressure-body-care-massager-soft-with-handle-otc518646,,Kapil Plastic Mould,,,,
https://www.1mg.com/otc/medtrix-hinged-knee-cap-small-beige-eco-otc503698,,Medtrix,,,,
https://www.1mg.com/otc/wellon-elastic-shoulder-immobilizer-support-ring-type-pas-04-xl-otc387699,Wellon Elastic Shoulder Immobilizer Support-Ring Type PAS-04,Mana Medical,"It is used to provide support and prevent unwanted movement of shoulder. It helps in achieving fast recovery during shoulder injury.Product Specification and Features:, Helps to maintain the post-operative immobilization of the shoulder, , Unique waist strap prevents rotation and provides stable immobilization, Useful in stable subcapital fractures and sports injuries, To support the shoulder and arm during strain and pain, It provides compression and warmth to the injured shoulder joint, Model Name:Elastic Shoulder Immobilizer Support Ring Type, Part Number:PAS-04, Orientation:both hands, Size in Number:44 - 48 inch",,As directed on the manual.,"Read the label carefully before use, Read the manual carefully before use, For external use only, Hand wash using mild liquid detergent, Air dry away from heat and sunlight, Do not bleach, iron or dry-clean"
https://www.1mg.com/otc/mgrm-knee-support-0701-xxl-otc390616,,MGRM Medicare Ltd.,,,,
https://www.1mg.com/otc/accusure-c1-elastic-cervical-collar-soft-small-otc371794,,AccuSure Ortho Support,,,,
https://www.1mg.com/otc/vissco-tennis-elbow-support-with-pressure-pad-0617-universal-otc344559,,Vissco Rehabilitation Aids Pvt. Ltd.,,,,
https://www.1mg.com/otc/lyra-healthcare-wrist-brace-band-with-thumb-support-beige-otc412754,,Lyra Healthcare,,,,
https://www.1mg.com/otc/greenkure-pain-relief-oil-50-ml-each-otc893576,Greenkure Pain Relief Oil,Paras Products,,"Oil base, Pudina, Kapur, Nilgiri, Laung oil, Sugandhi, It is a vegan-friendly non-sticky oil, It has a refreshing aroma and has no toxic elements, It is beneficial for joint pain, muscular pain, body stiffness and headache, It is also useful for gym workouts and cold",As directed on the label,"Read the label carefully before use, Store in a cool and dry place away from direct sunlight, Keep out of reach of children"
https://www.1mg.com/otc/dominion-care-acupressure-pointed-balls-otc495832,,Kapil Plastic Mould,,,,
https://www.1mg.com/otc/3m-1570-1-reusable-cold-hot-pack-otc385950,3M 1570-1 Reusable Cold / Hot Pack,3M India Limited,"Cold therapy for pain and swelling, Heat therapy for muscle aches and stiffness","Dual-purpose design for both hot and cold therapy, Contains dry natural rubber for optimal effectiveness, Gel-filled pack for a soft and flexible application, Reusable for convenience and cost-effectiveness, Clear usage instructions for proper application","Cold therapy is recommended for use for the first 48 hours following the injury. Hot therapy should not be used until 48 hours after the injury, Use as directed on the label","Read the label carefully before use, Store in a cool and dry place, away from sunlight, Keep out of reach of children, For external use only"
https://www.1mg.com/otc/rheumavedic-musculo-skeletal-pain-reliever-oil-otc580170,,Vedic Pharmacy,,,,
https://www.1mg.com/otc/lenvitz-universal-gel-pillow-small-otc399025,Lenvitz Universal Gel Pillow,Lenvitz Medical Solutions Pvt Ltd,It is used to protect the patient during surgery.,,Use as per requirement or as directed by the physician.,"Read the label carefully before use, Store in a cool dry place away from direct sunlight, Keep out of reach of the children, Avoid physical damage"
https://www.1mg.com/otc/zandu-balm-effective-relief-from-cold-headache-body-ache-otc324474,Zandu Balm,Emami Ltd,,"Mentha, Gaultheria, Eucalyptus, Trachyspermum ammi, Base Q. S, Solid balm, Headache:Helps provide relief from headaches effectively, Cold:May aid in relieving cough and cold, Backache:Helps relieve lower backache",Massage gently on the affected area.,"Read the label carefully before use, Store in a cool and dry place away from direct sunlight, Keep out of reach of the children"
https://www.1mg.com/otc/flamisun-gel-otc940935,Flamisun Gel,Medlife,,"Diclofenac Diethylamine IP Eq.to Diclofenac sodium, Virgin Linseed Oil BP, Methyl Salicylate IP, Menthol IP, Benzyl alcohol IP (As preservative), Provides effective relief from pain in joints, knees, back, neck and shoulder, Helps in reducing swelling and pain in musculoskeletal, joint, and soft tissue disorders, Effective in sprain, myositis, fibrositis and sciatica, Useful in relieving pain due to sports injuries, Absorbs quickly in the skin for instant action, Helps in relaxing muscle stiffness and provides long-lasting relief from pain, Non-sticky formula","Apply Flamisun Gel directly on the affected areas, Use 3-4 times a day or, as directed by the physician","Read the label carefully before use, Keep out of the reach of children, Use under medical supervision, Do not exceed the recommended dosage, For external use only, Replace the cap tightly, Should be applied to intact skin surfaces only and not to skin wounds and open injuries, Should not come into contact with eyes, or mucous membranes and should not be ingested, Store in a cool and dry place"
https://www.1mg.com/otc/samson-np-3010-wrist-brace-with-thumb-support-medium-otc348992,,Samson Scientifics & Surgicals,,,,
https://www.1mg.com/otc/imc-foot-patch-otc333814,,IMC Pvt.Ltd.,,,,
https://www.1mg.com/otc/jointflex-pain-relief-massage-oil-120ml-each-otc625824,Joint Flex Pain Relief Massage Oil,Strides Consumer Pvt Ltd,,"Camphor, Acetylated Lanolin, Alkyl Acrylate Crosspolymer, Aloe Vera, Alkyl Benzoate, Chondroitin Sulfate, Diazolidinyl Urea, Panthenol, Provides relief from the pain associated with arthritis and joint degeneration, It quickly penetrates the top 2 skin layers and delivers pain-relievers right to the pain sources, Useful in relieving muscle sprains and strains, Provides alleviation from all major joint pain and stiffness, Fortified with glucosamine, it repairs and regenerates joint cartilage to give long-lasting relief from joint pain",Apply 5-10 ml or more depending on the affected area and massage till absorbed. Use twice a day.,"Read the label carefully before use, Use under medical supervision, Store in a cool and dry place away from direct sunlight, Keep away from children, For external use only"
https://www.1mg.com/otc/medtrix-compression-knee-cap-xl-beige-premium-otc503729,,Medtrix,,,,
https://www.1mg.com/otc/boiron-spigelia-multi-dose-approx-80-pellets-200-ch-otc408077,,Boiron Laboratories Pvt Ltd,,,,
https://www.1mg.com/otc/medigrip-strong-pain-balm-otc831080,Medigrip Strong Pain Balm,Precision Coatings Pvt Ltd,,"Turpentine oil, Gandhapura oil, Ajwain oil, Eucalyptus oil, Satpundha, It provides relief from joint, muscle and nerve pain, It contains anti-inflammatory properties that create a soothing effect, It also helps produce heat and block pain signals",Apply on clean and dry skin,"Read the label carefully before use, Store in a cool, dry place away from direct sunlight, Keep out of reach of children, Avoid contact with eyes, mucous membranes, rashes, wounds or damaged skin, Do not mix the balm with any other oils or sprays. It could cause a severe reaction, For external use only, Allergy-prone people to consult a physician before use, In case of excessive irritation of the skin, discontinue the use of this product & consult a physician"
https://www.1mg.com/otc/tynor-b-20-cervical-collar-hard-with-chin-large-otc345514,Tynor B-20 Cervical Collar Hard With Chin,Tynor Orthotics Pvt. Ltd.,It helps to improve immobilization and enhances comfort.,,Measure the distance between the edge of the sternum and lower jaw with the neck in the extension position.,"Read the label carefully before use, Keep out of reach of the children, Store in a cool dry place"
https://www.1mg.com/otc/witzion-hinge-knee-cap-small-beige-otc514100,,Witzion,,,,
https://www.1mg.com/otc/enac-1.16-gel-otc492835,,Universal Impex,,,,
https://www.1mg.com/otc/vissco-core-0716-medical-compression-stockings-small-below-knee-otc507605,,Vissco Rehabilitation Aids Pvt. Ltd.,,,,
https://www.1mg.com/otc/wellon-elastic-shoulder-immobilizer-support-ring-type-pas-04-small-otc387694,Wellon Elastic Shoulder Immobilizer Support-Ring Type PAS-04,Mana Medical,"It is used to provide support and prevent unwanted movement of shoulder. It helps in achieving fast recovery during shoulder injury.Product Specification and Features:, Helps to maintain the post-operative immobilization of the shoulder, , Unique waist strap prevents rotation and provides stable immobilization, Useful in stable subcapital fractures and sports injuries, To support the shoulder and arm during strain and pain, It provides compression and warmth to the injured shoulder joint, Model Name:Elastic Shoulder Immobilizer Support Ring Type, Part Number:PAS-04, Orientation:both hands, Size in Number:44 - 48 inch",,As directed on the manual.,"Read the label carefully before use, Read the manual carefully before use, For external use only, Hand wash using mild liquid detergent, Air dry away from heat and sunlight, Do not bleach, iron or dry-clean"
https://www.1mg.com/otc/nyassa-rosemary-essential-oil-otc373940,,Nyassa Retail Pvt Ltd,,,,
https://www.1mg.com/otc/dwibhashi-smara-herbal-pain-oil-60ml-each-otc858568,Dwibhashi Smara Herbal Pain Oil,Dwibhashi Bapanna Ayurveda Nilayam Pvt. Ltd,,"Bhringraj, Neeli, Mandara, Bhrami, Yastimadhu, Palasha Beeja, Jatamansi, Nimba, Narikela Tailam, This Ayurvedic blend is useful in taking care of joint issues, It can help provide relief from joint pain and stiffness, It may alleviate inflammation of your muscles, It promotes overall joint and muscle health","Apply it to the intended area, Or as advised by your healthcare practitioner","Read the label carefully before use, Store in a cool and dry place, away from sunlight, Keep out of reach of children"
https://www.1mg.com/otc/longlife-oct-010-arm-sling-support-small-blue-otc492478,,Veridicus Health Care Pvt Ltd,,,,
https://www.1mg.com/otc/aquagel-innovations-velvet-pouch-mini-red-otc514156,,Balaji Innovations,,,,
https://www.1mg.com/otc/p-care-c3015-ankle-binder-medium-otc659063,,PR Flexmake Private Limited,,,,
https://www.1mg.com/otc/p-care-a1017-pregnancy-back-support-large-otc658637,,PR Flexmake Private Limited,,,,
https://www.1mg.com/otc/lp-161xt-x-tremus-back-support-medium-otc331204,LP #161XT X-Tremus Back Support,LP Support,"It is primarily recommended in moderate muscle strain, low back pain and HIVD (Herniated lntervertebral Disc).","X pattern Stable Contoured Structure combined with elastic straps and semi-rigid stays provide lumbar spine maximal protection, C Pattern Magic Power Band contoured to fit the core muscles preserves energy consumption and enhances sports explosion, Semi-rigid stays positioned on the back support and stabilize the lumbar spine without limiting performance, Bilateral straps provide reinforced compression to enhance stays function with extra stability, Pocket closure design makes it easier to wrap in front, Durable Fitting Knit with high permeability fabric ensures wearing durability and breathability",Use as per requirement or as directed by the physician.,"Read the label carefully before use, Store in a cool dry place away from direct sunlight, Keep out of reach of the children, Avoid physical damage"
https://www.1mg.com/otc/labrador-india-kings-flip-body-massage-sleeve-stress-relief-relaxation-skin-otc917956,Labrador India Kings Flip Body Massage Sleeve Stress Relief & Relaxation,Loop,This massager helps relax the body and the mind.,"It is a skin-friendly massager that is built with medical-grade silicone, It helps relax the body and calm the mind, It helps soothe the nerves and provides pleasure","Apply appropriate pressure; once the massager is properly fitted, you can start using it on your body, Apply the appropriate pressure according to your preference, After each use, it's essential to clean the massager to maintain hygiene, Invert the massager and wash it with gentle soap and water, Make sure to clean it thoroughly, paying attention to any textured areas, Rinse off any soap residue and allow it to dry completely before storing","Read the label carefully before use, Store in a cool and dry place, Maintain hygiene, Keep out of reach of children"
https://www.1mg.com/otc/sleepsia-medium-contour-gel-infused-pillow-polka-dot-blue-white-fabric-otc504630,,Sleepsia India Pvt Ltd,,,,
https://www.1mg.com/otc/aquagel-innovations-easy-flow-warm-cool-breast-therapy-otc514181,Aquagel Innovations Easy Flow Warm & Cool Breast Therapy,Balaji Innovations,It helps avoid swelling associated with breastfeeding.,"It helps avoid swelling associated with breastfeeding, It helps in the condition of blocked milk ducts, This product is soft and pliable, It fits almost all breast sizes, It includes non-toxic gel and helps in cases of weaning",As directed in the instruction manual.,"Read the label carefully, Store in a safe place, Maintain hygiene"
https://www.1mg.com/otc/runtej-pain-ointment-otc517002,Runtej Pain Ointment,Parsham Group,,"Camphora, It helps reduce pain in the body, This formula provides relief from backache and helps support the knees, It strengthens the joints of the body, It nourishes the bones and improves flexibility",Massage gently on the required area.,"Read the label carefully, Store in a cool, dry place, Keep away from direct sunlight, For external use only"
https://www.1mg.com/otc/patanjali-divya-prasarini-taila-otc387766,,Patanjali Divya Pharmacy,,,,
https://www.1mg.com/otc/bacfo-jointcare-oil-otc377911,,BACFO Pharmaceuticals (India) Ltd.,,,,
https://www.1mg.com/otc/smart-care-classic-hot-water-bag-green-plain-otc372962,Smart Care Classic Hot Water Bag Plain,Saify Health Care and Medi Devices India Pvt Ltd,It helps reduce muscle aches and pains,"Safely contains water of various temperatures, The ribbed surface helps to avoid contact burn, It helps in muscle relaxation, The hot water bag has an ergonomic construction, Relieves arthritic and rheumatic pains, High quality guaranteed hot rubber bag, leak-proof, colourful, easy to clean and keeps water hot for a longer time","When filling the bottle, do not use boiling water, Fill to a maximum of two-thirds capacity, Check the bottle for any leakage by holding the bottle in an upside-down position, Expel air by lowering carefully onto a flat surface until water appears at the opening, Screw the stopper sufficiently tight to ensure that there is no leakage","Read the label carefully before use, Store in a cool and dry place, away from sunlight, Keep out of reach of children, Do not use boiling water, Expel air by towelling carefully onto a flat surface until water appears at the opening"
https://www.1mg.com/otc/dr.-reckeweg-camphora-dilution-3x-otc373233,Dr. Reckeweg Camphora Dilution,Dr Reckeweg & Co,,"Camphora, Dilution, Male/Female, May be effective in cold and helps relieve congestion in the nose, It may help in reducing dizziness, soreness and throbbing pain in the head, It is an effective remedy for respiratory issues and may help relieve congestion in the chest, May help relieve breathing difficulties along with severe palpitation and dry, violent cough, May help in relieving pains associated with joint conditions, Contains antispasmodic properties, May be useful in easing muscle cramps and helps provide relief from high body temperature",Use as directed by the physician.,"Store in a cool and dry place away from direct sunlight, Read the product label carefully before use, Keep out of reach of children, Do not exceed the recommended dosage"
https://www.1mg.com/otc/posture-medic-medium-otc490615,,Dr. Sayani's Health Care Pvt. Ltd.,,,,
https://www.1mg.com/otc/p-care-c3004-knee-sleeve-with-stays-neoprene-xl-otc658989,,PR Flexmake Private Limited,,,,
https://www.1mg.com/otc/jjw-mart-chamomile-otc509471,,JJW & Brothers Pvt Ltd,,,,
https://www.1mg.com/otc/bael-wellness-seat-cushion-for-sciatica-coccyx-tailbone-orthopedic-back-pain-relief-white-bamboo-fabric-otc530092,"Bael Wellness Seat Cushion for Sciatica, Coccyx, Tailbone, Orthopedic, Back Pain Relief White Bamboo Fabric",Bael Health Private Limited,"It relieves back pain, sciatica and coccyx (tailbone) pain naturally.","New cushion built;Firm support and medically proven cylindrical panel design to complement body shape with slopes. Thermo sensitive, high quality organic memory foam. Easily washable and removable velour cushion cover. Excellent package for gift. Size - 18.2 x 14.4 x 3.3 (Inches), Common complaints of other cushions are taken care of:Heavy duty and high density resilient grade A memory foam to provide natural balance ball effect. Doesn't flatten even after years of use. Lightweight yet quality velor fabric. New anti-sliding back prevents sliding on any surface, Benefits:Relieves back pain, sciatica and coccyx (tailbone) pain naturally. Corrects postures. mitigates risk of sitting for longer hours. Assists in managing pressure ulcers, sciatica, hernia and hemorrhoid, For all seats:Perfect cushion for any seat - office chair, car seat, general automotive, patio chair, dining chair, kitchen chair, truck seat, airplane seat, wheelchair, stadium seat or even for flat surface and outdoor",Use it as directed by the instructions manual,"Read the label carefully before use, Keep out of reach of children"
https://www.1mg.com/otc/avn-lumbaton-soft-gel-capsules-otc503381,AVN Lumbaton Soft Gel Capsules,AVN Ayurveda Formulations Pvt. Ltd.,,"Vilwa, Amruta, It has the medicinal property of reducing inflammation, It works as an anti-inflammatory drug and releases nerves, It might help in managing swelling, stiffness, and inflammation of bones and muscles",Use as directed on the label or as advised by your healthcare provider.,"Read the label carefully before use, Store in a cool and dry place away from direct sunlight, Keep out of reach of children"
https://www.1mg.com/otc/torque-s-relief-on-pain-relief-oil-100ml-each-otc869007,Torque's Relief-On Pain Relief Oil,Torque Pharmaceuticals Pvt Ltd,,"Taliparna, Ajwain, Lavang, Dhatura, Karpura, Pudina, Gandhapura, Sesame oil, Mahanarayana, Khurasani, The ayurvedic massage oil for arthritis helps patients, especially during winters, It is beneficial for knee and all types of body pain, It is helpful for chronic joint pain, It is useful for muscle stiffness",You need 5 to 10 ml or more and gently massage the affected area for a few minutes 2-3 times a day.,"Store in a cool and dry place away from direct sunlight, Read the label carefully, Keep out of reach of children"
https://www.1mg.com/otc/viaggi-memory-foam-pillow-otc510220,Viaggi Memory Pillow,Siddhivinayak Enterprises,It is designed to help individuals achieve a good night's sleep with maximum comfort.,"It helps in treating sleeping disorders, It helps maintain optimal levels of comfort and reduce headaches and jaw aches, It conforms to the contours of the body, The product works as a cervical and orthopedic neck pillow",Read the instruction manual for detailed use or as directed by the physician.,"Read the instruction manual carefully before use, Keep out of the reach of children, Store in a cool and dry place"
https://www.1mg.com/otc/imc-pain-away-kit-otc344813,,IMC Pvt.Ltd.,,,,
https://www.1mg.com/otc/naturoman-nutmeg-pure-and-natural-essential-oil-otc486717,Naturoman Nutmeg Pure and Natural Essential Oil,Naturoman,,"Nutmeg, It removes toxins from the liver and kidney, It helps in the treatment of muscle and joint pain, It helps in treating rheumatic pains. toothaches, and body aches, It treats mental conditions like anxiety, restlessness, mood swings and tensions, It helps in providing relief for gastrointestinal disorders and kidney problems","Dilute the oil either with water or any other oil, Can be used in diffusers","Should be used after the guidance of a trained herbalist, Should not be used by pregnant women, and on babies., Do not take internally or apply undiluted from directly on the skin., Do not inhale the oil"
https://www.1mg.com/otc/accusure-w-1-neoprene-wrist-wrap-otc371749,,AccuSure Ortho Support,,,,
https://www.1mg.com/otc/lp-251z-arm-compression-sleeve-single-xxl-otc331169,LP #251Z Arm Compression Sleeve,LP Support,Provides quality containment to prevent swelling and treat inflammation around the arms and elbow area.,,Measure around centre of the forearm and wear accordingly.,"Read the label carefully before use, Keep out of reach of the children, Store in a cool dry place"
https://www.1mg.com/otc/opq-bronze-metal-cap-hot-water-bag-otc801603,OPQ Bronze Metal Cap Hot Water Bag,Krishna Waterproof,"It is a hot water bag that helps improve blood circulation and provides soothing relief from achy muscles, sports injuries, arthritis pain and menstrual cramps.","Comes with a leakproof metal cap, Made of a unique and advanced rubber, Provides warmth in cold weather, High-quality and reusable",Use as directed on the label.,"Read the label carefully before use, Store in a cool and dry place, away from sunlight, Keep out of reach of children"
https://www.1mg.com/otc/dr.-reckeweg-viola-odor-dilution-10m-ch-otc375551,Dr. Reckeweg Viola Odor Dilution,Dr Reckeweg & Co,,"Viola plant with alcohol, Liquid dilution, Helps relieve joint pain in hand, finger joints and shoulder muscles, It may relieve migraine headaches in the forehead, Helps reduce pain above the eyebrows, Helps in the management of vertigo",Use as directed by a healthcare professional,"Read the label carefully before use, Store in a cool and dry place, Protect from direct sunlight, Avoid any strong smells in the mouth, such as coffee, onion, hing, mint, camphor, garlic, etc., while taking the medicine, Keep at least half an hour gap between food/drink / any other medicines and allopathic medicines"
https://www.1mg.com/otc/zycuminoid-250mg-tablet-otc351488,,MiLab LifeSciences,,,,
https://www.1mg.com/otc/varija-herbal-glow-pain-relief-oil-otc521958,Varija Herbal Glow Pain Relief Oil,Kamatri Corporation Pvt Ltd,,"Ajwain Oil, Peppermint Oil, Clove Oil, Ginger Oil, Almond Oil, Sesame Oil, It can help to manage arthritis problems and reduce inflammation, It can help to get relief from sprains caused due to over lifting and cramps, It can help to reduce pain and stiffness in your back and neck, It can help to improve motions and flexibility of joints and eases movement, It may help to manage muscle pain and spondylitis",Use as per requirement,"Store in a cool, dry place, Keep it away from direct sunlight, Keep out of reach of the children"
https://www.1mg.com/otc/nutrafy-acupressure-massage-slippers-free-size-black-otc512806,Nutrafy Acupressure Massage Slippers Free Size Black,Nutrafy Wellness Pvt Ltd,It is used to relieve pain and foot aches,"The slippers massage the feet and act as a pain reliever, They help to relieve stress and induce sleep, The product alleviates restless leg syndrome and neurological sensory disorders, They work by stimulating pressure points on the feet and promote blood circulation",Use as directed on the label,"Store in a dry and hygienic place, Read the label before use, Keep out of reach of small children"
https://www.1mg.com/otc/dr-med-wrist-thumb-splint-dr-w132-3-universal-black-right-otc377494,,A-MI Global Co Ltd,,,,
https://www.1mg.com/otc/sarvagunaushdhi-hot-water-bottle-otc553300,Sarvagunaushdhi Hot Water Bottle,Sarvagunaushdhi Pvt Ltd,"It is used to provide relief from back pain, rheumatic pain and arthritis pain.","It provides instant relief from pain, Made from superior quality material, It has a small and compact design","When filling the bottle, do not use boiling water, Fill to a maximum of two-third capacity, Check the bottle for any leakage by holding the bottle in an upside-down position, Expel air by lowering carefully onto a flat surface until water appears at the opening, Screw the stopper sufficiently tight to ensure that there is no leakage","Read the label carefully before use, Store in a cool and dry place away from direct sunlight, Keep out of reach of the children"
https://www.1mg.com/otc/dr.-reckeweg-carbo-animal-dilution-6-ch-otc373259,Dr. Reckeweg Carbo Animal Dilution,Dr Reckeweg & Co,,"Carbo Animal, Dilution, 11 ml, Male/Female, By restoring vital energy levels, this remedy helps improve stamina and resilience, promoting a sense of vitality and vigour, It assists in maintaining healthy digestive function, alleviating symptoms such as bloating, gas, and indigestion, This remedy offers relief from respiratory ailments such as coughs, colds, and asthma, promoting clear breathing and respiratory comfort, It contributes to the maintenance of radiant, healthy skin, addressing issues such as acne, eczema, and dryness",Use as directed by the physician.,"Store in a cool and dry place away from direct sunlight, Read the product label carefully before use, Keep out of reach of children, Do not exceed the recommended dosage"
https://www.1mg.com/otc/speedex-gel-otc349274,,Pharmasynth Formulations Ltd,,,,
https://www.1mg.com/otc/terris-blackseed-kalonji-oil-otc449915,,Rondeyvoo Eurasia (OPC) Pvt. Ltd.,,,,
https://www.1mg.com/otc/medtrix-compression-neoprene-shoulder-brace-black-right-otc503759,,Medtrix,,,,
https://www.1mg.com/otc/mgrm-somu-cervical-brace-0107-universal-otc390663,,MGRM Medicare Ltd.,,,,
https://www.1mg.com/otc/balu-herbals-kshirabala-thailam-otc490633,Balu Herbals Kshirabala Thailam,Balu Herbals,,"Bala, Bala kalka (rt.), Taila, Kshira, Kshirabala Thailam is believed to promote deep and restful sleep. It is often used in Ayurveda to support a healthy sleep cycle and help individuals relax and rejuvenate from within, This herbal oil is known for its calming and relaxing properties. It can help soothe the senses, relieve stress, and promote a sense of relaxation and rejuvenation, Kshirabala Thailam is believed to help balance sleep cycles. It may assist in regulating irregular sleep patterns caused by various factors, such as stress, The oil is known for its soothing effects on the senses. It can help calm the mind, reduce anxiety, and create a sense of tranquillity","Warm the oil up slightly and then massage the affected area well and leave it on for at least an hour before washing it off, Can be used daily or regularly for abhyanga (application on body and feet) as a regular body massage followed by a warm water bath or directed by a healthcare professional","Store in a cool and dry place, Keep the container closed immediately after use, Keep out of reach of children"
https://www.1mg.com/otc/woonac-pain-relief-gel-for-sprain-cramps-joint-neck-elbow-shoulder-back-pain-bone-ligament-otc986743,Woonac Pain Relief Gel,Panm Labs India,,"Diclofenac Diethylamine, Virgin Linseed Oil, Methyl Salicylate, Menthol, Gel, Male/Female",The Gel may be used 2 to 4 times a day on the affected area depending on how severe your condition is. It should be applied slowly and evenly to the skin until it is rubbed in. You should not use it too often and you should not cover the treated area with a bandage or plaster..,
https://www.1mg.com/otc/tynor-d-07-knee-cap-with-patellar-ring-sea-green-blue-white-xxl-otc1033117,Tynor D 07 Knee Cap with Patellar Ring Sea Green Blue and White XXL,Tynor Orthotics Pvt. Ltd.,"Supports weak or unstable knees, May assist with managing discomfort during movement","1 U, Compression zones: Designed to help control discomfort and manage swelling, Airy knit fabric: Ensures supreme comfort and breathability for extended use, Patellar padding: Holds the patella in position for optimal joint support, Flexible splints: Provide side-to-side stability for better movement, Four-way stretch: may help offer a perfect fit and effective compression, Silicone ring: Eases pressure around the patella, improving comfort, Lightweight and anti-slip: Easy to use, with a non-slip design to stay in place","Size Determination: Measure the circumference around the mid-thigh, approximately 6 inches above the knee, Wear as instructed by your healthcare provider, Ensure the knee cap fits snugly without being too tight, Wear during physical activities or as needed","Store in a cool, dry place away from direct sunlight, Hand wash with mild soap and water, Do not use if you have skin allergies or open wounds around the knee"
https://www.1mg.com/otc/tynor-d-07-knee-cap-with-patellar-ring-black-white-medium-otc1033129,Tynor D 07 Knee Cap with Patellar Ring Black and White Medium,Tynor Orthotics Pvt. Ltd.,"Supports weak or unstable knees, May assist with managing discomfort during movement","1 U, Compression zones: Designed to help control discomfort and manage swelling, Airy knit fabric: Ensures supreme comfort and breathability for extended use, Patellar padding: Holds the patella in position for optimal joint support, Flexible splints: Provide side-to-side stability for better movement, Four-way stretch: may help offer a perfect fit and effective compression, Silicone ring: Eases pressure around the patella, improving comfort, Lightweight and anti-slip: Easy to use, with a non-slip design to stay in place","Size Determination: Measure the circumference around the mid-thigh, approximately 6 inches above the knee, Wear as instructed by your healthcare provider, Ensure the knee cap fits snugly without being too tight, Wear during physical activities or as needed","Store in a cool, dry place away from direct sunlight, Hand wash with mild soap and water, Do not use if you have skin allergies or open wounds around the knee"
https://www.1mg.com/otc/tynor-d-07-knee-cap-with-patellar-ring-black-white-large-otc1033133,Tynor D 07 Knee Cap with Patellar Ring Black and White Large,Tynor Orthotics Pvt. Ltd.,"Supports weak or unstable knees, May assist with managing discomfort during movement","1 U, Compression zones: Designed to help control discomfort and manage swelling, Airy knit fabric: Ensures supreme comfort and breathability for extended use, Patellar padding: Holds the patella in position for optimal joint support, Flexible splints: Provide side-to-side stability for better movement, Four-way stretch: may help offer a perfect fit and effective compression, Silicone ring: Eases pressure around the patella, improving comfort, Lightweight and anti-slip: Easy to use, with a non-slip design to stay in place","Size Determination: Measure the circumference around the mid-thigh, approximately 6 inches above the knee, Wear as instructed by your healthcare provider, Ensure the knee cap fits snugly without being too tight, Wear during physical activities or as needed","Store in a cool, dry place away from direct sunlight, Hand wash with mild soap and water, Do not use if you have skin allergies or open wounds around the knee"
https://www.1mg.com/otc/tynor-d-07-knee-cap-with-patellar-ring-black-white-xl-otc1033136,Tynor D 07 Knee Cap with Patellar Ring Black and White XL,Tynor Orthotics Pvt. Ltd.,"Supports weak or unstable knees, May assist with managing discomfort during movement","1 U, Compression zones: Designed to help control discomfort and manage swelling, Airy knit fabric: Ensures supreme comfort and breathability for extended use, Patellar padding: Holds the patella in position for optimal joint support, Flexible splints: Provide side-to-side stability for better movement, Four-way stretch: may help offer a perfect fit and effective compression, Silicone ring: Eases pressure around the patella, improving comfort, Lightweight and anti-slip: Easy to use, with a non-slip design to stay in place","Size Determination: Measure the circumference around the mid-thigh, approximately 6 inches above the knee, Wear as instructed by your healthcare provider, Ensure the knee cap fits snugly without being too tight, Wear during physical activities or as needed","Store in a cool, dry place away from direct sunlight, Hand wash with mild soap and water, Do not use if you have skin allergies or open wounds around the knee"
https://www.1mg.com/otc/tynor-d-07-knee-cap-with-patellar-ring-black-white-xxl-otc1033137,Tynor D 07 Knee Cap with Patellar Ring Black and White XXL,Tynor Orthotics Pvt. Ltd.,"Supports weak or unstable knees, May assist with managing discomfort during movement","1 U, Compression zones: Designed to help control discomfort and manage swelling, Airy knit fabric: Ensures supreme comfort and breathability for extended use, Patellar padding: Holds the patella in position for optimal joint support, Flexible splints: Provide side-to-side stability for better movement, Four-way stretch: may help offer a perfect fit and effective compression, Silicone ring: Eases pressure around the patella, improving comfort, Lightweight and anti-slip: Easy to use, with a non-slip design to stay in place","Size Determination: Measure the circumference around the mid-thigh, approximately 6 inches above the knee, Wear as instructed by your healthcare provider, Ensure the knee cap fits snugly without being too tight, Wear during physical activities or as needed","Store in a cool, dry place away from direct sunlight, Hand wash with mild soap and water, Do not use if you have skin allergies or open wounds around the knee"
https://www.1mg.com/otc/tynor-d-07-knee-cap-with-patellar-ring-black-pink-small-otc1033138,Tynor D 07 Knee Cap with Patellar Ring Black and Pink Small,Tynor Orthotics Pvt. Ltd.,"Supports weak or unstable knees, May assist with managing discomfort during movement","1 U, Compression zones: Designed to help control discomfort and manage swelling, Airy knit fabric: Ensures supreme comfort and breathability for extended use, Patellar padding: Holds the patella in position for optimal joint support, Flexible splints: Provide side-to-side stability for better movement, Four-way stretch: may help offer a perfect fit and effective compression, Silicone ring: Eases pressure around the patella, improving comfort, Lightweight and anti-slip: Easy to use, with a non-slip design to stay in place","Size Determination: Measure the circumference around the mid-thigh, approximately 6 inches above the knee, Wear as instructed by your healthcare provider, Ensure the knee cap fits snugly without being too tight, Wear during physical activities or as needed","Store in a cool, dry place away from direct sunlight, Hand wash with mild soap and water, Do not use if you have skin allergies or open wounds around the knee"
https://www.1mg.com/otc/tynor-d-07-knee-cap-with-patellar-ring-black-pink-medium-otc1033143,Tynor D 07 Knee Cap with Patellar Ring Black and Pink Medium,Tynor Orthotics Pvt. Ltd.,"Supports weak or unstable knees, May assist with managing discomfort during movement","1 U, Compression zones: Designed to help control discomfort and manage swelling, Airy knit fabric: Ensures supreme comfort and breathability for extended use, Patellar padding: Holds the patella in position for optimal joint support, Flexible splints: Provide side-to-side stability for better movement, Four-way stretch: may help offer a perfect fit and effective compression, Silicone ring: Eases pressure around the patella, improving comfort, Lightweight and anti-slip: Easy to use, with a non-slip design to stay in place","Size Determination: Measure the circumference around the mid-thigh, approximately 6 inches above the knee, Wear as instructed by your healthcare provider, Ensure the knee cap fits snugly without being too tight, Wear during physical activities or as needed","Store in a cool, dry place away from direct sunlight, Hand wash with mild soap and water, Do not use if you have skin allergies or open wounds around the knee"
https://www.1mg.com/otc/tynor-d-07-knee-cap-with-patellar-ring-black-pink-large-otc1033144,Tynor D 07 Knee Cap with Patellar Ring Black and Pink Large,Tynor Orthotics Pvt. Ltd.,"Supports weak or unstable knees, May assist with managing discomfort during movement","1 U, Compression zones: Designed to help control discomfort and manage swelling, Airy knit fabric: Ensures supreme comfort and breathability for extended use, Patellar padding: Holds the patella in position for optimal joint support, Flexible splints: Provide side-to-side stability for better movement, Four-way stretch: may help offer a perfect fit and effective compression, Silicone ring: Eases pressure around the patella, improving comfort, Lightweight and anti-slip: Easy to use, with a non-slip design to stay in place","Size Determination: Measure the circumference around the mid-thigh, approximately 6 inches above the knee, Wear as instructed by your healthcare provider, Ensure the knee cap fits snugly without being too tight, Wear during physical activities or as needed","Store in a cool, dry place away from direct sunlight, Hand wash with mild soap and water, Do not use if you have skin allergies or open wounds around the knee"
https://www.1mg.com/otc/tynor-d-07-knee-cap-with-patellar-ring-black-pink-xl-otc1033149,Tynor D 07 Knee Cap with Patellar Ring Black and Pink XL,Tynor Orthotics Pvt. Ltd.,"Supports weak or unstable knees, May assist with managing discomfort during movement","1 U, Compression zones: Designed to help control discomfort and manage swelling, Airy knit fabric: Ensures supreme comfort and breathability for extended use, Patellar padding: Holds the patella in position for optimal joint support, Flexible splints: Provide side-to-side stability for better movement, Four-way stretch: may help offer a perfect fit and effective compression, Silicone ring: Eases pressure around the patella, improving comfort, Lightweight and anti-slip: Easy to use, with a non-slip design to stay in place","Size Determination: Measure the circumference around the mid-thigh, approximately 6 inches above the knee, Wear as instructed by your healthcare provider, Ensure the knee cap fits snugly without being too tight, Wear during physical activities or as needed","Store in a cool, dry place away from direct sunlight, Hand wash with mild soap and water, Do not use if you have skin allergies or open wounds around the knee"
https://www.1mg.com/otc/tynor-d-07-knee-cap-with-patellar-ring-black-pink-xxl-otc1033156,Tynor D 07 Knee Cap with Patellar Ring Black and Pink XXL,Tynor Orthotics Pvt. Ltd.,"Supports weak or unstable knees, May assist with managing discomfort during movement","1 U, Compression zones: Designed to help control discomfort and manage swelling, Airy knit fabric: Ensures supreme comfort and breathability for extended use, Patellar padding: Holds the patella in position for optimal joint support, Flexible splints: Provide side-to-side stability for better movement, Four-way stretch: may help offer a perfect fit and effective compression, Silicone ring: Eases pressure around the patella, improving comfort, Lightweight and anti-slip: Easy to use, with a non-slip design to stay in place","Size Determination: Measure the circumference around the mid-thigh, approximately 6 inches above the knee, Wear as instructed by your healthcare provider, Ensure the knee cap fits snugly without being too tight, Wear during physical activities or as needed","Store in a cool, dry place away from direct sunlight, Hand wash with mild soap and water, Do not use if you have skin allergies or open wounds around the knee"
https://www.1mg.com/otc/dr.-sabharwal-s-licaine-700-otc1000527,,Padmavathi Remedies Pvt. Ltd.,,,,
https://www.1mg.com/otc/glixone-ayuflex-oil-otc1032593,,Glixone Pharma Tech Pvt.Ltd.,,,,
https://www.1mg.com/otc/tynor-d-07-knee-cap-with-patellar-ring-sea-green-blue-white-small-otc1033108,Tynor D 07 Knee Cap with Patellar Ring Sea Green Blue and White Small,Tynor Orthotics Pvt. Ltd.,"Supports weak or unstable knees, May assist with managing discomfort during movement","Compression zones: Designed to help control discomfort and manage swelling, Airy knit fabric: Ensures supreme comfort and breathability for extended use, Patellar padding: Holds the patella in position for optimal joint support, Flexible splints: Provide side-to-side stability for better movement, Four-way stretch: May help offer a perfect fit and effective compression, Silicone ring: Eases pressure around the patella, improving comfort, Lightweight and anti-slip: Easy to use, with a non-slip design to stay in place, 1 Unit","Size Determination: Measure the circumference around the mid-thigh, approximately 6 inches above the knee, Wear as instructed by your healthcare provider, Ensure the knee cap fits snugly without being too tight, Wear during physical activities or as needed","Store in a cool, dry place away from direct sunlight, Hand wash with mild soap and water, Do not use if you have skin allergies or open wounds around the knee"
https://www.1mg.com/otc/tynor-d-07-knee-cap-with-patellar-ring-sea-green-blue-white-medium-otc1033109,Tynor D 07 Knee Cap with Patellar Ring Sea Green Blue and White Medium,Tynor Orthotics Pvt. Ltd.,"Supports weak or unstable knees, May assist with managing discomfort during movement","1 U, Compression zones: Designed to help control discomfort and manage swelling, Airy knit fabric: Ensures supreme comfort and breathability for extended use, Patellar padding: Holds the patella in position for optimal joint support, Flexible splints: Provide side-to-side stability for better movement, Four-way stretch: may help offer a perfect fit and effective compression, Silicone ring: Eases pressure around the patella, improving comfort, Lightweight and anti-slip: Easy to use, with a non-slip design to stay in place","Size Determination: Measure the circumference around the mid-thigh, approximately 6 inches above the knee, Wear as instructed by your healthcare provider, Ensure the knee cap fits snugly without being too tight, Wear during physical activities or as needed","Store in a cool, dry place away from direct sunlight, Hand wash with mild soap and water, Do not use if you have skin allergies or open wounds around the knee"
https://www.1mg.com/otc/tynor-d-07-knee-cap-with-patellar-ring-sea-green-blue-white-large-otc1033113,Tynor D 07 Knee Cap with Patellar Ring Sea Green Blue and White Large,Tynor Orthotics Pvt. Ltd.,"Supports weak or unstable knees, May assist with managing discomfort during movement","1 U, Compression zones: Designed to help control discomfort and manage swelling, Airy knit fabric: Ensures supreme comfort and breathability for extended use, Patellar padding: Holds the patella in position for optimal joint support, Flexible splints: Provide side-to-side stability for better movement, Four-way stretch: may help offer a perfect fit and effective compression, Silicone ring: Eases pressure around the patella, improving comfort, Lightweight and anti-slip: Easy to use, with a non-slip design to stay in place","Size Determination: Measure the circumference around the mid-thigh, approximately 6 inches above the knee, Wear as instructed by your healthcare provider, Ensure the knee cap fits snugly without being too tight, Wear during physical activities or as needed","Store in a cool, dry place away from direct sunlight, Hand wash with mild soap and water, Do not use if you have skin allergies or open wounds around the knee"
https://www.1mg.com/otc/tynor-d-07-knee-cap-with-patellar-ring-sea-green-blue-white-xl-otc1033116,Tynor D 07 Knee Cap with Patellar Ring Sea Green Blue and White XL,Tynor Orthotics Pvt. Ltd.,"Supports weak or unstable knees, May assist with managing discomfort during movement","1 U, Compression zones: Designed to help control discomfort and manage swelling, Airy knit fabric: Ensures supreme comfort and breathability for extended use, Patellar padding: Holds the patella in position for optimal joint support, Flexible splints: Provide side-to-side stability for better movement, Four-way stretch: may help offer a perfect fit and effective compression, Silicone ring: Eases pressure around the patella, improving comfort, Lightweight and anti-slip: Easy to use, with a non-slip design to stay in place","Size Determination: Measure the circumference around the mid-thigh, approximately 6 inches above the knee, Wear as instructed by your healthcare provider, Ensure the knee cap fits snugly without being too tight, Wear during physical activities or as needed","Store in a cool, dry place away from direct sunlight, Hand wash with mild soap and water, Do not use if you have skin allergies or open wounds around the knee"
https://www.1mg.com/otc/fineache-liniment-oil-50ml-each-otc1034116,Fineache Liniment Oil,Vanshan Pharmaceuticals,,"Each 100ml contains:, Gandhpura Oil (Gaultheria Fragrantissima) 5%, Neelgiri Oil (Eucalyptus Globulus) 5%, Pudina Satva (Mentha Spicata) 10 mg, Kapoor (Cinnamomum Camphora) 10 mg, Nirgundi (Vitex Negundo) 2.5 gm, Saras (Albizzia Lebbeck) 2.5 gm, Raulwolfia Serpentina 2.5 gm, Maidalakri (Litsea Glutinosa) 2.5 gm, Sonth (Zingiber Officinale) 2.5 gm, Ajwain (Trachyspermum Ammi) 2.5 gm, Vacha (Acorus Calamus) 2.5 gm, Sendha Namak (Sodium Chloride) 2.5 gm, Kuchla (Strychnos Nux-Vomica) 2.5 gm, Dachini Oil (Cinnamomum Zeylanicum) 2.5 gm, Til Oil (Sesamum Indicum) Q.S., 50 ml each, Oil, It may help provide relief from joint pain, body aches, and muscle sprains by soothing the affected area and reducing inflammation, The product may help reduce pain and stiffness caused by joint ailments, The formula may help support overall joint health and improve mobility by reducing swelling and enhancing blood flow in affected areas, It may help provide long-lasting relief when used regularly, helping to ease discomfort associated with muscular sprains and inflammation, The oil may help alleviate pain associated with chronic conditions, offering a natural alternative to synthetic pain relievers","Apply on the affected part and massage gently to facilitate penetration, Repeat twice a day for speedy relief","Read the label carefully before use, Store in a cool and dry place, away from sunlight, Keep out of reach of children, Tightly close the cap after each use, To be taken under medical supervision only"
https://www.1mg.com/otc/fineache-liniment-oil-50ml-each-otc1034113,Fineache Liniment Oil,Vanshan Pharmaceuticals,,"Each 100ml contains:, Gandhpura Oil (Gaultheria Fragrantissima) 5%, Neelgiri Oil (Eucalyptus Globulus) 5%, Pudina Satva (Mentha Spicata) 10 mg, Kapoor (Cinnamomum Camphora) 10 mg, Nirgundi (Vitex Negundo) 2.5 gm, Saras (Albizzia Lebbeck) 2.5 gm, Raulwolfia Serpentina 2.5 gm, Maidalakri (Litsea Glutinosa) 2.5 gm, Sonth (Zingiber Officinale) 2.5 gm, Ajwain (Trachyspermum Ammi) 2.5 gm, Vacha (Acorus Calamus) 2.5 gm, Sendha Namak (Sodium Chloride) 2.5 gm, Kuchla (Strychnos Nux-Vomica) 2.5 gm, Dachini Oil (Cinnamomum Zeylanicum) 2.5 gm, Til Oil (Sesamum Indicum) Q.S., 50 ml, Oil, It may help provide relief from joint pain, body aches, and muscle sprains by soothing the affected area and reducing inflammation, The product may help reduce pain and stiffness caused by joint ailments, The formula may help support overall joint health and improve mobility by reducing swelling and enhancing blood flow in affected areas, It may help provide long-lasting relief when used regularly, helping to ease discomfort associated with muscular sprains and inflammation, The oil may help alleviate pain associated with chronic conditions, offering a natural alternative to synthetic pain relievers","Apply on the affected part and massage gently to facilitate penetration, Repeat twice a day for speedy relief","Read the label carefully before use, Store in a cool and dry place, away from sunlight, Keep out of reach of children, Tightly close the cap after each use, To be taken under medical supervision only"
https://www.1mg.com/otc/fineache-liniment-oil-50ml-each-otc1034114,Fineache Liniment Oil,Vanshan Pharmaceuticals,,"Each 100ml contains:, Gandhpura Oil (Gaultheria Fragrantissima) 5%, Neelgiri Oil (Eucalyptus Globulus) 5%, Pudina Satva (Mentha Spicata) 10 mg, Kapoor (Cinnamomum Camphora) 10 mg, Nirgundi (Vitex Negundo) 2.5 gm, Saras (Albizzia Lebbeck) 2.5 gm, Raulwolfia Serpentina 2.5 gm, Maidalakri (Litsea Glutinosa) 2.5 gm, Sonth (Zingiber Officinale) 2.5 gm, Ajwain (Trachyspermum Ammi) 2.5 gm, Vacha (Acorus Calamus) 2.5 gm, Sendha Namak (Sodium Chloride) 2.5 gm, Kuchla (Strychnos Nux-Vomica) 2.5 gm, Dachini Oil (Cinnamomum Zeylanicum) 2.5 gm, Til Oil (Sesamum Indicum) Q.S., 50 ml each, Oil, It may help provide relief from joint pain, body aches, and muscle sprains by soothing the affected area and reducing inflammation, The product may help reduce pain and stiffness caused by joint ailments, The formula may help support overall joint health and improve mobility by reducing swelling and enhancing blood flow in affected areas, It may help provide long-lasting relief when used regularly, helping to ease discomfort associated with muscular sprains and inflammation, The oil may help alleviate pain associated with chronic conditions, offering a natural alternative to synthetic pain relievers","Apply on the affected part and massage gently to facilitate penetration, Repeat twice a day for speedy relief","Read the label carefully before use, Store in a cool and dry place, away from sunlight, Keep out of reach of children, Tightly close the cap after each use, To be taken under medical supervision only"
https://www.1mg.com/otc/fineache-liniment-oil-50ml-each-otc1034115,Fineache Liniment Oil,Vanshan Pharmaceuticals,,"Each 100ml contains:, Gandhpura Oil (Gaultheria Fragrantissima) 5%, Neelgiri Oil (Eucalyptus Globulus) 5%, Pudina Satva (Mentha Spicata) 10 mg, Kapoor (Cinnamomum Camphora) 10 mg, Nirgundi (Vitex Negundo) 2.5 gm, Saras (Albizzia Lebbeck) 2.5 gm, Raulwolfia Serpentina 2.5 gm, Maidalakri (Litsea Glutinosa) 2.5 gm, Sonth (Zingiber Officinale) 2.5 gm, Ajwain (Trachyspermum Ammi) 2.5 gm, Vacha (Acorus Calamus) 2.5 gm, Sendha Namak (Sodium Chloride) 2.5 gm, Kuchla (Strychnos Nux-Vomica) 2.5 gm, Dachini Oil (Cinnamomum Zeylanicum) 2.5 gm, Til Oil (Sesamum Indicum) Q.S., 50 ml each, Oil, It may help provide relief from joint pain, body aches, and muscle sprains by soothing the affected area and reducing inflammation, The product may help reduce pain and stiffness caused by joint ailments, The formula may help support overall joint health and improve mobility by reducing swelling and enhancing blood flow in affected areas, It may help provide long-lasting relief when used regularly, helping to ease discomfort associated with muscular sprains and inflammation, The oil may help alleviate pain associated with chronic conditions, offering a natural alternative to synthetic pain relievers","Apply on the affected part and massage gently to facilitate penetration, Repeat twice a day for speedy relief","Read the label carefully before use, Store in a cool and dry place, away from sunlight, Keep out of reach of children, Tightly close the cap after each use, To be taken under medical supervision only"
https://www.1mg.com/otc/pravek-maha-balvardhak-oil-otc1002860,Pravek's Maha Balvardhak Oil,Pravek Kalp Private Limited,,"Murcchi Til Oil (Sesamum indicum), Kali Mirch (Piper nigrum), Amla (Emblica officinalis), Apamarg (Achyranthes aspera), Ashwagandha (Withania somnifera), Badi Kateri (Solanum indicum), Bael (Aegle marmelos), Bahera (Terminalia bellirica), Choti Kateri (Solanum surattense), Erandmool (Ricinus communis), Gajpipal (Piper chaba), Gambhari (Gmelina arborea), Haldi (Curcuma longa), Harad (Terminalia chebula), Kamalgatta (Nelumbo nucifera), Kewra (Pandanus odoratissimus), Lodhra (Symplocos racemosa), Majistha (Rubia cordifolia), Motha (Cyperus rotundus), Nagbala (Grewia hirsuta), Neel Kamal (Nymphaea stellata), Peet Kaner (Thevetia nerifolia), Tagar (Valeriana wallichii), Vidarikand (Pueraria tuberosa), Prakeshp Dravya: Dalchini (Cinnamomum zeylanicum), May help relieve joint pain by reducing inflammation and swelling, making it ideal for individuals with arthritis or similar conditions, May alleviate muscular stiffness and soreness, which is beneficial for athletes or those engaging in strenuous physical activities, Useful in managing sprains and strains by promoting blood circulation and faster recovery of injured tissues, May strengthen muscles and improve overall mobility, contributing to better physical performance and endurance, Contains a blend of herbs known for their analgesic and anti-inflammatory properties, offering natural pain relief without side effects","Massage an adequate quantity of oil gently on the affected areas till it is absorbed. Use 2-3 times a day. For best results, keep at least a 1-hour gap between massage and bath, or as directed by the physician.","For external use only, Read the label and instructions carefully before use, Do not exceed the dosage mentioned on the label unless suggested by a practicing physician, Keep out of the reach of children, Store in a cool, dry place away from sunlight"
https://www.1mg.com/otc/shinepath-ayurvedic-pain-relief-oil-otc986179,Shinepath Ayurvedic Pain Relief Oil,Shine Remedies,,"Wintergreen oil, Mahanarayan oil, Kapoor, Tarpin oil, Malkangni oil, Guggal oil, Mahamash oil, Panchgun oil, Pudina satwa, Mahavishgarbha oil, Til oil., The combination of wintergreen oil, mahanarayan oil, and other herbal extracts provides natural relief from pain associated with arthritis, muscle strains, and other inflammatory conditions, Tarpin oil and mahavishgarbha oil work to promote muscle relaxation, reducing tension and stiffness, Guggal oil and pudina satwa possess potent anti-inflammatory properties, helping to reduce swelling and inflammation in affected areas, Mahamash oil and til oil help improve blood circulation, promoting faster healing and recovery, Oil, 60 ml, Male/Female","Clean the affected area, pour a sufficient quantity of pain oil and massage gently till the oil is absorbed. Apply 2 to 3 times daily or as directed by the physician.","Store in a cool and dry place away from direct sunlight, Read the product label carefully before use, Keep out of reach of children, For external use only"
https://www.1mg.com/otc/aarogyam-shakti-dardrodhi-oil-100ml-each-otc993883,,Bestone Healthcare Products Pvt. Ltd.,,,,
https://www.1mg.com/otc/tiger-balm-red-ointment-for-effective-relief-from-body-pain-joint-pain-knee-pain-muscular-ache-sprain-ayurvedic-pain-relief-balm-21ml-each-otc1003468,Tiger Balm Red Ointment,Gardenia Cosmotrade LLP,,"Kapoor - 11%; Pudina Ka Phool (Mentha spp. Lf. Ext.) - 10%, Cajuput Tail (Melaleuca spp Lf. Ext.) - 7%, Pudina Tail (Mentha spp. Lf. Ext.)- 6%, Lavang Tail (Eugenia Caryphyllus Fl. Bud Ext.) - 5%, Dalchini Tail (Cinnamomum Cassia Lf. Ext. ) - 5%, Ointment Base - q.s., 9 ml",,
https://www.1mg.com/otc/pandoxi-body-pain-relief-gel-30gm-each-otc1019654,Pandoxi Body Pain Relief Gel,Bhaumik Industries Private Limited,,"Oil of Wintergreen (Gaultheria fragrantissima):15% w/w, Nilgiri Tel (Eucalyptus globulus):2% w/w, Tarpin ka Tel (Pinus roxburghii):3% w/w, Pudinah ka Phool (Mentha viridis):5% w/w, Base qs, 30 gm each, Gel, Pain Management:The herbal actives in Pandoxi Body Pain Relief Gel may assist in managing discomfort associated with sprains, strains, and body pain, Herbal ingredients:The presence of Oil of Wintergreen, Nilgiri oil, and Tarpin oil may support natural pain management. These ingredients are known for their soothing and warming properties, which may help manage joint, back, and muscular discomfort, Multipurpose use:This gel is designed for various types of pain, including joint pain, back pain, shoulder pain, ankle sprain, and muscular pain, making it a beneficial formula for everyday aches, Non-greasy:The gel formula offers easy application and quick absorption without leaving a sticky or greasy residue on the skin",,"Avoid contact with eyes and mouth, Store at a temperature below 25°C, Keep all medicines out of reach of children, Keep the cap tightly closed after each use, Do not accept if seal is broken, Warning: Avoid contact with eyes. If eye contact occurs rinse immediately with plenty of water and seek medical advice, For external use only"
https://www.1mg.com/otc/tynor-d-07-knee-cap-with-patellar-ring-black-white-small-otc1033119,Tynor D 07 Knee Cap with Patellar Ring Black and White Small,Tynor Orthotics Pvt. Ltd.,"Supports weak or unstable knees, May assist with managing discomfort during movement","1 U, Compression zones: Designed to help control discomfort and manage swelling, Airy knit fabric: Ensures supreme comfort and breathability for extended use, Patellar padding: Holds the patella in position for optimal joint support, Flexible splints: Provide side-to-side stability for better movement, Four-way stretch: may help offer a perfect fit and effective compression, Silicone ring: Eases pressure around the patella, improving comfort, Lightweight and anti-slip: Easy to use, with a non-slip design to stay in place","Size Determination: Measure the circumference around the mid-thigh, approximately 6 inches above the knee, Wear as instructed by your healthcare provider, Ensure the knee cap fits snugly without being too tight, Wear during physical activities or as needed","Store in a cool, dry place away from direct sunlight, Hand wash with mild soap and water, Do not use if you have skin allergies or open wounds around the knee"
https://www.1mg.com/otc/emami-mentho-plus-balm-otc1007355,Emami Mentho Plus Balm,Emami Ltd,,"Pudina ka phool, Gaultheria ka tel, Nilgiri ka tel, Lavang ka tel, Karpoor, Tarpin ka tel, Ajowan ka phool, Surasar, It shows immediate action on the area that is paining, It stimulates blood circulation in the affected area, Helps in relaxing stressed muscles, It has an aromatherapy effect for headache, Coolants in the balm have a soothing effect",Take Cotinox Q 10 Capsule as suggested by the healthcare professional.,"Read the label carefully before use, Do not exceed the recommended dose, Keep out of the reach of children, Store at a temperature below 25-degree Celsius and 40 % humidity in cool and dry place, Should be protected from direct light"
https://www.1mg.com/otc/volini-pain-relief-gel-for-sprain-muscle-joint-neck-low-back-pain-bone-joint-muscle-care-otc991092,Volini Pain Relief Gel,Sun Pharmaceutical Industries Ltd,,"Diclofenac Diethylamine Equivalent to Diclofenac Sodium 1% w/w, Methyl Salicylate IP, Menthol IP, Virgin Linseed Oil BP, Preservative, Benzyl Alcohol IP, Gel Base, The spray can offer relief when in pain and supports bone, muscle and joint care., It is effective for pain in the joints, knees, back, shoulders, and neck, It can work great on sports injuries such as muscle pulls, sprains, and strain, It provides instant and long-lasting pain relief from knee pain, joint pain, back pain, calf pain, and neck pain","The Volini pain relief bottle should be shaken well before spraying, Hold the spray bottle at a 5cm distance from the affected area and spray, You can use the spray about three to four times daily or as recommened by your physician","Read the label carefully before use, Store in a cool and dry place, away from sunlight, Keep out of reach of children, The Volini pain relief spray is meant for external application only, Use Volini per the doctor’s guidance, and be careful not to use more than the given dosage, Do not use the spray on open wounds or surfaces of the skin that are ruptured, The spray should not be ingested or come in contact with the eyes and mucous membranes, Avoid using the spray near a naked flame, Do not burn or make a hole in the bottle even after the spray is over"
https://www.1mg.com/otc/ridomaxx-relief-softgel-capsule-otc991945,,Medinomics Healthcare Pvt. Ltd,,,,
https://www.1mg.com/otc/netawik-roll-on-9ml-each-otc995257,,Aneta Pharmaceuticals Pvt. Ltd,,,,
https://www.1mg.com/otc/netawik-roll-on-9ml-each-otc995254,,Aneta Pharmaceuticals Pvt. Ltd,,,,
https://www.1mg.com/otc/netawik-roll-on-9ml-each-otc995255,,Aneta Pharmaceuticals Pvt. Ltd,,,,
https://www.1mg.com/otc/netawik-roll-on-9ml-each-otc995256,,Aneta Pharmaceuticals Pvt. Ltd,,,,
https://www.1mg.com/otc/7vik-baknee-malish-pain-relief-balm-otc1027500,7vik Baknee Maalish Pain Relief Balm,Ayucharya wellness LLP,,"Wintergreen Oil (Gaultheria Procumbens) 8.00% w/w, Phudina Ka Phool (Mentha Sylvestris) 6.00% w/w, Kapoor (Cinnamomum Camphora) 7.00% w/w, Ajowan Ka Phool (Carum Capticum) 1.00% w/w, Nilgiri Tel (Eucalyptus Globulus) 1.00% w/w, Turpin Ka Tel (Pinus Longifolia) 4.00% w/w, Laving Tel (Clove Oil) (Eugenia Aromatica) 2.00% w/w, Cinnamon Oil (Cinnamomum Zeylanicum) 4.00% w/w, Capsicum Oil (Capsicum Frutescens) 2.00% w/w, 10 ml, Balm, The product may help relieve joint pain, including knee, shoulder, and wrist pain, It may help alleviate muscular strains, sprains, and stiffness in joints, The balm may assist in reducing backache and body aches, It may help provide symptomatic relief for conditions such as fibrositis, myositis, and sciatica, The formula may help soothe and relax the affected muscles and joints",,"Read the label carefully before use, Store in a cool and dry place, away from sunlight, Keep out of reach of children, Do not refrigerate, Keep the container tightly closed, Do not swallow. Use as directed, For external application only, Do not apply to eyes or broken skin, Do not use if allergic to ingredients"
https://www.1mg.com/otc/7vik-baknee-malish-pain-relief-oil-otc1027501,7vik Baknee Maalish Pain Relief Oil,Ayucharya wellness LLP,,"Wintergreen Oil (Gaultheria procumbens) 4.00% w/w, Cinnamon Oil (Cinnamomum zeylanicum) 0.50% w/w, Peppermint Oil (Mentha piperita) 0.50% w/w, Turpin Ka Tel (Pinus longifolia) 0.50% w/w, Nilgiri Tel (Eucalyptus globulus) 1.50% w/w, Pudina Ka Phool (Mentha sylvestris) 0.80% w/w, Kapoor (Camphor) 5.00% w/w, Ajowan Ka Phool (Carum copticum) 0.50% w/w, Til Tel (Sesamum indicum) 50.00% w/w, Excipients/Base (if added) Light Liquid Paraffin 69.00% w/w, 100 ml, Oil, This product may help provide quick and long-lasting relief from joint and muscular pain, It can help alleviate discomfort caused by sprains, body aches, and back pain, The oil may assist in reducing stiffness and improving mobility of joints and muscles, It may help provide relief from the symptoms of fibrositis, myositis, and sciatica, Its warming sensation may help soothe the affected areas and improve blood circulation",,"Read the label carefully before use, Store in a cool and dry place, away from sunlight, Keep out of reach of children, Do not refrigerate, Keep the container tightly closed, Do not swallow, Use as directed, Do not use if allergic to ingredients, Do not apply on eyes or broken skin, For external application only"
https://www.1mg.com/otc/awshad-full-spectrum-vijay-oil-4500mg-oil-natural-otc1028425,Awshad Full Spectrum Vijay Oil 4500mg Oil Natural,Casaps Trading Private Limited,,,"Shake the bottle well. Place the prescribed dose under the tongue (sublingually) using a dropper. Hold it for 30 seconds, and then swallow it., Sensitive to flavours? Mix the oil with your drink or food.",
https://www.1mg.com/otc/awshad-full-spectrum-vijay-oil-4500mg-oil-peppermint-otc1028426,Awshad Full Spectrum Vijay Oil 4500mg Oil Peppermint,Casaps Trading Private Limited,,,"Shake the bottle well. Place the prescribed dose under the tongue (sublingually) using a dropper. Hold it for 30 seconds and then swallow it., Sensitive to flavours? Mix the oil with your drink or food.",
https://www.1mg.com/otc/gattumal-ayurveda-dardeaze-super-pain-oil-otc1028052,Gattumal Ayurveda Dardeaze Super Pain Oil,G.M. Pharmacy,,"Refer to the label, 110 ml, Oil, This oil may help to provide relief from muscle spasms and joint pain, It can help reduce nerve pain and sciatica discomfort, It may support the reduction of inflammation in cases of joint-related ailments and sports injuries, This product can help provide relief from frozen shoulder and spinal pains","Apply 5 to 10 ml of Dardeaze Oil on the affected part. Gently massage for a few minutes, Do not apply pressure, Use twice a day or as directed by the physician","Read the label carefully before use, For external use only, Avoid contact with eyes and sensitive areas of the skin, Store in a cool and dry place away from direct sunlight, Do not apply to broken skin, cuts, or wounds, Keep out of reach of children"
https://www.1mg.com/otc/vedagen-flampago-pain-relief-gel-for-back-pain-joint-pain-sports-injury-30gm-each-otc1028347,Vedagen Flampago Pain Relief Gel,Vedagen Life Sciences,,"Mahamasha Thailam, Mahanarayana Thailam, Mahavishagarbha Thailam, Gandhapura Oil (extracted from Gaultheria Fragrantissima), Red Pepper Oil (contains active Capsaicin), Turpin Oil, Sat Pippermint, Karpoor, 30 gm each, Gel, It may help in relieving pain and inflammation in joints and muscles, providing faster pain relief, The product may assist in reducing discomfort associated with back and neck pain, offering better mobility, It can help manage knee pain, shoulder pain, and elbow pain effectively, supporting day-to-day comfort, The formula may help reduce pain from sports injuries, promoting faster recovery, It may help in easing hip pain and promote better flexibility and mobility",,"Read the label carefully before use, Store in a cool and dry place, away from sunlight, Keep out of reach of children, Don’t exceed the recommended dosage"
https://www.1mg.com/otc/vedagen-flampago-pain-relief-gel-for-back-pain-joint-pain-sports-injury-30gm-each-otc1028349,Vedagen Flampago Pain Relief Gel,Vedagen Life Sciences,,"Mahamasha Thailam, Mahanarayana Thailam, Mahavishagarbha Thailam, Gandhapura Oil (extracted from Gaultheria Fragrantissima), Red Pepper Oil (contains active Capsaicin), Turpin Oil, Sat Pippermint, Karpoor, 30 gm each, Gel, It may help in relieving pain and inflammation in joints and muscles, providing faster pain relief, The product may assist in reducing discomfort associated with back and neck pain, offering better mobility, It can help manage knee pain, shoulder pain, and elbow pain effectively, supporting day-to-day comfort, The formula may help reduce pain from sports injuries, promoting faster recovery, It may help in easing hip pain and promote better flexibility and mobility",,"Read the label carefully before use, Store in a cool and dry place, away from sunlight, Keep out of reach of children, Don’t exceed the recommended dosage"
https://www.1mg.com/otc/vedagen-flampago-pain-relief-gel-for-back-pain-joint-pain-sports-injury-30gm-each-otc1028350,Vedagen Flampago Pain Relief Gel,Vedagen Life Sciences,,"Mahamasha Thailam, Mahanarayana Thailam, Mahavishagarbha Thailam, Gandhapura Oil (extracted from Gaultheria Fragrantissima), Red Pepper Oil (contains active Capsaicin), Turpin Oil, Sat Pippermint, Karpoor, 30 gm each, Gel, It may help in relieving pain and inflammation in joints and muscles, providing faster pain relief, The product may assist in reducing discomfort associated with back and neck pain, offering better mobility, It can help manage knee pain, shoulder pain, and elbow pain effectively, supporting day-to-day comfort, The formula may help reduce pain from sports injuries, promoting faster recovery, It may help in easing hip pain and promote better flexibility and mobility",,"Read the label carefully before use, Store in a cool and dry place, away from sunlight, Keep out of reach of children, Don’t exceed the recommended dosage"
https://www.1mg.com/otc/orthotus-quick-relief-expert-spray-otc1029768,Orthotus Quick Relief Expert Spray,Emeritus Pharma Private Limited,"The product may help provide continuous pain relief from muscle soreness, joint discomfort, and strains, making it ideal for athletes, active individuals, and anyone seeking effective relief","Diclofenac Diethylamine I.P. Equivalent to Diclofenac Sodium I.P, Linseed Oil B.P, Methyl Salicylate I.P, Menthol I.P, Excipients and Propellant Q.S., Enduring Comfort:It may help provide sustained relief throughout the day, allowing you to engage in daily activities with reduced pain and enhanced mobility, Versatile Uses:The product may help provide continuous pain relief from muscle soreness, joint discomfort, and strains, making it ideal for athletes, active individuals, and anyone seeking effective relief, Convenient Application:Easy-to-use spray application integrates seamlessly into your routine and may help promote quick and targeted pain relief, Portable and Practical:The compact 75g size makes it easy to carry and use anytime, anywhere, ensuring you have relief on the go, Lightweight Texture:Non-greasy formula blends effortlessly into your skin, leaving it feeling revitalised and at ease without any sticky residue, Spray, 75g","Shake well before use, Spray the contents three to four times from a distance of 5 cm onto the affected area, or as instructed by a physician, To increase drug penetration, cover the area where the spray has been applied","Read the label carefully before use, Keep out of reach of the children, Keep in a cool and dry temperature not exceeding 25°C, For external use only, Not for veterinary use, Flammable product, Keep away from heat, Do not burn even when apparently empty"
https://www.1mg.com/otc/pnrecov-tablet-otc1079481,PNRecov Tablet,Edence Life Sciences Private Limited,,"Each tablet contains:, Tablet, 10 Tablets",1 to 2 Tablets a day or as recommended by a health specialist.,
https://www.1mg.com/otc/galact-lactation-granules-with-shatavari-flavour-kesar-otc985461,Galact Lactation Granules with Shatavari | Flavour Kesar,Emcure Pharmaceuticals Ltd,,"Each 100 g contains extracts derived from:, Granules, 400 gm, Lactating Women",,
https://www.1mg.com/otc/galact-plus-mom-s-nutribar-20gm-each-oat-berry-otc1042278,Galact Plus Mom's NutriBar (20gm Each) Oat Berry,Emcure Pharmaceuticals Ltd,,"Fructooligosaccharide (23.50%), Sweetener (INS 965(ii)), Soy Granules, Jowar Crisp, Seeds (8%) – Sesame seeds (2%), Watermelon seeds (2%), Chia seeds (2%), Pumpkin seeds (2%), Jumbo Oats (7.5%), Instant Oats (4.0%), Almonds (4.0%), Peanuts (4.0%), Rice Crisps, Refined Sunflower Oil, Cranberries (Unsweetened) (2.0%), Dark Raisins (2.0%), Thickener (INS 412), Added Minerals (Sodium Iron EDTA), Acidity Regulator (INS 330), Natural Flavour, Salt, Emulsifier (INS 322 (I)), Rosemary Extract & Added Vitamins (n-pteroyl-l-glutamic acid)., Bar, 1 bar (20 gm), Women",,
https://www.1mg.com/otc/bjain-agaricus-muscarius-dilution-1000-ch-otc429354,Bjain Agaricus Muscarius Dilution,Bjain Pharmaceuticals Pvt. Ltd.,,,Bjain Agaricus Muscarius Dilution should be taken 3-5 drops in 1 teaspoon of water three times a day or as directed by the physician.,
https://www.1mg.com/otc/vissco-2-in-1-anklet-binder-to-support-stability-to-the-ankle-sprain-swelling-muscle-xl-grey-otc706291,Vissco 2708 Pro Ankler,Vissco Rehabilitation Aids Pvt. Ltd.,Used to provide stability to the ankle joint.,,Wear this compression sleeve as you would wear shocks.,
https://www.1mg.com/otc/galact-lactation-granules-with-shatavari-flavour-kesar-otc985461,Galact Lactation Granules with Shatavari | Flavour Kesar,Emcure Pharmaceuticals Ltd,,"Each 100 g contains extracts derived from:, Granules, 400 gm, Lactating Women",,
https://www.1mg.com/otc/arth-melatonin-sleep-support-gummies-with-l-theanine-chamomile-extract-otc1044443,Arth Melatonin Sleep Support Gummies with L-theanine & Chamomile Extract,Emcure Pharmaceuticals Ltd,,"Gummies, 30 Gummies",,
https://www.1mg.com/otc/tynor-a-29-lumbo-lacepull-brace-l-xl-otc1123461,Tynor A-29 Lumbo Lacepull Brace Universal,Tynor Orthotics Pvt. Ltd.,"It ergonomically braces waist, requires lesser force for old aged users to achieve high compression and immobilization. Recommended specifically for postoperative stabilization and multi level decompression.",,Use as per requirement or as directed by the physician.,
https://www.1mg.com/otc/bjain-agaricus-muscarius-dilution-3x-otc429510,Bjain Agaricus Muscarius Dilution,Bjain Pharmaceuticals Pvt. Ltd.,,,Bjain Agaricus Muscarius Dilution should be taken 3-5 drops in 1 teaspoon of water three times a day or as directed by the physician.,
https://www.1mg.com/otc/bhargava-homoeogesic-tablet-otc1082528,Bhargava Homoeogesic Tablet,Bhargava Phytolab,,"Belladonna 3X – 25mg, Caffeine 3X – 25mg, Eupatorium perfoliatum 3X – 20mg, Rhododendron chrysanthum 6X – 20mg, Rhus toxicodendron 3X – 25mg, Ruta graveolens 3X – 20mg, Salicylic Acid 6X – 50mg, In Sugar of Milk Base (Lactose), 3x20 N, Tablet, May help in relief from temperature fluctuations by assisting the body in regulating internal balance, which may contribute to overall comfort and well-being during periods of discomfort, May assist in alleviating headaches and body discomfort by helping soothe sensations of uneasiness, supporting relaxation, and improving physical comfort, May contribute to easing muscle and joint discomfort by supporting mobility and flexibility, which may help the body manage minor aches and stiffness more effectively, May help manage restlessness and support a sense of calm by assisting in relaxation, which may contribute to overall mental and physical ease throughout the day, May provide additional support in maintaining overall well-being by contributing to comfort, vitality, and ease of movement in daily life",,"Read the label carefully before use, Store in a cool, dry place, away from direct sunlight, Keep out of reach of children, Consult a healthcare professional before use, especially if under medical supervision, Do not exceed the recommended dosage, Store below 30°C"
https://www.1mg.com/otc/arth-tender-breast-support-capsule-with-primrose-oil-vitamin-e-vitamin-b6-otc1013317,"Arth Tender Breast Support Capsule with Primrose Oil, Vitamin E & Vitamin B6",Emcure Pharmaceuticals Ltd,,"Capsule, 60 N",Take 1 capsule twice a day for best results,
https://www.1mg.com/otc/bjain-agaricus-muscarius-dilution-1000-ch-otc429354,Bjain Agaricus Muscarius Dilution,Bjain Pharmaceuticals Pvt. Ltd.,,,Bjain Agaricus Muscarius Dilution should be taken 3-5 drops in 1 teaspoon of water three times a day or as directed by the physician.,
https://www.1mg.com/otc/vissco-2-in-1-anklet-binder-to-support-stability-to-the-ankle-sprain-swelling-muscle-small-grey-otc706287,Vissco 2708 Pro Ankler,Vissco Rehabilitation Aids Pvt. Ltd.,Used to provide stability to the ankle joint.,,Wear this compression sleeve as you would wear shocks.,
https://www.1mg.com/otc/patanjali-divya-mukta-shukti-bhasma-otc387918,,Patanjali Divya Pharmacy,,,,
https://www.1mg.com/otc/cosglam-semi-permanent-hair-color-ppd-ammonia-free-purple-blue-otc844862,CosGlam range,Yutika Natural Pvt Ltd,,,,
https://www.1mg.com/otc/bjain-agaricus-muscarius-dilution-6x-otc429427,Bjain Agaricus Muscarius Dilution,Bjain Pharmaceuticals Pvt. Ltd.,,,Bjain Agaricus Muscarius Dilution should be taken 3-5 drops in 1 teaspoon of water three times a day or as directed by the physician.,
https://www.1mg.com/otc/galact-lactation-granules-with-shatavari-flavour-elaichi-otc985459,Galact Lactation Granules with Shatavari | Flavour Elaichi,Emcure Pharmaceuticals Ltd,,"Each 100 g contains extracts derived from:, Granules, 400 gm, Lactating Women",,
https://www.1mg.com/otc/i-know-pregnancy-testing-kit-otc1082603,i-Know Pregnancy Testing Kit,Piramal Pharma Ltd.,It is a home-based pregnancy detection kit for easy and quick self-testing using a urine sample.,,,
https://www.1mg.com/otc/vissco-2-in-1-anklet-binder-to-support-stability-to-the-ankle-sprain-swelling-muscle-large-grey-otc706289,Vissco 2708 Pro Ankler,Vissco Rehabilitation Aids Pvt. Ltd.,Used to provide stability to the ankle joint.,,Wear this compression sleeve as you would wear shocks.,
https://www.1mg.com/otc/kwik-pain-relieving-spray-otc1119294,Kwik Pain Relieving Spray,Ozone Pharmaceuticals Ltd,,"Diclofenac Diethylamine, Linseed Oil, Methyl Salicylate, Menthol.",,
https://www.1mg.com/otc/recovr-advanced-spray-55gm-each-otc1080414,Recovr Advanced Spray (55gm Each),Excelgrow India,,2.32% Diclofenac,Shake it well before each use. Spray from a distance of approximately 5 cm on the affected areas 3 to 4 times a day for best results.,
https://www.1mg.com/otc/swadeshi-vatantak-vati-otc1080016,Swadeshi Vatantak Vati,Swadeshi Ayurved,,"Tablet, 60 N, Adults, May help in easing joint discomfort and stiffness, supporting flexibility and smooth mobility for better daily activities, Can provide support for maintaining joint strength and function, assisting in natural musculoskeletal comfort, May assist in soothing occasional headaches and muscular tension, helping individuals feel more at ease, Can help in maintaining a balanced Vata dosha, which is crucial for joint and nerve health in Ayurveda, May assist in supporting the body's natural detoxification process, which can contribute to better joint and muscle well-being, Can aid in the nourishment of nerves and joints, helping to support long-term mobility and muscle relaxation, May be beneficial for individuals seeking natural support for occasional discomfort related to joint health and nervous system balance",Dosage can be varied as prescribed by your healthcare professional,"Store in a cool, dry, and dark place, Keep out of reach of children, Close the cap tightly, Consume within 1 month after opening, Do not exceed the recommended dosage, Read the product label carefully before use, Consult a physician before use, especially if you are pregnant, nursing, or have a medical condition"
https://www.1mg.com/otc/diclowin-ortho-roll-on-otc1082840,Diclowin Ortho Roll On,Wings Pharmaceuticals Pvt Ltd,,"Diclofenac Diethylamine I.P. 2.32% w/w eq. to Diclofenac Sodium 2% w/w, Methyl Salicylate I.P. 10% w/w, Menthol I.P. 5% w/w, Gel base q.s, :, Fast-Acting Application:The roll-on format allows for easy, targeted application to affected areas, Cooling and Warming Sensation:Menthol provides an initial cooling effect, followed by a warming sensation for comfort, Non-Greasy Formula:Absorbs quickly without leaving a stain or smell on the skin, Convenient and Travel-Friendly:Compact and easy to carry for on-the-go use, Roll On, 50 ml",Gently rub on the affected area 3-4 times daily or as direxted by the physician,"Read the label carefully before use, Store in cool, dry place, Protect from direct sunlight. Do not freeze, Keep out of reach of children, Avoid contact with eyes, mouth and other mucous membranes, Replace the cap tightly after each use, WARNING: Not for veterinary use, For external use only"
https://www.1mg.com/otc/vissco-core-0708-ankle-binder-small-grey-otc688854,Vissco Core 0708 Ankle Binder,Vissco Rehabilitation Aids Pvt. Ltd.,"It is used to provide support and stability to the ankle, further curtailing any swelling due to the compression offered",,Use as directed by the physician.,
https://www.1mg.com/otc/tynor-a-29-lumbo-lacepull-brace-xxl-xxxl-otc1123472,Tynor A-29 Lumbo Lacepull Brace Universal,Tynor Orthotics Pvt. Ltd.,"It ergonomically braces waist, requires lesser force for old aged users to achieve high compression and immobilization. Recommended specifically for postoperative stabilization and multi level decompression.",,Use as per requirement or as directed by the physician.,
https://www.1mg.com/otc/grocery-farm-berries-mix-otc966470,Grocery Farm Berries Mix,QualityPick Retail (OPC) Pvt. Ltd.,,Berries Mix,Use as per your convenience,
https://www.1mg.com/otc/uremass-plus-syrup-otc488438,Urimass Plus Syrup,Naturestask,,,,
https://www.1mg.com/otc/vissco-2-in-1-anklet-binder-to-support-stability-to-the-ankle-sprain-swelling-muscle-grey-xxl-otc706294,Vissco 2708 Pro Ankler,Vissco Rehabilitation Aids Pvt. Ltd.,Used to provide stability to the ankle joint.,,Wear this compression sleeve as you would wear shocks.,
https://www.1mg.com/otc/tynor-a-29-lumbo-lacepull-brace-xxl-xxxl-otc1123472,Tynor A-29 Lumbo Lacepull Brace Universal,Tynor Orthotics Pvt. Ltd.,"It ergonomically braces waist, requires lesser force for old aged users to achieve high compression and immobilization. Recommended specifically for postoperative stabilization and multi level decompression.",,Use as per requirement or as directed by the physician.,
https://www.1mg.com/otc/vissco-core-0708-ankle-binder-small-grey-otc688854,Vissco Core 0708 Ankle Binder,Vissco Rehabilitation Aids Pvt. Ltd.,"It is used to provide support and stability to the ankle, further curtailing any swelling due to the compression offered",,Use as directed by the physician.,
