url,ProductName,MarketerName,Uses,Features,Directions,Safety
https://www.1mg.com/otc/lp-271z-thigh-compression-sleeve-xxl-otc331446,Uses:,LP Support,"It is used to enhance the explosive strength of thigh muscles, improving kicking and jumping.",,Use as directed by the health-care professional and Make sure the power band is positioned around the knee.,"Read the label carefully before use, Keep out of reach of the children, Store in a cool dry place"
https://www.1mg.com/otc/lp-605-palm-brace-medium-otc331337,LP #605 Palm Brace,LP Support,"Provides support and relieves pain from the stiff, swollen or injured wrist. Protects against further injury.",,Measure the circumference of your wrist and wear accordingly.,"Read the label carefully before use, Keep out of reach of the children, Store in a cool dry place"
https://www.1mg.com/otc/medtrix-cervical-pillow-spondylosis-neck-and-back-pain-support-universal-blue-otc503567,Medtrix Cervical Pillow Spondylosis Neck and Back Pain Support Universal,Medtrix,"It is used to support the head, neck and shoulder for better comfort.",,Read the instructions manual for usage directions.,"Read the label carefully before use, Keep out of reach of the children, Store in a cool dry place"
https://www.1mg.com/otc/comprezon-cotton-varicose-vein-stockings-class-1-above-knee-medium-beige-otc390210,,Dynamic Techno Medicals Pvt. Ltd.,,,,
https://www.1mg.com/otc/accusure-c1-elastic-cervical-collar-soft-medium-otc371793,,AccuSure Ortho Support,,,,
https://www.1mg.com/otc/medtrix-functional-open-patella-hinge-knee-support-small-grey-otc503678,,Medtrix,,,,
https://www.1mg.com/otc/medtrix-hinged-knee-cap-large-beige-premium-otc503706,,Medtrix,,,,
https://www.1mg.com/otc/accusure-e-1-tennis-elbow-wrap-neoprene-otc371732,,AccuSure Ortho Support,,,,
https://www.1mg.com/otc/lp-161xt-x-tremus-back-support-xl-otc331207,LP #161XT X-Tremus Back Support,LP Support,"It is primarily recommended in moderate muscle strain, low back pain and HIVD (Herniated lntervertebral Disc).","X pattern Stable Contoured Structure combined with elastic straps and semi-rigid stays provide lumbar spine maximal protection, C Pattern Magic Power Band contoured to fit the core muscles preserves energy consumption and enhances sports explosion, Semi-rigid stays positioned on the back support and stabilize the lumbar spine without limiting performance, Bilateral straps provide reinforced compression to enhance stays function with extra stability, Pocket closure design makes it easier to wrap in front, Durable Fitting Knit with high permeability fabric ensures wearing durability and breathability",Use as per requirement or as directed by the physician.,"Read the label carefully before use, Store in a cool dry place away from direct sunlight, Keep out of reach of the children, Avoid physical damage"
https://www.1mg.com/otc/lenvitz-universal-gel-pillow-large-otc399029,Lenvitz Universal Gel Pillow,Lenvitz Medical Solutions Pvt Ltd,It is used to protect the patient during surgery.,,Use as per requirement or as directed by the physician.,"Read the label carefully before use, Store in a cool dry place away from direct sunlight, Keep out of reach of the children, Avoid physical damage"
https://www.1mg.com/otc/rublin-bottle-otc955704,Rublin Liniment,Kesar Herbals,,"Mahanarayan tail, Mahavishgarbh oil, Til tail, Kapoor, Pudina phool, Nilgiri tail, Wintergreen oil, The ointment may provide relief from back, muscle, joint, knee, back, shoulder and neck pain, It helps manage sports injuries such as muscle pulls, cramps, sprains, and strains, The formulation may help to deal with joint and muscle disorders, The formula penetrates deep into the skin to reduce inflammation and pain",Apply on the affected area and massage gently,"Keep out of reach of children, Store in a cool and dry place, For external usage only, Read the label before use"
https://www.1mg.com/otc/mesmara-cedarwood-cedrus-deodara-essential-oil-otc481256,Mesamara Cedar wood Essential Oil,Siva Sri Retail,,"100%, therapeutic grade cedar wood essential oil - no fillers, additives, bases or carriers added, Woody and warm fragrance, Acts as a natural deodorizer, Promotes a relaxed environment when used aromatically, Treats acne, Natural insect repellant, Prevents hair loss, Reduces pain and has anti-inflammatory properties, Helps reduce fungal infection, Enriched with trace elements","Diffuse after a stressful day to relax the mind and body, Use with a carrier oil in massage therapy, Add 1-2 drops to facial toner or moisturizer for added clarifying properties, Inhale directly or diffuse to promote healthy respiratory function","For external use only, Keep out of reach of children, Avoid Contact with eyes, Do not use on sensitive or damaged skin, Do not use undiluted on skin, Avoid using, if pregnant"
https://www.1mg.com/otc/aurthot-afo-foot-drop-splint-small-left-otc389288,,Aurthot Surgicals (OPC) Pvt Ltd,,,,
https://www.1mg.com/otc/pindathailam-otc490231,Pindathailam,Averdynm Herbals Pvt Ltd,,"Madhuchishta, Manjishta, Sarjarasa, Sariba, It helps alleviate aggravated vata and pitta dosha, It helps reduce burning sensation and pain as in gout, It helps address pain in varicose veins, It can also be used in ulcers and traumatic injuries, It also addresses burns and spasms, It is used for ayurvedic treatments for diabetic retinopathy",Gently apply and massage a generous quantity of oil over the desired area,"Read the label carefully before use, Keep out of the reach of children, Store in a cool dry place away from direct sunlight and heat"
https://www.1mg.com/otc/boldfit-knee-support-cap-brace-large-otc688142,,Sasvat Omnicare Pvt Ltd,,,,
https://www.1mg.com/otc/sensur-cramp-relief-roll-on-otc796481,Sensur Cramp Relief Roll On,Integrace Pvt Ltd,,"Karpoora, Gandhaputra, Nilgiri, It offers relief from period-related pain, It helps relax muscles during menstruration, It helps to increase blood circulation to the uterine wall, Its unique aromatic blend lightens the mood and helps relax, It is a single quick absorption formula that acts fast and clears pain",As directed on the label,"Read the label carefully, Keep away from direct sunlight, Store in a cool and dry place, Keep out of the reach of children"
https://www.1mg.com/otc/medtrix-varicose-vein-stocking-medium-beige-eco-otc503780,Medtrix Varicose Vein Stocking,Medtrix,The product is primarily used in relieving post-surgical pain and pain due to varicose veins and restricted blood circulation.,"It helps to stop varicose veins from getting worse, The product provides consistent pressure to the legs, It helps to alleviate pain and reduce pain and discomfort, The product aims to offer compression and support, It assists in improving the blood circulation",Use as per requirement or as directed by the physician.,"Read the label carefully before use, Store in a cool dry place away from direct sunlight, Keep out of reach of the children, Avoid physical damage"
https://www.1mg.com/otc/wellon-wrist-binder-wb-03-universal-otc387534,,Mana Medical,,,,
https://www.1mg.com/otc/remedo-lumber-sacro-support-small-otc390079,,Remedo Wellness Pvt Ltd,,,,
https://www.1mg.com/otc/aruba-essentials-peppermint-oil-otc403451,,Kamatri Corporation Pvt Ltd,,,,
https://www.1mg.com/otc/lp-272z-leg-compression-sleeve-single-small-otc331175,LP #272Z Leg Compression Sleeve,LP Support,It is used to support the knees and thigh area to reduce chronic inflammation due to any injury sports activity.,,Measure the circumference of the knee at the patella with the knee fully extended.,"Read the label carefully before use, Keep out of reach of the children, Store in a cool dry place"
https://www.1mg.com/otc/longlife-oct-010-arm-sling-support-medium-blue-otc492479,,Veridicus Health Care Pvt Ltd,,,,
https://www.1mg.com/otc/the-lifekart.in-migraine-relief-20-days-kit-60-chewable-tablet-20-probiotic-sachet-otc710934,,Lancer Pharma,,,,
https://www.1mg.com/otc/equinox-hot-water-bottle-with-cover-eq-ht-02-n-otc355827,Equinox Hot Water Bottle with Cover EQ-HT-02 N,Equinox Overseas Pvt Ltd,It provides instant comfort to tired and aching muscles and reduces stiffness.,"Capacity:800 ml, Made with latex rubber, It provides instant comfort to tired and aching muscles, It is specially designed for the neck and helps to reduce stiffness, It comes with a soft fleece cover and is leakproof","When filling the bottle, do not use boiling water, Fill to a maximum of two-thirds of capacities, Check the bottle for any leakage by holding the bottle in an upside-down position, Expel air by lowering carefully onto a flat surface until water appears at the opening, Screw the stopper sufficiently tight to ensure that there is no leakage","Read the label carefully before use, Keep away from direct contact with sunlight, Do not pierce, Do not put liquid hotter than 120*F or boiling water, Not suitable for children under the age of 36 months, Do not put in microwave"
https://www.1mg.com/otc/lp-723-neoprene-tennis-elbow-support-with-strap-large-otc331404,LP 723 Neoprene Tennis Elbow Support with Strap,LP Support,"It is primarily used to provide relief in the case of lateral epicondylitis, weak and painful elbow joints, for prevention and control of bursitis /tendinitis.","Aims to facilitate relief in case of tennis elbows, It is used for lateral epicondylitis and prevention and control of bursitis and tendinitis, Provides comfort in arthritis pain, Easy to wear and remove and provides utmost comfort to the elbow, Helps to protect the elbow & arm during any activity, It consists of an attached strap which offers adjustable compression, Reduces wrist and finger tension, Permits limited movement to avoid stiffness, Provides comfortable fit, Measure:CM Unit- S= 22.9-25.4 cm, M= 25.4-27.9 cm, L= 27.9-30.5 cm, XL= 30.5-33.0 cm, Measure:Inch Unit- S= 9-10 "", M= 10-11 "", L= 11-12 "", XL=12-13 """,Use as per requirement or as directed by the physician.,"Read the label carefully before use, Store in a cool dry place away from direct sunlight, Keep out of reach of the children, Avoid physical damage"
https://www.1mg.com/otc/sri-nature-ayur-lakshadi-guggulu-tablet-otc495903,Sri Nature Ayur Lakshadi Guggulu Tablet,Sri Nature Ayur,,"Lakshadi Guggulu, It is helpful for healing broken bones, fractures and osteophyte removal, It is a natural formula to enhance calcium deposition in bone, It is a herbal remedy for osteoporosis and decreased bone density",Use as directed on the label or as suggested by health care professionals.,"Store in a cool and dry place away from direct sunlight, Read the label carefully, Keep out of reach of children"
https://www.1mg.com/otc/acupressure-slipper-khaddau-paduka-otc518594,,Kapil Plastic Mould,,,,
https://www.1mg.com/otc/united-ortho-adjustable-night-splint-large-otc483218,,United Ortho,,,,
https://www.1mg.com/otc/allen-relax-pain-killer-balm-otc330413,,Allen Homoeo & Herbal Products Ltd,,,,
https://www.1mg.com/otc/dr-med-knee-immobilizer-short-dr-k106-large-grey-otc377547,,A-MI Global Co Ltd,,,,
https://www.1mg.com/otc/medtrix-hinged-knee-cap-xxl-beige-premium-otc503708,,Medtrix,,,,
https://www.1mg.com/otc/mgrm-wrist-cock-up-splint-0307-xl-left-otc390718,MGRM Wrist & Cock Up Splint 0307,MGRM Medicare Ltd.,It is mainly used to support and grip your wrist and arm.,"It is a pre-shaped mouldable splint made of light metal that maintains dorsiflexion, It is made of high-quality, coated fabric with a foam pad and sweat-absorbing lining for comfortable support, It is specially designed for the right and left arms, It has a hole for thumb insertion and easy splint movement","First, select the proper size for your wrist. Then insert the thumb of the injured hand into the hole and lock your wrist with the velcro loops.","Keep out of reach of the children, It should not be machine washed, It must not be brushed hard, It should not be squeezed"
https://www.1mg.com/otc/dr.-reckeweg-syphilinum-dilution-3x-otc375321,Dr. Reckeweg Syphilinum Dilution,Dr Reckeweg & Co,,"Syphilinum, 10ml, Dilution, It provides relief from shifting rheumatic pains and severe pain in long bones and muscles, It is effective in managing ulcerations in the mouth, nose, genitals, and skin, reducing burning sensations, It alleviates symptoms of dry, hard coughs, especially at night, It helps with conditions like rectal strictures, painful enemas, and fissures, improving overall rectal health",,"Do not exceed the recommended dosage, Read the label carefully before use, Store in a cool dry place away from direct sunlight, Keep out of reach of children, Avoid any strong smell in the mouth such as coffee, onion, hing, mint, camphor, garlic etc. while taking the medicine, Keep at least half an hour gap between food/drink/ any other medicines and allopathic medicine"
https://www.1mg.com/otc/boiron-argentum-metallicum-multi-dose-approx-80-pellets-6-ch-otc407262,,Boiron Laboratories Pvt Ltd,,,,
https://www.1mg.com/otc/lp-884-instant-cold-pack-otc331368,LP #884 Instant Cold Pack,LP Support,"It is primarily used to provide relief in pain and swelling of acute injury, such as sprain, strain or contusion.","No refrigeration is needed so the pack can be used wherever and whenever one need it, Can stay cold for up to 30 minute, It is recommended for first aid kits and outdoor activities, It is for single use only and can be stored at room temperature",Use as per requirement or as directed by the physician.,"Read the label carefully before use, Store in a cool dry place away from direct sunlight, Keep out of reach of the children, Avoid physical damage"
https://www.1mg.com/otc/lifelong-llm18-air-pressure-massager-brown-otc530427,Lifelong LLM18 Air Pressure Massager Brown,Lifelong Online Retail Pvt Ltd,,"Improves blood circulation in feet, calves, thighs or arms, Relieves pain through air compression, It is lightweight and easy to operate, Has high-quality breathable fabric, Air pressure intensity and modes can be controlled, Free size belts ensure it can fit people of different age groups and size",Read the instruction’s manual for usage directions.,"Read the label carefully before use, Stop using it immediately if you feel unwell. Don't use it again until you consult the doctor, It is suggested using it 10-15mins each time, Don't wind the power cord around the machine host and place it well, Don't use it in the bathroom and other humid places, Unplug the power adaptor from the socket before you clean and maintain it, Unplug the power adaptor when you are not using it, Don't trample the machine, Don't walk after you wear the strap, For external use only"
https://www.1mg.com/otc/medtrix-lumbar-sacral-belt-xl-grey-otc503743,,Medtrix,,,,
https://www.1mg.com/otc/dr.-reckeweg-bovista-dilution-3x-otc373117,Dr. Reckeweg Bovista Dilution,Dr Reckeweg & Co,,"Puff Ball, Dilution, 11 ml, Male/Female, Reduces the pain in the head that increases early in the morning and the person feels like the head is growing, Excellent remedy for pimples that arise due to the use of excessive cosmetics, May reduce loose motions before and after periods when they come early with heavy flow, Good remedy for colicky pains which are better by eating, Effectively eases conditions like eczema, acne, and rashes, providing relief from itching and irritation, Helps in managing varicose veins and prevents easy bruising, promoting healthy blood flow",Use as directed by the physician.,"Store in a cool and dry place away from direct sunlight, Read the product label carefully before use, Keep out of reach of children, Do not exceed the recommended dosage, Avoid any strong smell in the mouth such as coffee, onion, hing, mint, camphor, garlic etc while taking the medicine, Keep at least half an hour gap between food/drink/ any other medicines and allopathic medicine"
https://www.1mg.com/otc/nivaran-90-universal-oil-8ml-each-otc752122,Nivaran 90 Universal Oil,Sujatha Biotech,,"Pudhina Oil, Kapoor Oil, Winter Green Oil, Eucalyptus Oil, Ghandapura Oil, Gajaput Oil, Clove Oil, Peppermint Oil, White Oil, It is an effective pain-relief solution, It is the ayurvedic remedy for headaches, body aches and joint pain, It consists of powerful ayurvedic herbs with no side effects, It penetrates swiftly into the affected areas to deliver quick and long-lasting relief from pain, It relaxes muscle stiffness and heals pain effectively",Gently roll on the affected skin area as many times as required,Read the label carefully before use
https://www.1mg.com/otc/vaidya-patankar-oil-lemongrass-otc973877,Vhelpya Patankar Oil Lemongrass,Vaidya Patankar Pharmacy Pvt Ltd,,"Lemongrass Essential Oil, Refreshing Aroma:Lemongrass is known for its fresh, citrusy scent that uplifts the mood and promotes mental clarity. Vhelpya Patankar Oil Lemongrass harnesses this aroma to provide a refreshing and invigorating experience, Therapeutic Properties:Lemongrass essential oil may have various therapeutic properties, including anti-inflammatory, antimicrobial, and analgesic effects. When applied topically, it may help soothe muscle tension, reduce inflammation, and relieve pain, Natural Insect Repellent:Lemongrass is also known for its natural insect-repellent properties. Vhelpya Patankar Oil Lemongrass can be used as a natural alternative to chemical-based insect repellents, helping to keep bugs at bay while enjoying its refreshing scent",,"Store in a cool and dry place, Keep away from the direct sunlight, Keep out of the reach of children"
https://www.1mg.com/otc/netaspray-quick-relief-from-muscle-joint-pain-55gm-each-otc930156,Neta Spray (55gm Each),Aneta Pharmaceuticals Pvt. Ltd,,"Diclofenac Diethylamine, This spray is designed to provide quick relief from muscle and joint pain, Its formulation is optimised for rapid action, making it an effective solution for alleviating various types of discomfort, including body pain, back pain, strains, and inflammation, The spray harnesses the benefits of diclofenac diethylamine and is known for its potent anti-inflammatory and pain-relieving properties, which help target the root causes of pain and reduce inflammation, One of the advantages of this spray is its ability to get absorbed quickly into the skin tissues; this efficient absorption ensures that the active ingredients reach the affected areas swiftly, enhancing the speed at which it begins to work",Apply on the targetted areas.,"Read the label carefully, Store in a cool, dry place, Keep out of reach of children, Maintain hygiene"
https://www.1mg.com/otc/dominion-care-combo-pack-of-accu-paduka-accupressure-massage-slipper-and-athreek-cervical-pillow-otc516285,,Kapil Plastic Mould,,,,
https://www.1mg.com/otc/mesmara-cedarwood-cedrus-deodara-essential-oil-otc481254,Mesamara Cedar wood Essential Oil,Siva Sri Retail,,"100%, therapeutic grade cedar wood essential oil - no fillers, additives, bases or carriers added, Woody and warm fragrance, Acts as a natural deodorizer, Promotes a relaxed environment when used aromatically, Treats acne, Natural insect repellant, Prevents hair loss, Reduces pain and has anti-inflammatory properties, Helps reduce fungal infection, Enriched with trace elements","Diffuse after a stressful day to relax the mind and body, Use with a carrier oil in massage therapy, Add 1-2 drops to facial toner or moisturizer for added clarifying properties, Inhale directly or diffuse to promote healthy respiratory function","For external use only, Keep out of reach of children, Avoid Contact with eyes, Do not use on sensitive or damaged skin, Do not use undiluted on skin, Avoid using, if pregnant"
https://www.1mg.com/otc/mgrm-shoulder-immobilizer-0201-large-otc390655,,MGRM Medicare Ltd.,,,,
https://www.1mg.com/otc/genugrip-knee-brace-xl-left-otc392379,,Dynamic Techno Medicals Pvt. Ltd.,,,,
https://www.1mg.com/otc/p-care-c3013-elastic-ankle-support-small-otc659054,,PR Flexmake Private Limited,,,,
https://www.1mg.com/otc/dr-med-elastic-back-support-dr-b013-xl-beige-otc377476,,A-MI Global Co Ltd,,,,
https://www.1mg.com/otc/healthtrek-reusable-hot-and-cold-pack-for-pain-relief-blue-otc946085,Healthtrek Reusable Hot and Cold Pack for Pain Relief Blue,Healthtrek Healthcare,It is used to provide relief from pain caused due to injuries,"Eco-friendly relief:Reusable pack for sustainable hot and cold therapy solutions, Flexible application:Conforms to body contours, delivering versatile and targeted comfort, Long-lasting temperatures:Helps ensure extended relief for effective pain management and relaxation, Durable and leak-proof:Robust construction for repeated use without compromising performance, Safe and non-toxic:Made with materials free from harmful chemicals for worry-free use, Versatile temperature therapy:Offers both hot and cold therapy for various needs, Cost-effective solution:Long-lasting use provides a cost-efficient pain relief option, Convenient and portable:Easy to store and carry, providing on-the-go relief","Microwave for heat or freeze for cold therapy, Apply to the affected area for relief","Read the label carefully before use, Keep out of reach of children, Store in a cool, dry place, away from direct sunlight"
https://www.1mg.com/otc/the-white-willow-cervical-orthopedic-memory-foam-contour-pillow-king-otc506941,The White Willow Cervical Orthopedic Memory Foam Contour Pillow King,The White Willow,"It is constructed to facilitate a healthy support to the neck, shoulder, and head.",,Read the instructions manual for usage directions.,"Read the label carefully before use, Store in a cool dry place away from direct sunlight, Keep out of reach of the children, Avoid any physical damage"
https://www.1mg.com/otc/ayukriti-herbals-panch-tulsi-ras-otc434552,Ayukriti Herbals Panch Tulsi Ras,Harasha Pharma Pvt Ltd,,"Tulsi Extract, Basil, Aids the prevention as well as treatment of of fever, cough,cold and respiratory ailments, Useful as Natural Anthelmintic and help treat bacterial & viral infections, Beneficial for combating complications related to pollution, smoking & seasonal allergies",Take 20-30m1 thrice a day or as directed by Physician,"Store in a cool and dry place, For external use only, Keep out of reach of the children"
https://www.1mg.com/otc/wellon-elastic-tubular-anklet-as-01-xxl-otc387599,Wellon Elastic Tubular Anklet AS-01,Mana Medical,It is used to provide support and stability in the case of sprains and strains in the ankle region.,"Provides graduated compression to the affected area, Designed with four way stretchable fabric, Facilitates comfort in sprains and strains",Use as per requirement or as directed by the physician.,"Read the label carefully before use, Store in a cool dry place away from direct sunlight, Keep out of reach of the children, Avoid physical damage"
https://www.1mg.com/otc/lyra-healthcare-lumbar-back-support-belt-xxxl-beige-otc412739,,Lyra Healthcare,,,,
https://www.1mg.com/otc/mgrm-arm-sling-pouch-deluxe-0206-medium-otc390483,MGRM Arm Sling Pouch Deluxe 0206 Medium,MGRM Medicare Ltd.,"Provide good support to the arm or shoulder in case of closed or surgical management of strain, sprain and fractures.","A high-quality foam fused fabric envelope for the arm provides good comfortable support and improves patient compliance, Non-stretching strap helps to reduce pressure and evenly distribute the weight of the affected arm over the other shoulder, An adjustable, broad shoulder pad further reduces pressure on neck and shoulder regions, Simple velcro closure using plastic buckles, A special thumb loop is provided inside the fabric envelope for 'parking' the hand when desired, Product Care:Hand wash using cold water and mild soap. Air dry in the shade. Do not brush hard. Do not squeeze. No machine wash","Position the lower arm (across the chest with the elbow joint bent at 90 degrees) inside the envelope, Bring the strap along the backside and over the other shoulder, Adjust the position of the shoulder pad around the neck as necessary, Insert the strap through both plastic buckles of the envelope, Use velcro closure in the strap for secured fit","Read the user manual carefully, Keep away from children, Keep in a cool and dry place away from direct heat, Avoid any physical damage"
https://www.1mg.com/otc/lp-170xt-x-tremus-knee-brace-single-xxl-otc331286,LP #170XT X-Tremus Knee Brace,LP Support,"It is used to relieve sprain, strain, patellar dislocation, arthritis and post-surgery support.",,Measure the circumference of the knee at the patella with the knee fully extended and wear accordingly.,"Read the label carefully before use, Keep out of reach of the children, Store in a cool dry place"
https://www.1mg.com/otc/oppo-silicon-elastmax-insoles-otc784957,Oppo Silicon Elastmax Insoles,Beckcem Drug International Pvt. Ltd.,It is specially designed to help provide support to the heel while wearing shoes as an effort to reduce pain.,"It is easy to clean and durable, The gel technology efficiently absorbs microshocks, It provides softer comfort areas at pressure points and helps distribute pressure on the foot, It offers relief and comfort from pressure to the heel and metatarsals",Use as directed on the label,"Read the label carefully before use, Store in a cool and dry place, away from sunlight, Keep out of reach of children, For external use only"
https://www.1mg.com/otc/dr-ortho-capsule-for-bone-joint-health-otc854248,Dr Ortho Capsule,Dr Ortho Ayurvedic,,Capsule,,
https://www.1mg.com/otc/opq-gold-plastic-cap-hot-water-bag-with-cover-otc801579,OPQ Gold Plastic Cap Hot Water Bag with Cover,Krishna Waterproof,"It effectively relieves joint pains, muscular cramps, menstrual pains, stomach, backaches and arthritic and rheumatic pains and helps you relax.","It has a durable and leak-proof plastic cap, It contains an insulated cover for added safety and comfort, It is easy to fill and seal, It is reusable and long-lasting",,"Store in a cool and dry place, Keep out of the reach of children"
https://www.1mg.com/otc/organio-s-t-bone-pain-relief-spray-otc552014,,Genitech NSAN Pharmaceutical Pvt. Ltd,,,,
https://www.1mg.com/otc/boldfit-ice-bags-for-pain-relief-6inch-blue-dog-otc744417,Boldfit Ice Bags For Pain Relief 6inch Blue Dog,Sasvat Omnicare Pvt Ltd,It is used to treat sore muscles and other knee or joint pains.,,"Pour water and ice cubes., Remove air from the bag., Press the ice bag on the pain area., Relax the ice bag on the injury area with an ice wrap.","Read the label carefully before use, Store in a cool and dry place away from direct sunlight, Keep out of reach of children"
https://www.1mg.com/otc/balu-herbals-balarista-otc945596,Balu Herbals Balarista,Balu Herbals,,"Bala(rt.), Asvagandha(rt.), Guda, Dhataki(fl.), Payasa(sub.rt.), Eranda(rt.), Rasna(lf.rt.), Ela(sd.), Prasarani(lf), Lavanga(fl.), Usira(rt.), Gokshura(fr.), A good therapeutic measure for paralysis, arthritis, and spinal disorders, Balarista helps to manage cervical spondylosis, frozen shoulders, low backache, and knee joint pain, Improves the body's strength and nourishes the body, Enhances the digestion and liver function, It is anti-inflammatory. It is generally recommended for debility, It is best rasayana (rejuvenating)",Take 12-24 ml of Balarista with water twice a day after a meal,"Read the label carefully before use, Store in a cool and dry place, away from sunlight, Keep out of reach of children"
https://www.1mg.com/otc/sleepsia-premium-quality-thick-contour-gel-infused-pillow-medium-bamboo-fabric-otc504644,,Sleepsia India Pvt Ltd,,,,
https://www.1mg.com/otc/dr-ortho-combo-pack-of-crepe-bandage-8x4-pain-relief-spray-50ml-otc472731,,Dr Ortho Ayurvedic,,,,
https://www.1mg.com/otc/defeat-pain-gel-otc368837,Defeat Pain Gel,Future Pharma Pvt Ltd,,"Diclofenac, Menthol, Linseed oil, Methyl salicylate, It helps to reduce joint and muscle pain, It helps to reduce swelling and redness, It helps to prevent inflammation of the joints and muscles, It helps to prevent joint stiffness",As directed by the physician,"Keep out of reach of children, Store in a cool and dry place, Do not exceed the recommended dosage, Read the label before use"
https://www.1mg.com/otc/wellon-cervical-collar-soft-eyelet-cc-01-xl-otc387486,Wellon Cervical Collar Soft Eyelet CC-01,Mana Medical,"Specially designed to support, immobilise or adjust the neck in the flexion, extension or hyperextension position.","Specially designed to support, immobilize or adjust the neck in the flexion, extension or hyperextension position, Velcro closures are used for easy application, removal and adjustment",Use as directed by the instructions manual,"Read the label carefully before use, Keep away from children"
https://www.1mg.com/otc/fx-elastic-sports-tape-20-precut-10-inch-orange-otc525318,,Greathealth Trexim Pvt Ltd,,,,
https://www.1mg.com/otc/medtrix-open-patella-knee-cap-xxxl-beige-otc503754,,Medtrix,,,,
https://www.1mg.com/otc/remedo-arm-sling-pouch-xl-otc390105,,Remedo Wellness Pvt Ltd,,,,
https://www.1mg.com/otc/longlife-oct-007-ankle-support-large-skin-colour-otc490871,Longlife OCT 007 Ankle Support,Veridicus Health Care Pvt Ltd,It is used to provide optimal comfort and a great fit to help reduce ankle pain.,,Apply the anklet in a way it comes exactly in the right position on the heel and then wrap the elastic in such a way that it is comfortable to wear.,"Read the label carefully before use, Keep out of reach of children, Keep away from physical damage"
https://www.1mg.com/otc/nivaran-pain-reliever-oil-otc530508,Nivaran Pain Reliever Oil,AV Grow Healthcare,,"Pudina oil, Kapur oil, Clove oil, It alleviates body aches and pains, as well as severe joint discomfort and swelling, It relieves severe headaches, backaches, knee and joint pain quickly and effectively, It is non-toxic and free of adverse effects, It contains natural medicinal herb that improves bone tensile strength",,"Store in a cool and dry place, Keep away from direct sunlight"
https://www.1mg.com/otc/dr.-reckeweg-typhodinum-dilution-50m-ch-otc375475,,Dr Reckeweg & Co,,,,
https://www.1mg.com/otc/lp-330-heelcare-cushion-cups-pair-small-otc331573,LP #330 Heelcare Cushion Cups,LP Support,It is used to reduce the pain in heels while walking or performing any sports activity.,,Use as directed by the physician.,"Read the label carefully before use, Keep out of reach of the children, Store in a cool dry place"
https://www.1mg.com/otc/naturoman-cajeput-pure-natural-essential-oil-otc486764,Naturoman Cajeput Pure and Natural Essential Oil,Naturoman,,"Cajeput, Treatment of coughs, colds, sore throat, sinusitis, and asthma, Remedy for problems like muscle aches, rheumatism, toothaches, It is also known to reduce the pain associated with headaches","Dilute oil with water or any other oil, Consume as a tonic or inhale as an expectorant, It can also be used in diffusers","Should be used under the guidance of a trained herbalist, It is not recommended to be used by pregnant women or on babies, Do not take internally or apply undiluted directly on the skin, Keep out of the reach of children"
https://www.1mg.com/otc/the-white-willow-cervical-orthopedic-memory-foam-contour-pillow-standard-otc506939,The White Willow Cervical Orthopedic Memory Foam Contour Pillow King,The White Willow,"It is constructed to facilitate a healthy support to the neck, shoulder, and head.",,Read the instructions manual for usage directions.,"Read the label carefully before use, Store in a cool dry place away from direct sunlight, Keep out of reach of the children, Avoid any physical damage"
https://www.1mg.com/otc/vaidyaratnam-dhanwantharam-thailam-otc560035,Vaidyaratnam Dhanwantharam Thailam,Ashtavaidyan Thaikkattu Mooss Vaidyaratnam Pvt Ltd,,"Bala moola, Paya, Kola, Kulattha, Patala, Gokhshura, Dashamoola, It can help to prevent rheumatoid arthritis and osteoarthritis, neck pain, back pain, and shoulder pain due to spondylosis, It can help to improve neurological conditions like neuritis and paralysis, It also helps to reduce post-fever body, muscle and joint pains, Ladies can use this oil during their postpartum period, This oil can be used as a massage oil for babies",Take a generous amount of the oil and apply it to the affected areas.,"Store it in a cool and dry place, Store away from direct sunlight, Keep this medicine out of reach of children"
https://www.1mg.com/otc/maxis-cotton-knee-length-stocking-xs-beige-otc570795,,Isha Surgical,,,,
https://www.1mg.com/otc/dabur-mahanarayan-tail-relieves-pain-stiffness-of-joints-back-ribs-muscles-with-dabur-kabz-over-120gm-free-otc712789,Dabur Mahanarayan Tail,Dabur India Ltd,,"Murcchit Tila Tail (Sesamum indicum, Sd. O) 5ml, Godugdha, Shatavari (Asparagus racemosus, At., Svarasa) each Sg. and Ext. derived from the following Bilva (Aegle marmelos, St. Bk), Ashwagandha (Withania somnifera, RL). Brihati (Solanum indicum, Pl.), Gokshura (Tribulus terrestris, Fr.). Shayonaka (Oroxylum indicum, St. Bk.), Bala (Sida cordifolia, RI.). Paribhadra (Erythrina indica, St. Bk.), Kantakari (Solanum surattense, PL), Rakta Punarnava (Boerhavia diffusa, R.), Atibala (Abution indicum, Rt.), Agnimantha (Clerodendrum phlomidis, St. Bk.), Prasarini (Paederia foetida, Pl.), Patala (Stereospermum suaveolens, St. Bk.) each 0.78g and Kalka of the Following-Rasna (Pluchea lanceolata, L.), Ashwagandha (Withania somnifera, Rt), Mishreya (Foeniculum vulgare, Fr.), Devadaru (Cedrus deodara, Ht. Wd.). Kushtha (Saussurea lappa, AL), Shalaparni (Desmodium gangeticum, Pl.), Prishnipami (Uraria picta, Pl.), Mudgaparni (Phaseolus trilobus, PI.), Mashapami (Teramnus labialis, Pl.), Nagakesara (Messual ferrea, Simn.). Saindhava Lavana, Jatamansi (Nardostachys jatamansi, Rz.), Haridra (Curcuma longa, Rz.), Daruharidra (Berberis aristata, St). Shaleya (Parmelia perlala, Pl.). Pushkara (Inula racemosa, RI), Sukshmaila (Elettaria cardamomum, Sd.), Manjishtha (Rubia cordifolia, St). Yashti (Glycyrrhiza glabra, Ri). Tagar (Valeriana wallichii, Rz.), Musta (Cyperus rotundus, Rz.), Tvakpatra (Cinnamomum tamala, L.). Tvak (Cinnamomum zeylanicum, St. Bk.), Jivaka (Pueraria tuberosa-official substitute, Rt. Tr.). Rishbhaka (Pueraria tuberosa official substitute, RL. Tr.), Kakoli (Withania somnifera -official substitute, Rt.) Kshirakakoli (Withania somnifera-official substitute, Rt.), Meda (Asparagus recemosus-official substitute, Rt.), Mahameda (Asparagus recemosus-official substitute, AL). Riddhi (Dioscorea bulbitera-official Substitute, RL Tr.), Vriddhi (Dioscorea bulbilera-official Substitute, Rt. Tr.). Hrivera (Coleus vettiveroides, R.), Vacha (Acorus calamus, Rz.), Palasha (Butea monosperma, St. Bk.), Shweta Punarnava (Boerhavia verticillata, Rt), Choraka (Angelica glauca,Rz.) each 0.0789. Karpura (Cinnamomum camphora, Sub.Ext.), Kumkuma (Crocus sativus, St/Sig.) each 0.0399. Water Q.S. Without Raktachandana, Agaru, Mrigandaja and Shauneya as per API Part II, Vol III, Oil, The oil can help provide relief from pain and stiffness of joints and back, It helps to keep the nerves, muscles, and bones strong, The oil also helps with relaxation and calming the mind",,"Read the label carefully before use, Store in a cool and dry place, Keep out of reach of children"
https://www.1mg.com/otc/sbl-arsenicum-album-0-5-lm-otc360866,,SBL Pvt Ltd,,,,
https://www.1mg.com/otc/medtrix-hinged-knee-cap-large-beige-eco-otc503700,,Medtrix,,,,
https://www.1mg.com/otc/witzion-ankle-support-small-beige-otc513726,,Witzion,,,,
https://www.1mg.com/otc/oriental-botanics-relaxing-body-massage-oil-otc373921,Oriental Botanics Relaxing Body Massage Oil,Emmbros Overseas,,"Rasna (Pluchea lanceolata) 10%, Eranda (Ricinus communis) 10%, Nirgundi (Vitex negundo) 10%, Ajwain (Trachyspermum ammi) 5%, Gandh Prasarini (Paederia foetida) 10%, Rasone (Allium sativum), Deodar (Cedrus deodara) 15, Padmaka (Prunus cerasoides) 5%, Kadam (Anthocephalus Indicus) 5%, Ashwagandha (Withania somnifera) 6%, Shudda Guggul (Commiphora mukul) 10%, Peppermint (Menthol) (Mentha piperita) 15%, Karpura (Camphor) (Cinnamomum camphora) 15%, Gandhpoorna Tail (Gaultheria fragrantissina) 25%, Safeda Tail (Eucalyptus globulus) 2.5%, Capsiacin (Capsisicum annum) 0.10%*, Oil Base (Til oil), Natural cooling from menthol and camphor for relaxing sore muscles, relieving muscular pains and providing an uplifting experience, It contains powerful anti-inflammatory properties, Provides temporary relief from all kinds of body and joint pains","Pour the oil into your palm and rub it for a while, Massage thoroughly on the required area for relaxation","Read the label carefully before use, Store in a cool and dry place away from direct sunlight, Keep it away from the reach of children"
https://www.1mg.com/otc/lyra-healthcare-lumbar-back-support-belt-xxl-beige-otc412738,,Lyra Healthcare,,,,
https://www.1mg.com/otc/lp-272z-leg-compression-sleeve-single-medium-otc331179,LP #272Z Leg Compression Sleeve,LP Support,It is used to support the knees and thigh area to reduce chronic inflammation due to any injury sports activity.,,Measure the circumference of the knee at the patella with the knee fully extended.,"Read the label carefully before use, Keep out of reach of the children, Store in a cool dry place"
https://www.1mg.com/otc/boiron-arsenicum-album-single-dose-approx-200-microgranules-200-ch-otc408385,,Boiron Laboratories Pvt Ltd,,,,
https://www.1mg.com/otc/p-care-c3013-elastic-ankle-support-xl-otc659057,,PR Flexmake Private Limited,,,,
https://www.1mg.com/otc/newmom-silicone-heel-cushion-medium-otc397565,,Dynamic Techno Medicals Pvt. Ltd.,,,,
https://www.1mg.com/otc/fevoron-spray-otc347785,,Fitwel Pharmaceuticals Private Limited,,,,
https://www.1mg.com/otc/samson-ca-0103-cervical-collar-boneless-firm-density-small-beige-otc487957,,Samson Scientifics & Surgicals,,,,
https://www.1mg.com/otc/dr.-thangs-batnashak-batika-60-each-otc882501,Dr. Thangs Batnashak Batika (60 Each),Doctor Thangs,,"Maha Yograj Guggul, Maha Rasandi Quath, Kala Zeera, Salai Guggul, Tagara, Dev Daru, Ashwagandha, Abhrak Bhasam, Shilajit, Kasis Bhasma, This herbal blend caters to joint pain and inflammation of the area, It soothes knee and lumbar pain, It helps with joint cartilage regeneration, strains, sprains, frozen shoulder and muscle pull, It also addresses lumbar spondylitis and cervical spondylitis","1 tablet twice a day with water, Or as advised by your healthcare practitioner","Read the label carefully before use, Store in a cool and dry place, away from sunlight, Keep out of reach of children, We do not promote self-medication, Always consult your health care provider, nutritionist, or doctor before use, If you are pregnant, nursing or taking any medication, consult your doctor before use"
https://www.1mg.com/otc/mgrm-abdominal-binder-0601-xxl-otc390727,,MGRM Medicare Ltd.,,,,
https://www.1mg.com/otc/mgrm-knee-immobilizer-0702-xl-otc390610,,MGRM Medicare Ltd.,,,,
https://www.1mg.com/otc/wellon-compression-stockings-under-knee-stk01-large-otc387715,Wellon Compression Stockings (Under Knee) STK-01,Mana Medical,"Specially designed to apply pressure on the lower legs, it helps maintain blood flow and helps reduce discomfort and swelling. Mainly indicated in varicose veins.","Four way stretchable fabric which makes it easy to put on and off, Anatomic Shape making it easy to wear and is highly comfortable, It is made of dermophillic soft nylon yarn and spandex for higher compression and longer life, Light weight breathing material which prevents any discomfort","It can be worn over socks, shoes and slippers.","Read the label carefully before use, Do not exceed the recommended dose, Keep out of the reach of children, Store in a cool dry place away from direct sunlight and heat"
https://www.1mg.com/otc/bael-wellness-lumbar-support-back-cushion-pillow-black-otc530078,Bael Wellness Lumbar Support Back Cushion & Pillow Black,Bael Health Private Limited,It provides compression and support,,Read the instructions manual,Read the instructions carefully before use
https://www.1mg.com/otc/vissco-lumboset-advance-belt-back-support-for-back-pain-relief-posture-correction-large-black-otc344516,Vissco Contoured Sacro Lumbar Belt with Straps 2103,Vissco Rehabilitation Aids Pvt. Ltd.,It is useful to help support and provide relief to the lumbar region.,,Use as directed by the physician.,
https://www.1mg.com/otc/sbs-arthodhan-joint-pain-relief-kit-otc526017,SBS Arthodhan Joint Pain Relief Kit,SBS Herbal Pvt Ltd,,"Chochuni, Nirgundi, Turmeric, It can provide quick relief from pains and aches, It helps improve joint flexibility and comfort, It can provide relief from swelling and inflammation, It can help soothe joint stiffness",Use as directed on the label,"Read the label carefully before use, Store in a cool and dry place, away from sunlight, Keep out of reach of children"
https://www.1mg.com/otc/imbue-niraama-joint-pain-relief-oil-quick-pain-relief-muscle-relaxant-otc706481,Imbue Niraama Joint Pain Relief Oil Quick Pain Relief Muscle Relaxant,Imbue Naturals,,,Use as directed on the label or as advised by your physician.,
https://www.1mg.com/otc/caretouch-delux-non-electrical-hot-water-bag-with-red-cover-otc744959,Caretouch Delux Non Electrical Hot Water Bag with Red Cover,Labdhi Pharma surgical,It is used to provide relief from all types of body pain,"It is beneficial for aches due to the cold climate, It may give relief from pain and makes you feel comfortable, Soft fibre provides comfort and full coverage of the injured area, Provides instant relief from muscular and menstrual pain",Use as directed on the label or as advised by the physician,"Read the label carefully before use, Store in a cool dry place away from direct sunlight, Keep out of reach of the children, Avoid physical damage"
https://www.1mg.com/otc/agarwals-rocket-tens-therapy-pain-relief-pen-otc919971,Agarwals Pen Rocket Tens Therapy Pain Relief,Agarwal Surgicals,This is an electronic acupuncture pain therapy pen.,"This acupuncture pen provides needleless clean and painless acupuncture stimulation for safe in-home pain therapy, The probe part of the meridian pen is single-phase electric, must rely on the body itself static electricity, make it form a circuit, then can work normally, This is why the shell of the meridian Pen is designed to be metal material, If you treat others, you have to put your hands on them, in order to form a cycle, so that the meridian pen normally works, Use this unit after applying cream to your face and start massage, This pen helps deal with the pain of the shoulder, back, elbow, knee, ankle, nerves, muscle pain, tennis elbow and many more, Acute and chronic physical pain arthritis, rheumatism, osteoporosis, sciatica and spondylitis may be dealt with, Painless acupuncture stimulation (no needles), Easily focus on pain areas and get relief from stress",As instructed in the manual.,"Read the label carefully, Store in a cool, dry place, Keep out of reach of children, Maintain hygiene"
https://www.1mg.com/otc/ubortho-pain-relief-oil-otc950859,Ubortho Pain Relief Oil,Ubort Remedies,,"Mahanarayana Tail 27%, Gandopura 15%, Neelgiri tail 13%, Tarpeen tail 13%, Kapoor ka satwa 5%., Prepared with natural ingredients for a holistic approach, Promotes a sense of well-being and relaxation through massage, Reduces pain in joints and bones, offering potential relief from symptoms of bone ailments, Improves body mobility and flexibility for overall wellness",Apply in the targetted area.,"Read the label carefully, Store in a cool, dry place, Keep away from direct sunlight"
https://www.1mg.com/otc/bhisajyam-rtu-oil-for-feminine-cramps-10ml-each-otc842562,Bhisajyam Rtu Oil for Feminine Cramps,Indenta Naturals,,"Ginger oil, Black pepper, Camphor oil, Lavender oil, It helps deal with menstrual cramps and pain, Bhisajyam oil provides instant relief and soothing energy and is made entirely of vegan ingredients, This oil is GMO-free, pocket-friendly to carry when required and can be applied on the lower abdomen, lower back, and thighs for relief during the menstrual cycle, It absorbs quickly into the skin and leaves no stains or residue","Open the cap and shake the bottle well before application, roll it gently over the area where you are experiencing cramps; can be re-applied 2-3 times a day.","Read the label carefully, Store in a cool, dry place, Keep out of reach of children, For external use only"
https://www.1mg.com/otc/accusure-e-8-elastic-elbow-support-pair-medium-otc371685,,AccuSure Ortho Support,,,,
https://www.1mg.com/otc/wellon-ks02-hinged-knee-support-open-patella-medium-otc387634,Wellon Hinged Knee Support Open Patella KS-02,Mana Medical,It offers a natural and non-invasive pain relief and is helpful in treatment of inflammation and pain around the knees.,"Hinged with Open Patella is made of elastic cotton with aluminium splints on both side of the knee to give required movement, It is designed with a large dorsal opening to ensure no buckling and no vaso constriction, Magnetic field helps to improves blood circulation, It improves sleeping activity levels and reduces the stress due to knee pain, Very effective as athletic support for rheumatic or arthritic pain and post operative conditions, Model: Knee Support Hinged - (Open Patella), Part Number: KS-02, Size in Number: 16 - 18 inch, Suitable for both men and women, Designed For:Knee",,"Read the manual carefully before use, Keep out of the reach of children, Only for external use, Avoid use during pregnancy, Avoid use if using pacemakers, suffering from haemophills, have surgically implanted screws, undergoing dialysis, allergic to metal or have wound"
https://www.1mg.com/otc/medtrix-varicose-vein-stocking-xl-beige-eco-otc503782,Medtrix Varicose Vein Stocking,Medtrix,The product is primarily used in relieving post-surgical pain and pain due to varicose veins and restricted blood circulation.,"It helps to stop varicose veins from getting worse, The product provides consistent pressure to the legs, It helps to alleviate pain and reduce pain and discomfort, The product aims to offer compression and support, It assists in improving the blood circulation",Use as per requirement or as directed by the physician.,"Read the label carefully before use, Store in a cool dry place away from direct sunlight, Keep out of reach of the children, Avoid physical damage"
https://www.1mg.com/otc/wellon-elastic-tubular-anklet-as-01-xl-otc387596,Wellon Elastic Tubular Anklet AS-01,Mana Medical,It is used to provide support and stability in the case of sprains and strains in the ankle region.,"Provides graduated compression to the affected area, Designed with four way stretchable fabric, Facilitates comfort in sprains and strains",Use as per requirement or as directed by the physician.,"Read the label carefully before use, Store in a cool dry place away from direct sunlight, Keep out of reach of the children, Avoid physical damage"
https://www.1mg.com/otc/tynor-d-25-anklet-comfeel-pair-xxl-otc335758,Tynor D-25 Anklet Comfeel (Pair),Tynor Orthotics Pvt. Ltd.,"Is knitted on 3-dimensional computer controlled circular looms, it conforms to the complex anatomy of the ankle with exactness.",,Use as per requirement or as directed by the physician.,
https://www.1mg.com/otc/birla-ayurveda-dashmularishtam-otc612681,Birla Ayurveda Dashamoolaarishtam,Birla Healthcare Ayurveda Pvt Ltd,,"Dasamoolarishtam-50%, Jeerakarishtam-50%, Reduces pain that radiates down one or both legs from the lower back around the sciatic nerve, Lessens the inflammation and bleeding caused by swollen and inflamed veins in the rectum and anus, Calms upper abdominal pain, which may include a burning sensation, bloating or gassiness, fatigue, or getting full too soon after eating",20 ml or as directed by the physician.,"Read the label carefully before use, Keep out of reach of the children, Store in a cool dry place"
https://www.1mg.com/otc/presens-otc301-medical-compression-thigh-length-stocking-medium-beige-otc569868,,Presens Healthcare,,,,
https://www.1mg.com/otc/cozy-nose-migraine-relief-cap-otc844363,Cozy Nose Migraine Relief Cap,Herbal Brews International,It is mainly used to provide relief from migraine and headaches.,"The products slip-on design means no messy wraps or uncomfortable ice packs, inserts, or awkward band straps, The reusable and wearable therapy ice pack for migraines helps relieve inflammation, tension, sinus and stress and puffy eyes, making it the ideal reusable headache relief hat for men, women, and kids who suffer from headaches, migraines, or facial tension, The natural cold therapy migraine relief hat is one of a kind in its 360° form-fitting design, The cap has no hard inserts or velcro. Just pull this cold compress over your eyes, face, and head, It is great for eye, cranial, facial tension, and stress relief, These products are ideal for those who get migraines and headaches often, As you lay in bed or on a couch comfortably with the product on your head, its soft gel design won't put undo pressure on specific areas like a hard ice pack insert, It's a comfortable stretchable ice-pack eye mask for puffy eyes, It is easy to use and reuse, Its thick gel and dark color also make it the perfect relief for headaches and migraines, This natural remedy is an easy-to-use cold pack that is safe for daily use and ready in the freezer whenever a headache or migraine comes on, The compression mask/hat effectively supports and compresses the face, eye and head to target all areas that cause pain",Simply freeze in the included zip bag for 2 hours between uses,Read the instructions carefully before use
https://www.1mg.com/otc/reefix-ayurvedic-pain-relief-oil-for-joint-aches-muscle-cramps-otc880307,Experience Natural Relief with Reefix Ayurvedic Pain Relief Oil with 21 Herbs,PMH Biocare LLP,,"Khatml, Nirgundi, Tagar, Sunthi, Sigru, Alleviates Joint Pain: By reducing inflammation, Reefix offers relief from nagging joint pain, Promotes Joint Mobility:Say goodbye to stiffness as this oil aids in improving joint mobility, Relieves Muscle Pain:Provides relief from muscle pain and soreness caused by various reasons, Arthritis Relief:The oil offers relief from arthritis-related pain, stiffness, and swelling, improving the quality of life for individuals with arthritis",Simply take a few drops and apply directly to the intended area. Gently massage it into your skin for quick and effective relief,"Read the label carefully before use, Store in a cool and dry place, away from direct sunlight, Keep out of reach of children"
https://www.1mg.com/otc/flexnest-turbo-massage-gun-for-body-pain-relief-black-otc874534,Flexnest Turbo Massage Gun For Body Pain Relief,Melrose Brands Pvt. Ltd,This massage gun relieves aching muscles and sore bodies and relaxation.,"Adjustable 6-speed variation-The massage gun has one-touch smart button control to adjust speed levels with an LED indicator, The Massage gun comes with a powerful motor with frequency ranging from RPM, The massager has an almost noiseless operation with less than 45 dB noise production even while being used at the maximum speed intensity of level 6, It has 4 easily detachable heads, which ensures each and every muscle group with the help of all attachments, Fork Head is suitable for Neck & Spine; Flat Head is suitable for pain areas such as Joints, Palm & Foot sole; Bullet Head is suitable for muscle joints and Round Head is your go-to attachment and is suitable for any part of the body, What's included: 1 massage gun, 4 heads, 1 charging cable, 1 user manual and 1 warranty card",Use as directed on the label,Avoid physical damage
https://www.1mg.com/otc/kerala-ayurveda-vilwadi-pills-otc360421,,Kerala Ayurveda Limited,,,,
https://www.1mg.com/otc/lp-171xt-x-tremus-knee-brace-single-xxl-otc331281,LP #171XT X-Tremus Knee Brace,LP Support,It is used to improve the movement and helps in the treatment of arthritis and any ligament sprain.,,Use as directed by the health care professional.,"Read the label carefully before use, Keep out of reach of the children, Store in a cool dry place away from direct sunlight"
https://www.1mg.com/otc/goody-fever-and-headache-relief-cooling-patch-otc508832,Goody Fever and Headache Relief Cooling Patch,Goody India,"It helps provide relief from migraine, headache, fever, muscle aches, sprains, hot flashes and heat discomfor",,As prescribed by the physician,"Read the label carefully before use, Store in a cool and dry place, away from sunlight, Keep out of reach of children, Use under medical supervision"
https://www.1mg.com/otc/remedo-cervical-collar-medium-otc390070,,Remedo Wellness Pvt Ltd,,,,
https://www.1mg.com/otc/opq-silver-plastic-cap-hot-water-bag-otc801601,OPQ Silver Plastic Cap Hot Water Bag,Krishna Waterproof,"It helps to relieve backache, muscle pain, stiffness, strains, cramps, joint pain, menstrual pain, and abdominal pain","It can be used as a hot compress to soothe muscle aches and discomfort, It helps to relieve backache, muscle pain, stiffness, strains, cramps, joint pain, menstrual pain, and abdominal pain, It can be used as a body warmer, It aids in reducing inflammation, helps relax the tightened and sore muscles, and also helps to improve the blood supply, It is made with robust and high-grade rubber that is unaffected by heat","Remove the stopper from the top, Remove the air inside the bag by pressing down gently on the bag, Pour warm water inside, Put the stopper back in its position","Read the label carefully before use, Do not pour boiling water into the bag, Wash with mild detergent and water regularly"
https://www.1mg.com/otc/jarrow-formulas-methyl-sulfonyl-methane-msm-16oz-powder-otc709468,Jarrow Formulas Methyl-Sulfonyl-Methane MSM 16oz Powder,Infinite Online Shopping Pvt. Ltd.,,"MethylSulfonylMethane (MSM) 1,000 mg, Other ingredients:Silicon dioxide, Jarrow Formulas Methyl-Sulfonyl-Methane MSM 16oz Powder is a supplement that helps to provide sulphur to the body, It helps to reduce joint pain and may aid in the treatment of osteoarthritis, rheumatoid arthritis, tendonitis and tenosynovitis, Methyl-sulfonyl-methane may be used in the treatment of constipation, haemorrhoids, and diverticulosis, Powder","Adults take 1 scoop once a day with water, or other fluid, or as directed by your qualified healthcare professional.","Read the label carefully before use, Keep out of reach of the children, Do not exceed the recommended dose, Store in a cool dry place away from direct sunlight, Consult a healthcare professional before using this product if you are pregnant, nursing, under the age of 18, are taking medication or have a medical condition; if adverse reactions occur, discontinue use"
https://www.1mg.com/otc/baidyanath-jhansi-ayurvedant-ekangvir-ras-tablet-otc623225,,Shree Baidyanath Ayurved Bhawan (P)Limited (Jhansi),,,,
https://www.1mg.com/otc/bjain-rhus-toxicodendron-dilution-50m-ch-otc701497,Bjain Rhus Toxicodendron Dilution,Bjain Pharmaceuticals Pvt. Ltd.,,,Take 3-5 drops of the dilution in 1 teaspoon of water twice a day or as directed by the physician.,
https://www.1mg.com/otc/pain-out-oil-100ml-each-otc820545,Pain Out Oil,Dr. Ethix's Product & Services Pvt Ltd,,"Refer to the label, Effective in relieving joint and back pain, Helps to reduce vertebral pain, Helpful in case of shoulder and neck pain",Apply onto the pained area and massage gently for a few minutes,"Store in a cool and dry place away from direct sunlight, Read the product label carefully before use, Keep out of reach of children"
https://www.1mg.com/otc/volini-activ-pain-relief-gel-otc944716,Volini Activ Gel Pain Relief,Sun Pharmaceutical Industries Ltd,,"Gandhapura tel, Shallaki gum, Capsaicin, It provides quick relief from back pain, neck/shoulder pain, sprain, and joint pain, It may provide relief from inflammatory pain, Includes the benefits of gandhara tel, shallaki gum and capsaicin","Apply some of the gel on the skin where you have pain, Spread the gel evenly around the area, If necessary, massage it softly","Do not store in hot places, keep away from sunlight, Keep out of the reach of children, Read the label and instructions carefully, Close the lid tightly after use, Only for external usage, If the pain persists, please contact your doctor"
https://www.1mg.com/otc/sleepsia-premium-quality-thick-contour-gel-infused-pillow-medium-sleepsia-logo-otc504648,,Sleepsia India Pvt Ltd,,,,
https://www.1mg.com/otc/painoleave-anti-arthritic-oil-100ml-each-otc860964,Painoleave Anti Arthritic Oil (100ml Each),Beston Herbal Products,,"Rasna, Menthol, Camphor, Sidhi, Saindhava lavana, Nisindha, Sajna, Hari mirch, It is beneficial in combating rheumatic ailments including pain and swelling, It acts as a potent analgesic that helps relieve pain in osteoarthritis, rheumatoid arthritis, strains, and sprains, It is a potent anti-inflammatory agent that helps deal with arthritis, joint stiffness, immobility, etc.","Sufficient quantity of Painoleave Oil to be massaged gently on the affected area for 5 to 10 minutes, Repeat as per requirement( to get better results give hot-dry fomentation before massage and cover with flannel cloth on affected area after massage)","Read the label carefully before use, Store in a cool, dry place away from direct sunlight, Keep out of reach of children"
https://www.1mg.com/otc/witzion-xxxl-beige-lumbo-sacral-back-support-belt-otc513854,Witzion Lumbo Sacral Back Support Belt,Witzion,It is used to provide support to the lower spine area and also helps in reducing the back pain.,,Use as directed in the manual.,"Read the label carefully before use, Keep out of reach of children, Avoid any physical damage"
https://www.1mg.com/otc/mgrm-knee-support-0701-xl-otc390615,,MGRM Medicare Ltd.,,,,
https://www.1mg.com/otc/vrinda-headache-relief-essential-oil-otc433125,Vrinda Headache Relief Essential Oil,Vrindaam Organics Private Limited,,"Menthol Crystal, Camphor, Winter Green Essential Oil, Eucalyptus Essential Oil, Rosemary Essential Oil, Menthol Crystal promotes easier breathing, helps relieve nasal congestion, soothes sore throat, coughs, headaches, and sinus discomforts, Camphor helps relieve pain, irritation, itching, chest congestion, and inflammatory conditions, Winter green essential oil helps reduce headaches, aches, pain, nerve pain, and gout, Eucalyptus essential oil helps to freshen breath and makes breathing easy, Rosemary essential oil helps improve brain function and ease stress","Roll or dab on the affected area, Can be repeated","Read the label carefully before use, Store in a cool place, away from direct sunlight, Keep out of reach of children, If pregnant or lactating, consult a medical practitioner before use"
https://www.1mg.com/otc/vedamix-pain-care-capsule-otc853108,Veda Mix Naturals Capsule Pain Care,Vedamix Naturals,,"Erand mool, Mahayograj guggul, Trikatu, Haridara, Erand mool helps alleviate muscle aches, bone and joint pain, Mahayograj guggul helps is useful for joint pain, gout and pain in the ligaments, Trikatu has powerful anti-inflammatory properties that help relieve pain, swelling, redness and stiffness in the joints, Haridra has antioxidant and antioxidant properties and helps manage rheumatoid arthritis",First week 2 capsules in the morning and second week 1 capsule in the morning (after meals),"Read the label carefully before use, Store in a cool and dry place, away from sunlight, Keep out of reach of children"
https://www.1mg.com/otc/medtrix-knee-brace-small-beige-otc503713,,Medtrix,,,,
https://www.1mg.com/otc/wisdom-natural-yono-plus-herbal-pain-oil-otc511434,Wisdom Natural Yono-Plus Herbal Pain Oil,Sarvagunaushdhi Pvt Ltd,,"Kapoor, Pudina oil, Clove oil, It helps get relief from joint pain and muscle pain, It is a combination of multi-ingredient formula, It is useful for all types of pain",Use as directed on the label or as suggested by health care professionals.,"Store in a cool and dry place away from direct sunlight, Read the label carefully, Keep out of reach of children"
https://www.1mg.com/otc/maxheat-gel-otc237933,Maxheat Gel,Gipla Healthcare,,,"Apply external to muscle for relief, or as indicated on the label or as prescribed by your doctor physician.",
https://www.1mg.com/otc/naturoman-nutmeg-pure-and-natural-essential-oil-otc486918,Naturoman Nutmeg Pure and Natural Essential Oil,Naturoman,,"Nutmeg, It removes toxins from the liver and kidney, It helps in the treatment of muscle and joint pain, It helps in treating rheumatic pains. toothaches, and body aches, It treats mental conditions like anxiety, restlessness, mood swings and tensions, It helps in providing relief for gastrointestinal disorders and kidney problems","Dilute the oil either with water or any other oil, Can be used in diffusers","Should be used after the guidance of a trained herbalist, Should not be used by pregnant women, and on babies., Do not take internally or apply undiluted from directly on the skin., Do not inhale the oil"
https://www.1mg.com/otc/lp-733ca-extreme-knee-support-with-stays-single-otc331372,LP #733CA Extreme Knee Support with Stays (Single),LP Support,"It is recommended in knee instability, collateral ligament injury, patellar subluxation/ tilting, and muscle strain.","Bilateral spiral stays provide extra support for the knee joint, and avoid extreme knee rotational motion, Hook and loop closure design with opposite fastening design for easy application, optimal fit and extra stabilization, Open patella design with donut shaped patella pad help prevent patella abnormal tracking",Use as per requirement or as directed by the physician.,"Read the label carefully before use, Store in a cool dry place away from direct sunlight, Keep out of reach of the children, Avoid physical damage"
https://www.1mg.com/otc/releaf-spray-otc628981,Key Ingredients of Releaf Spray:,Medipol Pharmaceuticals India Pvt Ltd,,"Diclofenac 1% w/w, Linseed Oil 3% w/w, Methyl Salicylate 10% w/w, Menthol 5% w/w, Provides instant pain relief, Provides effective relief from pain in the joints, knee, back, neck and shoulder, Helps in pain caused due to muscle pulls, sprain, strain and sports injuries, Microparticles allow deeper penetration and provide quick pain relief, Useful in musculoskeletal, joint, and soft tissue disorders",,
https://www.1mg.com/otc/flexnest-turbo-massage-gun-for-body-pain-relief-red-otc874535,Flexnest Turbo Massage Gun For Body Pain Relief,Melrose Brands Pvt. Ltd,This massage gun relieves aching muscles and sore bodies and relaxation.,"Adjustable 6-speed variation-The massage gun has one-touch smart button control to adjust speed levels with an LED indicator, The Massage gun comes with a powerful motor with frequency ranging from RPM, The massager has an almost noiseless operation with less than 45 dB noise production even while being used at the maximum speed intensity of level 6, It has 4 easily detachable heads, which ensures each and every muscle group with the help of all attachments, Fork Head is suitable for Neck & Spine; Flat Head is suitable for pain areas such as Joints, Palm & Foot sole; Bullet Head is suitable for muscle joints and Round Head is your go-to attachment and is suitable for any part of the body, What's included: 1 massage gun, 4 heads, 1 charging cable, 1 user manual and 1 warranty card",Use as directed on the label,Avoid physical damage
https://www.1mg.com/otc/rhumalife-combo-pack-of-herbal-pain-relief-capsule-60-herbal-pain-relief-oil-50ml-otc889886,Rhumalife Combo Pack of Herbal Pain Relief Capsule (60) & Herbal Pain Relief Oil (50ml),Shrinathji Enterprises,,"Asparagus racemosus extract, Withania somnifera extract, Crocus sativus Extract, Chlorophytum borivilianum extract, Tribulus terrestris extract, Wrightia antidysenterica extract, Picrorhiza kurrooa extract, Cinnamomum verum extract, Boswellia serrata extract, Hemidesmus indicus extract , Saussurea costus extract, Nilgiri oil, Gndhapura oil, Katturana oil, Devdaru oil, Dalchini oil, Nirgundi oil, menthol oil and mineral oil","Composed of ayurvedic herbs, Useful in stiffness, swollen joint pain and body ache, Aids in building strength and muscle, Used as an analgesic to relieve minor aches and pains, As advised by a healthcare professional","Read the label carefully before use, Store in a cool dry place away from direct sunlight, Keep out of reach of the children"
https://www.1mg.com/otc/finocram-powder-delicious-orange-otc806047,Finocram Powder Delicious Orange,Haines Biotech Private Limited,,"L-Carnitine, Calcium carbonate, Magnesium sulphate, Sodium citrate, Vitamin E, Vitamin B5, Vitamin B6, Vitamin B1, Ginger (Rhizome Extract), Special medicine for cramps, especially those associated with disturbances in circulation, Treat blocked arteries resulting from improper blood circulation, Poor circulation is most common in extremities, such as your legs and arms",,"Read the label carefully before use, Do not exceed the recommended dose, Keep out of the reach of children, Should be protected from direct light"
https://www.1mg.com/otc/dr-med-knee-immobilizer-short-dr-k106-xl-grey-otc377549,,A-MI Global Co Ltd,,,,
https://www.1mg.com/otc/amron-xamax-knee-cap-large-otc421654,,Xamax Ergonomics Pvt. Ltd.,,,,
https://www.1mg.com/otc/maxis-cotton-thigh-length-stocking-medium-beige-otc570820,,Isha Surgical,,,,
https://www.1mg.com/otc/hapdco-ferrum-phosphoricum-biochemic-tablet-200x-otc386266,,HAPDCO,,,,
https://www.1mg.com/otc/mylo-nivarini-thailam-ayurvedic-pain-relief-massage-oil-otc649065,Mylo Veda Nivarini Thailam,Blupin Technologies Pvt. Ltd,,,,
https://www.1mg.com/otc/healthgenie-knee-cap-medium-grey-otc399621,,Healthgenie India Pvt Ltd,,,,
https://www.1mg.com/otc/amron-xamax-anklet-xl-otc421647,,Xamax Ergonomics Pvt. Ltd.,,,,
https://www.1mg.com/otc/medtrix-functional-open-patella-hinge-knee-support-xxxl-black-otc503671,,Medtrix,,,,
https://www.1mg.com/otc/dyna-3d-knitted-knee-cap-large-maroon-left-otc392365,,Dynamic Techno Medicals Pvt. Ltd.,,,,
https://www.1mg.com/otc/sbl-calcarea-carbonica-0-6-lm-otc361649,,SBL Pvt Ltd,,,,
https://www.1mg.com/otc/kesri-marham-prompt-relief-from-pain-12gm-each-otc725534,,B.C. Hasaram & Sons,,,,
https://www.1mg.com/otc/dr.-reckeweg-acid-mur-dilution-cm-ch-otc372740,Dr. Reckeweg Acid Mur Dilution,Dr Reckeweg & Co,,"Acidum muriaticum, Liquid dilution, It can help to get relief from symptoms of digestive disorders including acid reflux, bloating, and indigestion, It is effective in managing symptoms of chronic fatigue and general weakness, It may help to get relief from skin conditions like ulcers and eruptions, It supports overall digestive health, promoting better digestion and nutrient absorption, It is beneficial for alleviating symptoms associated with haemorrhoids and anal fissures",,"Store in a cool and dry place, Keep away from the direct sunlight, Keep out of the reach of children"
https://www.1mg.com/otc/samson-ab-0201-abdominal-belt-gold-medium-grey-otc487983,Samson AB-0201 Abdominal Belt (Gold),Samson Scientifics & Surgicals,It is used to provide support to the abdominal area and also helps in dealing with back pain.,,Use as directed in the manual or as advised by the healthcare professional,"Read the label carefully before use, Keep out of reach of children, Keep away from physical damage"
https://www.1mg.com/otc/mgrm-dorsolumbar-brace-0512-xl-otc390544,,MGRM Medicare Ltd.,,,,
https://www.1mg.com/otc/tci-star-health-hot-water-bag-green-otc544036,TCI Star Health Hot Water Bag,TCI Star Health Products,"It is used to give relief from arthritic pain, rheumatic and back pain.",,"When filling the bottle, do not use boiling water, Fill to a maximum of two-third capacity, Check the bottle for any leakage by holding the bottle in an upside-down position, Expel air by lowering carefully onto a flat surface until water appears at the opening, Screw the stopper sufficiently tight to ensure that there is no leakage","Store in a cool and dry place, Read the manual carefully, Keep out of the reach of children"
https://www.1mg.com/otc/wisdom-natural-yono-pain-oil-otc511433,Wisdom Natural Yono Pain Oil,Sarvagunaushdhi Pvt Ltd,,"Refer to the label, It is beneficial in combating rheumatic ailments including pain and swelling, It acts as a potent analgesic that helps relieve pain in osteoarthritis, rheumatoid arthritis, strains, and sprains, It is a potent anti-inflammatory agent that helps deal with arthritis, joint stiffness, immobility, etc.","Apply and massage on the affected area, Repeat if necessary","Read the label carefully before use, Do not exceed the recommended dose, Store in a cool, dry place away from direct sunlight"
https://www.1mg.com/otc/vaidhyashala-mahanarayan-tail-otc491415,,Namo Gange Wellness Pvt Ltd,,,,
https://www.1mg.com/otc/soulflower-cinnamon-essential-oil-otc386026,,PT Invent India Pvt Ltd,,,,
https://www.1mg.com/otc/lp-251z-arm-compression-sleeve-single-xxxl-otc331172,LP #251Z Arm Compression Sleeve,LP Support,Provides quality containment to prevent swelling and treat inflammation around the arms and elbow area.,,Measure around centre of the forearm and wear accordingly.,"Read the label carefully before use, Keep out of reach of the children, Store in a cool dry place"
https://www.1mg.com/otc/bjain-natrum-salicylicum-dilution-200-ch-otc436613,Bjain Natrum Salicylicum Dilution,Bjain Pharmaceuticals Pvt. Ltd.,,Natrum Salicylicum,Take Bjain Natrum Salicylicum Dilution as directed by the physician.,
https://www.1mg.com/otc/dr.-reckeweg-cadmium-sulf-dilution-6-ch-otc373145,Dr. Reckeweg Cadmium Sulf Dilution,Dr Reckeweg & Co,,"Cadmium sulphuricum with alcohol, Liquid, The dilution may help in relieving vertigo, head hammering and heated head conditions, Regular consumption can help in managing polyps and nose boils, This dilution can help in managing nasal bone ulcers, It can help relieve severe nausea, swallowing, and abdominal pain, Dr. Reckeweg Cadmium Sulf Dilution can help relieve sore throat and persistent sore tickling, This formulation can help manage stool formation from black and foul-smelling, It may help in managing pus and blood-mixed urine",,"Read the label carefully before use, Store in a cool and dry place, away from sunlight, Keep out of reach of children, Don’t exceed the recommended dosage"
https://www.1mg.com/otc/muskel-gel-otc236101,Muskel Tablets,Maneesh Pharmaceuticals Ltd,,,,
https://www.1mg.com/otc/dr.-gene-accusure-hot-water-bottle-otc331097,Dr. Gene Accusure Hot Water Bottle,Microgene Diagnostic Systems (P) Ltd,"It is a leak-proof rubber hot water bag that retains heat and increases blood flow to the applied area, which helps relax the muscles and soothe aches and pains.","Product dimensions: ‎ 36 x 23 x 3 cm; 350 grams, It is made from durable and high-quality rubber, Convenient, easy to use, and re-usable, It is useful for heat therapy, It is lightweight and leakproof","Allow boiled water to stand for a few minutes, Fill the bottle slowly while holding it by the neck in an upright position, Only fill up to a maximum of two-thirds capacity","Read the label carefully before use, Do not use boiling water, Expel air from the bottle before filling it with hot water, Do not sit, lie or add excessive pressure to the hot water bottle"
https://www.1mg.com/otc/bjain-natrum-salicylicum-dilution-6-ch-otc436615,Bjain Natrum Salicylicum Dilution,Bjain Pharmaceuticals Pvt. Ltd.,,Natrum Salicylicum,Take Bjain Natrum Salicylicum Dilution as directed by the physician.,
https://www.1mg.com/otc/p-care-c3002-knee-padded-sleeve-xl-otc658836,,PR Flexmake Private Limited,,,,
https://www.1mg.com/otc/karma-ayurveda-sandi-karma-oil-otc712541,,KRM Ayurveda Private Limited,,,,
https://www.1mg.com/otc/lp-634-ankle-wrap-single-universal-beige-otc331162,LP #634 Ankle Wrap,LP Support,It is used to prevent injuries and post-recovery of muscles.,,"Measure the ankle circumference 2 inches above the ankle joint, Determine whether you want a single or double brace","Read the label carefully before use, Keep out of the reach of children, Consult a doctor before purchase, Shouldn‘t be too tight to inhibit blood circulation"
https://www.1mg.com/otc/mgrm-knee-cap-0703-xl-otc390601,,MGRM Medicare Ltd.,,,,
https://www.1mg.com/otc/tynor-g-25-cervical-traction-kit-with-weight-bag-sitting-universal-otc345750,Tynor G-25 Cervical Traction Kit With Weight Bag (Sitting),Tynor Orthotics Pvt. Ltd.,It expands the intervertebral joint space and relieves pressure on the anterior vertebral bodies.,,Use a directed by the health-care professional.,"Read the label carefully before use, Keep out of reach of the children, Store in a cool dry place"
https://www.1mg.com/otc/agarwals-pain-relief-lumbar-vertebrace-herbal-patch-10-each-otc865056,Agarwals Pain Relief Vertebrace Patches,Agarwal Surgicals,It is used to relieve pain and lumbar discomfort,"The patches help to relieve pain and soothe inflammation, It helps relieve lumbar discomfort, They fit into the vertebra and have multiple areas of use, The material is breathable, and the patch helps to improve blood circulation","Can be applied to the ankle, back, chest, elbow, fore arm, forehead, joints, knee, leg, muscles, neck and shoulder","Store in a dry and hygienic place, Read the label before use, Keep out of reach of small children"
https://www.1mg.com/otc/bjain-rhus-toxicodendron-dilution-6-ch-otc701489,Bjain Rhus Toxicodendron Dilution,Bjain Pharmaceuticals Pvt. Ltd.,,,Take 3-5 drops of the dilution in 1 teaspoon of water twice a day or as directed by the physician.,
https://www.1mg.com/otc/dr.-reckeweg-sabadilla-dilution-3x-otc375093,,Dr Reckeweg & Co,,,,
https://www.1mg.com/otc/ayur-sesha-care-fit-pain-relief-capsule-otc796089,Ayursesha care Fit Capsule,Ayursesha,,"Jojoba, Ginger, Peppermint, Wintergreen, Clove bud, It helps reduce inflammation, It may also help in providing relief from joint pain, The oil may aid in relieving stress and headaches, It helps relax the mind and improves sleep quality",As prescribed by the physician,"Read the label carefully before use, Store in a cool and dry place, away from sunlight, Keep out of reach of children, Use under medical supervision, Don’t exceed the recommended dosage"
https://www.1mg.com/otc/mgrm-arm-sling-pouch-deluxe-0206-small-otc390484,MGRM Arm Sling Pouch Deluxe 0206 Medium,MGRM Medicare Ltd.,"Provide good support to the arm or shoulder in case of closed or surgical management of strain, sprain and fractures.","A high-quality foam fused fabric envelope for the arm provides good comfortable support and improves patient compliance, Non-stretching strap helps to reduce pressure and evenly distribute the weight of the affected arm over the other shoulder, An adjustable, broad shoulder pad further reduces pressure on neck and shoulder regions, Simple velcro closure using plastic buckles, A special thumb loop is provided inside the fabric envelope for 'parking' the hand when desired, Product Care:Hand wash using cold water and mild soap. Air dry in the shade. Do not brush hard. Do not squeeze. No machine wash","Position the lower arm (across the chest with the elbow joint bent at 90 degrees) inside the envelope, Bring the strap along the backside and over the other shoulder, Adjust the position of the shoulder pad around the neck as necessary, Insert the strap through both plastic buckles of the envelope, Use velcro closure in the strap for secured fit","Read the user manual carefully, Keep away from children, Keep in a cool and dry place away from direct heat, Avoid any physical damage"
https://www.1mg.com/otc/acemo-gel-otc458098,,Halcyon Drugs,,,,
https://www.1mg.com/otc/coronation-hot-water-bottle-super-deluxe-super-otc337226,Coronation Hot Water Bottle (Super Deluxe Super),Enkay Brand Distribution Pvt Ltd,The hot water bottle is used as a natural body warmer in winter and for heat therapy.,"Soft rubber provides comfort and full coverage to the injured area, Provides quick relief from muscular, joint, and menstrual pain, Small and compact design makes it handy and easy to carry, Can be used as a bed warmer","Do not use boiling water when filling the bottle, Fill the bottle to a maximum of two-thirds capacities, Check the bottle for any leakage by holding the bottle in an upside-down position, Expel air by lowering carefully on a flat surface until water appears at the opening, Screw the cap tightly to ensure that there is no leakage","Never fill the bottle with boiling water, Read the label carefully before use, Keep out of reach of the children, Store in a cool and dry place"
https://www.1mg.com/otc/dominion-care-combo-pack-of-accu-paduka-accupressure-massage-slipper-and-infra-morning-walker-otc516247,Dominion Care Combo Pack of Accu Paduka Accupressure Massage Slipper and Infra Morning Walker,Kapil Plastic Mould,,,Use as per requirement or as directed by the physician.,"Read the label carefully before use, Store in a cool dry place away from direct sunlight, Keep out of reach of the children, Avoid physical damage"
https://www.1mg.com/otc/samson-ls0412-back-rest-moulded-foam-universal-grey-and-black-otc487777,Samson LS0412 Back Rest (Moulded Foam),Samson Scientifics & Surgicals,"It is placed on the car seat, chair, bed or floor etc. to maintain a natural low back curve, supporting and holding the body, enhancing comfort and relieving the anterior pressure on the vertebras.","It is suitable for placing on the car seat, chair, bed or floor, Designed to maintain the natural low back curve, the side supports hold the body enhancing comfort and helping relieve the anterior pressure on the vertebras, Features high resilience promoting better cushioning and high density gives longer functional life, The velcro fitted strap allows height adjustments and the smart cover is removable and washable",Read the user manual for usage instructions.,"Read the user manual carefully before use, Keep out of the reach of children, Store in a cool dry place away from direct sunlight"
https://www.1mg.com/otc/lp-668-elbow-sleeve-single-medium-blue-otc331255,LP #668 Elbow Sleeve,LP Support,Elbow Sleeve is recommended for tennis and golf elbow.,,Use as recommended by the health-care professional.,"Read the label carefully before use, Keep out of reach of the children, Hand wash and air dry at room temperature"
https://www.1mg.com/otc/amron-xamax-knee-cap-xl-otc421659,,Xamax Ergonomics Pvt. Ltd.,,,,
https://www.1mg.com/otc/dr.-ethix-s-pain-balm-otc559073,,Ethix Industries Inc,,,,
https://www.1mg.com/otc/tynor-b03-cervical-collar-hard-adjustable-medium-otc345483,Tynor B-03 Cervical Collar Hard Adjustable,Tynor Orthotics Pvt. Ltd.,Recommended where a rigid immobilization of the cervical region is required.,"It has better cushioning thus provides better comfort, It has a long functional life, Made up of fabric that provides better ventilation, It ensures rigid support, It is used to improve aesthetics, It is Latex free",Use as per requirement or as directed by the physician.,"Read the label carefully before use, Keep out of the reach of children, Store in a cool and dry place"
https://www.1mg.com/otc/mgrm-wrist-cock-up-splint-0307-medium-left-otc390716,MGRM Wrist & Cock Up Splint 0307,MGRM Medicare Ltd.,It is mainly used to support and grip your wrist and arm.,"It is a pre-shaped mouldable splint made of light metal that maintains dorsiflexion, It is made of high-quality, coated fabric with a foam pad and sweat-absorbing lining for comfortable support, It is specially designed for the right and left arms, It has a hole for thumb insertion and easy splint movement","First, select the proper size for your wrist. Then insert the thumb of the injured hand into the hole and lock your wrist with the velcro loops.","Keep out of reach of the children, It should not be machine washed, It must not be brushed hard, It should not be squeezed"
https://www.1mg.com/otc/witzion-hinge-knee-cap-xxl-beige-otc514116,,Witzion,,,,
https://www.1mg.com/otc/azah-pain-relieving-personal-massager-otc818868,Azah Pain-Relieving Personal Massager,Azah,It helps to relieve pain and relax.,"Skin-friendly medical grade material: The Azah massager is delicate and loves your skin. It is made with medical-grade material that’s extra smooth, tender and easy to clean, Effective pain relief: Use it anywhere on your body as the vibrations increase blood flow and help in relaxing tense muscles on your back, legs, arms, neck, and feet, Water resistant: Unwind after work with your partner, the Azah personal body massager, for a relaxing massage experience, Multiple massage modes: Switch gears for the right massage; multiple vibration levels and modes ensure that you get the right thrust for effective pain relief, Super silent: Your body massage experience is your domain. Azah massager glides gently and quietly, Vibration patterns: Interesting patterns rub and vibrate at just the right pressure points for effective pain relief and relaxation, Rechargeable: Fast charging, the massager lasts more than 2 hours for an uninterrupted experience",Rub the concerned area with the right pressure points.,"Read the label carefully before use, Store in a cool and dry place, away from sunlight, Keep out of reach of children"
https://www.1mg.com/otc/jsb-hf114-massage-gun-electric-percussion-deep-tissue-cordless-full-body-massager-otc848022,JSB HF114 Massage Gun Electric Percussion Deep Tissue Cordless Full Body Massager,JSB Healthcare,,"Provides deep tissue massage and pain relief, Different massage heads target different muscle groups, Cordless design provides flexibility and ease of use, Adjustable speed settings allow for personalized massage experience, Rechargeable battery ensures long-lasting use","Choose the appropriate massage head and attach it to the device, Adjust the speed setting according to your preference, Gently apply the massage head to the targeted area and move the device in a circular motion, Use for up to 15 minutes at a time, no more than 3 times a day",Read the instructions carefully before use
https://www.1mg.com/otc/sg-health-neoprene-wrist-binder-with-thumb-support-otc652994,,SG Health,,,,
https://www.1mg.com/otc/nise-pain-relief-gel-otc645214,Nise Gel,Dr Reddy's Laboratories Ltd,,"Nimesulide, Methyl Salicylate, Menthol, Capsaicin, Nimesulide is a nonsteroidal anti-inflammatory drug (NSAID) with pain medication and fever reducing properties, Methyl Salicylate is used for temporary relief of muscle or joint pain caused by strains, sprains, arthritis, bruising, or backaches, Menthol is a mild pain reliever, Capsaicin is a key ingredient in creams and patches that can give you relief from pain",Use Nise Gel as directed by the physician,"Read the label carefully before use, Do not exceed the daily recommended dosage, To be used under medical supervision only, Keep out of reach of children, Store in a cool, dry place, away from direct heat and sunlight"
https://www.1mg.com/otc/amron-xamax-elbow-cap-xxxl-otc421747,,Xamax Ergonomics Pvt. Ltd.,,,,
https://www.1mg.com/otc/comprezon-classic-varicose-vein-stockings-class-1-mid-thigh-1-pair-xl-beige-otc390147,Comprezon Classic Varicose Vein Stockings Class 1 Mid Thigh (1 Pair),Dynamic Techno Medicals Pvt. Ltd.,It is primarily used to assist patients suffering from varicose veins and prevents pooling of blood.,"Prevents blood pooling: Applies graduated compression or high pressure at the ankle, medium pressure at the thigh which allows blood to flow back up to the leg, Quality Assurance: It is the only brand manufactured in India which meets international specifications for varicose vein stockings, Economical Price: It is an economical alternative to imported brands and is exported to more than 40 countries, High Quality Design: Manufactured using German Machinery and imported raw materials to provide accurate pressure for each indication of varicose veins, Toe Style: Peep hole",Use as per requirement or as directed by the healthcare physician.,"Read the label carefully before use, Store in a cool dry place away from direct sunlight, Keep out of reach of the children, Avoid physical damage"
https://www.1mg.com/otc/mgrm-knee-cap-0703-medium-otc390599,,MGRM Medicare Ltd.,,,,
https://www.1mg.com/otc/vissco-0709-elastic-tubular-anklet-small-otc344573,,Vissco Rehabilitation Aids Pvt. Ltd.,,,,
https://www.1mg.com/otc/medi-duomed-knee-length-stocking-small-beige-otc569849,,Isha Surgical,,,,
https://www.1mg.com/otc/genugrip-hb-hinged-knee-brace-xxl-right-otc392408,,Dynamic Techno Medicals Pvt. Ltd.,,,,
https://www.1mg.com/otc/wellon-pas03-universal-shoulder-immobilizer-large-otc387689,Wellon Universal Shoulder Immobilizer PAS-03,Mana Medical,"It is used to provide support and prevent unwanted movement of shoulder, It helps in fast recovery during shoulder injury","It is made from 3 layered PUF fused fabric that offers softness and comfort, It offers immobilization during for ensuring faster recovery, It comprises of straps that cover both shoulder and back for even weight distribution and comfort, The arm restraint band is fastened with Velcro to the hand, Type of Product: Shoulder Immobilizer, Brand: Universal Shoulder Immobilizer, Model: PAS-03, Size: 32-36 inch",As directed on the manual.,"Read the manual carefully before use, For external use only, Hand wash using mild liquid detergent, Air dry away from heat and sunlight, Do not bleach, iron or dry-clean"
https://www.1mg.com/otc/nagarjuna-sahacharaadi-thailam-otc376756,Nagarjuna Sahacharaadi Thailam,Nagarjuna Ayurvedic Centre,,"Sahachara (Strobilanthes ciliates), Bilva (Aegle marmelos), Agnimantha (Premna mucronata), Shyonaka (Oroxylum indicum), Gambhari (Gmelina arborea), Patala (Stereospermum suaveolens), Shalaparni (Desmodium gangeticum), Prinshnaparni (Urarica picta), Gokshura (Tribulus terrestris), Brihati (Solanum indicum), Kantakari(Solanum xanthocarpum), Abhiru (Asparagus racemosus), Sevya (Khus Khus, Vetiveria zizanioides), Nakha (Capparis sepiaria), Kushta (Saussurea lappa), Hima (Sandalwood, Santalum album), Ela (Cardamom, Elettaria cardamomum), Sprikka (Anisomeles malabarica), Priyangu (Callicarpa macrophylla), Nalika (Hibiscus cannabinus), Ambu (Pavonia odorata), Shaileya (Parmelia perlata), Lohita (Indian Madder, Rubia cordifolia), Nalada (Nardostachys jatamansi), Loha (Agaru, Aquilaria agallocha), Surahva (Himalayan cedar, Cedrus deodara), Choraka (Angelica glauca), Mishi (Indian Dill ,Anethum sowa), Turushka (Liquid amber orientalis), Nata (Indian valerian, Valeriana wallichi), Ksheera (Cow milk), Taila (Sesame oil, Sesamum indicum)., 200 ml, Oil, Men/Women, Joint support:Offers effective relief from joint stiffness and discomfort, Anti-inflammatory:Reduces inflammation in joints, promoting flexibility and mobility, Muscle relaxation:Soothes muscles, alleviating tension and spasms, Improved circulation:Enhances blood flow to affected areas, aiding healing, Nourishes tissues:Strengthens joint tissues and ligaments for better resilience, Pain relief:Addresses various types of joint and muscular pains, Enhanced flexibility:Promotes increased joint flexibility and range of motion",Use as mentioned on the label or as directed by the physician,"Store in a cool and dry place away from direct sunlight, Read the product label carefully before use, Keep out of reach of children, For external use only"
https://www.1mg.com/otc/dr-ortho-an-ayurvedic-medicine-strong-oil-otc810398,Dr Ortho an Ayurvedic Medicine Strong Oil,Dr Ortho Ayurvedic,,,,
https://www.1mg.com/otc/bhisajyam-rtu-oil-for-feminine-cramps-10ml-each-otc842563,Bhisajyam Rtu Oil for Feminine Cramps,Indenta Naturals,,"Ginger oil, Black pepper, Camphor oil, Lavender oil, It helps deal with menstrual cramps and pain, Bhisajyam oil provides instant relief and soothing energy and is made entirely of vegan ingredients, This oil is GMO-free, pocket-friendly to carry when required and can be applied on the lower abdomen, lower back, and thighs for relief during the menstrual cycle, It absorbs quickly into the skin and leaves no stains or residue","Open the cap and shake the bottle well before application, roll it gently over the area where you are experiencing cramps; can be re-applied 2-3 times a day.","Read the label carefully, Store in a cool, dry place, Keep out of reach of children, For external use only"
https://www.1mg.com/otc/dr-med-elastic-back-support-dr-b013-large-beige-otc377469,,A-MI Global Co Ltd,,,,
https://www.1mg.com/otc/dr-willmar-schwabe-india-thymolum-dilution-12-ch-otc406390,,Dr Willmar Schwabe India Pvt Ltd,,,,
https://www.1mg.com/otc/mgrm-mrange-knee-splint-rom-0708-large-otc390654,The MGRM MRange Knee Splint (ROM) 0708 Large,MGRM Medicare Ltd.,It aids to support and stabilize the knee joint.,,,Read the instructions carefully before use
https://www.1mg.com/otc/joint-joy-tablet-otc853130,Joint Joy Tablet,Neiss Labs Pvt Ltd,,"Ashwagandha, Curcumin C3, Chondroitin Sulfate, Glucosamine, It feeds your joints with the essential nutrition for maintaining stronger matrix, It helps maintain joint flexibility, It relieves joint aches and stiffness, It supports cartilage repair, It is effective against arthritis, It enhances pain-free mobility","As a dietary supplement, take 1 tablet 2 times daily or as directed by the physician.","Read the label carefully before use, Store in cool and dry place, away from direct sunlight, Keep out of reach of the children, A dietary supplement, not intended to treat or prevent any disease"
https://www.1mg.com/otc/healthgenie-one-size-adjustable-wrist-support-black-otc399641,Healthgenie One Size Adjustable Wrist Support,Healthgenie India Pvt Ltd,"Ideal for aiding recovery from wrist sprains, strains, or other minor injuries, Provides preventive support during sports activities or repetitive tasks that strain the wrist, Offers general support and stability for weak or fatigued wrists","Male/Female, 1 count",Use as directed on the product label.,"Store in a cool and dry place away from direct sunlight, Read the product label carefully before use, Keep out of reach of children"
https://www.1mg.com/otc/vissco-0629-dynamic-cock-up-splint-right-with-finger-extension-universal-otc344541,Vissco,Vissco Rehabilitation Aids Pvt. Ltd.,"It is primarily used in the condition of Radial nerve palsy and wrist drop, Posterior introsseous nerve palsy, Mobilization exercise of fingers and wrist, For physiotherapy after extensor tendon repair.","Helps to support the wrist in anatomical position, Provides relief in strain or sprain of wrist muscles, Made from soft padded stretchable fabric, Assists in reducing pressure on median nerve at the wrist, Useful in Post plaster cast removal",Use as per requirement or as directed by the physician.,"Read the label carefully before use, Store in a cool dry place away from direct sunlight, Keep out of reach of the children, Avoid physical damage"
https://www.1mg.com/otc/dr.-relief-cervical-pillow-sky-blue-otc508121,,Dr Relief and Traders,,,,
https://www.1mg.com/otc/wellon-pas03-universal-shoulder-immobilizer-xl-otc387690,Wellon Universal Shoulder Immobilizer PAS-03,Mana Medical,"It is used to provide support and prevent unwanted movement of shoulder, It helps in fast recovery during shoulder injury","It is made from 3 layered PUF fused fabric that offers softness and comfort, It offers immobilization during for ensuring faster recovery, It comprises of straps that cover both shoulder and back for even weight distribution and comfort, The arm restraint band is fastened with Velcro to the hand, Type of Product: Shoulder Immobilizer, Brand: Universal Shoulder Immobilizer, Model: PAS-03, Size: 32-36 inch",As directed on the manual.,"Read the manual carefully before use, For external use only, Hand wash using mild liquid detergent, Air dry away from heat and sunlight, Do not bleach, iron or dry-clean"
https://www.1mg.com/otc/tynor-l-02-lumbo-sacral-belt-xxl-otc345804,,Tynor Orthotics Pvt. Ltd.,,,,
https://www.1mg.com/otc/maxis-cotton-thigh-length-stocking-xxxxl-beige-otc570826,,Isha Surgical,,,,
https://www.1mg.com/otc/jjw-mart-chamomile-otc509473,,JJW & Brothers Pvt Ltd,,,,
https://www.1mg.com/otc/boiron-natrum-carbonicum-multi-dose-approx-80-pellets-30-ch-otc407768,,Boiron Laboratories Pvt Ltd,,,,
https://www.1mg.com/otc/witzion-xl-grey-lumbo-sacral-back-support-belt-otc513865,Witzion Lumbo Sacral Back Support Belt,Witzion,It is used to provide support to the lower spine area and also helps in reducing the back pain.,,Use as directed in the manual.,"Read the label carefully before use, Keep out of reach of children, Avoid any physical damage"
https://www.1mg.com/otc/lp-272z-leg-compression-sleeve-single-xxl-otc331186,LP #272Z Leg Compression Sleeve,LP Support,It is used to support the knees and thigh area to reduce chronic inflammation due to any injury sports activity.,,Measure the circumference of the knee at the patella with the knee fully extended.,"Read the label carefully before use, Keep out of reach of the children, Store in a cool dry place"
https://www.1mg.com/otc/knivitol-liniment-plus-otc512612,Knivitol Liniment Plus,Jiwadaya Healthcare Pvt. Ltd.,,"Kapoor, Ajwain, Pudina, Nilgiri, Musturd oil, Turpentine oil, Clove oil, Til oil, Wintergreen oil, Hari chaika tel, It is beneficial in giving relief from joint pain, It contains kapoor that, has anti-inflammatory properties, and effectively lessens discomfort, It also has the anti-inflammatory and anti-arthritic properties of turpentine oil, Phudina phool has a cooling effect, Nilgiri Tel is employed as an antiseptic and counter-irritant","Apply gently on affected areas, Or as advised by your healthcare practitioner","Read the label carefully before use, Store in a cool and dry place, away from sunlight, Keep out of reach of children"
https://www.1mg.com/otc/aquagel-innovations-back-and-shoulders-pain-relief-gel-pack-blue-otc514075,,Balaji Innovations,,,,
https://www.1mg.com/otc/tynor-i69-medical-compression-stocking-mid-thigh-class-1-large-otc345880,Tynor I-69 Medical Compression Stocking Mid Thigh Class 1,Tynor Orthotics Pvt. Ltd.,It is primarily used to provide relief in all forms of venous disease including blood pools or congests in legs.,"It is high quality, dermophillic, strong with long functional life, Gives effective and graduated compression, Anatomical shape ensures, snug fitting and optimal grip, Top silicone lined band ensures no slippage, Open toe design reduces wear and tear and is easy to wear, Available in different compression classes, ensures effective blood evacuation, Available sizes: S (14.6""-16.9""), M (16.5""-18.9""), L (18.5""-20.9""), XL (20.5""-22.8"")",Use as per requirement or as directed by the physician.,"Read the label carefully before use, Store in a cool dry place away from direct sunlight, Keep out of reach of the children, Avoid physical damage"
https://www.1mg.com/otc/acupressure-roller-wooden-anand-otc518655,,Kapil Plastic Mould,,,,
https://www.1mg.com/otc/mgrm-abdominal-bind-0601-large-otc390468,MGRM Abdominal Bind 0601 Medium,MGRM Medicare Ltd.,Post-surgical compression support in the abdominal region.,"Dress-resistant & High-quality material:the abdominal binder is durable and top quality for long-lasting comfort, Special ergonomic design:Ergonomically streamlined to give your abdomen the perfect support, Breathable and moisture-regulating material:Breathable fabric allows the air to circulate so that no sweat or moisture remains in the area. This way you keep the abdomen cool and comfortable all day long, Flexible stays:Helps prevent edge rollover when worn, Velcro closure:For easy application so that it can be quickly positioned anywhere on the binder for holding tubing and drainage bulbs, without pins or tape, Available in the following sizes:S (28""-32""), M (32""-36""), L (36""-40""), XL (40""-44""), XXL (44""-48""), Product Care:Hand wash using cold water and mild soap. Air dry in the shade. Do not brush hard. Do not squeeze. No machine wash","Wrap the binder around the waist, ensuring that the desired abdominal region is properly enclosed, Pull both ends of the binder to the required compression and close with velcro","Read the label carefully before use, Avoid physical damage, Caution: Be careful while using this as it may cause compression over surgical incisions"
https://www.1mg.com/otc/lp-271z-thigh-compression-sleeve-xxxl-otc331448,Uses:,LP Support,"It is used to enhance the explosive strength of thigh muscles, improving kicking and jumping.",,Use as directed by the health-care professional and Make sure the power band is positioned around the knee.,"Read the label carefully before use, Keep out of reach of the children, Store in a cool dry place"
https://www.1mg.com/otc/lp-150xt-x-tremus-elbow-support-single-large-otc331265,LP #150XT X-Tremus Elbow Support,LP Support,It is used to provide elbow pain relief by giving stable compression during your entire day of daily activity.,,Measure around the elbow joint and wear accordingly.,"Read the label carefully before use, Keep out of reach of the children, Store in a cool dry place"
https://www.1mg.com/otc/dr.-reckeweg-theridion-curassavicum-dilution-cm-ch-otc375400,Dr. Reckeweg Theridion Curassavicum Dilution,Dr Reckeweg & Co,,"Theridion Curassavicum, Liquid, The dilution may help in managing concerns associated with vertigo, It may help in managing nausea and vomiting on the slightest movement, This dilution can help reduce headaches when lying down and if others are walking on the floor and headaches that aggravate with the slightest movements, Dr. Reckeweg Theridion Curassavicum Dilution may help in managing seasickness and car sickness",,"Read the label carefully before use, Keep out of reach of children, Store in a cool and dry place, Do not exceed the recommended dosage"
https://www.1mg.com/otc/oraah-uti-support-women-s-drink-200ml-each-otc698158,Oraah UTI Support Women's Drink,Svastha Foods & Nutrition Pvt Ltd,,"Cinnamon bark, Corn silk, Varuna, Bamboo shoot, Helps to stop the bacteria breeding, It reduces the inflammation causing pain during urination, It has soothing properties for pain and irritation, It does not contain any preservatives or calories",Use as directed on the label or as advised by your healthcare provider.,"Read the label carefully before use, Store in a cool and dry place away from direct sunlight, Keep out of reach of children"
https://www.1mg.com/otc/sheopal-s-pain-relief-oil-for-joints-body-muscular-pain-back-pain-otc901847,Sheopal's Pain Relief Oil,Sheopals Pvt Ltd.,,"Saral, kapoor, nilgiri, pudina, castor oil, capsaicin oil, pure wintergreen oil, and mahanarayan oil., Pure wintergreen oil:methyl salicylate present in it has analgesic and anti-inflammatory properties, which is a topical pain reliever, Mahanarayana tail:reduces joint inflammation and gives strength to muscles, Castor oil:Ricinoleic acid and its anti-inflammatory properties reduce skin inflammation and are ideal for arthritis pain, Pudina:helps to ease pain and relax the muscles, Karpoor:may help to fight muscle cramps, stiffness, and sprains","Take some oil on your palm and gently massage the affected area until the oil is completely absorbed, Apply twice a day, in the morning after a bath and at night just before sleep","Read the label carefully, Store in a cool, dry place, Keep out of reach of children, For external use only"
https://www.1mg.com/otc/aroma-treasures-marjoram-essential-oil-otc485047,,Aroma Treasures Pvt Ltd,,,,
https://www.1mg.com/otc/maxis-cotton-thigh-length-stocking-xxl-beige-otc570824,,Isha Surgical,,,,
https://www.1mg.com/otc/dr-med-hinged-knee-support-mcl-right-dr-k0121-large-grey-otc377509,,A-MI Global Co Ltd,,,,
https://www.1mg.com/otc/adel-heloderma-dilution-30-ch-otc326524,ADEL Heloderma Dilution,Adel Pekana Germany,,"Heloderma Suspectum, Liquid Dilution, The dilution helps in relieve nerve pain and neuralgia, It addresses coldness and numbness of extremities, It supports the overall health of the nervous system, It provides natural and gentle relief following homeopathic principles",Use as directed by a healthcare professional.,"Keep away from the direct sunlight, Keep out of the reach of children, Store in a cool and dry place"
https://www.1mg.com/otc/healthgenie-combo-pack-of-hot-cold-pain-relief-ice-bag-pack-with-adjustable-wrap-extension-band-otc399627,Healthgenie Combo of Hot and Cold Pain Relief Ice Bag Pack with Adjustable Wrap and Extension Band,Healthgenie India Pvt Ltd,"It is primarily used for alleviating muscle ache, sores and pains caused due to inflammation in the body.",,Read the user manual for detailed instruction on how to use.,"Read the user manual carefully before use, Keep out of the reach of children"
https://www.1mg.com/otc/jointflex-pain-relief-cream-otc625804,Joint Flex Pain Relief Cream,Strides Consumer Pvt Ltd,,"Glucosamine, Chondroitin Sulfate, Provides relief from the pain associated with arthritis and joint degeneration, It quickly penetrates the top 2 skin layers to deliver pain-relievers right to the pain sources, Useful in relieving muscle sprains and strains, Provides relief from all type of joint pains, Fortified with glucosamine to repair and regenerate joint cartilage for long-lasting relief from pain","Clean, rinse and dry the affected part prior to application, Apply a small quantity on the affected area and massage till absorbed","Read the label carefully before use, Use under medical supervision, Store in a cool and dry place away from direct sunlight, Keep away from children, For external use only"
https://www.1mg.com/otc/medtrix-compression-neoprene-shoulder-brace-blue-right-otc503761,,Medtrix,,,,
https://www.1mg.com/otc/mgrm-rib-belt-male-0401-xxl-otc390706,,MGRM Medicare Ltd.,,,,
https://www.1mg.com/otc/lp-705ca-extreme-thigh-support-medium-otc331307,Uses:,LP Support,"It is used to relieve thigh pain associated with a groin injury, and the stretch fabric ensures comfort during wear and easy to slip on and off.",,Use as directed by the healthcare professional.,"Read the label carefully before use, Keep out of reach of the children, Avoid wear and tear of the product"
https://www.1mg.com/otc/lp-706-knee-support-closed-patella-single-small-black-otc331386,LP #706 Knee Support Closed Patella,LP Support,These supports are used to prevent knee ache and it helps to treat knee injuries.,,Use as directed by the health-care professional.,"Read the label carefully before use, Keep out of reach of the children, Store in a cool dry place"
https://www.1mg.com/otc/mgrm-wrist-cock-up-splint-0307-large-left-otc390715,MGRM Wrist & Cock Up Splint 0307,MGRM Medicare Ltd.,It is mainly used to support and grip your wrist and arm.,"It is a pre-shaped mouldable splint made of light metal that maintains dorsiflexion, It is made of high-quality, coated fabric with a foam pad and sweat-absorbing lining for comfortable support, It is specially designed for the right and left arms, It has a hole for thumb insertion and easy splint movement","First, select the proper size for your wrist. Then insert the thumb of the injured hand into the hole and lock your wrist with the velcro loops.","Keep out of reach of the children, It should not be machine washed, It must not be brushed hard, It should not be squeezed"
https://www.1mg.com/otc/einaayat-pain-relief-herbal-oil-otc868863,Einaayat Pain Relief Herbal Oil,Seatrack International Tradex Pvt. Ltd.,,"Malikangni, Arandi, Devdar, Akarkara, Long, Dachini, piprament, Til, Jaiphal, Ajwayan, Nilgiri, Mahua, Alsi, Grandhpura, It aids in managing stiffness, swelling and inflammation of the affected areas by stimulating blood circulation, It also increases joint lubrication and mobility, It helps reduce lower back pain, knee joint pain, neck, shoulder and muscle stiffness, It helps relieve strained muscles and strained ligaments and frozen shoulder","Apply generously to the affected areas and massage gently until the oil is absorbed into the skin, Keep the massaged area warm and covered, Use the oil preferably at bedtime","For external use only, Do not ingest, Keep away from eyes, Do not apply directly on open wounds, cuts and rashes, Perform a patch test to test for allergy"
https://www.1mg.com/otc/witzion-functional-knee-support-xl-beige-otc513607,,Witzion,,,,
https://www.1mg.com/otc/boiron-eupatorium-perfoliatum-pellets-30c-otc407509,,Boiron Laboratories Pvt Ltd,,,,
https://www.1mg.com/otc/longlife-oct-012-contoured-ls-support-xl-blue-otc492499,,Veridicus Health Care Pvt Ltd,,,,
https://www.1mg.com/otc/limitra-jointo-500mg-capsule-otc527152,,Natural Healthcare,,,,
https://www.1mg.com/otc/tynor-i-30-tubular-elastic-bandage-1-meter-75mm-otc345875,,Tynor Orthotics Pvt. Ltd.,,,,
https://www.1mg.com/otc/witzion-functional-knee-support-large-beige-otc513603,,Witzion,,,,
https://www.1mg.com/otc/lyra-healthcare-ankle-binder-band-ankle-brace-beige-otc412765,,Lyra Healthcare,,,,
https://www.1mg.com/otc/tynor-l-02-lumbo-sacral-belt-large-otc345801,,Tynor Orthotics Pvt. Ltd.,,,,
https://www.1mg.com/otc/mgrm-0305-wrist-wrap-large-otc390722,MGRM Wrist Wrap 0305,MGRM Medicare Ltd.,To support the wrist.,"High modulus of elasticity; retains shape and size for a long time, Excellent compressive strength, better support, Better fitting and universal sizing, Available in universal Size (5""-9.5"")",,"Read the manual carefully before use, Keep out of reach of the children"
https://www.1mg.com/otc/renewa-reusable-ice-bag-otc491721,Renewa Ice Bag,Dr. Sayani's Health Care Pvt. Ltd.,Helps manage sore muscles and other knee or joint pains,"Made from high-quality materials, It has a leak-proof design, Soft fibre provides comfort and complete coverage of the injured area, Large opening for easy filling, Reusable fabric ice bag","Put some ice in the bag and wrap it in a clean towel, Place this ice pack on the affected area, Can also be used for hot therapy","Read the label carefully before use, Store in a cool and dry place, away from sunlight, Keep out of reach of children"
https://www.1mg.com/otc/dr.-reckeweg-parotidinum-dilution-50m-ch-otc376117,,Dr Reckeweg & Co,,,,
https://www.1mg.com/otc/brufen-power-pain-relief-gel-otc894299,,Abbott,,,,
https://www.1mg.com/otc/vandelay-cqr-mg1500-deep-tissue-percussion-massager-otc791842,Vandelay CQR-MG1500 Deep Tissue Percussion Massager,SFT Technologies Pvt Ltd,It is an electric handheld massager for pain relief.,"The massage gun outputs high frequency and deep tissue vibration to help relieve fatigue, pain, muscle soreness and stiffness, It reduces muscle soreness and improves blood circulation, It is useful for muscle recovery and relieves pain caused due to stiffness, It may also promote blood flow",Use as directed on the label or as suggested by health care professionals.,"Read the label carefully before use, Store in a cool, dry place away from direct sunlight, Keep out of reach of the children"
https://www.1mg.com/otc/rosiflex-trio-capsule-with-rosehip-extract-boswellia-serrata-devil-s-claw-extract-otc223637,Rosiflex Trio Capsule,Eris Lifesciences Ltd,,"Rosehip Extract, Devil’s Claw Extract (20%), Boswellia Serrata Extract (70%), Other Ingredients: Ascorbic Acid, Maltodextrin, Anticaking Agent, Hydroxypropyl Methylcellulose, Rosehip contains polyphenols and anthocyanins, which help ease joint inflammation and prevent joint damage, Devil’s claw is a herb that is beneficial for arthritis and other types of joint pain, Boswellia can help reduce joint swelling, pain, stiffness, and other inflammatory condition. It increases blood supply to the joints, Capsule",,"Read the label carefully before use, Store in a dry and dark place below 25C, Keep out of reach of children, Do not exceed the stated recommended daily dose, This product is not intended to diagnose, treat, cure, or prevent any disease"
https://www.1mg.com/otc/zixa-strong-feminine-cramp-relief-roll-on-dual-action-period-pain-relief-50gm-each-otc891603,"ZIXA Strong Feminine Cramp Relief Roll On, Dual Action Period Pain Relief",Jenburkt Pharmaceuticals Ltd,,"Lavender, aloe vera, rosemary, almonds, eucalyptus. Menthol, camphor.",Use thrice in a day and thrice in a month.,
https://www.1mg.com/otc/dr-med-embossed-type-knee-sleeve-dr-k025-large-white-otc377508,,A-MI Global Co Ltd,,,,
https://www.1mg.com/otc/dr.-reckeweg-melilotus-off-dilution-3x-otc374535,,Dr Reckeweg & Co,,,,
https://www.1mg.com/otc/rex-khamira-marwarid-khas-otc415796,,Rex Remedies Limited,,,,
https://www.1mg.com/otc/hamdard-iksir-shifa-otc329747,Hamdard Iksir Shifa,Hamdard Laboratories India,,"Asral, Nishasta Gandum, Sugar, Chalk Powder, Tablet, Male/Female, Effectively calms nerves, reduces stress levels and promotes a sense of relaxation and tranquillity, Helps in regulating sleep patterns for a more consistent rest, Contains asral and nishasta gandum known for their calming properties, Helps in reducing anxiety levels and nervousness, encouraging a sense of calmness, Offers a natural alternative to aid relaxation without adverse effects, Contributes to overall health by promoting better sleep and assists in maintaining a healthy mind-body equilibrium",Use as directed by the physician.,"Store in a cool and dry place away from direct sunlight, Read the product label carefully before use, Keep out of reach of children, Do not exceed the recommended dosage"
https://www.1mg.com/otc/the-white-willow-cervical-orthopedic-memory-foam-contour-pillow-xs-otc506937,The White Willow Cervical Orthopedic Memory Foam Contour Pillow King,The White Willow,"It is constructed to facilitate a healthy support to the neck, shoulder, and head.",,Read the instructions manual for usage directions.,"Read the label carefully before use, Store in a cool dry place away from direct sunlight, Keep out of reach of the children, Avoid any physical damage"
https://www.1mg.com/otc/acupressure-body-care-massager-with-big-handle-otc518644,,Kapil Plastic Mould,,,,
https://www.1mg.com/otc/wellon-compression-stockings-mid-thigh-stk02-large-otc387724,Wellon Compression Stockings (Mid Thigh) STK-02,Mana Medical,It helps to support and reduce the pain in ankles and reduces the varicose pain and also improves the comfort and stability.,,,"Read the manual carefully before use, Keep out of reach of the children"
https://www.1mg.com/otc/sleepsia-premium-quality-thick-contour-gel-infused-pillow-large-embossed-white-fabric-otc504637,,Sleepsia India Pvt Ltd,,,,
https://www.1mg.com/otc/lp-708-standard-knee-support-open-patella-single-large-blue-otc331392,LP #708 Standard Knee Support Open Patella,LP Support,The LP Open Patella Knee Support helps to protect against further injury and it is also helpful for post-operative knee problems.,,Hand wash with mild soap in cold water. Rinse thoroughly.,"Read the label carefully before use, Keep out of reach of the children, Air dry at room temperature, Do not machine wash or dry., EndFragment"
https://www.1mg.com/otc/vissco-carpal-wrist-support-medium-otc344561,Vissco Carpal Wrist Support,Vissco Rehabilitation Aids Pvt. Ltd.,"It is used in the condition of Carpal Tunnel Syndrome (CTS), strain or sprain of wrist muscles, and post plaster cast removal.","Supports wrist in anatomical position, Carpal Wrist Support is an orthopaedic aid to provide excellent wrist conformity, It is made from soft padded stretchable fabric, Reduces pressure on median nerve at the wrist",Use as per requirement or as directed by the physician.,"Read the label carefully before use, Store in a cool dry place away from direct sunlight, Keep out of reach of the children, Avoid physical damage"
https://www.1mg.com/otc/amron-xamax-cervical-collar-soft-medium-otc421675,,Xamax Ergonomics Pvt. Ltd.,,,,
https://www.1mg.com/otc/clear-sure-hot-water-bag-2-ltr-each-capacity-otc713126,Clear & Sure Hot Water Bag (2 Ltr Each Capacity),Recombigen Laboratories Pvt. Ltd,"It is ideal for stomach pain, backaches, joint pain, muscular cramps, menstrual pain, muscle pull and arthritic and rheumatic pain.","Brass thread construction to keep the bottle leak free, Has a capacity of 2 litres and is completely leakproof, Remains heated for a much longer duration than any other electric bag, Improves blood circulation and keeps us heated in winter, Outer Material:Latex, Rubber, Surface Type:Both side ribbed, Holding Time:3-5 hr","When filling the bottle, do not use boiling water, Fill to a maximum of two-thirds capacities, Check the bottle for any leakage by holding the bottle in an upside-down position, Expel air by lowering carefully onto a flat surface until water appears at the opening, Screw the stopper sufficiently tight to ensure that there is no leakage","Read the label carefully before use, Keep away from direct contact with sunlight, Do not pierce, Do not put liquid hotter than 120*F or boiling water, Not suitable for children under the age of 36 months, Do not put in microwave"
https://www.1mg.com/otc/vissco-silicone-heel-cushion-0710-universal-otc344578,,Vissco Rehabilitation Aids Pvt. Ltd.,,,,
https://www.1mg.com/otc/nagarjuna-dhanwantharam-aavarthi-101-capsule-otc377723,,Nagarjuna Ayurvedic Centre,,,,
https://www.1mg.com/otc/agarwals-soft-comfy-silicone-gel-heel-pad-foot-protector-socks-for-pain-relief-otc865194,Agarwals Soft & Comfy Silicone Gel Heel Pad Foot Protector Socks for Pain Relief,Agarwal Surgicals,It can be used by individuals who have bruised heels or pain and have to walk and stand for long hours,"It provides foot protection and moisturises dry, cracked skin, It relieves your heel pain and fatigue in your ankle muscles, It relieves plantar fasciitis and arch pain, It provides soft cushioning when standing or walking and body alignment, It provides unparalleled protection during any activity",Use as directed on the label,"Read the label carefully before use, Store in a cool and dry place, away from sunlight, Keep out of reach of children, For external use only"
https://www.1mg.com/otc/kerala-ayurveda-sahacharadi-thailam-for-muscle-joint-health-otc361226,Kerala Ayurveda Sahacharadi Thailam,Kerala Ayurveda Limited,,Oil,,
https://www.1mg.com/otc/aquagel-innovations-hot-cold-pack-small-blue-otc514084,Aquagel Innovations Hot / Cold Pack Small Blue,Balaji Innovations,It is a hot and cold pack that helps relieve all kinds of pains and aches.,"Contains a non-toxic gel, Made of a strong nylon cloth with PVC lining inside, Reusable, eco-friendly and safe to use, Retauns temperature for 30 minutes, Helps improve blood circulation","Place in the refrigerator 30 minutes before use for cold therapy, Place in hot water for 30 minutes and apply to the affected area for hot treatment","Read the label carefully before use, Store in a cool and dry place, away from sunlight, Keep out of reach of children"
https://www.1mg.com/otc/fullstop-arthritis-joint-pain-relief-250mg-oil-otc547455,Fullstop Arthritis & Joint Pain Relief 250mg Oil,Fullstop,,"Sesame oil, Camphora, This oil might help fight the suffering of arthritis, It helps bring mobility and flexibility to the tissues, It is a powerful ayurvedic oil that helps fight pain in the joints, It relaxes the muscles intensely",Gently massage the affected area.,"Read the label carefully, Store in a cool, dry place, Keep out of reach of children, For external use only"
https://www.1mg.com/otc/medopharm-wellness-supergin-liniment-oil-for-joint-muscle-back-shoulder-and-arthritis-pain-otc618778,"Medopharm Wellness Fast Ayurvedic Pain Relief Formula liniment Quick Relief from Arthritis Pain, Joint Pain, Muscle Pain, Back Pain, and Shoulder Pain - With Capsicum Oil, Gultheri Oil, Karpoor, Thamalpathra Oil, Lavang Oil, Nirgundi Oil, Cinnamon Oil",Medopharm Wellness Pvt Ltd,,"Thamalpathra oil, Lavang oil, Ajma Satva, Capsicum, Gultheri oil, Camphor (Karpoor), Nirgundi, Cinnamon oil, Langali and Sesame oil., This pain relief formula improves flexibility and blood circulation while reducing swelling, pain, and muscle spasms, It relieves joint pain, stiffness, loss of flexibility, and swelling, It is an instant pain relief oil for age-related muscle aches and joint pains",Apply gently on the affected area 2 times per day.,"Protect from heat and sunlight, Keep out of reach of children, Avoid contact with eyes and broken skin, Wash hands after using"
https://www.1mg.com/otc/p-care-a1017-pregnancy-back-support-xxl-otc658642,,PR Flexmake Private Limited,,,,
https://www.1mg.com/otc/painoleave-anti-arthritic-oil-100ml-each-otc860963,Painoleave Anti Arthritic Oil (100ml Each),Beston Herbal Products,,"Rasna, Menthol, Camphor, Sidhi, Saindhava lavana, Nisindha, Sajna, Hari mirch, It is beneficial in combating rheumatic ailments including pain and swelling, It acts as a potent analgesic that helps relieve pain in osteoarthritis, rheumatoid arthritis, strains, and sprains, It is a potent anti-inflammatory agent that helps deal with arthritis, joint stiffness, immobility, etc.","Sufficient quantity of Painoleave Oil to be massaged gently on the affected area for 5 to 10 minutes, Repeat as per requirement( to get better results give hot-dry fomentation before massage and cover with flannel cloth on affected area after massage)","Read the label carefully before use, Store in a cool, dry place away from direct sunlight, Keep out of reach of children"
https://www.1mg.com/otc/dr-med-elastic-wrist-support-with-adjustable-wrap-dr-w008-large-beige-otc377526,,A-MI Global Co Ltd,,,,
https://www.1mg.com/otc/st.-george-s-hct-18-fever-inflammation-tablet-otc388405,St. George’s HCT 18 Fever Inflammation Tablet,St. George’s Homoeopathy,,"It aids to high body temperatures, Controls the sneezing, runny, stuffy and itchy nose, Recovers the throat from sore and scratchy coughing, Takes control of frequent headaches and feelings of excessive fatigue, Reduces the inflammation",As advised by your healthcare practitioner,"Read the label carefully before use, Store in a cool and dry place, away from sunlight, Keep out of reach of children"
https://www.1mg.com/otc/amron-xamax-executive-backrest-otc337166,Amron Xamax Backrest,Xamax Ergonomics Pvt. Ltd.,It aids in treating backache by correcting the sitting posture. It helps provide lumbar support and can be used as back support for a car seat.,,Use as directed and follow proper instructions.,
https://www.1mg.com/otc/arora-clove-leaf-oil-otc529351,Arora Clove Leaf Oil,Arora Pharmaceuticals Pvt Ltd,,"Clove leaf oil, It is rich in antioxidants that helps boost immunity, It is a powerful germicidal and antiseptic, It helps to clean teeth and gums, It has a warm, uplifting, and invigorating aroma",Use as directed on the label.,"Read the label carefully before use, Store in a cool and dry place away from direct sunlight"
https://www.1mg.com/otc/mgrm-0104-soft-collar-medium-otc390530,MGRM Soft Collar 0104,MGRM Medicare Ltd.,"It is used in lateral muscle spasm (Wry Neck), mild sprain and strain and wrong neck posture.","Soft foam collar with unique contour and fine resiliency offers warm comfort and snug fit around the neck, Fine, knitted fabric cover absorbs sweat and remains skin friendly, Pediatric - 2.5 - 3.0 Inches, Small - 3.0 - 3.5 Inches, Medium - 3.5 - 4.0 Inches, Large - 4.0 - 4.5 Inches","Look for the 'Inside Up' label on the collar, By keeping center of the collar under the chin, apply velcro closure for proper fit, If you are not able to fix the velcro in this position, keep the velcro loop and hook ends in the front, close the collar, and then rotate to bring the center of the collar under the chin","Hand wash using cold water and mild soap, Air dry in shade, Do not brush hard, Do not squeeze, No machine wash"
https://www.1mg.com/otc/lifelong-llm135-foot-calf-and-leg-brown-massager-otc530450,"Lifelong LLM135 Foot, Calf and Leg Massager Brown",Lifelong Online Retail Pvt Ltd,,"Rubber knead pad provides compression action around calves, feet and leg, Improves blood circulation and reduces stiffness, It can perform 3 different massage modes, Height adjustable design to enhance massage coverage, It is durable and has high performance",Read the instruction’s manual for usage directions.,"Read the label carefully before use, Keep away from children, For external use only, Avoid contact with water, Store in a clean and dry place"
https://www.1mg.com/otc/upurfit-thermo-spray-otc966626,UpUrFit Thermo Spray,Actibound Consumer Pvt Ltd,,"Wintergreen/Gandhpira/Gaultheria fragrantis sima Lf.Oil, Menthol/Pudina/Mentha arvensis Wh.PI. Crysta, Eucalyptus/Nilgiri globulus L.F oil, Boswellia/Shallaki, Boswellia serrata exudate oil and Excipients, Relieves muscle stress and pain, Reduces muscle stiffness, Promotes healthy blood circulation, Fast-acting pain relief","Position the bottle from 5cm away from the affected area, Spray directly on sore, swollen, or painful areas for fast relief, Reapply as needed","Do not apply near eyes, face, or genitalia, Do not apply on broken skin, Keep it away from children"
https://www.1mg.com/otc/sbs-arthodhan-oil-otc526016,SBS Arthodhan Oil,SBS Herbal Pvt Ltd,,"Haldi, It is beneficial for joint health and reduces joint pain and swelling, It contains anti-inflammatory properties and alleviates joint pain and inflammation, It may help prevent cartilage loss and assist in managing rheumatoid arthritis and osteoarthritis",Use as directed on the label or as advised by your physician.,"Read the label carefully before use, Do not exceed the recommended dosage, Store in a cool and dry place away from direct sunlight, Keep out of reach of children"
https://www.1mg.com/otc/minmin-pb-tablet-otc329292,Minmin-PB Tablet,RPG Life Sciences Ltd,,,,
https://www.1mg.com/otc/prakritik-p-pain-oil-otc526399,Prakritik P-Pain Oil,Prakriti Ayurveda,,"Gandhapura Oil, Mahanarayan Oil, Nirgundi Oil, Erand Oil, Gandhapura Oil is derived from the leaves of the Gaultheria Fragrantissima plant and is known for its anti-inflammatory properties. It may help reduce muscle and joint pain, Mahanarayan Oil is a herb-infused oil that contains a blend of herbs such as Ashwagandha, Bala, and Shatavari that are traditionally used in Ayurvedic medicine to support joint health and reduce pain, Nirgundi Oil is derived from the leaves of the Vitex negundo plant and may have analgesic and anti-inflammatory properties, Erand Oil is derived from the seeds of the castor plant and may help reduce inflammation and pain",Massage onto affected areas.,"Read the label carefully before use, Store in a cool and dry place, away from sunlight, Keep out of reach of children"
https://www.1mg.com/otc/sleepsia-standard-memory-foam-infused-gel-pillow-xl-blue-star-fabric-otc504664,,Sleepsia India Pvt Ltd,,,,
https://www.1mg.com/otc/mgrm-knee-support-0701-medium-otc390613,,MGRM Medicare Ltd.,,,,
https://www.1mg.com/otc/acupressure-foot-roller-v-cut-wooden-otc518725,Acupressure Foot Roller,Kapil Plastic Mould,Use it to massage your feet at your convenience.,,Place feet with gentle pressure using to and fro action for a few minutes every day to get relief from stress and tension.,"Store in a cool and dry place away from direct sunlight, Read the product label carefully before use, Keep out of reach of children"
https://www.1mg.com/otc/akshun-pain-wash-lotion-bathing-lotion-for-pain-relief-lotion-otc624984,Akshun Pain Wash Lotion,Dr. JRK‘s Research and  Pharmaceuticals Pvt Ltd,,,,
https://www.1mg.com/otc/p-care-a1019-lumbo-sacral-support-belt-xl-otc658679,,PR Flexmake Private Limited,,,,
https://www.1mg.com/otc/ok-plus-ortho-oil-otc543159,Ok Plus Ortho Oil,Apple Biotech,,"Kapoor taila, Til taila, Pudina taila, This powerful oil helps provide relief from neck pain, It helps promote the wellness of the muscles, This oil helps reduce elbow pain, knee pain, and other sorts of joint pain, This powerful oil helps strengthen the tissues and the bones",Use as per your requirement,"Read the label carefully, For external use only, Keep out of reach of children, Store in a cool, dry place"
https://www.1mg.com/otc/witzion-small-beige-lumbo-sacral-back-support-belt-otc513843,Witzion Lumbo Sacral Back Support Belt,Witzion,It is used to provide support to the lower spine area and also helps in reducing the back pain.,,Use as directed in the manual.,"Read the label carefully before use, Keep out of reach of children, Avoid any physical damage"
https://www.1mg.com/otc/aroma-treasures-tea-tree-pure-essential-oil-otc485087,,Aroma Treasures Pvt Ltd,,,,
https://www.1mg.com/otc/dr-physio-cushion-massager-pro-brown-otc491648,Dr Physio Cushion Massager Pro,"Nureca Limited, India","It can perform kneading massage, It can give multifunctional massage based on 3D massage heads, Full body massager can be used by all ages","It features an in-built speed-controller system that allows setup the speed system, Full body massager which gives deep tissue patting massage at home, Provides magnetic therapy and skin tightening",,"Read the label and user manual carefully, Keep away from children, Don’t exceed the massage over 30 minutes"
https://www.1mg.com/otc/wellon-elastic-shoulder-immobilizer-support-ring-type-pas-04-xxl-otc387701,Wellon Elastic Shoulder Immobilizer Support-Ring Type PAS-04,Mana Medical,"It is used to provide support and prevent unwanted movement of shoulder. It helps in achieving fast recovery during shoulder injury.Product Specification and Features:, Helps to maintain the post-operative immobilization of the shoulder, , Unique waist strap prevents rotation and provides stable immobilization, Useful in stable subcapital fractures and sports injuries, To support the shoulder and arm during strain and pain, It provides compression and warmth to the injured shoulder joint, Model Name:Elastic Shoulder Immobilizer Support Ring Type, Part Number:PAS-04, Orientation:both hands, Size in Number:44 - 48 inch",,As directed on the manual.,"Read the label carefully before use, Read the manual carefully before use, For external use only, Hand wash using mild liquid detergent, Air dry away from heat and sunlight, Do not bleach, iron or dry-clean"
https://www.1mg.com/otc/dyna-3d-knitted-knee-cap-medium-black-right-otc392259,,Dynamic Techno Medicals Pvt. Ltd.,,,,
https://www.1mg.com/otc/medtrix-compression-knee-cap-small-beige-premium-otc503726,,Medtrix,,,,
https://www.1mg.com/otc/wellon-elastic-knee-support-knee-cap-ks-04-medium-otc387663,,Mana Medical,,,,
https://www.1mg.com/otc/bjain-mercurius-iodatus-flavus-dilution-30-ch-otc438167,Bjain Mercurius Iodatus Flavus Dilution,Bjain Pharmaceuticals Pvt. Ltd.,,,,
https://www.1mg.com/otc/veda5-headache-relief-therapeutic-roll-on-otc688353,,Veda5 Wellness,,,,
https://www.1mg.com/otc/samson-pa-2025-resistance-tube-universal-orange-otc487898,,Samson Scientifics & Surgicals,,,,
https://www.1mg.com/otc/lifelong-llm909-max-foot-leg-and-calf-massager-brown-otc530448,Lifelong LLM909 Max Foot Leg and Calf Massager Brown,Lifelong Online Retail Pvt Ltd,,"Designed with kneading disks which provide powerful vibrations to relieve strain and tension, Improves blood circulation and relaxes muscles, It can operate on rechargeable batteries, Has washable and removable fabric, Height is adjustable and comfortable to use, It can perform kneading, Acupoint, Shiatsu, Scraping, Roling and Vibration massage",Read the instruction’s manual for usage directions.,"Read the label carefully before use, Keep away from children, Those suffering from cancer, osteoporosis, tumours, high fever or pregnancy must consult a doctor before use, Avoid contact with water, Store in a clean and dry place"
https://www.1mg.com/otc/boiron-hypericum-perforatum-pellets-30c-otc407659,Boiron Hypericum Perforatum Multi Dose Approx 80 Pellets,Boiron Laboratories Pvt Ltd,,"Extracts of whole blooming hypericum plant., Treats hyperhydrosis, Reduces nervousness, Heals nerve Injuries and crushed injuries, Relieves headache, Eases pain in joints","Dosage should be advised by the physician. Maintain 30 minutes gap between drink, food or any other medication.Avoid strong smell in the mouth before taking a dose","Read the label carefully, Self-medication is not advised, Do not exceed the recommended dose, Keep out of the reach of children"
https://www.1mg.com/otc/rosilox-trio-capsule-otc537637,Rosilox Trio Capsule,Glaztar Lifesciences Pvt Ltd,,"Rosehip extract, Iridoforce, Boswellia serrata, Rosilox Trio Capsule is beneficial for providing support to the joints and improves mobility, It contains rosehip extract, which aids in reducing joint inflammation and prevents joint damage, It also contains boswellia serrata which helps in reducing pain and may improve knee-joint functions",Use as directed on the label or as advised by your physician.,"Read the label carefully before use, Do not exceed the recommended dosage, Store in a cool and dry place away from direct sunlight, Keep out of reach of children"
https://www.1mg.com/otc/boiron-kali-iodatum-multi-dose-approx-80-pellets-200-ch-otc407706,,Boiron Laboratories Pvt Ltd,,,,
https://www.1mg.com/otc/sirona-feminine-pain-relief-patch-otc335550,Sirona Feminine Pain Relief Patch,Sirona Hygiene Pvt Ltd,,,,"- The use of patch on eyes, face, and open wounds is not suggested., - In the case of abnormal irritation, the use of patch should be discontinued."
https://www.1mg.com/otc/wellon-elastic-knee-support-knee-cap-ks-04-large-otc387664,,Mana Medical,,,,
https://www.1mg.com/otc/nidraa-headache-relief-oil-otc651787,Nidraa Headache Relief Oil,Unico Consumers Products Pvt Ltd,,"Yashti, Nimba, Nagarvel, Sesame Oil, Veticar, All-natural and ayurvedic proven ingredients to help control migraine and headache, Proprietary Ayurvedic Medicine approved by FDA, Made with active ingredients like Yashti, Nimba, Karpoor, Nagarvel, Sesame Oil","Gently apply on your forehead and temple area on a daily basis to get relief from the harsh effects of the Migraine, It is recommended to use the combination of the Nidraa™ Migraine Relief Head massage Oil & Nidraa™ Migraine Relief Roll-On on a regular basis for the optimum result","Read the label carefully before use, Keep out of reach of the children, Store in a cool dry place, Only for external use"
https://www.1mg.com/otc/lyra-healthcare-cervical-collar-neck-band-and-shoulder-support-belt-beige-otc412775,,Lyra Healthcare,,,,
https://www.1mg.com/otc/mgrm-abdominal-bind-0601-medium-otc390470,MGRM Abdominal Bind 0601 Medium,MGRM Medicare Ltd.,Post-surgical compression support in the abdominal region.,"Dress-resistant & High-quality material:the abdominal binder is durable and top quality for long-lasting comfort, Special ergonomic design:Ergonomically streamlined to give your abdomen the perfect support, Breathable and moisture-regulating material:Breathable fabric allows the air to circulate so that no sweat or moisture remains in the area. This way you keep the abdomen cool and comfortable all day long, Flexible stays:Helps prevent edge rollover when worn, Velcro closure:For easy application so that it can be quickly positioned anywhere on the binder for holding tubing and drainage bulbs, without pins or tape, Available in the following sizes:S (28""-32""), M (32""-36""), L (36""-40""), XL (40""-44""), XXL (44""-48""), Product Care:Hand wash using cold water and mild soap. Air dry in the shade. Do not brush hard. Do not squeeze. No machine wash","Wrap the binder around the waist, ensuring that the desired abdominal region is properly enclosed, Pull both ends of the binder to the required compression and close with velcro","Read the label carefully before use, Avoid physical damage, Caution: Be careful while using this as it may cause compression over surgical incisions"
https://www.1mg.com/otc/genugrip-hb-hinged-knee-brace-medium-right-otc392404,,Dynamic Techno Medicals Pvt. Ltd.,,,,
https://www.1mg.com/otc/arthonid-capsule-10-each-otc945086,Arthonid Capsule,North India Life Sciences Pvt Ltd,,"Guggul Salai Ext. (boswellia Serrata), Sonth Ext. (zingiber Officinale), Ashwagandha Ext. (withania Somnifera), Lahsun Ext. (allium Sativum), Surjan Ext. (colchicum Luteum), Guggul Ext. (balsmodendron Mukul), Sat Puspa Ext. (anethum Sowa) Each 50mg, Haldi Ext. (curcuma Longa) 40mg, Rasna Ext. (vanda Roxburghii) 10mg, It helps relieve joint pain, This product helps to reduce pain, stiffness, and loss of movement, It may also help to reduce pain and inflammation, It can help protect the production of naturally occurring “pain killers” (endorphins and encephalin)",Three times a day.,"Store it in a cool and dry place, Keep it away from direct sunlight, Keep it away from the reach of the children"
https://www.1mg.com/otc/wellon-breathable-lumbo-sacral-belt-double-strap-mb04-xl-otc387378,Wellon Breathable Lumbo Sacral Belt- Double Strap MB-04,Mana Medical,Used for providing support to back as lumbar Support.,,Use as directed by a physician.,"Read the label carefully before use, Keep it away from children, Do not overuse it, Protect from physical damage"
https://www.1mg.com/otc/dr-med-rib-band-dr-b019-large-beige-otc377464,,A-MI Global Co Ltd,,,,
https://www.1mg.com/otc/witzion-knee-brace-xxl-beige-otc514130,,Witzion,,,,
https://www.1mg.com/otc/orwalk-diabetic-socks-otc492747,Orwalk Diabetic Socks,Dr. Sayani's Health Care Pvt. Ltd.,It helps to prevent irritation and blisters on the feet and provides extra support to the feet.,,,"Store in a cool and dry place, Keep away from the direct sunlight"
https://www.1mg.com/otc/mgrm-hard-collar-0112-medium-otc390525,,MGRM Medicare Ltd.,,,,
https://www.1mg.com/otc/healthgenie-silicone-gel-heel-pad-socks-universal-otc426802,Healthgenie Silicone Gel Heel Pad Socks,Healthgenie India Pvt Ltd,Cushions and supports heels,"Manages painful conditions:Provides compression that helps to alleviate pain due to fallen arches and it absorbs shock from heel strike which will prevent heel spurs that often follow plantar fasciitis, Offers adequate support to heels:It absorbs shock and shear forces experienced during day to day activities and it can easily be worn under shoes or slippers, Breathable and odour-free:Ultra light weight, comes with air holes for ventilation and keeps heels safe from blister, corns, cracked heel or chipping of skin. Silicone heel pads are odour free with added fragrance, washable and re-usable, Ideal for:women, men and kids, one size fits all and you will feel perfectly comfortable wearing socks, shoes, sneakers or when walking around the house or at work in the office","Keep your feet clean and dry before wearing, wearing the heel protectors start from tiptoes and adjust the position","Read the manual carefully before use, Keep out of reach of the children, Maintain hygeine"
https://www.1mg.com/otc/fullstop-arthritis-joint-pain-relief-250mg-tincture-otc547466,Fullstop Arthritis & Joint Pain Relief 250 mg Tincture,Fullstop,,"Hemp extracts, Terpenoids, It may help relieve arthritis and joint pain, Hemp has been shown to reduce inflammation, Its anti-inflammatory effects could also help to slow down or stop the progression of rheumatoid arthritis",Use as directed by your physician,"Read the product label carefully before use, Store in a cool and dry place away from direct sunlight, Keep out of reach of children, Consult a doctor before taking any supplement, Do not exceed the recommended dosage, Pregnant or nursing mothers, children, and people with medical conditions must consult a physician before taking this supplement"
https://www.1mg.com/otc/dyna-3d-knitted-knee-cap-large-maroon-right-otc392359,,Dynamic Techno Medicals Pvt. Ltd.,,,,
https://www.1mg.com/otc/mgrm-frog-splint-0902-large-otc390560,,MGRM Medicare Ltd.,,,,
https://www.1mg.com/otc/rexo-multipurpose-soft-pvc-gel-cloth-pouch-otc493548,Rexo Multipurpose Soft PVC Gel Cloth Pouch,Rexo Products,It aids in providing instant pain relief,"It has strong nylon cloth with PVC lining inside, It comes with non toxic gel, It is useful for hot fomentation cold cryotherapy, It is safe to use and long lasting",Use it as directed by the instructions manual or as advised by the healthcare professional,"Read the label carefully before use, Store in a cool and dry place, away from sunlight, Keep out of reach of children"
https://www.1mg.com/otc/wellon-cervical-collar-soft-full-foam-cc-02-xl-otc387490,,Mana Medical,,,,
https://www.1mg.com/otc/vandelay-magic-mate-body-massager-arctic-blue-otc668389,Vandelay Magic Mate Body Massager Pink,SFT Technologies Pvt Ltd,It is used to relax the body after a long and tiring day.,"28 vibration modes and 8 speeds and is easy to tailor to the body's needs, Product Dimensions : ‎ 4.5 x 4.5 x 14 cm; 0.14 g, Easy to hold with medical-grade silicon and is a skin-friendly massager, It is non-toxic, water-resistant and easy to clean, Comes with a bendable head for full body use, 360° massager head rotation, Great for back, shoulder, neck, feet making it very relaxing and comfortable, Long-life battery and quick charging, Cordless use with a rechargeable USB cable, Can be charged via laptop, power bank, adaptor and car charger, Comes with a convenient carry bag, The massager is a portable product that is quiet and lightweight with vibrant colours",Use as directed.,"Read the label carefully before use, Store in a cool and dry place away from direct sunlight, Keep out of reach of the children, Avoid exposing the charging point to water"
https://www.1mg.com/otc/wellon-pas03-universal-shoulder-immobilizer-medium-otc387688,Wellon Universal Shoulder Immobilizer PAS-03,Mana Medical,"It is used to provide support and prevent unwanted movement of shoulder, It helps in fast recovery during shoulder injury","It is made from 3 layered PUF fused fabric that offers softness and comfort, It offers immobilization during for ensuring faster recovery, It comprises of straps that cover both shoulder and back for even weight distribution and comfort, The arm restraint band is fastened with Velcro to the hand, Type of Product: Shoulder Immobilizer, Brand: Universal Shoulder Immobilizer, Model: PAS-03, Size: 32-36 inch",As directed on the manual.,"Read the manual carefully before use, For external use only, Hand wash using mild liquid detergent, Air dry away from heat and sunlight, Do not bleach, iron or dry-clean"
https://www.1mg.com/otc/shri-nath-paintouch-kit-with-aloe-vera-gel-10gm-free-otc605125,,Shri Nath Pharmacy,,,,
https://www.1mg.com/otc/wellon-anklet-binder-tubular-as-03-large-otc387617,,Mana Medical,,,,
https://www.1mg.com/otc/bbold-menstrual-pain-relief-roll-on-12ml-each-otc975116,Bbold Menstrual Pain Relief Roll On,Azista Industries Pvt. Ltd.,,"Jojoba Oil, Grape Seed Oil, Clary Sage Oil, Peppermint Oil, Evening Primrose Oil, Lavender Oil, Menthol Menthyl Lactate, Eucalyptus Oil, Geranium Oil, Relief from Menstrual Cramps:The blend of essential oils helps alleviate cramps during menstruation, providing relief and comfort, Hormonal Balance:Clary Sage Oil and other ingredients help balance overactive hormones, reducing the severity of menstrual symptoms, Portable and Lightweight:The roll-on design makes it easy to carry and apply on the go, allowing you to manage menstrual pain wherever you are, Natural Essential Oils:Formulated with natural essential oils, it offers a gentle and effective solution for menstrual pain relief without harsh chemicals, Uplifting Aroma:The fragrant aroma of the essential oils stimulates mood and energy, promoting a sense of relaxation and well-being, A blend of essential oils including eucalyptus, sunflower, olive, hemp seed, lavender, orange and peppermint",,"Read the label carefully before use, Store in a cool and dry place away from direct sunlight, Keep out of reach of children, For external use only, Do not use on open wounds, Use as directed and discontinue if any irritation or allergies occur"
https://www.1mg.com/otc/jod-plus-pain-oil-otc941243,Jod Plus Pain Oil,Narayan Healthy Herbs Pharamaceutical Pvt. Ltd.,,"Maha Naryan Tail (A.FI), Mahavishgarbha oil (A.F.I), Devdaru oil (Cedrus deodara), Cinnamon oil (Cinnamomum cassia), Nirgundi Satva (Vitex negunda), Guggul Satva, Gandopura oil (Guatheria fragrantissima), Neelgiri oil (Eucalyptus globulus), Tarpeen tail (Pinus lingifolia), Kapoor satva (Camphacia), Maha Narayan Tail:A traditional Ayurvedic formulation with potent herbs like Ashwagandha and Shatavari, known for their anti-inflammatory properties to support joint health, Mahavishgarbha Oil:An Ayurvedic oil that combines various herbs to help alleviate joint and muscle pain and promoite flexibility, Devdaru Oil:Derived from the Devdaru tree, it is renowned for its anti-arthritic and analgesic properties. It provides relief from joint discomfort, Cinnamon Oil:Known for its warming properties, cinnamon oil helps improve blood circulation and reduce inflammation, Nirgundi Satva:Extracted from the leaves of the Nirgundi plant, it is valued for its analgesic and anti-inflammatory effects. It offers relief from joint pain, Guggul Satva:A resin extract is known for its anti-inflammatory and antioxidant properties, supporting joint health, Gandopura Oil:Derived from the seeds of the Gandopura tree, it provides a cooling effect and helps alleviate pain and inflammation, Neelgiri Oil:Eucalyptus oil, with its cooling sensation, offers relief from pain and supports joint mobility, Tarpeen Tail:A natural compound with anti-inflammatory properties, it contributes to the overall soothing effect of the oil, Kapoor Satva:Camphor, known for its cooling and analgesic effects, helps relieve pain and discomfort, Quick absorption:Easily penetrates the skin, delivering relief to affected joints rapidly, Reduces inflammation:The powerful combination of herbs works synergistically to reduce inflammation and swelling, Promotes flexibility:Regular use helps improve joint mobility and flexibility, Soothing and calming:Provides a soothing effect, easing discomfort associated with knee and joint pain, Ayurvedic formulation:Based on time-tested Ayurvedic principles, offering a holistic approach to joint health",Gently massage the affected joints twice daily or as directed by an Ayurvedic practitioner.,"Read the label carefully before use, Keep out of the reach of children"
https://www.1mg.com/otc/healthgenie-knee-support-black-otc399373,Healthgenie Knee Support,Healthgenie India Pvt Ltd,"It is designed to help prevent injuries, reduce pain, and play sports. It can be used while performing leg press, while running on the treadmill, mountain climbing and hiking.","Thigh circumference - 33 to 54, Calf circumference - 35 to 46, Ensures proper ergonomic fitting, It is made of high quality laminated fabric, It has a soft, comfortable and washable fabric",Use as directed on the manual.,"Read the label carefully before use, Store in a cool dry place away from direct sunlight, Keep out of reach of the children"
https://www.1mg.com/otc/accusure-k4-elastic-knee-cap-pair-small-otc371712,AccuSure K-4 Elastic Knee Cap Pair,AccuSure Ortho Support,"It helps control swelling and pain, highly beneficial for patients suffering from arthritis.","Support for knees:Provides compression, support and warmth to your knees during sprains and injuries, Bi-layered construction:Along with dermophillic cotton ensures comfort in all weather conditions and nylon outside ensures long life, excellent aesthetics and colour fastness, Fourway Stretch Able Knit:With Spandex provides effective compression, comfort and no buckling of fabric thing knit retains body heat, provides therapeutic warmth and assuring support",Read the user manual for details on how to use.,"Read the user manual carefully before use, Use cold water and mild detergent, Thoroughly rinse and dry under air at room temperature, Do not use washing machine for washing or drying"
https://www.1mg.com/otc/amrutanjan-advanced-pain-relief-stick-on-patch-otc872822,Amrutanjan Advanced Pain Relief + Stick-On Patch,Amrutanjan Health Care Ltd,,"Menthol (Mentha arvensis-Aerial part, Satva), Easy to apply with painless patch removal, Comfortable and not visible under clothes, Faster relief from back, neck, and shoulder pains with dual cool and hot sensation, Targeted pain relief up to 8 hours, Easy to carry and ideal for longer usage (office hours or special functions)","For adults and children above 12 years, Clean and dry the affected area, Peel off the protective backing film (Top sheet) and apply the sticky side to the affected area","Read the label carefully before use, Use under medical supervision, Keep out of the reach of children"
https://www.1mg.com/otc/tynor-i-29-tubular-elastic-bandage-1-meter-68mm-otc345874,,Tynor Orthotics Pvt. Ltd.,,,,
https://www.1mg.com/otc/vissco-5602-platinum-wrist-splint-binder-with-silicone-pressure-pad-small-left-otc448709,Vissco 5602 Platinum Wrist Splint Binder with Silicone Pressure Pad,Vissco Rehabilitation Aids Pvt. Ltd.,"It helps to facilitate support and stability to the wrist and is useful for painful, swollen, or weak joints.",,Use as per requirement or as directed by the physician.,"Read the label carefully before use, Store in a cool dry place away from direct sunlight, Keep out of reach of the children, Avoid physical damage"
https://www.1mg.com/otc/omni-natural-ointment-otc377223,Omni Natural Ointment,Cipla Ltd,,"Gandhapura, Kapur, Pudinah, Lavang, This herbal formulation provides relief from pain in neck, elbow, ankle, foot, and shoulder, Helps relieve the body ache,muscular pains ,severe joint pain or swelling, Facilitates proper blood circulation in the muscles and limbs of the body",This cream should be applied 4-5 times a day on affected area,"Store in cool and dry place, Keep away from children, Replace cap properly after use(air-tight)"
https://www.1mg.com/otc/medigrip-strong-pain-balm-otc831079,Medigrip Strong Pain Balm,Precision Coatings Pvt Ltd,,"Turpentine oil, Gandhapura oil, Ajwain oil, Eucalyptus oil, Satpundha, It provides relief from joint, muscle and nerve pain, It contains anti-inflammatory properties that create a soothing effect, It also helps produce heat and block pain signals",Apply on clean and dry skin,"Read the label carefully before use, Store in a cool, dry place away from direct sunlight, Keep out of reach of children, Avoid contact with eyes, mucous membranes, rashes, wounds or damaged skin, Do not mix the balm with any other oils or sprays. It could cause a severe reaction, For external use only, Allergy-prone people to consult a physician before use, In case of excessive irritation of the skin, discontinue the use of this product & consult a physician"
https://www.1mg.com/otc/vissco-2710-pro-3d-ankle-support-with-gel-padding-xxl-otc448840,Vissco 2710 Pro 3D Ankle Support with Gel Padding,Vissco Rehabilitation Aids Pvt. Ltd.,"It is used to facilitate relief from discomfort in case of plantar fasciitis, joint pain, sprains, swelling, tendonitis, muscle weakness.",,Use as per requirement or as directed by the physician.,"Read the label carefully before use, Store in a cool dry place away from direct sunlight, Keep out of reach of the children, Avoid physical damage"
https://www.1mg.com/otc/bach-flower-mix-35-headaches-drop-otc426821,Bach Flower Mix 35 Headaches Drop,The Bach Flower Mix,,"Bach flowers, It can help maintain mental fitness, The drop is formulated to manage stress and anxiety, It can improve mood swings and stress that could trigger a headache, It can help assuage headaches and discomfort caused by emotional instability",,"Self-medication is not advisable, Do not exceed the recommended dosage, Store in a cool, dry place, away from direct sunlight, Keep out of the reach and sight of children, Discard use in case of an allergic reaction"
https://www.1mg.com/otc/umpl-tulsi-5-drop-otc385083,Umpl Tulsi 5 + Drop,Umpl India,,"Tulsi Extracts, Helps in relieving common cold, cough and flu, Aids in treating Asthma and bronchitis, Detoxifies the body and helps in preventing damage from toxic chemicals, Improves natural immunity of body, Useful in relieving ailments of Joint pain and rheumatoid arthritis",Dosage should be directed by the physician.,"Read the label carefully before use, Keep out of the reach of children, Do not exceed the recommended dosage, Store in a cool and dry place"
https://www.1mg.com/otc/raayancha-herbals-rheumansh-oil-for-pain-relief-otc656572,Raayancha Herbals Rheumansh Oil for Pain Relief,Raayancha Herbals,,"Nirgundi leaves (Vitex negundo), Kakamachi whole plant (solanum nigrum), Patala stem bark (steriospermum suaveolens), Brihati roots (Solanum Indicum), Bilva fruits (aegle marmelos), Kantakari whole plant (solanum xanthocarpum), Sariba root (Hemidesmus indicus), Rasna root (pluchea lanceolata), Chincha seed (Tamarindus indicus), Sonti rhizome (zingiber officinale), Gandapura leaves (gaultheria fragrantissima), Tila taila (Sesamum Indicum), Best formulated oil, Effective for rheumatic pains and all joint pains, Helps with muscular spasm and low back pain, Features ancient Ayurvedic formula, 100% purely herbal, Free from chemicals, No Side Effects","Apply Rheumansh oil on affected joints and massage gently, For better results, use the oil regularly","Read the label carefully before use, Store in a cool and dry place away from direct sunlight, Keep out of reach of the children, For external use only"
https://www.1mg.com/otc/meru-bio-herb-fast-relief-pain-balm-otc790471,Meru Bio Herb Fast Relief Pain Balm,Meru Bio Herb Pvt Ltd,,"Essential oil blend, The balm relieves pain in the back, legs, arms, knuckles, elbows, knees, shoulders, toes, hips, knees, and chest, It prevents morning stiffness, muscle cramps or strains, It helps to calm inflamed areas of the body",Use as directed on the label or by the physician,"Keep out of reach of children, Store in a cool and dry place, Self-medication is not advisable, Read the label before use"
https://www.1mg.com/otc/p-care-b2011-wrist-wrap-neoprene-universal-otc658947,,PR Flexmake Private Limited,,,,
https://www.1mg.com/otc/rosscare-hot-water-bottle-otc350144,Rosscare Hot Water Bottle,Emami Frank Ross Ltd,It is used to provide relief from muscular and joint pain.,"It is easy to clean and maintain, It is non-toxic and biodegradable, Its cross-hatched design provides intense heat","When filling the bottle, do not use boiling water, Fill to a maximum of two-third capacity, Check the bottle for any leakage by holding the bottle in an upside-down position, Expel air by lowering carefully onto a flat surface until water appears at the opening, Screw the stopper sufficiently tight to ensure that there is no leakage","Read the label carefully before use, Store in a cool and dry place away from direct sunlight, Keep out of reach of the children"
https://www.1mg.com/otc/sleepsia-premium-quality-thick-contour-gel-infused-pillow-medium-embossed-white-fabric-otc504643,,Sleepsia India Pvt Ltd,,,,
https://www.1mg.com/otc/healthgenie-knee-cap-xl-grey-otc399618,,Healthgenie India Pvt Ltd,,,,
https://www.1mg.com/otc/accusure-k4-elastic-knee-cap-pair-medium-otc371711,AccuSure K-4 Elastic Knee Cap Pair,AccuSure Ortho Support,"It helps control swelling and pain, highly beneficial for patients suffering from arthritis.","Support for knees:Provides compression, support and warmth to your knees during sprains and injuries, Bi-layered construction:Along with dermophillic cotton ensures comfort in all weather conditions and nylon outside ensures long life, excellent aesthetics and colour fastness, Fourway Stretch Able Knit:With Spandex provides effective compression, comfort and no buckling of fabric thing knit retains body heat, provides therapeutic warmth and assuring support",Read the user manual for details on how to use.,"Read the user manual carefully before use, Use cold water and mild detergent, Thoroughly rinse and dry under air at room temperature, Do not use washing machine for washing or drying"
https://www.1mg.com/otc/opq-silver-metal-cap-hot-water-bag-otc801599,OPQ Silver Metal Cap Hot Water Bag,Krishna Waterproof,It is a high-quality hot water bag that improves blood circulation and alleviates pains and aches in the body and is ideal for heat therapy.,"It is corrosion-resistant and not easy to deform, It has high thermostability and retains its shape and strength when using hot water, Has good sealing and is leakproof, Made with odour-free and medical-grade rubber",Use as directed on the label.,"Read the label carefully before use, Store in a cool and dry place, away from sunlight, Keep out of reach of children"
https://www.1mg.com/otc/dr-ortho-knee-support-otc558794,Dr Ortho Knee Support,Dr Ortho Ayurvedic,It is specially designed to provide support to the knee,"It made with soft cotton lycra fabric, It helps provide a warm and mild compression to the knee joint, It is skin-friendly and easy to wear, It provides flexibility and eases inflammation, It provides comfort and strength to weak knees",Use as directed on the label,"Read the label carefully before use, Store in a cool dry place, Do not use if the seal is broken or missing"
https://www.1mg.com/otc/healthgenie-wrist-brace-with-thumb-support-grey-otc399634,,Healthgenie India Pvt Ltd,,,,
https://www.1mg.com/otc/sunova-joint-care-oil-otc660785,Sunova Joint Care Oil,Sanat Products Ltd,,"Gandhapura tail (Gaultheria fragrantissama, Sd)15.0% v/v,, Salai Guggal tail (Boswellia serrata, Resin) 10.0% v/v, Haridra tail (Curcuma longa, Rz) 7.5% v/v, Clove tail (Caryophyllus aromaticus, Bd) 3.0% w/v, Menthol (Mentha piperatta, Lf) 2.5% w/v, Til tail (Sesanum indicum, Sd), Helps reduce inflammation, Relieves joint pain, low back pain and muscle disorder, Gives you quick pain relief with powerful muscle relaxation",Apply sufficient quantity at inflamed/affected area with gentle massage 3-4 times a day or as directed by the physician.,"Read the label carefully before use, Store in a cool and dry place away from direct sunlight, Keep out of reach of the children"
https://www.1mg.com/otc/medtrix-hinged-knee-cap-medium-beige-premium-otc503705,,Medtrix,,,,
https://www.1mg.com/otc/agarwals-pain-relief-lumbar-vertebrace-herbal-patch-10-each-otc865054,Agarwals Pain Relief Vertebrace Patches,Agarwal Surgicals,It is used to relieve pain and lumbar discomfort,"The patches help to relieve pain and soothe inflammation, It helps relieve lumbar discomfort, They fit into the vertebra and have multiple areas of use, The material is breathable, and the patch helps to improve blood circulation","Can be applied to the ankle, back, chest, elbow, fore arm, forehead, joints, knee, leg, muscles, neck and shoulder","Store in a dry and hygienic place, Read the label before use, Keep out of reach of small children"
https://www.1mg.com/otc/hoop-mess-less-pain-roll-on-50ml-each-bottle-otc959864,Hoop Pain Relief Roll On - Cryotherapy (50ml Each) Bottle,Hedso Health & Wellness Pvt. Ltd.,,,,
https://www.1mg.com/otc/dr.-reckeweg-valeriana-officinalis-dilution-3x-otc375511,Dr Reckeweg Valeriana Officinalis Dilution,Dr Reckeweg & Co,,"Helpful in treating the irregularity in the menstrual cycle, Relieves back pain as well as abdominal side pain that presents itself at the time of menstruation, Useful in the treatment of late and scanty menses",,"Read the label carefully before use, Store in a cool and dry place, away from sunlight, Avoid eating tobacco or drinking alcohol during the course, Keep out of the reach of children, Use under medical supervision, Avoid any strong smell in the mouth such as coffee, onion, hing, mint, camphor, garlic, etc while taking the medicine, Keep at least half an hour gap between food/drink/ any other medicines and allopathic medicine"
https://www.1mg.com/otc/hamdard-supari-pak-otc499184,Hamdard Supari Pak,Hamdard Laboratories India,,,Take Hamdard Supari Pak 10-20 gram in the morning and evening with milk or as directed by physician.,
https://www.1mg.com/otc/fastflam-gel-otc323510,,Axis Labs Pvt Ltd,,,,
https://www.1mg.com/otc/wellon-compression-stockings-under-knee-stk01-medium-otc387714,Wellon Compression Stockings (Under Knee) STK-01,Mana Medical,"Specially designed to apply pressure on the lower legs, it helps maintain blood flow and helps reduce discomfort and swelling. Mainly indicated in varicose veins.","Four way stretchable fabric which makes it easy to put on and off, Anatomic Shape making it easy to wear and is highly comfortable, It is made of dermophillic soft nylon yarn and spandex for higher compression and longer life, Light weight breathing material which prevents any discomfort","It can be worn over socks, shoes and slippers.","Read the label carefully before use, Do not exceed the recommended dose, Keep out of the reach of children, Store in a cool dry place away from direct sunlight and heat"
https://www.1mg.com/otc/dominion-care-acupressure-717-thrive-massager-beige-otc495810,,Kapil Plastic Mould,,,,
https://www.1mg.com/otc/dyna-3d-knitted-knee-cap-xl-maroon-left-otc392367,,Dynamic Techno Medicals Pvt. Ltd.,,,,
https://www.1mg.com/otc/trexgen-flex-180-forte-type-ii-collagen-joint-care-tablet-otc707016,,Trexgen Pharmaceuticals Pvt Ltd,,,,
https://www.1mg.com/otc/dr.-reckeweg-ferrum-phosph-dilution-3x-otc373770,Dr. Reckeweg Ferrum Phosph Dilution,Dr Reckeweg & Co,,"Ferrum Phosphoricum, Alcohol, Liquid, Helps support heart health and helps strengthen the walls of blood vessels and arteries, Supports female health and helps regulate menstrual health, Assists in promoting bone, joint and muscle health",,"Read the label carefully before use, Store in a cool, dry place, away from direct sunlight, Keep out of the reach of children, Do not exceed the recommended dose"
https://www.1mg.com/otc/aquagel-innovations-sona-belt-red-otc514154,Aquagel Innovations Sona Belt Red,Balaji Innovations,It is used to shed excess belly fat along with exercise.,,Use as directed in the user manual.,"Read the label carefully before use, Keep out of reach of the children"
https://www.1mg.com/otc/vissco-lumboset-advance-belt-back-support-for-back-pain-relief-posture-correction-xxl-black-otc344518,Vissco Contoured Sacro Lumbar Belt with Straps 2103,Vissco Rehabilitation Aids Pvt. Ltd.,It is useful to help support and provide relief to the lumbar region.,,Use as directed by the physician.,
https://www.1mg.com/otc/greenkure-pain-relief-oil-50-ml-each-otc893575,Greenkure Pain Relief Oil,Paras Products,,"Oil base, Pudina, Kapur, Nilgiri, Laung oil, Sugandhi, It is a vegan-friendly non-sticky oil, It has a refreshing aroma and has no toxic elements, It is beneficial for joint pain, muscular pain, body stiffness and headache, It is also useful for gym workouts and cold",As directed on the label,"Read the label carefully before use, Store in a cool and dry place away from direct sunlight, Keep out of reach of children"
https://www.1mg.com/otc/dr.-johns-j-9-sciatica-drop-otc387536,Dr. Johns J-9 Sciatica Drop,Nanak Laboratories Pvt Ltd,,"Mixed of homoeopathy, It is beneficial in the management of degenerative disc issues such as sciatica and pain related to it, It contains colocynthis, which relieves pain caused by muscle contraction and relieves neuralgic pains and cramps, It is also helpful for muscle twitching, shortening and contractions and may also help with menstrual and digestive issues",Use as directed on the label or as advised by your healthcare provider.,"Read the label carefully before use, Store in a cool and dry place away from direct sunlight, Keep out of reach of children"
https://www.1mg.com/otc/naturoman-nutmeg-pure-and-natural-essential-oil-otc486917,Naturoman Nutmeg Pure and Natural Essential Oil,Naturoman,,"Nutmeg, It removes toxins from the liver and kidney, It helps in the treatment of muscle and joint pain, It helps in treating rheumatic pains. toothaches, and body aches, It treats mental conditions like anxiety, restlessness, mood swings and tensions, It helps in providing relief for gastrointestinal disorders and kidney problems","Dilute the oil either with water or any other oil, Can be used in diffusers","Should be used after the guidance of a trained herbalist, Should not be used by pregnant women, and on babies., Do not take internally or apply undiluted from directly on the skin., Do not inhale the oil"
https://www.1mg.com/otc/aruba-essentials-combo-pack-of-basil-oil-rose-oil-15ml-each-otc488092,Aruba Essentials Combo Pack of Basil Oil and Rose Oil (15ml Each),Kamatri Corporation Pvt Ltd,,"Rosa Centifolia, Ocimum Basilicum, Gives luster to dull-looking skin and hair, Used for treating nervous tension, mental fatigue and depression, It is also used for aromatheraphy, It boosts energy and vitality in the body",Apply oil on skin or hair for better looking skin.,"Store at room temperature, Store away from children"
https://www.1mg.com/otc/medtrix-functional-open-patella-hinge-knee-support-medium-beige-otc503661,,Medtrix,,,,
https://www.1mg.com/otc/genugrip-knee-brace-medium-right-otc392371,,Dynamic Techno Medicals Pvt. Ltd.,,,,
https://www.1mg.com/otc/aruba-essentials-combo-pack-of-basil-oil-ylang-ylang-oil-15ml-each-otc488089,,Kamatri Corporation Pvt Ltd,,,,
https://www.1mg.com/otc/tci-star-health-hot-water-bag-green-otc544034,TCI Star Health Hot Water Bag,TCI Star Health Products,"It is used to give relief from arthritic pain, rheumatic and back pain.",,"When filling the bottle, do not use boiling water, Fill to a maximum of two-third capacity, Check the bottle for any leakage by holding the bottle in an upside-down position, Expel air by lowering carefully onto a flat surface until water appears at the opening, Screw the stopper sufficiently tight to ensure that there is no leakage","Store in a cool and dry place, Read the manual carefully, Keep out of the reach of children"
https://www.1mg.com/otc/acupressure-foot-roller-plain-wooden-otc518724,Acupressure Foot Roller,Kapil Plastic Mould,Use it to massage your feet at your convenience.,,Place feet with gentle pressure using to and fro action for a few minutes every day to get relief from stress and tension.,"Store in a cool and dry place away from direct sunlight, Read the product label carefully before use, Keep out of reach of children"
https://www.1mg.com/otc/acupressure-baby-roller-plastic-otc518734,Acupressure Baby Roller,Kapil Plastic Mould,It is used to relieve pain and prevents cramps,"The roller helps to improve blood circulation and keeps the nerves healthy, It aids in applying force to the pressure points without hurting the skin and muscles, The product provides relief from pain, stress and tiredness",Use as directed on the label,"Store in a dry and hygienic place, Read the label before use, Keep out of reach of small children"
https://www.1mg.com/otc/genugrip-hb-hinged-knee-brace-xl-left-otc392413,,Dynamic Techno Medicals Pvt. Ltd.,,,,
https://www.1mg.com/otc/lp-945-shin-sleeve-large-otc331378,LP #945 Shin Sleeve,LP Support,It is used to boost your circulation and created to use during the workout when the muscles are tired and painful.,,"Measure around mid-section of the shin, while in a standing position and wear accordingly.","Read the label carefully before use, Keep out of reach of the children, Store in a cool dry place"
https://www.1mg.com/otc/p-care-c3023-designer-knee-sleeve-xl-otc659215,P+caRe C3023 Designer Knee Sleeve,PR Flexmake Private Limited,"It is used to provide warmth, support and compression to the knee.","Features a scientific (3D) design that ensures warmth, support and compression for the knee, It is indicated for moderate knee strains, sprains, injuries and arthritis","Insert foot into the largest end of support and slide over the knee, Adjust placement as required","Read the label carefully before use, Store in a cool and dry place away from direct sunlight, Keep out of reach of the children, Please seek the advice of a physician or qualified health professional on the medical condition and its usage"
https://www.1mg.com/otc/axe-brand-universal-oil-otc941902,Axe Brand Universal Oil,LKF Medical,,"Nilgiri ka tel, Pudhina ka phool, Karpoor tel, Gandhapura tel, The oil can help provide relief from a blocked nose, It may soothe insect bites, It might alleviate muscular pain and stomach pain, It can be useful for soothing cold and giddiness","Apply a few drops to the affected area and massage gently, For stuffy nose: Apply 2-3 drops to a handkerchief or tissue paper and inhale deeply, For relief of flatulence and stomach discomfort: Apply the oil to the navel region and cover with a hot towel. Repeat the hot towel application whenever necessary","Read the label carefully before use, Store in a cool and dry place, Keep out of reach of children, This product is not to be used in infants under 2 years old"
https://www.1mg.com/otc/lifelong-llm198-rechargeable-wrist-massager-brown-otc530454,Lifelong LLM198 Rechargeable Wrist Massager Brown,Lifelong Online Retail Pvt Ltd,,"Helps in relieving swelling, fatigue and pain in wrists, Useful in improving strength, grip and flexibility of hand, Improves blood circulation and relieves tension, Has 5 different frequency levels to operate, Designed to fit wrists of all sizes, Useful for sports injuries and fatigue due to prolonged usage of mouse/laptop",Read the instruction’s manual for usage directions.,"Read the label carefully before use, Keep away from children, For external use only, Use under medical supervision, Protect from physical damage, Store in a clean and dry place"
https://www.1mg.com/otc/jsb-hf04-foot-calf-and-leg-massager-machine-white-otc835761,JSB HF04 Foot Calf and Leg Massager Machine,JSB Healthcare,"Massages leg and helps in relieving pain and muscle soreness, reducing stiffness, and improving blood circulation.","Multiple massaging features:It comes with combinations of kneading, vibrating, rolling massage, relaxing-reflexology massage, and scraping massage features that cater to all your massaging needs, Infrared warming function:It has infrared bulbs which can soothe muscle soreness and makes you feel lighter, 45-degree reclination:This massager reclines up to 45 degrees, making it easy to use and comfortable since you can adjust it according to your need, It is effective at relieving pain and muscle soreness, reducing stiffness, and improving blood circulation, It can also be used in winter to keep your feet warm, 1-year brand warranty provided by JSB",Use as directed in the user manual.,Read the instructions carefully before use
https://www.1mg.com/otc/viopatch-knee-pain-relief-patch-otc794404,Viopatch Knee Pain Relief Patch,Unexo Life Sciences Pvt. Ltd.,,"Gandhpura oil, Menthol, Camphor, Eucalyptus oil, Clove oil, It is ideally suited for patients undergoing musculoskeletal pain and similar conditions, It is a 100% herbal and waterproof supplement with zero use of chemicals, The patch is applied externally and therefore does not cause any digestive issues, This patch requires no reapplication after every few hours and infuses the medicine at a controlled rate for 12 hours, It is non-messy and non-greasy, making it easy to apply under clothing, It can aid in managing swelling and pain after physical trauma like bruises, sprains and strain",,"Read the user manual carefully before use, Keep out of the reach of children, Store in a cool, dry place away from direct sunlight"
https://www.1mg.com/otc/vendol-gel-otc399484,Vendol Gel,Vencura Biotech Pvt Ltd,,,,
https://www.1mg.com/otc/lp-708-standard-knee-support-open-patella-single-xl-blue-otc331393,LP #708 Standard Knee Support Open Patella,LP Support,The LP Open Patella Knee Support helps to protect against further injury and it is also helpful for post-operative knee problems.,,Hand wash with mild soap in cold water. Rinse thoroughly.,"Read the label carefully before use, Keep out of reach of the children, Air dry at room temperature, Do not machine wash or dry., EndFragment"
https://www.1mg.com/otc/wellon-dynamic-cock-up-splint-wb-06-medium-left-otc387551,Wellon Dynamic Cock-Up Splint WB-06,Mana Medical,It helps hold the wrists and hand cocked up in a single position and immobilize the wrist during healing of wrist injuries.,,"Place the loop over your thumb, Take the long section of the support around the back of your wrist and wrap around pulling slightly, Do up the strap",Read the user manual carefully before use
https://www.1mg.com/otc/sinew-nutrition-organic-turmeric-curcumin-extract-capsule-otc344673,,Healthgenie India Pvt Ltd,,,,
https://www.1mg.com/otc/genugrip-knee-brace-xxl-left-otc392380,,Dynamic Techno Medicals Pvt. Ltd.,,,,
https://www.1mg.com/otc/balu-herbals-maha-rasnadi-kwatha-otc490688,Balu Herbals Maha Rasnadi Kwatha,Balu Herbals,,"Rasna, Bala, Dhanvayasa, Erandamoola, Devdaru, Shati, Vasa, Vacha, Nagara, Chavya, Musta and Punarnava, Helps in hemiplegia and paraplegia, Effective in reducing neck pain, back pain, hip pain, knee pain, joint pain and muscle pain, Helps to check the debilitating effects of arthritis(rheumatoid arthritis and osteoarthritis), rheumatism and gout, Helps to reduce inflammation and stiffness and also aids in bloating problems",Use as directed by the healthcare professional.,"Store in a cool and dry place away from direct sunlight, Read the product label carefully before use, Keep out of reach of children, Do not exceed the recommended dosage"
https://www.1mg.com/otc/fullstop-workout-recovery-500mg-tincture-otc547486,,Fullstop,,,,
https://www.1mg.com/otc/mgrm-1203-weight-cuff-wrist-support-universal-otc390708,,MGRM Medicare Ltd.,,,,
https://www.1mg.com/otc/aroma-treasures-vertivert-essential-oil-otc485091,Aroma Treasures Vertivert Essential Oil,Aroma Treasures Pvt Ltd,,"Vetivera zizanoids, The oil helps to rejuvenate the body, nervous system and skin, It helps to reduce the formation of acne and pimples and keeps the skin clear, It has intense moisturising and anti-ageing properties and promotes the growth of new tissues, It helps to relax the mind, acts as a sedative and may relieve stress","For Wellness: Add water in a diffuser and 4 to 8 drops of essential oil or as per your room size, For skin: Add essential oil to a carrier oil before applying on the skin","Keep out of reach of children, Store in a cool and dry place, For external usage only, Read the label before use"
https://www.1mg.com/otc/lp-952-thigh-support-large-otc331455,LP #952 Thigh Support,LP Support,It is primarily used to alleviate pain and discomfort in thigh by providing compression.,"Facilitates compression and support, Provides relief in thigh pain and discomfort, It is Bi-knitted and bi-layered with cotton lining, Comes with heat retention properties",Use as per requirement or as directed by the physician.,"Read the label carefully before use, Store in a cool dry place away from direct sunlight, Keep out of reach of the children, Avoid physical damage"
https://www.1mg.com/otc/framps-gel-otc377732,Framps Gel,Dalmia Healthcare,,"Ashwagandha, Erand, Dhatura, Akada, Tedhara, Mungna, Nirgundi, Til oil, Gandhapura oil, The unique ayurvedic formulation can provide joint support, It has anti-inflammatory and pain-relieving properties that help in joint inflammation, swelling, and pain, It has antioxidant properties that help protect joints from free radicals, It can help relieve chronic joint pain and muscle soreness, It may help strengthen muscles and bones and improves the flexibility of joints by reducing stiffness, Nirgundi can help provide relief from pain quickly and increase blood circulation, Sesame oil is a natural anti-inflammatory agent that helps in relieving chronic joint pain and muscle spasms",Gently rub and massage it to your affected areas 3-4 times a day or as directed by your physician,"Read the product label carefully before use, Store in a cool and dry place away from direct sunlight, Keep out of reach of children, Consult a doctor before taking any supplement, For external use only, Do not apply on cuts, wounds, broken skin or sensitive areas, Do not use if the product appears to be tampered with or the seal is broken"
https://www.1mg.com/otc/tynor-j-01-neoprene-hinged-knee-support-xxxl-otc655835,Tynor J01 Knee Support Hinged (Neoprene),Tynor Orthotics Pvt. Ltd.,It is used to provide support to knee joint and ligaments.,,Use as per requirement or as directed by the physician.,
https://www.1mg.com/otc/acupressure-spine-roller-delux-soft-otc518628,,Kapil Plastic Mould,,,,
https://www.1mg.com/otc/vissco-h1028-activeair-round-ring-pillow-universal-otc393925,Vissco Activeair Round Ring Pillow H1028,Vissco Rehabilitation Aids Pvt. Ltd.,It is used for providing orthopedic cushioned seating and pain relief.,"Encourages healing of sores, Promotes even weight-bearing and stability while seating, Product Dimensions:7.9 x 4.3 x 2.8 inches (20 x 11 x 7 cm), Weight (approximate):0.4 pounds (0.19 kg), Sizes available:Small(37cm), Medium(42cm) and Large(47cm)","Inflate by mouth, blow air into the valve provided, The pillow inflates automatically, The air pressure could be adjusted as required. For firm seating, blow air fully. For soft seating, reduce the air pressure accordingly, Press the cap on the valve after inflating to lock any leakage of air, Insert into padded cover and zip lock","Do not inflate fully; inflate air upto 50 per cent capacity, Do not use it continuously for a long duration, Read the manual carefully before use, Keep out of the reach of children"
https://www.1mg.com/otc/dr.-relief-smart-height-increaser-otc506400,,Dr Relief and Traders,,,,
https://www.1mg.com/otc/oriental-botanics-body-massage-oil-with-sandalwood-neroli-otc373925,Oriental Botanics Body Massage Oil with Sandalwood & Neroli,Emmbros Overseas,,"Bran Oil, Sweet Almond Oil, Virgin Jojoba Oil, Grapeseed Oil, Virgin Coconut Oil, Avocado Oil, Safflower Oil, Sandalwood Oil, Neroli, It is a blend of various organic cold-pressed natural oils that are rich in vital skin-friendly nutrients, This oil easily penetrates the skin and nourishes the deeper layers of the skin, It is suitable for different types of body massages such as deep tissue, Swedish, Shiatsu and Thai, The fragrance of the essential oil blend soothes the tired mind and the exhausted body at the end of a long stressful day, It softens the dry and rough areas of your body and improves the texture of your skin, A deeply moisturized skin can easily retain its youthful elasticity for a longer time, The highest quality oils are combined in the right proportions for maximum benefits, It is free from mineral oil, paraben, phthalate, and sulfate, this is a natural product, It is a vegan product and has not been tested on animals","You can either take this massage oil into palm or pour on the body part you want to massage, Massage gently using techniques like giving gentle strokes with fingers, tapping, kneading, rubbing, etc., If done by an expert, a massage can really soothe the body and give you a better sensual experience","Read the product label carefully before use, Keep out of reach of children"
https://www.1mg.com/otc/dr.-reckeweg-tabacum-dilution-3x-otc375354,,Dr Reckeweg & Co,,,,
https://www.1mg.com/otc/mgrm-tennis-elbow-support-0306-small-otc390687,,MGRM Medicare Ltd.,,,,
https://www.1mg.com/otc/ultrakick-pain-relief-spray-otc713331,UltraKick Spray,Sunrise Pharamceuticals,"This pain relief spray soothes muscular aches, strains, and stiffness and reduces inflammation and swelling.","Provides long-lasting and quick pain relief from muscle pain, stiffness, and other kinds of physical aches and discomforts, Can be effective in alleviating back pain, neck pain, shoulder pain, hip pain, knee pain, elbow and wrist sprains, and injuries sustained during other physical activities like sports, May also relieve muscular stiffness and allow for better flexibility and painless movement of joints, Contains anti-inflammatory properties that can help reduce swelling and irritation around the affected area","Shake well before each use, Spray the contents from a 5 cm distance on the affected areas 3 to 4 times a day","Read the label carefully before use, Do not spray on open wounds, It is a flammable and pressurised container and should be kept away from heat and sunlight, Do not expose to temperature exceeding 50 degrees Celsius, Do not pierce or burn even when apparently empty, Do not spray on a naked flame or incandescent material, Do not spray near eyes or mouth, and avoid direct inhalation, Keep out of reach of children"
https://www.1mg.com/otc/sheopal-s-pain-relief-extract-capsule-for-joints-body-muscular-pain-otc901856,Sheopal's Pain Relief Extract Capsule,Sheopals Pvt Ltd.,,"Colchicum luteum corm, boswellia serrata, withania somnifera, vitex negundo, strychnos nux vomica, pluchea lanceolata",,
https://www.1mg.com/otc/acupressure-body-care-massager-pyramidal-pointed-otc518645,,Kapil Plastic Mould,,,,
https://www.1mg.com/otc/hakim-suleman-s-r.-care-capsule-otc541963,Hakim Suleman's R. Care Capsule,Atiya Herbs,,,1 capsule twice a day to be swallowed with lukewarm water,
https://www.1mg.com/otc/dr-ortho-combo-of-pain-relief-oil-60ml-pain-relief-crepe-bandage-8x4-otc472701,Dr Ortho Combo of Pain Relief Oil 60ml & Pain Relief Crepe Bandage (8X4),Dr Ortho Ayurvedic,The crepe bandage provides optimum support to the user and holds the wrapped area well. It provides slight compression to the injured or affected area.,"Linum usitatissimum, Cinnamomum camphora, Mentha piperita, Pinus roxburghii, Gaultheria fragrantissima, Vitex negundo, Celastrus paniculatus, Sesamum indicum, Dr ortho pain relief oil treats joint pain, relieves low back pain, swollen joint, inflamed joints, relieves sprain, strain (over stretched muscles), It also relieves painful muscles, neck strain, old age arthritis and rheumatoid arthritis, Bandage is wrapped easily at any body part like knee, elbow, wrist, ankle, etc. which allows free muscle and joints movement, It comes in different sizes, It has pure cotton base, It has no fraying edges, Useful for wrist, arm, shoulder, thigh, ankle, calf pain, It has 2 clips to keep the bandage secure","Oil-5ml-10 ml or more depending upon the part effected, to be gently massaged twice a day or as directed by the physician, Crepe bandage-wrap bandage around the affected area after applying the pain relief oil. When the bandage is wrapped around completely, use pin at the end to hold it in position. Take caution while wrapping, if fasten tightly then it may obstruct blood circulation","Store in a dry, dark and cool place, Not to be used on open wounds or burns, For external use only, Wash hands before and after use, Read the label carefully before use, Keep out of the reach of children, Should be protected from direct light, Avoid the contact with eyes, In case of contact with eyes, remove with water immediately"
https://www.1mg.com/otc/lp-706-knee-support-closed-patella-single-medium-black-otc331387,LP #706 Knee Support Closed Patella,LP Support,These supports are used to prevent knee ache and it helps to treat knee injuries.,,Use as directed by the health-care professional.,"Read the label carefully before use, Keep out of reach of the children, Store in a cool dry place"
https://www.1mg.com/otc/lp-906-cervical-collar-support-small-otc331412,LP #906 Cervical Collar Support,LP Support,Cervical strains and sprains,,"Read the user manual carefully, Hand wash with mild soap in cold water, Rinse thoroughly, Air dry at room temperature, Do not machine wash or dry",
https://www.1mg.com/otc/dr-med-tennis-elbow-support-with-pad-dr-e012-universal-white-otc377590,,A-MI Global Co Ltd,,,,
https://www.1mg.com/otc/mgrm-spondylosis-collar-0101-medium-otc390668,,MGRM Medicare Ltd.,,,,
https://www.1mg.com/otc/amron-xamax-ls-belt-contour-large-otc421526,,Xamax Ergonomics Pvt. Ltd.,,,,
https://www.1mg.com/otc/lp-170xt-x-tremus-knee-brace-single-medium-otc331283,LP #170XT X-Tremus Knee Brace,LP Support,"It is used to relieve sprain, strain, patellar dislocation, arthritis and post-surgery support.",,Measure the circumference of the knee at the patella with the knee fully extended and wear accordingly.,"Read the label carefully before use, Keep out of reach of the children, Store in a cool dry place"
https://www.1mg.com/otc/tynor-i09-ortho-stockinette-10-meter-50mm-otc345869,Tynor I-09 Ortho Stockinette 10 Meter (50MM),Tynor Orthotics Pvt. Ltd.,It is used to provide relief in orthopedic injuries or diseases.,"Offers quick healing, Comfortable and reduces pain, Designed from stretchable and breathable fabric, It provides ease to the patients of orthopedic injuries or diseases, It is hypoallergenic, The cotton fabric is easy to wash and can be conveniently reused for as long as required, It is knit and woven such that the fabric is four way stretchable",Use as per requirement or as directed by the physician.,"Read the label carefully before use, Store in a cool dry place away from direct sunlight, Keep out of reach of the children, Avoid physical damage"
https://www.1mg.com/otc/jointflex-pain-relief-massage-oil-120ml-each-otc625823,Joint Flex Pain Relief Massage Oil,Strides Consumer Pvt Ltd,,"Camphor, Acetylated Lanolin, Alkyl Acrylate Crosspolymer, Aloe Vera, Alkyl Benzoate, Chondroitin Sulfate, Diazolidinyl Urea, Panthenol, Provides relief from the pain associated with arthritis and joint degeneration, It quickly penetrates the top 2 skin layers and delivers pain-relievers right to the pain sources, Useful in relieving muscle sprains and strains, Provides alleviation from all major joint pain and stiffness, Fortified with glucosamine, it repairs and regenerates joint cartilage to give long-lasting relief from joint pain",Apply 5-10 ml or more depending on the affected area and massage till absorbed. Use twice a day.,"Read the label carefully before use, Use under medical supervision, Store in a cool and dry place away from direct sunlight, Keep away from children, For external use only"
https://www.1mg.com/otc/dyna-3d-knitted-knee-cap-small-maroon-left-otc392363,,Dynamic Techno Medicals Pvt. Ltd.,,,,
https://www.1mg.com/otc/lp-251z-arm-compression-sleeve-single-medium-otc331165,LP #251Z Arm Compression Sleeve,LP Support,Provides quality containment to prevent swelling and treat inflammation around the arms and elbow area.,,Measure around centre of the forearm and wear accordingly.,"Read the label carefully before use, Keep out of reach of the children, Store in a cool dry place"
https://www.1mg.com/otc/wellon-compression-stockings-mid-thigh-stk02-small-otc387721,Wellon Compression Stockings (Mid Thigh) STK-02,Mana Medical,It helps to support and reduce the pain in ankles and reduces the varicose pain and also improves the comfort and stability.,,,"Read the manual carefully before use, Keep out of reach of the children"
https://www.1mg.com/otc/mgrm-abdominal-bind-0601-xxxl-otc390476,MGRM Abdominal Bind 0601 Medium,MGRM Medicare Ltd.,Post-surgical compression support in the abdominal region.,"Dress-resistant & High-quality material:the abdominal binder is durable and top quality for long-lasting comfort, Special ergonomic design:Ergonomically streamlined to give your abdomen the perfect support, Breathable and moisture-regulating material:Breathable fabric allows the air to circulate so that no sweat or moisture remains in the area. This way you keep the abdomen cool and comfortable all day long, Flexible stays:Helps prevent edge rollover when worn, Velcro closure:For easy application so that it can be quickly positioned anywhere on the binder for holding tubing and drainage bulbs, without pins or tape, Available in the following sizes:S (28""-32""), M (32""-36""), L (36""-40""), XL (40""-44""), XXL (44""-48""), Product Care:Hand wash using cold water and mild soap. Air dry in the shade. Do not brush hard. Do not squeeze. No machine wash","Wrap the binder around the waist, ensuring that the desired abdominal region is properly enclosed, Pull both ends of the binder to the required compression and close with velcro","Read the label carefully before use, Avoid physical damage, Caution: Be careful while using this as it may cause compression over surgical incisions"
https://www.1mg.com/otc/dife-gel-otc467350,,Injecto Capta Pvt Ltd,,,,
https://www.1mg.com/otc/dr-ortho-pain-relief-patch-otc451707,Dr Ortho Pain Relief Patch,Dr Ortho Ayurvedic,"It is used to provide relief in the case of back pain, stiff neck, wrist pain, and other joint pain.","It is easy to use anywhere and anytime as it is an instant pain relief patch, The product is enriched with Ayurvedic herbs such as Peppermint Oil, Camphor Oil, Clove Oil, Capsicum Oil, Eucalyptus Oil, Gandhpura Oil, Comes with 10 large patches, It gives comfort in the condition of inflammation","Completely dry the area of use. Peel off the film on the patch slightly, Hold the patch from both sides carefully so that it could not stick to your finger, Apply this patch on your painful area and put it in such way so that it get fixed on the particular area","Read the label carefully before use, Store in a cool dry place away from direct sunlight, Keep out of reach of the children, Avoid physical damage"
https://www.1mg.com/otc/samson-ab-0201-abdominal-belt-gold-small-grey-otc487982,Samson AB-0201 Abdominal Belt (Gold),Samson Scientifics & Surgicals,It is used to provide support to the abdominal area and also helps in dealing with back pain.,,Use as directed in the manual or as advised by the healthcare professional,"Read the label carefully before use, Keep out of reach of children, Keep away from physical damage"
https://www.1mg.com/otc/witzion-ankle-support-xl-beige-otc513739,,Witzion,,,,
https://www.1mg.com/otc/aquagel-innovations-velvet-pouch-big-red-otc514160,,Balaji Innovations,,,,
https://www.1mg.com/otc/expressions-orthopaedic-joint-heat-pad-46cms-x-38cms-red-otc385871,,Expressions Arts & Crafts Pvt Ltd,,,,
https://www.1mg.com/otc/dyna-3d-knitted-knee-cap-xxl-orange-left-otc392355,,Dynamic Techno Medicals Pvt. Ltd.,,,,
https://www.1mg.com/otc/accusure-e-8-elastic-elbow-support-pair-large-otc371686,,AccuSure Ortho Support,,,,
https://www.1mg.com/otc/zenocumin-p-tablet-otc553009,,Zenvita Healthcare Pvt Ltd,,,,
https://www.1mg.com/otc/bestogesic-1.16-gel-otc231677,,BestoChem Formulations  India  Ltd,,,,
https://www.1mg.com/otc/orthocure-liniment-otc407969,,Avis Healthcare,,,,
https://www.1mg.com/otc/vissco-5602-platinum-wrist-splint-binder-with-silicone-pressure-pad-xxl-left-otc448718,Vissco 5602 Platinum Wrist Splint Binder with Silicone Pressure Pad,Vissco Rehabilitation Aids Pvt. Ltd.,"It helps to facilitate support and stability to the wrist and is useful for painful, swollen, or weak joints.",,Use as per requirement or as directed by the physician.,"Read the label carefully before use, Store in a cool dry place away from direct sunlight, Keep out of reach of the children, Avoid physical damage"
https://www.1mg.com/otc/newmom-silicone-heel-cushion-large-otc397569,,Dynamic Techno Medicals Pvt. Ltd.,,,,
https://www.1mg.com/otc/avis-joint-mukthi-pain-relief-oil-otc407910,Avis Joint Mukthi Pain Relief Oil,Avis Healthcare,,"Refer to the label, It is beneficial in combating rheumatic ailments including pain and swelling, It acts as a potent analgesic that helps relieve pain in osteoarthritis, rheumatoid arthritis, strains, and sprains, It is a potent anti-inflammatory agent that helps deal with arthritis, joint stiffness, immobility, etc.","Apply and massage on the affected area, Repeat if necessary","Read the label carefully before use, Do not exceed the recommended dose, Store in a cool, dry place away from direct sunlight, """
https://www.1mg.com/otc/naturoman-cajeput-pure-natural-essential-oil-otc486761,Naturoman Cajeput Pure and Natural Essential Oil,Naturoman,,"Cajeput, Treatment of coughs, colds, sore throat, sinusitis, and asthma, Remedy for problems like muscle aches, rheumatism, toothaches, It is also known to reduce the pain associated with headaches","Dilute oil with water or any other oil, Consume as a tonic or inhale as an expectorant, It can also be used in diffusers","Should be used under the guidance of a trained herbalist, It is not recommended to be used by pregnant women or on babies, Do not take internally or apply undiluted directly on the skin, Keep out of the reach of children"
https://www.1mg.com/otc/dr.-reckeweg-onosmodium-virginianum-dilution-6-ch-otc374776,Dr. Reckeweg Onosmodium Virginianum Dilution,Dr Reckeweg & Co,,"Onosmodium Virginianum, Liquid Dilution, The dilution helps get relief from headaches, especially those caused by eye strain, It eases neck and spinal discomfort, It can help to get relief from general fatigue and weakness, It provides support for nervous system health",Use as directed by a healthcare professional.,"Keep away from the direct sunlight, Keep out of the reach of children, Store in a cool and dry place"
https://www.1mg.com/otc/salo-orthotics-leg-elevation-pillow-for-varicose-vein-and-swelling-size-11-otc394499,,Salo Orthotics,,,,
https://www.1mg.com/otc/equinox-eq-ht-03t-hot-water-bottle-with-cover-otc355828,Equinox Hot Water Bottle (EQ-HT-03 T),Equinox Overseas Pvt Ltd,"This product treats muscular pain, induces relaxation and releases stress.","Capacity - 2 Litre and durable and is leakproof, Softcover outside the hot water bag, Ideal for stomach and backaches, joint pain, muscular cramps and menstrual pain, Soothes pain during muscle pull, arthritic and rheumatic pain, Ideal for adults, elderly, athletes etc.","When filling the bottle do not use boiling water, Fill to a maximum of two-third capacities, Check the bottle for any leakage by holding the bottle in an upside-down position, Expel air by lowering carefully onto a flat surface until water appears at the opening, Screw the stopper sufficiently tight to ensure that there is no leakage","Read the label carefully before use, Keep out of reach of the children, Store in  a cool dry place away from direct sunlight"
https://www.1mg.com/otc/deve-herbes-pure-emu-dromaius-novaehollandiae-oil-otc396568,Deve Herbes Pure Emu Oil,Deve Herbes,,"Pure Emu Oil (Dromaius novaehollandiae), Contains a deep penetrating ability to effectively nourish the scalp and make your hair smooth and glossy, Helps in reactivation of thinning hair follicles, which allows for better hair growth, Considered to be a great skin cell regenerator and improves ageing skin, Moisturizes and replenishes dry or irritated skin on the face, hands and body, Known to improve the appearance of scars, burns, stretch marks, sun damage, and damaged skin after surgery, acne and injuries., Can helps in reducing inflammation, joint pain, stiffness and bruising",Read the label for instructions or as directed by the physician.,"Read the label carefully for usage instructions, For external use only, Keep out of reach of the children, Use under medical supervision, Store in a cool and dry place away from direct sunlight and moisture"
https://www.1mg.com/otc/dr.-reckeweg-natrum-salicy-dilution-6-ch-otc374697,,Dr Reckeweg & Co,,,,
https://www.1mg.com/otc/accusure-w-2-neoprene-wrist-wrap-with-thumb-otc371742,,AccuSure Ortho Support,,,,
https://www.1mg.com/otc/amron-xamax-elbow-cap-small-otc421742,,Xamax Ergonomics Pvt. Ltd.,,,,
https://www.1mg.com/otc/aroma-treasures-turmeric-pure-essential-oil-otc485090,Aroma Treasures Turmeric Pure Essential Oil,Aroma Treasures Pvt Ltd,,"Turmeric essential oil, It supports the wellness of the skin, It works as a natural antimicrobial and antibacterial formula and helps in cases of minor wounds or cuts, This formula removes excess natural oil and sebum, It promotes the glow of the skin and reduces pimples and acne, Turmeric essential oil helps provide clear and fresh-looking skin",As directed by the healthcare professional.,"Read the label carefully, Store in a cool, dry place, Keep away from direct sunlight, Do not exceed the recommended dose"
https://www.1mg.com/otc/witzion-hinge-knee-cap-xxxl-beige-otc514117,,Witzion,,,,
https://www.1mg.com/otc/robin-herbal-health-g-nil-capsule-otc540503,,Robin Herbal Health Care Products,,,,
https://www.1mg.com/otc/acupressure-massager-string-pointed-wheel-otc518702,,Kapil Plastic Mould,,,,
https://www.1mg.com/otc/aruba-essentials-onion-oil-otc403468,,Kamatri Corporation Pvt Ltd,,,,
https://www.1mg.com/otc/mgrm-abdominal-belt-0603-xxxl-otc390464,,MGRM Medicare Ltd.,,,,
https://www.1mg.com/otc/waldon-pl-604b-electric-handheld-manipol-full-body-massager-black-otc839830,Waldon PL-604B Electric Handheld Manipol Full Body Massager Black,Passim Medichem Agencies,It is mainly used as a full body massager.,"It relieves tension and fatigue to revitalise any part of the body, It helps to relax taut muscles and tense nerves after hard work, It is portable and convenient to use at home or in the office, It alleviates aches and pain in the arms, neck and shoulders, It has a flower massage head, wave massage head, finger head, and brush and round massage head",Use as directed on the label.,"Children and disabled people should not use this machine, Do not use this machine in damp places, such as bath room, Do not use this machine within an hour of food intake, This product should not be used by pregnant women or people with skin and other diseases, Please make sure that the machine is switched off before charging the massage head, Do not place in direct sunlight, Make sure that the product does not come in contact with water, Do not use this machine when you feel unwell"
https://www.1mg.com/otc/parsana-acupressure-therapy-plate-otc837187,Parsana Acupressure Therapy Plate,Parsana Health Centre Pvt. Ltd.,This acupressure plate helps improve the flexibility of the body.,"This acupressure plate awakes the nervous system and reduces stress and anxiety, This plate improves blood circulation in the body, It helps relax the muscles and joints, Through the accurate use of this acupressure plate, digestive and metabolic systems can also be improved",Use it thrice a day; each session should continue for 15 minutes.,"Read the label carefully, It is not recommended during pregnancy, Store in a safe and clean place, Keep out of reach of children"
https://www.1mg.com/otc/medtrix-lumbar-sacral-belt-large-grey-otc503742,,Medtrix,,,,
https://www.1mg.com/otc/mgrm-dorsolumbar-brace-0512-large-otc390541,,MGRM Medicare Ltd.,,,,
https://www.1mg.com/otc/amron-xamax-swivel-cushion-otc337176,,Xamax Ergonomics Pvt. Ltd.,,,,
https://www.1mg.com/otc/mgrm-abdominal-belt-0603-large-otc390457,,MGRM Medicare Ltd.,,,,
https://www.1mg.com/otc/medtrix-lumbar-sacral-belt-medium-beige-otc503735,,Medtrix,,,,
https://www.1mg.com/otc/samson-pa-2007-sam-band-resistance-universal-green-otc487860,,Samson Scientifics & Surgicals,,,,
https://www.1mg.com/otc/smart-care-classic-hot-water-bag-red-orange-one-side-ribbed-otc372961,Smart Care Classic Hot Water Bag Plain,Saify Health Care and Medi Devices India Pvt Ltd,It helps reduce muscle aches and pains,"Safely contains water of various temperatures, The ribbed surface helps to avoid contact burn, It helps in muscle relaxation, The hot water bag has an ergonomic construction, Relieves arthritic and rheumatic pains, High quality guaranteed hot rubber bag, leak-proof, colourful, easy to clean and keeps water hot for a longer time","When filling the bottle, do not use boiling water, Fill to a maximum of two-thirds capacity, Check the bottle for any leakage by holding the bottle in an upside-down position, Expel air by lowering carefully onto a flat surface until water appears at the opening, Screw the stopper sufficiently tight to ensure that there is no leakage","Read the label carefully before use, Store in a cool and dry place, away from sunlight, Keep out of reach of children, Do not use boiling water, Expel air by towelling carefully onto a flat surface until water appears at the opening"
https://www.1mg.com/otc/mensoguard-feminine-cramp-relief-roll-on-otc808579,Mensoguard Feminine Cramp Relief Roll-On,Leeford Healthcare Ltd,,"Nilgiri oil (eucalyptus globulus) leaf oil, Kunduru oil (boswellia serrata) exd. Oil, Kapur (cinnamomum camphora) leaf satva, Pudina (mentha arvensis), Aerial part satva, Lavang oil (syzygium aromaticum), It is a natural pain reliever with a fresh and soothing fragrance, It helps calm irritability, hence helping to elevate your mood instantly, This cramp roll-on provides a gentle warmth, improving blood circulation, This Roll On is created with the goodness of Ayurveda extracts, and it contains no harmful chemicals",Apply generously to the affected area (lower abdomen) and massage in a circular motion; repeat 3-4 times daily.,"This product is not intended to diagnose, treat, cure, or prevent any disease, Not meant for oral consumption, Store in a cool, dry place, Keep out of reach of children"
https://www.1mg.com/otc/amron-xamax-tennis-elbow-support-xxxl-otc421736,,Xamax Ergonomics Pvt. Ltd.,,,,
https://www.1mg.com/otc/adel-tellurium-metallicum-dilution-200-ch-otc332712,ADEL Tellurium Metallicum Dilution,Adel Pekana Germany,,"Tellurium Metallicum, The dilution may help in the management of certain skin conditions like eczema and dermatitis, It is often used to address symptoms of ear infections and associated discomfort, It works on the principle of stimulating the body’s natural healing response, Liquid Dilution",,"Store in a cool and dry place, Keep away from the direct sunlight, Keep out of the reach of children"
https://www.1mg.com/otc/aneta-combo-pack-of-neta-gel-30gm-and-netaspray-55gm-otc962417,Aneta Combo Pack of Neta Gel (30gm) and Neta Spray (55gm),Aneta Pharmaceuticals Pvt. Ltd,,"Diclofenac Diethylamine IP Equivalent To Diclofenac Sodium, Linseed Oil, Methyl Salicylate, Menthol, Benzyl Alcohol, Gel Base, Diclofenac is a nonsteroidal anti-inflammatory drug that is commonly used for its analgesic (pain-relieving) and anti-inflammatory properties. It may help in reducing pain, inflammation, and swelling, Linseed oil, also known as flaxseed oil, is rich in omega-3 fatty acids. It has anti-inflammatory properties and may help in reducing pain and inflammation, Methyl salicylate is a topical analgesic that is often used for its pain-relieving properties. It may provide temporary relief from minor aches and pains, Menthol is a cooling agent that can provide a soothing sensation and temporary relief from pain. It is commonly used in topical analgesics for its numbing effect, Benzyl alcohol is a mild local anaesthetic that may help in reducing pain and discomfort when applied topically",Apply over the affected area or as directed by a healthcare professional,"Store in a cool and dry place, Protect from light, Do not freeze, Keep out of reach of children, Not for veterinary use, For external use only"
https://www.1mg.com/otc/flamisum-ultra-gel-otc940933,Flamisum Ultra Gel,Medlife International Pvt Ltd,,"Diclofenac Diethylamine IP Eq.to Diclofenac sodium, Virgin Linseed Oil BP, Methyl Salicylate IP, Menthol IP, Benzyl alcohol IP (As preservative), Provides effective relief from pain in joints, knees, back, neck and shoulder, Helps in reducing swelling and pain in musculoskeletal, joint, and soft tissue disorders, Effective in sprain, myositis, fibrositis and sciatica, Useful in relieving pain due to sports injuries, Absorbs quickly in the skin for instant action, Helps in relaxing muscle stiffness and provides long-lasting relief from pain, Non-sticky formula","Apply Flamisun Gel directly on the affected areas, Use 3-4 times a day or, as directed by the physician","Read the label carefully before use, Keep out of the reach of children, Use under medical supervision, Do not exceed the recommended dosage, For external use only, Replace the cap tightly, Should be applied to intact skin surfaces only and not to skin wounds and open injuries, Should not come into contact with eyes, or mucous membranes and should not be ingested, Store in a cool and dry place"
https://www.1mg.com/otc/coronation-hot-water-bottle-with-cover-otc337227,Coronation Hot Water Bottle (with Cover),Enkay Brand Distribution Pvt Ltd,The hot water bottle is used as a natural body warmer in winter and for heat therapy.,"Soft rubber provides comfort and full coverage to the injured area, Provides quick relief from muscular, joint, and menstrual pain, Small and compact design makes it handy and easy to carry, Can be used as a bed warmer","Do not use boiling water when filling the bottle, Fill the bottle to a maximum of two-thirds capacities, Check the bottle for any leakage by holding the bottle in an upside-down position, Expel air by lowering carefully on a flat surface until water appears at the opening, Screw the cap tightly to ensure that there is no leakage","Never fill the bottle with boiling water, Read the label carefully before use, Keep out of reach of the children, Store in a cool and dry place"
https://www.1mg.com/otc/baidyanath-kumarkalyan-ras-with-gold-pearl-otc388305,Baidyanath Kumarkalyan Ras with Gold & Pearl,Shree Baidyanath Ayurved Bhawan Pvt Ltd,,"Ras sindoor, Moti bhasma, Swarna bhasma, Abhrak bhasma, Lauh bhasma, Swarna bhasma, Swarna makshik bhasma, Useful to treat the problems of children like dysentery, rickets, debility, vomiting and cough, Helps to maintain vitality and stamina, Indicated in the problems of liver, lungs and stomach","For children, take 1/2 to 1 Baidyanath Kumarkalyan Ras with Gold & Pearl with honey and for adults, take 1 tablet with honey or as directed by the physician.","A dietary nutritional supplement not for medicinal use, Read the label carefully before use, Do not exceed the recommended dose, Keep out of the reach of children, Store in a cool and dry place, Should be protected from direct light"
https://www.1mg.com/otc/medtrix-functional-open-patella-hinge-knee-support-medium-blue-otc503673,,Medtrix,,,,
https://www.1mg.com/otc/birla-ayurveda-kaisoragulgulu-tablet-otc612813,,Birla Healthcare Ayurveda Pvt Ltd,,,,
https://www.1mg.com/otc/wellon-clavicle-brace-cb-01-medium-otc387396,Wellon Clavicle Brace CB-01,Mana Medical,This brace is used to keep the collarbone area immobilized after a simple break or fracture so the bone can heal.,"It is made using hypo-allergenic soft PU and cotton fabric, The straps are designed to fit perfectly around the clavicle region, The design is smart, light weight and skin friendly, Features a figure 8 shaped formed by straps along with a lock to hold the bone in one place, Comes with soft padding which allows ultimate comfort to the patient",Read the manual for usage directions.,"Read the user manual carefully before use, Keep out of the reach of children, Store in a cool dry place, For external use only"
https://www.1mg.com/otc/healthtrek-reusable-hot-and-cold-pack-for-pain-relief-blue-otc946311,Healthtrek Reusable Hot and Cold Pack for Pain Relief Blue,Healthtrek Healthcare,It is used to provide relief from pain caused due to injuries,"Eco-friendly relief:Reusable pack for sustainable hot and cold therapy solutions, Flexible application:Conforms to body contours, delivering versatile and targeted comfort, Long-lasting temperatures:Helps ensure extended relief for effective pain management and relaxation, Durable and leak-proof:Robust construction for repeated use without compromising performance, Safe and non-toxic:Made with materials free from harmful chemicals for worry-free use, Versatile temperature therapy:Offers both hot and cold therapy for various needs, Cost-effective solution:Long-lasting use provides a cost-efficient pain relief option, Convenient and portable:Easy to store and carry, providing on-the-go relief","Microwave for heat or freeze for cold therapy, Apply to the affected area for relief","Read the label carefully before use, Keep out of reach of children, Store in a cool, dry place, away from direct sunlight"
https://www.1mg.com/otc/endpain-650-tablet-otc923058,Endpain 650 Tablet,Saphnix Life Sciences,,"Paracetamol IP and Excipients, A combination medicine used for short-term relief of pain, inflammation, and swelling in conditions affecting joints and muscles, Works by blocking chemical messengers in the brain that tell us we have pain, It can help relieve pain in conditions like rheumatoid arthritis and osteoarthritis, Along with painkillers, this medicine also contains an active ingredient called serratiopeptidase, which is an enzyme that promotes the overall healing process and speeds up recovery",As directed by a dietician,"Read the product label carefully before use, Store in a cool and dry place away from direct sunlight, Keep out of reach of children, Consult a doctor before taking any supplement, Do not exceed the recommended dosage"
https://www.1mg.com/otc/kwik-pain-relieving-spray-otc964086,Kwik Pain Relieving Spray,Ozone Pharmaceuticals Ltd,,"Diclofenac Diethylamine, Linseed Oil, Methyl Salicylate, Menthol.",,
https://www.1mg.com/otc/deemark-ortho-balm-premium-50gm-each-otc945327,Deemark Ortho Balm Premium,Deemark Health Care Pvt Ltd,,"Tail Parna Tail, Tejovathi, Tejpatta, Sati, Karpura, Pudina, Gandhpura, White Petroleum Jelly",Apply the balm 3-4 times a day with a light massage,
https://www.1mg.com/otc/shri-chyawan-dard-vijay-oil-100ml-each-otc862437,Shri Chyawan Dard Vijay Oil,Chyawan Ayurveda Healthcare Pvt. Ltd.,,"Neem, Sahijan Chal, Chob Chini (Smilax china), Ashwagandha Wighania, Methi dana, Imli Indicus - Indica, Lahsun, Sarso Oi(Synapis - Sinapis), Neem Oil, Kapoor, Peppermint, Eases Pain-Shri chyawan ayurveda’s dard vijay relief oil is effective in easing out all your joint pain, muscle pain, back pain, etc. and relaxes the joints and muscles, Reduces Stiffness-Daily massage using dard vijay relief oil helps to reduce severe stiffness caused due to chronic pain, Strengthens Bones and Muscles-Dard vijay relief oil contains all essential oils that help to strengthen muscle and joints and simultaneously gives relief in pain, Reduces Swelling-A gentle massage with dard vijay relief oil effectively helps in reducing swelling, 100% Pure and Natural-Dard Vijay Relief Oil contains all natural and pure ingredients and does not have any side-effects","Gently massage using Dard Vijay Relief Oil, twice a day.","Store in a cool and dry place away from direct sunlight, Read the label carefully, Keep out of reach of children"
https://www.1mg.com/otc/aquagel-innovations-sand-filled-offline-electric-heating-pouch-yellow-otc514150,Aquagel Innovations Sand Filled Offline Electric Heating Pouch,Balaji Innovations,It helps to provide relief from pain in affected areas and saves the hassle and time of changing water like in ordinary bottles.,,"Plug in the male pin of the cable to the electric socket and plug in the other end to the female electric socket in the bag, Remove the plug now and use the hot water bag as per your needs. If the bag has lost the heat after the use then reheat it if you need to use it again, Switch on the power supply, once properly plugged, you will see the red light on the bag at the end of the socket. Wait for the bag to reach the desired temperature, After use, store the heating pad back and ensure that the bag is not very hot while storing it","Take all precautions as you would take while using any electric device, Avoid using when the pad is charging and is connected to the socket, Store it properly once the pad cools down, If there is any leakage, it must not be used, Read the label carefully before use, Store in a cool dry place away from direct sunlight, Keep away from young children and the elderly who are immobile"
https://www.1mg.com/otc/witzion-varicose-vein-stocking-xxxl-beige-eco-otc514902,,Witzion,,,,
https://www.1mg.com/otc/proyurveda-maxartho-joint-knee-pain-capsule-otc350460,,Maximaa Proyurveda,,,,
https://www.1mg.com/otc/inflahit-gel-otc462983,,Aurel Biolife,,,,
https://www.1mg.com/otc/tynor-a-05-lumbo-sacral-belt-xxxl-otc335702,Tynor A-05 Lumbo Sacral Belt,Tynor Orthotics Pvt. Ltd.,It is used to support and immobilize the lumbosacral region and correct the postural deformity to relieve low back pain syndrome.,,,
https://www.1mg.com/otc/samson-pa-2001-weight-cuff-black-3kg-otc487852,,Samson Scientifics & Surgicals,,,,
https://www.1mg.com/otc/bio-laboratories-clove-oil-otc529025,Bio Laboratories Clove Oil,Bio Laboratories,,"Clove oil, Clove oil helps to activate the immune system and prevents cold and cough, It provides relief from toothache and fights sore gums and mouth ulcers, It has antifungal and antiseptic properties that alleviate ear and dental pain and combats infections",Read the label before use.,"Read the label carefully before use, Do not exceed the recommended dosage, Store in a cool and dry place away from direct sunlight, Keep out of reach of children"
https://www.1mg.com/otc/p-care-c3003-varicose-vein-stocking-xl-otc658842,,PR Flexmake Private Limited,,,,
https://www.1mg.com/otc/p-care-c3004-knee-sleeve-with-stays-neoprene-large-otc658988,,PR Flexmake Private Limited,,,,
https://www.1mg.com/otc/dr.-reckeweg-bromium-dilution-6-ch-otc373124,Dr. Reckeweg Bromium Dilution,Dr Reckeweg & Co,,"Bromine, Ethanol, Water, Liquid, The dilution may help in managing dry cough with hoarseness and burning pain behind the sternum, It reduces sweating, maintains strength and reduces sore discharges, It can help regulate temperature and not get hot which is worse in the evening till midnight, It may help in relieving pain in the headaches caused by sun heat and rapid movements, This dilution can help in managing nasal discharge with blockage of the right nostril, Dr. Reckeweg Bromium Dilution can help reduce the tonsil pain when any food or liquid is swallowed, This formulation may help manage pain behind the chest region with a lot of dry cough and hoarseness, It can help in reducing pus-filled pimples",,"Read the label carefully before use, Store in a cool and dry place, away from sunlight, Keep out of reach of children, Don’t exceed the recommended dosage"
https://www.1mg.com/otc/asist-orthopaedic-lumbar-heating-belt-otc375414,Asist Orthopaedic Lumbar Heating Belt,Asist Healthcare,Electric heating belt for relief in lumbar pain.,"Size:Universal, It offers wide coverage to ensure effective heat distribution across the lumbar region, The belt is crafted with leatherette material on the outside to prevent heat loss, enhancing the efficiency of the heating process, The inner side is made of fur fabric, which helps to retain warmth even after switching off the heating function, With a belt type design, it offers ease of use and adjustable fitting, making it suitable for managing back pains and slip disc, The inclusion of fur inside ensures utmost comfort during use, enhancing the overall user experience",As directed by the healthcare professional or instructed in an instruction manual.,"Read the label carefully before use, Store in a cool and dry place, Keep out of reach of children"
https://www.1mg.com/otc/swasthya-sankul-organic-peeda-kashmak-oil-otc916174,Swasthya Sankul Organic Peeda Kashmak Oil(8ml Each),Tarus Pharmaceutical,,"Ajwain, camphor, eucalyptus, wintergreen and turmeric oils., Ajwain relaxes the uterine muscles and reduces menstrual cramps, Eucalyptus oil soothes and relaxes the muscles and helps in cold, Wintergreen oil relieves pain, inflammation, and headaches, Turmeric is known for its anti-inflammatory and antiseptic properties, Camphor helps deal with the pain in the joints",,"Read the label carefully before use, Keep out of reach of children, Maintain hygiene"
https://www.1mg.com/otc/green-cure-arnicap-herbal-pain-relieving-ointment-otc476260,Arnicap Ointment,SPV Laboratories Pvt Ltd,,"Arnica, Capsicum, Ginger, Camphor, It helps to relieve muscular aches, swellings and sprain, It has anti-inflammatory and anaesthetic properties that help to relieve the pain, Excites the nervous connections to increase local blood flow, It has a deep penetrating and fast pain relief action, Helps to reduce the muscular, knee, sprain, cramps, shoulder pain, neck and acute backache, It contains ginger that is used primarily for its warming effects for soothing and relaxing, It has no side effects and no added flavour and is paraben-free and steroid free",Gently massage the affected area to get relief from pain. Apply 2-4 times a day or as often as directed by the physician. Wash hand after application. Replace lid lightly after each use.,"Read the label carefully before use, For external use only, Keep out of reach of the children, Store in a cool dry place away from direct sunlight, Use under medical supervision"
https://www.1mg.com/otc/lp-798-ice-and-hot-wrap-blue-otc331357,LP 798 Ice and Hot Wrap Blue,LP Support,It is a versatile ice and hot wrap may be used for shoulder or waist.,"Hot and cold wrap for thermal therapy to help soothe aching muscles, strains/pains, Comfortable wrap allows wearer to remain somewhat mobile during treatment",Use as per requirement or as directed by the physician.,"Read the label carefully before use, Keep out of the reach of children, Store in a cool dry place away from direct sunlight"
https://www.1mg.com/otc/healthgenie-knee-cap-xxl-grey-otc399617,,Healthgenie India Pvt Ltd,,,,
https://www.1mg.com/otc/enac-1.16-gel-otc492836,,Universal Impex,,,,
https://www.1mg.com/otc/newnik-ic900-ice-bag-brown-otc427996,Newnik IC900 Ice Bag,Newnik Lifecare Pvt. Ltd,"It gives immediate relief for back pain, joint pain, shoulder pain, and ankle pain.","Soft fabric provides comfort and coverage of injured area, Has a large cap for ice cubes and long-lasting coolness, It reaches all contours of the body, Relieves pain and swelling, Comfortable, soft, and durable water-repellent outer cover, High-quality engineering plastic neck fitting, Cold therapy for back pain, sports injuries, sprains and strains, post-surgical recovery, inflammatory arthritis, tendonitis, migraine headaches as well as heat exhaustion, Colours:Blue and Maroon","Open the lid in a counter-clockwise direction, Fill the bag with ice till ⅔ of the level. Do not use hot water, as it may destroy the bag, Tighten the lid in a clockwise direction, It can be used for 15 to 20 minutes, Place the ice bag on the affected areas, After use, hang the bag downwards for drying. Do not dry in direct sunlight","Read the label carefully before use, Keep the bag away from direct contact with sunlight, Do not use hot water, as it may destroy the bag, Keep out of reach of children"
https://www.1mg.com/otc/longlife-oct-007-ankle-support-xl-skin-colour-otc490872,Longlife OCT 007 Ankle Support,Veridicus Health Care Pvt Ltd,It is used to provide optimal comfort and a great fit to help reduce ankle pain.,,Apply the anklet in a way it comes exactly in the right position on the heel and then wrap the elastic in such a way that it is comfortable to wear.,"Read the label carefully before use, Keep out of reach of children, Keep away from physical damage"
https://www.1mg.com/otc/vissco-activecool-facemask-support-h1021-universal-otc393923,Vissco Activecool Facemask Support H1021,Vissco Rehabilitation Aids Pvt. Ltd.,The mask is designed to help in the reduction of pain and inflammation using cold therapy.,"Comes with a Velcro strap which is used for tieing, Contains a stretchable outer cover fabric, It can be carried along during long travels, therefore it is portable. The patient can take the treatment and wear these masks over the day and need not confine themselves indoors, The masks can be refreezed and reused as and when required to take the treatment, It helps to relax the facial muscles and provides comfort too, It is a comfortable and easy to use device, Remains flexible even when frozen, The patient does not need to mess with ice and water anymore, therefore eliminating all the mess and chaos, Provides deep penetration with the cold therapy and therefore reduce pain as well",Use the Vissco Activecool Facemask Support H1021 as directed on the label.,"Read the label carefully before use, Keep out of the reach of children, Do not use continuously for long duration, Make sure you keep it away from sharp things and objects"
https://www.1mg.com/otc/amron-xamax-tennis-elbow-support-medium-otc421728,,Xamax Ergonomics Pvt. Ltd.,,,,
https://www.1mg.com/otc/opq-silver-plastic-cap-hot-water-bag-with-cover-otc801597,OPQ Silver Metal Cap Hot Water Bag with Cover,Krishna Waterproof,It helps manage pain through heat therapy.,"This hot water bag is made of leakage-proof thick and sturdy material, It helps provide relief from muscular and menstrual pain, It is easily portable and convenient to handle, This hot water bag provides heat therapy and lasts for a long time",As directed in the instruction manual.,"Read the label carefullevelly, Keep out of reach of the children, Avoid extreme heat"
https://www.1mg.com/otc/witzion-functional-knee-support-large-black-otc513554,,Witzion,,,,
https://www.1mg.com/otc/medtrix-compression-neoprene-shoulder-brace-blue-left-otc503760,,Medtrix,,,,
https://www.1mg.com/otc/samson-pa-2001-weight-cuff-black-500gm-otc487848,,Samson Scientifics & Surgicals,,,,
https://www.1mg.com/otc/shri-chyawan-pain-relief-kit-otc834056,Shri Chyawan Pain Relief Kit,Chyawan Ayurveda Healthcare Pvt. Ltd.,,"It helps relieve muscle pain and joint aches, It reduces swelling and inflammatory reactions in the body, It acts as an an analgesic and a diuretic, It helps in the management of cervical spondylosis, slip disc, back pain and knee pain",,
https://www.1mg.com/otc/samson-ab-0201-abdominal-belt-gold-xxxl-grey-otc487995,Samson AB-0201 Abdominal Belt (Gold),Samson Scientifics & Surgicals,It is used to provide support to the abdominal area and also helps in dealing with back pain.,,Use as directed in the manual or as advised by the healthcare professional,"Read the label carefully before use, Keep out of reach of children, Keep away from physical damage"
https://www.1mg.com/otc/acupressure-foot-roller-wooden-rubber-gutka-otc518721,Acupressure Foot Roller,Kapil Plastic Mould,Use it to massage your feet at your convenience.,,Place feet with gentle pressure using to and fro action for a few minutes every day to get relief from stress and tension.,"Store in a cool and dry place away from direct sunlight, Read the product label carefully before use, Keep out of reach of children"
https://www.1mg.com/otc/renewa-shoe-horn-white-otc492758,Renewa Shoe Horn White,Dr. Sayani's Health Care Pvt. Ltd.,It is useful for people with knee problems or who suffer from arthritis or weight management.,"It has a  round edge which is useful for people with knee problems or who suffer from arthritis or are heavy, Its sharp edge makes the device effective, It is made of plastic material that can help to protect your skin from getting hurt, It is ideal for home or office use, It provides an easy grip handle, It even allows user to easily slides into the back of any shoe",Read the instructions in the manual.,Keep it away from the reach of the children
https://www.1mg.com/otc/remedo-cervical-pillow-standard-otc390064,,Remedo Wellness Pvt Ltd,,,,
https://www.1mg.com/otc/nagarjuna-rheumarid-tablet-otc376580,Nagarjuna Rheumarid Tablet,Nagarjuna Ayurvedic Centre,,"Guggulu, Shallaki, Eranda, Shudda Parade, Shuda Gandhaka, It is beneficial for arthritis, It has effects on tridoshas, balances vata and kapha, It is useful for joints inflammation, It is beneficial for joint pain and stiffness, It contains guggulu, shallaki, eranda, shudda parade and shuda gandhaka as a combination of ingredients",Take 1 tablet of Nagarjuna Rheumarid Tablet twice or thrice or as directed by the physician.,"Store in a cool and dry place away from direct sunlight, Read the label carefully, Keep out of reach of children"
https://www.1mg.com/otc/mgrm-abdominal-bind-0601-small-otc390471,MGRM Abdominal Bind 0601 Medium,MGRM Medicare Ltd.,Post-surgical compression support in the abdominal region.,"Dress-resistant & High-quality material:the abdominal binder is durable and top quality for long-lasting comfort, Special ergonomic design:Ergonomically streamlined to give your abdomen the perfect support, Breathable and moisture-regulating material:Breathable fabric allows the air to circulate so that no sweat or moisture remains in the area. This way you keep the abdomen cool and comfortable all day long, Flexible stays:Helps prevent edge rollover when worn, Velcro closure:For easy application so that it can be quickly positioned anywhere on the binder for holding tubing and drainage bulbs, without pins or tape, Available in the following sizes:S (28""-32""), M (32""-36""), L (36""-40""), XL (40""-44""), XXL (44""-48""), Product Care:Hand wash using cold water and mild soap. Air dry in the shade. Do not brush hard. Do not squeeze. No machine wash","Wrap the binder around the waist, ensuring that the desired abdominal region is properly enclosed, Pull both ends of the binder to the required compression and close with velcro","Read the label carefully before use, Avoid physical damage, Caution: Be careful while using this as it may cause compression over surgical incisions"
https://www.1mg.com/otc/vivian-spray-otc351384,,Lincoln Pharmaceuticals Ltd,,,,
https://www.1mg.com/otc/rexo-riteseat-otc493631,Rexo Riteseat,Rexo Products,The cushion can be used when sitting for long periods.,"It is a water-to-gel changing cushion, It does not have a fixed shape, It is flexible and soft",Fill 3 litres of water in the cushion and use.,"Read the label carefully before use, Store in a cool and dry place"
https://www.1mg.com/otc/amron-xamax-cervical-collar-soft-xl-otc421673,,Xamax Ergonomics Pvt. Ltd.,,,,
https://www.1mg.com/otc/renewa-simcan-comfort-socks-large-white-otc490602,,Dr. Sayani's Health Care Pvt. Ltd.,,,,
https://www.1mg.com/otc/tynor-i-31-tubular-elastic-bandage-1-meter-88mm-otc345876,,Tynor Orthotics Pvt. Ltd.,,,,
https://www.1mg.com/otc/comprezon-cotton-varicose-vein-stockings-class-1-above-knee-small-beige-otc390208,,Dynamic Techno Medicals Pvt. Ltd.,,,,
https://www.1mg.com/otc/medtrix-functional-open-patella-hinge-knee-support-xl-grey-otc503681,,Medtrix,,,,
https://www.1mg.com/otc/netaspray-quick-relief-from-muscle-joint-pain-55gm-each-otc930158,Neta Spray (55gm Each),Aneta Pharmaceuticals Pvt. Ltd,,"Diclofenac Diethylamine, This spray is designed to provide quick relief from muscle and joint pain, Its formulation is optimised for rapid action, making it an effective solution for alleviating various types of discomfort, including body pain, back pain, strains, and inflammation, The spray harnesses the benefits of diclofenac diethylamine and is known for its potent anti-inflammatory and pain-relieving properties, which help target the root causes of pain and reduce inflammation, One of the advantages of this spray is its ability to get absorbed quickly into the skin tissues; this efficient absorption ensures that the active ingredients reach the affected areas swiftly, enhancing the speed at which it begins to work",Apply on the targetted areas.,"Read the label carefully, Store in a cool, dry place, Keep out of reach of children, Maintain hygiene"
https://www.1mg.com/otc/lp-957-elastic-support-stocking-medium-otc331428,LP #957 Elastic Support Stocking,LP Support,It is primarily used in the condition of pain due to varicose veins or restricted blood circulation.,"It helps to alleviate pain due to varicose veins or restricted blood circulation, The product is bi-knitted and bi-layered with 100% cotton lining, It facilitates compression and support to the calves",Use as per requirement or as directed by the physician.,"Read the label carefully before use, Store in a cool dry place away from direct sunlight, Keep out of reach of the children, Avoid physical damage"
https://www.1mg.com/otc/dyna-3d-knitted-knee-cap-xxl-maroon-right-otc392362,,Dynamic Techno Medicals Pvt. Ltd.,,,,
https://www.1mg.com/otc/dyna-3d-knitted-knee-cap-xl-orange-right-otc392343,,Dynamic Techno Medicals Pvt. Ltd.,,,,
https://www.1mg.com/otc/p-care-c3013-elastic-ankle-support-large-otc659056,,PR Flexmake Private Limited,,,,
https://www.1mg.com/otc/dr-willmar-schwabe-india-marrubium-vulgare-mother-tincture-q-otc391369,,Dr Willmar Schwabe India Pvt Ltd,,,,
https://www.1mg.com/otc/boiron-aloe-socotrina-single-dose-approx-200-microgranules-200-ch-otc408343,,Boiron Laboratories Pvt Ltd,,,,
https://www.1mg.com/otc/remedo-lumber-sacro-support-xl-otc390086,,Remedo Wellness Pvt Ltd,,,,
https://www.1mg.com/otc/lp-829-cold-spray-otc331422,LP #829 Cold Spray,LP Support,"It is primarily used to provide relief in pain and swelling of acute injury, such as sprain, strain or contusion.","May help to provide relief in the condition of contusions, sprains and strains, Can be used for first aid kits and outdoor activities",Use as per requirement or as directed by the physician.,"Read the label carefully before use, Store in a cool dry place away from direct sunlight, Keep out of reach of the children, Avoid physical damage"
https://www.1mg.com/otc/opq-premium-plastic-cap-hot-water-bag-otc801574,OPQ Premium Plastic Cap Hot Water Bag,Krishna Waterproof,It helps manage pain through heat therapy.,"This hot water bag is made of leakage-proof plastic fibre, It helps provide relief from muscular and menstrual pain, It is easily portable and convenient to handle, This hot water bag provides heat therapy and lasts for a long time",As directed in the instruction manual.,"Read the label carefully, Avoid extreme heat"
https://www.1mg.com/otc/hapdco-viola-drop-otc386281,,HAPDCO,,,,
https://www.1mg.com/otc/longlife-oct-012-contoured-ls-support-large-blue-otc492498,,Veridicus Health Care Pvt Ltd,,,,
https://www.1mg.com/otc/p-care-c3024-bunion-splint-neoprene-universal-otc659222,P+caRe C3024 Bunion Splint (Neoprene) Universal,PR Flexmake Private Limited,It is used during post-operative alignment following hallux valgus surgery.,"Designed to provide comfortable immobilization and alignment of the hallux, Indicated for post-operative alignment following hallux valgus surgery","Place big toe overstay (splint) area by a small strap, grasp small strap, wrap-around big toe, secure to the desired tightness, grasp large strap, wrap-around foot and adjust to desired tightness.","Read the label carefully before use, Store in a cool and dry place away from direct sunlight, Keep out of reach of the children, Please seek the advice of a physician or qualified health professional on the medical condition and its usage"
https://www.1mg.com/otc/in-freeze-spray-otc939758,In-Freeze Spray,RJ Meditechs Private Limited,,,,
https://www.1mg.com/otc/wellon-anklet-binder-tubular-as-03-small-otc387615,,Mana Medical,,,,
https://www.1mg.com/otc/amron-xamax-cervical-collar-soft-large-otc421674,,Xamax Ergonomics Pvt. Ltd.,,,,
https://www.1mg.com/otc/medtrix-knee-brace-xl-grey-otc503721,,Medtrix,,,,
https://www.1mg.com/otc/accusure-c1-elastic-cervical-collar-soft-large-otc371792,,AccuSure Ortho Support,,,,
https://www.1mg.com/otc/wellon-elastic-knee-support-knee-cap-ks-04-xl-otc387667,,Mana Medical,,,,
https://www.1mg.com/otc/maxis-cotton-knee-length-stocking-large-beige-otc570797,,Isha Surgical,,,,
https://www.1mg.com/otc/hapdco-magnesia-phosphoricum-biochemic-tablet-12x-otc386270,,HAPDCO,,,,
https://www.1mg.com/otc/tynor-i-32-tubular-elastic-bandage-1-meter-100mm-otc345877,,Tynor Orthotics Pvt. Ltd.,,,,
https://www.1mg.com/otc/medtrix-hinged-knee-cap-medium-beige-eco-otc503699,,Medtrix,,,,
https://www.1mg.com/otc/aquagel-innovations-denti-pain-relief-gel-pouch-blue-otc514174,Aquagel Innovations Denti Pain Relief Gel Pouch Blue,Balaji Innovations,It is a dental pain relief gel pouch suitable for pre and post-dental treatments.,"Easy and safe to use, Provides effective relief from pain and swelling, Filled with a non-toxic gel, Can be cooled in the refrigerator",Keep in the refrigerator until chilled and apply on the affected area.,"Read the label carefully before use, Store in a cool and dry place, away from sunlight, Keep out of reach of children"
https://www.1mg.com/otc/mgrm-baseball-splint-0904-small-otc390519,,MGRM Medicare Ltd.,,,,
https://www.1mg.com/otc/newnik-ic700-printed-ice-bag-cool-bag-black-otc427999,Newnik IC700 Printed Ice Bag / Cool Bag,Newnik Lifecare Pvt. Ltd,"It give immediate relief back pain, joint pain, shoulder pain, and ankle pain. Cold therapy is recommended to help relieve pain, reduce swelling and speed recovery.","Fast relief, anytime, anywhere, Perfect for first aid and sports-related injuries, Refillable and reusable, The innovative and secure lock system, Leak resistant and large opening for easy filling, Superior quality, allergy free material, Sizes: 9"" diameter, Soft fabric provides comfort and coverage of injured area, Economical, Light-weight, Reusable and Children-friendly","To loosen and remove the cap turn it counter-clockwise, Fill the ice bag two-thirds full with ice cubes, Turn the cap clockwise until it is secured tightly on the ice bag, Turn ice bag upside down and firmly press on the bottom to test for leakage, Apply to the desired area, Condensation may form after 15-20 minutes on the outside of the bag, Wrap the ice bag in a soft towel to protect the skin and to avoid condensation accumulation, Apply ice bag for 20 to 30 minutes (maximum) at a time, Wait one hour between applications","Read the label carefully before use, Store in a cool and dry place, Keep out of the eachof children"
https://www.1mg.com/otc/tija-period-pain-relief-wearable-device-with-hydrogel-pads-lavender-otc798398,Tija Period Pain Relief Wearable Device with Hydrogel Pads,Eyep Techproducts Pvt. Ltd,It is primarily used to reduce menstrual and muscle pain,"It provides instant relief. It is a natural, safe, drug-free modality to relieve menstrual pain and discomfort. It brings relief from period cramps within in few seconds, Proven TENS technology sends mild pulses that block pain signals being carried to the brain. Small repetitive contractions help activate the natural pain control response by releasing beta-endorphins. Designed and developed with the active participation of medical students and doctors, Highest safety and performance: It is also certified for IEC 60601-1, IEC 60601-2-10, and IEC 60601-1-2. Approved for biocompatibility IEC10993-1: IEC10993-5, IEC 10993-10, IEC 10993-23, cytotoxicity, skin irritation, skin sensitisation, It is convenient and stylish, wearable, compact, lightweight, has pleasing looks, easy to conceal under clothes, and rechargeable and works for 12-15 hours on a single charge, Low replacement hydrogel pad cost: Comes with hydrogel pads on electro pad and an additional 3 pairs of hydrogel pads. Hydrogel pads will be replaced after 15-20 uses at a very nominal price",Use as directed on the label,"Read the label carefully before use, Store in a cool and dry place away from direct sunlight, Keep out of reach of the children"
https://www.1mg.com/otc/lp-894-ice-bag-small-otc331359,LP #894 Ice Bag,LP Support,It is used to provide perfect cold therapy to the strained and tired muscles.,,,"Read the label carefully before use, Keep out of reach of the children, Store in a cool dry place away from direct sunlight, EndFragment"
https://www.1mg.com/otc/lifelong-llm117-rechargeable-cushion-pillow-massager-brown-otc530437,Lifelong LLM117 Rechargeable Cushion/Pillow Massager Brown,Lifelong Online Retail Pvt Ltd,,"Provides relief from muscle tension and tightness in neck and back region, It is rechargeable, portable and convenient to use, Improves blood circulation and soothes stiffness in muscles, Has auto reverse massage action which enhances it’s impact, It has high quality, skin friendly fabric, It can be easily used at home, office and car",Read the instructions’s manual for usage directions.,"Read the label carefully before use, Keep away from children, Use under medical supervision, Do not use beyond recommended duration, Clean regularly for proper usage, Store in a clean and dry place"
https://www.1mg.com/otc/rexo-back-and-shoulder-heat-pads-magic-click-otc493551,Rexo Back and Shoulder Heat Pads,Rexo Products,It is designed to help treat shoulder and back pain.,"Has a soft PVC gel pouch, Made of non toxic gel, Come with a bag that has an elastic belt and holds the gel pack",Use as directed on the manual.,"Read the label carefully before use, Store in a cool dry place away from direct sunlight, Keep out of reach of the children"
https://www.1mg.com/otc/witzion-xxl-grey-lumbo-sacral-back-support-belt-otc513867,Witzion Lumbo Sacral Back Support Belt,Witzion,It is used to provide support to the lower spine area and also helps in reducing the back pain.,,Use as directed in the manual.,"Read the label carefully before use, Keep out of reach of children, Avoid any physical damage"
https://www.1mg.com/otc/jark-pharma-sandhan-lep-otc606769,,Jark Pharma Pvt. Ltd.,,,,
https://www.1mg.com/otc/mgrm-abdominal-belt-0603-small-otc390460,,MGRM Medicare Ltd.,,,,
https://www.1mg.com/otc/dr-med-ankle-support-dr-a004-xl-black-otc377563,,A-MI Global Co Ltd,,,,
https://www.1mg.com/otc/jain-pain-off-tablet-otc497786,Jain Pain Off Tablet,Sri Jain Ayurvedic Pharmacy,,"Shuddha Guggulu Commiphora Wightii Musthak Brassica Nigra Shunti Zingiber Officinalis Maricha Piper Nigrum Pippali Piper Longum Erandamool Ricinus Communs Arjuna Terminalia Arjuna Trivrut Operculina Tupethum Suranjan Colchicum Luteum Lashun Allium Sativum, Garlic Gokshuru Tribulus Terrestris Ashwagandha Withania Somnifera Punernava Boerrhavia Diffuesa Vidanga Pureria Tuberosa Rasna Pluchea Lanceolata Yavakshar Hordeum Vulgare Ajamoda Carum Roxburghianum.",One to two tablets twice a day after meals.,
https://www.1mg.com/otc/lp-937-sacro-lumbar-support-with-stays-large-otc331363,,LP Support,,,,
https://www.1mg.com/otc/remedo-knee-support-pair-large-otc390075,,Remedo Wellness Pvt Ltd,,,,
https://www.1mg.com/otc/agrow-ramastra-plus-pain-oil-120-ml-each-otc930635,Agrow Ramastra Plus Pain Oil,Agrow Healthcare Pvt Ltd,,"Kuchla, Kaifal, Saunth, Ashwagandha, Yograj Guggal, Harrad, Peepal Choti, It is highly effective in providing relief from back pain, knee pain, shoulder pain, elbow pain, neck pain, waist pain, cervical spondylitis, tennis elbow, arthritis, and sciatica, It can help to improve microcirculation and remove membrane pathology, This product helps to maintain the integrity of bone tissue",Massage with 4-5 ml of oil on the affected area until the skin absorbs the oil. Cover the massaged area with a cloth. Repeat the process 2-3 times a day.,"Read the label carefully before use, Store in a cool and dry place away from direct sunlight, Keep out of reach of the children"
https://www.1mg.com/otc/dr-physio-usa-electric-heat-shiatsu-machine-body-massagers-otc491640,,"Nureca Limited, India",,,,
https://www.1mg.com/otc/jointflex-pain-relief-cream-30gm-each-otc603846,Joint Flex Pain Relief Cream,Strides Consumer Pvt Ltd,,"Glucosamine, Chondroitin Sulfate, Provides relief from the pain associated with arthritis and joint degeneration, It quickly penetrates the top 2 skin layers to deliver pain-relievers right to the pain sources, Useful in relieving muscle sprains and strains, Provides relief from all type of joint pains, Fortified with glucosamine to repair and regenerate joint cartilage for long-lasting relief from pain, Comes in a pack of 6 tubes of 30 gms each","Clean, rinse and dry the affected part prior to application, Apply a small quantity on the affected area and massage till absorbed","Read the label carefully before use, Use under medical supervision, Store in a cool and dry place away from direct sunlight, Keep away from children, For external use only"
https://www.1mg.com/otc/wellon-elastic-tubular-anklet-as-01-small-otc387592,Wellon Elastic Tubular Anklet AS-01,Mana Medical,It is used to provide support and stability in the case of sprains and strains in the ankle region.,"Provides graduated compression to the affected area, Designed with four way stretchable fabric, Facilitates comfort in sprains and strains",Use as per requirement or as directed by the physician.,"Read the label carefully before use, Store in a cool dry place away from direct sunlight, Keep out of reach of the children, Avoid physical damage"
https://www.1mg.com/otc/aurthot-multipurpose-cold-pack-universal-otc389270,Synergy Multipurpose Cold Pack,Aurthot Surgicals (OPC) Private Limited,"It is useful in the case of swelling, pain, sore muscles and body stiffness.",,Use as per requirement or as directed by the physician.,"Read the label carefully before use, Store in a cool dry place away from direct sunlight, Keep out of reach of the children, Avoid physical damage"
https://www.1mg.com/otc/smart-care-classic-hot-water-bag-blue-both-side-ribbed-otc372960,Smart Care Classic Hot Water Bag Plain,Saify Health Care and Medi Devices India Pvt Ltd,It helps reduce muscle aches and pains,"Safely contains water of various temperatures, The ribbed surface helps to avoid contact burn, It helps in muscle relaxation, The hot water bag has an ergonomic construction, Relieves arthritic and rheumatic pains, High quality guaranteed hot rubber bag, leak-proof, colourful, easy to clean and keeps water hot for a longer time","When filling the bottle, do not use boiling water, Fill to a maximum of two-thirds capacity, Check the bottle for any leakage by holding the bottle in an upside-down position, Expel air by lowering carefully onto a flat surface until water appears at the opening, Screw the stopper sufficiently tight to ensure that there is no leakage","Read the label carefully before use, Store in a cool and dry place, away from sunlight, Keep out of reach of children, Do not use boiling water, Expel air by towelling carefully onto a flat surface until water appears at the opening"
https://www.1mg.com/otc/aroma-treasures-eucalyptus-essential-oil-otc485015,,Aroma Treasures Pvt Ltd,,,,
https://www.1mg.com/otc/adel-natrum-silicicum-dilution-30-ch-otc327348,ADEL Natrum Silicicum Dilution,Adel Pekana Germany,,"Natrum Silicatum, 10 ml, Liquid, Highly effective in restricting abnormal and profuse nose bleeding, Helps manage conditions of haemophilia such as longer bleeding periods after an injury, An excellent remedy to provide relief from symptoms of glandular infections, Used for high fever, sore throat and weakness associated with glandular infections, Relieves joint pains associated with weakened bone density, It can also be used to manage skin disorders such as eczema and psoriasis",Use as directed by a healthcare professional,"Read the label carefully before use, Store in a cool and dry place, Protect from direct sunlight, Avoid any strong smells in the mouth, such as coffee, onion, hing, mint, camphor, garlic, etc., while taking the medicine, Keep at least half an hour gap between food/drink / any other medicines and allopathic medicines"
https://www.1mg.com/otc/jjw-mart-chamomile-otc509472,,JJW & Brothers Pvt Ltd,,,,
https://www.1mg.com/otc/vaidhyashala-mahamash-tail-otc491429,Vaidhyashala Mahamash Tail,Namo Gange Wellness Pvt Ltd,,"Ashwagandha, Urad, Til, This oil may help in reducing joint pains, It helps to reduce all kinds of body pains, It reduces backache and helps in cases of epilepsy",As directed by the healthcare professional.,"Read the label carefully, Store in a cool, dry place, Keep out of reach of children, Do not exceed the recommended dose"
https://www.1mg.com/otc/genugrip-hb-hinged-knee-brace-xxl-left-otc392415,,Dynamic Techno Medicals Pvt. Ltd.,,,,
https://www.1mg.com/otc/p-care-a1018-taylor-brace-large-otc658651,,PR Flexmake Private Limited,,,,
https://www.1mg.com/otc/mgrm-0104-soft-collar-small-otc390532,MGRM Soft Collar 0104,MGRM Medicare Ltd.,"It is used in lateral muscle spasm (Wry Neck), mild sprain and strain and wrong neck posture.","Soft foam collar with unique contour and fine resiliency offers warm comfort and snug fit around the neck, Fine, knitted fabric cover absorbs sweat and remains skin friendly, Pediatric - 2.5 - 3.0 Inches, Small - 3.0 - 3.5 Inches, Medium - 3.5 - 4.0 Inches, Large - 4.0 - 4.5 Inches","Look for the 'Inside Up' label on the collar, By keeping center of the collar under the chin, apply velcro closure for proper fit, If you are not able to fix the velcro in this position, keep the velcro loop and hook ends in the front, close the collar, and then rotate to bring the center of the collar under the chin","Hand wash using cold water and mild soap, Air dry in shade, Do not brush hard, Do not squeeze, No machine wash"
https://www.1mg.com/otc/jsb-hf111-shiatsu-leg-massager-yellow-otc835775,JSB HF111 Shiatsu Leg Massager,JSB Healthcare,,"Promote blood circulation:It helps promote blood circulation in men and women and relieve tired foot muscles; this massager can grip foot and calf muscles which can effectively replicate a massage therapist’s hand massage, Multiple usage and portable:It effectively massages foot, ankle, and calf and is effective in varicose veins, foot pain, calf pain, arthritis, and knee pain and can be used while sitting on a chair or while reclining on a sofa, Leg massager machine can recline upto 45 degrees so that you can use it while sitting/reclining, It comes with a 15-minute auto-off technology, Expert foot roller reflexology massage technology with airbags for maximum coverage of the foot",Use as directed in the user manual.,Read the instructions carefully before use
https://www.1mg.com/otc/genugrip-hb-hinged-knee-brace-large-left-otc392412,,Dynamic Techno Medicals Pvt. Ltd.,,,,
https://www.1mg.com/otc/mothercare-leg-and-foot-cooling-spritz-otc349441,,Mothercare,,,,
https://www.1mg.com/otc/aayulife-namo-s-zero-pain-oil-otc508486,Aayulife Namo's Zero Pain Oil,Aayulife Care,,"Piper nigrum, Piper longum, It helps to reduce joint pain and inflammation, It improves mobility and flexibility of joints, It provides a warming and soothing effect on the affected area, It enhances blood circulation in the affected area",Gently massage the oil on the affected area twice a day or as directed by a healthcare professional.,For external use only
https://www.1mg.com/otc/umpl-pain-relief-ortho-oil-otc551993,Umpl Pain Relief Ortho Oil,Umpl India,,"Clove, Tulsi, Babool, Pudina, Gulab, Nirgundi, Tumburu, Neem, It can help to reduce arthritis and joint pains, It can help to make your joints more flexible and increase their mobility, It helps to reduce swelling, strains, and cramps around the joints, It also helps to reduce stiffness around the joints and the cuff muscle and make movement easier, It can help to maintain your bone and joint wellness, It can help to reduce sprains, backaches and spondylitis as well",Apply a generous amount of the ortho oil to the required or affected areas and gently massage to reduce pain,"Store in a cool, dry place, Keep it away from direct sunlight, Keep out of reach of the children"
https://www.1mg.com/otc/mgrm-rib-belt-female-0402-medium-otc390700,,MGRM Medicare Ltd.,,,,
https://www.1mg.com/otc/mgrm-c.a.s.h-orthosis-0514-small-otc390522,,MGRM Medicare Ltd.,,,,
https://www.1mg.com/otc/freedol-pain-reliever-oil-otc670824,Freedol Pain Reliever Oil,Corolla Pharmaceutical Pvt Ltd,,"Saunth, Ajwain, Siras, Nirgndi, Sarpagandha, Kuchla, Saindhu namak, Nilgiri oil, Till oil, Nirgundi helps to mitigate joint pain and muscle spasms in those who have arthritis, Nilgiri oil helps to reduce pain and inflammation associated with many conditions, The oil helps soothe frozen shoulders and relieves sciatica pain",As directed by the physician,"Read the label carefully before use, Store in a cool and dry place away from direct sunlight, Keep out of reach to children"
https://www.1mg.com/otc/asterveda-dmso-dimethyl-sulfoxide-otc686240,Asterveda DMSO (Dimethyl Sulfoxide),Asterveda Healthcare Pvt Ltd,,"Dimethyl Sulfoxide, Dimethyl Sulfoxide is specifically used to relieve the pain and fasten up the healing of wounds, burns, and musculoskeletal injuries, Can be used for conditions such as headache, rheumatoid arthritis, eye problems, scars, scleroderma (a disease that causes scar tissue to form in the skin), inflammation and osteoarthritis, It has been used as a chemical solvent for a long time. Therefore, DMSO (Dimethyl Sulfoxide) is intended to be served as a solvent only, Natural products extracted from trees and aids medicines to penetrate the skin for better results",,"Read the label carefully before use, Store in a cool and dry place away from direct sunlight, It is not all intended to diagnose, treat, cure, or prevent any disease, Keep out of children's reach"
https://www.1mg.com/otc/sofskin-icy-blue-analgesic-gel-otc660871,Sofskin Icy Blue Gel,Kim Lab,,"It contains analgesic properties, highly useful in relieving pains associated with rheumatism and arthritis, It provides cooling, soothing relief from pain in the back, joints and musculoskeletal pains, Helps to manage pains caused due to sprains or injuries and is useful in sports related injuries, It has a pleasant fragrance and it penetrates deep into the skin and provides temporary relief from minor aches and pains in muscles and joints","Apply on dried, affected area or as directed by the physician.","Read the label carefully before use, For external use only, Avoid contact with the eyes, Keep out of the reach of children, Store in a cool dry place away from direct sunlight and heat"
https://www.1mg.com/otc/medtrix-wrist-cock-up-splint-universal-beige-otc503793,Medtrix Wrist Cock-Up Splint Universal Beige,Medtrix,It is a wrist cock up splint that helps stabilise the wrist area and prevents the joint from moving out of place.,"Helps maintain bone alignment, It can help diminish pain and protect the injury, It can help with surrounding muscular weakness in the wrist, It is beneficial for post-surgical healing",Use as directed,"Read the label carefully before use, Store in a cool and dry place, away from sunlight, Keep out of reach of children"
https://www.1mg.com/otc/naturoman-cajeput-pure-natural-essential-oil-otc486897,Naturoman Cajeput Pure and Natural Essential Oil,Naturoman,,"Cajeput, Treatment of coughs, colds, sore throat, sinusitis, and asthma, Remedy for problems like muscle aches, rheumatism, toothaches, It is also known to reduce the pain associated with headaches","Dilute oil with water or any other oil, Consume as a tonic or inhale as an expectorant, It can also be used in diffusers","Should be used under the guidance of a trained herbalist, It is not recommended to be used by pregnant women or on babies, Do not take internally or apply undiluted directly on the skin, Keep out of the reach of children"
https://www.1mg.com/otc/ayur-sesha-care-fit-pain-relief-oil-otc796087,Ayursesha Care Fit Oil,Ayursesha,,"Jojoba, Ginger, Peppermint, Wintergreen, Clove bud, It helps reduce inflammation, It may also help in providing relief from joint pain, The oil may aid in relieving stress and headaches, It helps relax the mind and improves sleep quality",As prescribed by the physician,"Read the label carefully before use, Store in a cool and dry place, away from sunlight, Keep out of reach of children, Use under medical supervision, Don’t exceed the recommended dosage"
https://www.1mg.com/otc/asist-orthopaedic-knee-heating-belt-otc375407,,Asist Healthcare,,,,
https://www.1mg.com/otc/wellon-hyper-extension-brace-a.s.h-brace-he-01-universal-otc387384,,Mana Medical,,,,
https://www.1mg.com/otc/anti-ar-pain-management-tablet-otc945787,Anti-AR Pain Management Tablet,Pathak Ayurvedic Pharmacy,,,,
https://www.1mg.com/otc/dr-med-full-open-patella-knee-wrap-dr-k009-universal-blue-otc377490,,A-MI Global Co Ltd,,,,
https://www.1mg.com/otc/earthpulse-pro-otc515682,,EarthPulse,,,,
https://www.1mg.com/otc/amron-xamax-abdominal-belt-medium-otc428917,,Xamax Ergonomics Pvt. Ltd.,,,,
https://www.1mg.com/otc/swarajya-swara-pain-relief-oil-otc482854,,Swarajya India Enterprises,,,,
https://www.1mg.com/otc/dr.-thangs-batnashak-batika-60-each-otc882503,Dr. Thangs Batnashak Batika (60 Each),Doctor Thangs,,"Maha Yograj Guggul, Maha Rasandi Quath, Kala Zeera, Salai Guggul, Tagara, Dev Daru, Ashwagandha, Abhrak Bhasam, Shilajit, Kasis Bhasma, This herbal blend caters to joint pain and inflammation of the area, It soothes knee and lumbar pain, It helps with joint cartilage regeneration, strains, sprains, frozen shoulder and muscle pull, It also addresses lumbar spondylitis and cervical spondylitis","1 tablet twice a day with water, Or as advised by your healthcare practitioner","Read the label carefully before use, Store in a cool and dry place, away from sunlight, Keep out of reach of children, We do not promote self-medication, Always consult your health care provider, nutritionist, or doctor before use, If you are pregnant, nursing or taking any medication, consult your doctor before use"
https://www.1mg.com/otc/witzion-functional-knee-support-xl-black-otc513556,,Witzion,,,,
https://www.1mg.com/otc/medtrix-functional-open-patella-hinge-knee-support-large-beige-otc503662,,Medtrix,,,,
https://www.1mg.com/otc/runtej-pain-gel-otc517006,Runtej Pain Gel,Parsham Group,,"It helps provide relief from muscle and joint pain, It soothes sore muscles and reduces inflammation, It helps improve circulation and promote healing, It helps relieve stiffness and improves mobility, It provides a cooling and soothing sensation",,"For external use only, Do not apply to open wounds or damaged skin, Read the label carefully before use"
https://www.1mg.com/otc/mgrm-heel-cup-single-1101-medium-left-otc390589,,MGRM Medicare Ltd.,,,,
https://www.1mg.com/otc/rhue-oil-ayurvedic-strong-pain-relief-joint-care-oil-otc256957,Rhue Oil,Ban Labs,,,Gentle massage on the affected part so as to facilitate penetration or as directed by the physician.,
https://www.1mg.com/otc/diclowin-carbofast-multi-pain-relief-spray-otc342736,,Wings Biotech Ltd,,,,
https://www.1mg.com/otc/vissco-3d-ankle-support-stretchable-ankle-support-for-injured-ankles-arthritic-pain-swelling-small-otc448801,Vissco 2709 Pro 3D Ankle Support,Vissco Rehabilitation Aids Pvt. Ltd.,Primarily used to gain relief from inflammatory conditions of the ankle joints which cause great pain and swelling.,"It relieves arthritic pains and keeps joints and muscle flexible, Its rubber ring helps guide the patella position, Provides better support to the knees for side to side movement and even during normal walking, Proper use of this product protects the knees and joints from any injury causing incident",Read the instruction manual for detailed use or as directed by the physician.,"Read the instruction manual carefully before use, Keep out of the reach of children, Do not wash or bleach"
https://www.1mg.com/otc/wellon-compression-stockings-mid-thigh-stk02-xxl-otc387726,Wellon Compression Stockings (Mid Thigh) STK-02,Mana Medical,It helps to support and reduce the pain in ankles and reduces the varicose pain and also improves the comfort and stability.,,,"Read the manual carefully before use, Keep out of reach of the children"
https://www.1mg.com/otc/tynor-k-09-heel-cup-silicone-pair-medium-otc335737,Tynor K-09 Heel Cup Silicon (Pair),Tynor Orthotics Pvt. Ltd.,"Anatomically designed for better comfort and fitting, it provides even pressure distribution throughout.","Made of silicon with the high cushioning coefficient, Next to natural adipose, shock absorption & energy return, They include a softer center pad which absorbs excess pressure over the heel, Thin Construction, can easily be put into shoes, Convenient and comfortable",Use as per requirement or as directed by the physician.,"Read the label carefully before use, Keep out of the reach of children, Store in a cool and dry place"
https://www.1mg.com/otc/aroma-magic-head-ache-curative-oil-otc538138,Aroma Magic Head Ache Curative Oil,Blossom Kochhar Aroma Magic,,"Lavender essential oil, Basil extracts, It helps relax the body and the mind, It is formulated with lavender essential oil, basil essential oil, ginger oil, and many other potent ingredients, It helps soothe the nerves, This formula helps reduce stress and anxiety, It helps promote sound sleep and fights insomnia and headaches",Use as per requirement,"Read the label carefully, Store in a cool, dry place, Keep out of reach of children, For external use only"
https://www.1mg.com/otc/diclofam-gel-otc427356,,Abbott,,,,
https://www.1mg.com/otc/madhivala-liniment-otc358122,,Remedies Pharmaceuticals (India) Ltd,,,,
https://www.1mg.com/otc/lyra-healthcare-lumbar-back-support-belt-xl-beige-otc412736,,Lyra Healthcare,,,,
https://www.1mg.com/otc/vissco-2710-pro-3d-ankle-support-with-gel-padding-xl-otc448839,Vissco 2710 Pro 3D Ankle Support with Gel Padding,Vissco Rehabilitation Aids Pvt. Ltd.,"It is used to facilitate relief from discomfort in case of plantar fasciitis, joint pain, sprains, swelling, tendonitis, muscle weakness.",,Use as per requirement or as directed by the physician.,"Read the label carefully before use, Store in a cool dry place away from direct sunlight, Keep out of reach of the children, Avoid physical damage"
https://www.1mg.com/otc/fevoron-gel-otc347780,,Fitwel Pharmaceuticals Private Limited,,,,
https://www.1mg.com/otc/wellon-adjustable-pouch-arm-sling-tropical-pas-02-small-otc387681,Wellon Adjustable Pouch Arm Sling- Tropical PAS-02 S,Mana Medical,Adjustable sling provides a protective pouch to replace the conventional sling for broken or injured arms,"The pouch arm sling provides comfortable support for either right or left arm, Externally supports the arm during recuperation form a fracture, sprain or injury, Made from laminated foam bonded fabric, Inner layer bonded with cotton fabric for coolness and comfort",Read instruction for more details.,Keep out of reach of children
https://www.1mg.com/otc/wellon-knee-immobilizer-short-kb02-xl-otc387590,Wellon Knee Immobilizer Short KB-02,Mana Medical,"Helps to immobilize the knee, Helpsin reducing pain by restricting the movement of the knee after operation, Helps in the case of knee braces, Helps in relieving the pain associated by a sprain, strains, etc.","It comes in many colors, It is active support wear, Act as a support gear",Read the manual or use as directed by the physician,"Read the label carefully before use, Store in a cool and dry place away from direct sunlight, Keep away from children, Do not exceed the recommended dosage, Take under medical supervision only"
https://www.1mg.com/otc/longlife-oct-010-arm-sling-support-xl-blue-otc492481,,Veridicus Health Care Pvt Ltd,,,,
https://www.1mg.com/otc/dr-med-ankle-brace-dr-a011-xxl-blue-otc377587,,A-MI Global Co Ltd,,,,
https://www.1mg.com/otc/asist-orthopaedic-cervical-heating-collar-otc375420,Asist Orthopaedic Cervical Heating Collar,Asist Healthcare,The electric heating collar for relief in cervical pain.,"Size:Universal, The collar has a belt type design for hands-free use, Easy to wear, The belt is crafted with leatherette material on the outside to prevent heat loss, enhancing the efficiency of the heating process, The inner side is made of fur fabric, which helps to retain warmth even after switching off the heating function, The inclusion of fur inside ensures utmost comfort during use, enhancing the overall user experience",As directed by the healthcare professional or instructed in an instruction manual.,"Read the label carefully before use, Store in a cool and dry place, away from sunlight, Keep out of reach of children"
https://www.1mg.com/otc/jamna-vatantak-gold-tablet-otc648149,Jamna Vatantak Gold Tablet,Jamna Herbal Research Limited,,"Kutaki, Brihat Vatchintarmani ras, Nirgundi, Ashwagandha, Ekangweer ras, Yograj Guggulu, Rasna, Dashmool, May help alleviate rheumatic ailments, Can aid in improving blood circulation, Might help support liver health and enhance appetite",1-2 tablets with milk 2-3 a day or as directed by the physician.,"Read the label carefully before use, Store in a cool and dry place, Keep out of reach of children"
https://www.1mg.com/otc/witzion-functional-knee-support-xxxl-beige-otc513617,,Witzion,,,,
https://www.1mg.com/otc/p-care-a1014-back-wrap-neoprene-small-otc658557,,PR Flexmake Private Limited,,,,
https://www.1mg.com/otc/vissco-5602-platinum-wrist-splint-binder-with-silicone-pressure-pad-large-right-otc448724,Vissco 5602 Platinum Wrist Splint Binder with Silicone Pressure Pad,Vissco Rehabilitation Aids Pvt. Ltd.,"It helps to facilitate support and stability to the wrist and is useful for painful, swollen, or weak joints.",,Use as per requirement or as directed by the physician.,"Read the label carefully before use, Store in a cool dry place away from direct sunlight, Keep out of reach of the children, Avoid physical damage"
https://www.1mg.com/otc/nature-green-relax-king-pain-relief-oil-otc652801,Nature Green Relax King Pain Relief Oil,Nature Green Pvt. Ltd.,,"Guggulu, Shallaki, Eranda Moola, Nirgundi, Rasna, Dashamula, Brutruni Oil, Nilgiri Oil, Pudina Oil, Turpentine Oil, Karpoora, Relax King relieves sprain and muscular spasm, thereby gives quick relief, Relax King nourishes the joints, prevents degeneration and helps to repair the damage by increasing blood circulation, Lubricates and strengthens the bones, muscles, joints","Apply sufficient quantity over the affected part followed by gentle massage and fomentation, Use Relax King regularly for about 5-6 months depending on the severity of the pain twice daily and followed by warm fomentation","Read the label carefully before use, Store in a cool and dry place away from direct sunlight, Keep out of reach of the children"
https://www.1mg.com/otc/arthocurex-gel-otc955757,Arthocurex Gel,Millibolt Healthtech Pvt. Ltd.,,"Eucalyptus Oil (Eucalyptus tereticornis), Vitamin D (Ergocalcifereol), Curcumin (Curcuma longa), Clove oil (Syzygium aromaticum), Menthol (Mentha piperita), Gel Base, Arthocurex Gel helps reduce pain, swelling and inflammation in the joints, It promotes joint flexibility and motility, Antioxidant properties help protect joints from oxidative stress, inflammation, and enzymes that damage joints, It supports healthy joint function","Apply to the affected area, Or as advised by your healthcare practitioner","Read the label carefully before use, Store in a cool and dry place, away from sunlight, Keep out of reach of children"
https://www.1mg.com/otc/witzion-functional-knee-support-xxl-beige-otc513610,,Witzion,,,,
https://www.1mg.com/otc/naturoman-nutmeg-pure-and-natural-essential-oil-otc486699,Naturoman Nutmeg Pure and Natural Essential Oil,Naturoman,,"Nutmeg, It removes toxins from the liver and kidney, It helps in the treatment of muscle and joint pain, It helps in treating rheumatic pains. toothaches, and body aches, It treats mental conditions like anxiety, restlessness, mood swings and tensions, It helps in providing relief for gastrointestinal disorders and kidney problems","Dilute the oil either with water or any other oil, Can be used in diffusers","Should be used after the guidance of a trained herbalist, Should not be used by pregnant women, and on babies., Do not take internally or apply undiluted from directly on the skin., Do not inhale the oil"
https://www.1mg.com/otc/rexo-fever-down-gel-filled-cold-pack-otc494284,Rexo Fever Down Gel Filled Cold Pack,Rexo Products,It gives orthopaedic support with cold compression,,Use as directed on the label,"Read the product label carefully before use, Store in a cool and dry place away from direct sunlight, Keep out of reach of children, Do not use if the product appears to be tampered with or the seal is broken"
https://www.1mg.com/otc/dominion-care-foot-massager-otc515794,Dominion Care Foot Massager,Kapil Plastic Mould,"The product is primarily used to massage the feet, ankles and calves.","Designed to massage the feet, ankles and calves, It aids in relieving foot pain and easing muscular pain, The device may help to improve the blood circulation, It may assist in soothing the ankle pain",Use as per requirement or as directed by the physician.,"Read the label carefully before use, Keep out of the reach of children, Store in a cool dry place away from direct sunlight"
https://www.1mg.com/otc/innovision-antistress-massage-oil-otc342442,,Innovision Healthcare Pvt Ltd.,,,,
https://www.1mg.com/otc/healthgenie-wrist-brace-with-thumb-support-beige-otc399636,,Healthgenie India Pvt Ltd,,,,
https://www.1mg.com/otc/samson-ab-0201-abdominal-belt-gold-xl-grey-otc487992,Samson AB-0201 Abdominal Belt (Gold),Samson Scientifics & Surgicals,It is used to provide support to the abdominal area and also helps in dealing with back pain.,,Use as directed in the manual or as advised by the healthcare professional,"Read the label carefully before use, Keep out of reach of children, Keep away from physical damage"
https://www.1mg.com/otc/mgrm-ankle-support-0802-universal-otc390486,,MGRM Medicare Ltd.,,,,
https://www.1mg.com/otc/dr-med-wrist-splint-standard-dr-w021-large-black-right-otc377471,,A-MI Global Co Ltd,,,,
https://www.1mg.com/otc/runtej-ortho-balm-otc517003,Runtej Ortho Balm,Parsham Group,,"It helps ease conditions such as stiffness, muscular pain, backache, knee pain, elbow pain and other joint discomforts, It stimulates blood flow and helps improve joint mobility and flexibility, It may help reduce inflammation and soreness, It helps stimulate recovery and provides relief from minor joint conditions, It gets absorbed into the skin easily","Apply the required amount on the affected area, Or as advised by your healthcare practitioner","Read the label carefully before use, Store in a cool and dry place, away from sunlight, Keep out of reach of children"
https://www.1mg.com/otc/dyna-3d-knitted-knee-cap-medium-maroon-right-otc392357,,Dynamic Techno Medicals Pvt. Ltd.,,,,
https://www.1mg.com/otc/wellon-knee-immobilizer-short-kb02-small-otc387586,Wellon Knee Immobilizer Short KB-02,Mana Medical,"Helps to immobilize the knee, Helpsin reducing pain by restricting the movement of the knee after operation, Helps in the case of knee braces, Helps in relieving the pain associated by a sprain, strains, etc.","It comes in many colors, It is active support wear, Act as a support gear",Read the manual or use as directed by the physician,"Read the label carefully before use, Store in a cool and dry place away from direct sunlight, Keep away from children, Do not exceed the recommended dosage, Take under medical supervision only"
https://www.1mg.com/otc/walpar-noni-capsule-otc526097,Walpar Noni Capsule,Walpar Healthcare,,"Noni, The capsule helps in the detoxification of the body, Helps to strengthen the immune system, It assists in lowering the risk of gout which is a kind of arthritis that causes joint pain, Contains analgesic properties thus helpful in the case of arthritis, Facilitates reduction of uric acid in the blood, Works as a moisturizer for the skin and has the ability to repair and replenish it, Noni contains tumour-fighting properties",As directed by the physician.,"Read the label carefully before use, Store in a cool dry place away from direct sunlight, Keep out of reach of the children, Use under medical supervision"
https://www.1mg.com/otc/acupressure-slipper-with-accu-point-unistar-otc518403,,Kapil Plastic Mould,,,,
https://www.1mg.com/otc/health-roots-migoherb-capsule-otc690174,,Herbific (P) Ltd,,,,
https://www.1mg.com/otc/ramshree-ayurvedic-sansthan-go-migraine-capsule-otc871018,Ramshree Ayurvedic Sansthan Go Migraine Capsule,Ramshree Ayurvedic Sansthan,,"Centella Asiatica, Convolvulus pluricaulis, Glycyrrhiza Glabra, Oroxylum Indicum Vent, Rauwolfia Serpentina, Cinnamomum Zeylanicum, Phyllanthus Emblica, Terminalia Chebula, Terminalia Bellirica, Withania Somnifera, Bacopa Monnieri, The capsules help in the prevention of chronic headaches, They work on different types of headaches like cluster headaches, tension headaches, sinusitis headaches, stress headaches and severe headaches, They work directly on the root cause of the headache and not just the symptoms, The ingredients help provide relief from the sensation of heat and pressure at the top of the head, The formulation eases cerebral congestion, aversion to light and pain above the eyes",Take a capsule twice a day with lukewarm water or as prescribed by the physician,"Keep out of reach of children, Store in a cool and dry place, Read the label before use, Do not exceed the recommended dosage"
https://www.1mg.com/otc/marcogesic-oil-otc233642,,Marc Laboratories Pvt Ltd,,,,
https://www.1mg.com/otc/jsb-hf05-leg-and-foot-massager-otc835765,JSB HF05 Leg and Foot Massager,JSB Healthcare,"Massages leg and helps relieve pain, muscle soreness, stiffness, and improves blood circulation.","Promote blood circulation:It helps promote blood circulation in men and women and relieve tired foot muscles; this massager can grip foot and calf muscles which can effectively replicate a massage therapist’s hand massage, Leg Foot Massager:It comes with rubber kneading pads to effectively massage the foot, ankle, and calf at the same time and a relaxing reflexology vibration plate on the sole with 2 heavy-duty motors to provide superior performance, Multiple usage and portable:It effectively massages foot, ankle, and calf and is effective in varicose veins, foot pain, calf pain, arthritis, and knee pain and can be used while sitting on a chair or while reclining on a sofa, Technical Details:This foot massager is made of acrylonitrile butadiene styrene, with black–silver colour coating that reclines up to 45 degrees while functioning, and has three modes of vibration and 3 modes of kneading",Use as directed in the user manual.,Read the instructions carefully before use
https://www.1mg.com/otc/sleepsia-premium-quality-thick-contour-gel-infused-pillow-large-off-white-grid-fabric-otc504640,,Sleepsia India Pvt Ltd,,,,
https://www.1mg.com/otc/rexo-multipurpose-handy-hot-and-cold-pad-otc493544,Rexo Multipurpose Handy Hot and Cold Pad,Rexo Products,"It provides soothing heat and cooling relief, It helps alleviate pain and reduce inflammation, It promotes relaxation and comfort","It is effective in relieving muscle aches, joint pain, and stiffness, It reduces swelling and inflammation associated with injuries, It can be used for relaxation and stress relief, It is easy to use and adjust the temperature as needed","Hot Therapy: Heat the pad in a microwave according to the instructions provided. Test the temperature before applying it to the desired area. Apply the pad to the affected area for a specified duration or as recommended by a healthcare professional, Cold Therapy: Place the pad in a refrigerator or freezer until it reaches the desired coolness. Apply the cold pad to the affected area for a specified duration or as recommended by a healthcare professional","Always follow the heating or cooling instructions provided with the pad to prevent overheating or freezing, Use a protective cover or cloth between the pad and the skin to avoid direct contact and prevent burns or frostbite, Do not apply the pad to open wounds or broken skin., If you experience any discomfort or adverse reactions, discontinue use and consult a healthcare professional."
https://www.1mg.com/otc/lp-789-ice-and-hot-pack-otc331353,LP #789 Ice and Hot Pack,LP Support,"It is used to provide relief in the case of tired, aching, injured muscles.","It is a re-usable Gel Pack which is covered by exclusive sate-of-the-art, closed-cell neoprene, laminated with ""outergrid"" nylon to ensure long-wear durability, Ice and hot pack may be used for both ice and thermal therapy, It reduces inflammation following injury or surgery, Thermal therapy helps promote soothing relief from tired, aching, injured muscles",Use as per requirement or as directed by the physician.,"Read the label carefully before use, Store in a cool dry place away from direct sunlight, Keep out of reach of the children, Avoid physical damage"
https://www.1mg.com/otc/lifelong-llm189-rechargeable-knee-massager-brown-otc530453,Lifelong LLM189 Rechargeable Knee Massager Brown,Lifelong Online Retail Pvt Ltd,,"Enhances blood and oxygen flow to the knee, Useful in relieving knee injuries, arthritis joint pains, swelling in the knees/joints or frozen shoulder and oedema, It can operate on five different frequency levels level 1 - 3520, level 2 - 3750, level 3- 3910, level 4- 4210, level 5- 4530, It can be worn on the knee with the circumference of up to 50cm, Has a portable design and is easy to use, It can operate for up to 1.5 hours when charged for 4.5 hours",Read the instruction’s manual for usage directions.,"Read the label carefully before use, Keep away from children, For external use only, Use under medical supervision, Protect from physical damage, Store in a clean and dry place"
https://www.1mg.com/otc/aneta-combo-pack-of-1-neta-gel-30gm-and-2-netaspray-55gm-each-otc962418,Aneta Combo Pack of Neta Gel (30gm) and Neta Spray (55gm),Aneta Pharmaceuticals Pvt. Ltd,,"Diclofenac Diethylamine IP Equivalent To Diclofenac Sodium, Linseed Oil, Methyl Salicylate, Menthol, Benzyl Alcohol, Gel Base, Diclofenac is a nonsteroidal anti-inflammatory drug (NShelp) that is commonly used for its analgesic (pain-relieving) and anti-inflammatory properties. It may help in reducing pain, inflammation, and swelling, Linseed oil, also known as flaxseed oil, is rich in omega-3 fatty acids. It has anti-inflammatory properties and may help in reducing pain and inflammation, Methyl salicylate is a topical analgesic that is often used for its pain-relieving properties. It may provide temporary relief from minor aches and pains, Menthol is a cooling agent that can provide a soothing sensation and temporary relief from pain. It is commonly used in topical analgesics for its numbing effect, Benzyl alcohol is a mild local anaesthetic that may help in reducing pain and discomfort when applied topically",Apply over the affected area or as directed by a healthcare professional,"Store in a cool and dry place, Protect from light, Do not freeze, Keep out of reach of children, Not for veterinary use, For external use only"
https://www.1mg.com/otc/amron-xamax-anklet-xxxl-otc421666,,Xamax Ergonomics Pvt. Ltd.,,,,
https://www.1mg.com/otc/cura-eucalyptus-oil-otc706591,,Cura Ayurvedic & Unani Ltd,,,,
https://www.1mg.com/otc/p-care-c3022-round-ring-pillow-universal-otc659208,P+caRe C3022 Round Ring Pillow Universal,PR Flexmake Private Limited,"It is used to get relief during Coccyx fracture, tail bone pain, SI joint pain, pain due to piles, bedsores etc.","Features a round shape to ensure comfortable positioning, Provides an anatomical fit, It is indicated for Coccyx fracture, tail bone pain, SI joint pain, pain due to piles, bedsores etc.",Sit on the pillow such that the tail bone rests within the ring and there is no pressure on the tail bone.,"Read the label carefully before use, Store in a cool and dry place away from direct sunlight, Keep out of reach of the children, Please seek advice from a physician or qualified health professional on the medical condition and its usage"
https://www.1mg.com/otc/neemkaroli-herbals-divya-ortho-nadi-yog-capsule-otc911231,Neemkaroli Divya Ortho Nadi Yog Capsule,Neemkaroli Panchkarma & Ayurved Pvt. Ltd.,,"Nirgundi, Ashwagandha ,Rasna, Giloy, Haritiki, Bhibhitaki ,Amalaki, Vach, Neemkaroli Divya Ortho Nadi Yog Capsule is believed to provide support for strong joints and orthopaedic well-being. It may help to maintain joint health and promote flexibility, The capsule may have properties that help in relieving joint pain. It could potentially provide relief from arthritis pain, stiffness, and inflammation, Neemkaroli Divya Ortho Nadi Yog Capsule may support joint flexibility, helping to improve mobility and ease of movement, This herbal supplement might be beneficial for various musculoskeletal issues, such as sprains and other inflammatory conditions related to the musculoskeletal system",1-2 capsules twice a day with water or as directed by a healthcare professional,"Read the label carefully before use, Do not exceed the daily recommended dosage, Keep out of reach of children, Store in a cool, dry place, away from direct heat and sunlight"
https://www.1mg.com/otc/lp-110xt-x-tremus-ankle-support-single-xl-otc331160,LP #110XT X-Tremus Ankle Support Single,LP Support,It is recommended in ankle sprain and instability.,"Double-Eight Stable Contoured Structure provides maximum stability to help prevent the ankle sprain, J-shape silicone pad around heel cord serves gently massages to reduce ankle pain and swelling, Plantar Magic Power Band preserves energy consumption when dorsi flexed and enhances sports explosive motion while plantar flexing, Durable Fitting Knit with high permeability fabric ensures wearing durability and breathability",Use as per requirement or as directed by the physician.,"Read the label carefully before use, Keep out of the reach of children, Store in a cool dry place away from direct sunlight"
https://www.1mg.com/otc/ack-ack-gel-otc446661,,Unique Life Sciences (P) Ltd,,,,
https://www.1mg.com/otc/herbal-swadeshi-giloy-ras-otc453492,,Herbal Swadeshi Bhandar,,,,
https://www.1mg.com/otc/artium-plus-capsule-otc465456,,Novolix Pharmaceuticals,,,,
https://www.1mg.com/otc/samson-wr0806-tennis-elbow-support-with-pressure-pad-xl-otc348981,Samson WR0806 Tennis Elbow Support with Pressure Pad Medium,Samson Scientifics & Surgicals,Helps to support elbow pain or injury.,"Adjustable Size:The support comes with an adjustable design, allowing users to customize the fit for optimal comfort. This feature is beneficial for individuals with different forearm and elbow sizes, Skin-Friendly:The material used in the support is skin-friendly, minimizing the risk of irritation or discomfort during use. This is important for individuals with sensitive skin, Crochet Technology:The support is crafted using crochet technology. This results in an air-permeable fabric that enhances ventilation, reducing the accumulation of sweat. This can be particularly advantageous during physical activities, Soft Support:While providing support to the affected area, the product is designed to be soft, allowing for a degree of flexibility and natural movement. This feature can be crucial for individuals who need support without restricting their range of motion, Tested Fabrics:The fabrics used in the product are tested for antifungal and antibacterial properties. This helps in maintaining hygiene and preventing potential skin issues, Commonly Used By Various Individuals:The support is mentioned to be commonly used by tennis players, golfers, racquet players, and industrial workers. It indicates versatility in its application for those engaging in activities that may strain the forearm and elbow","Remove the cap and gently squeeze and massage smoothly into the required portion, In case of use with condom, just smooth over the condom when it is already on","Keep out of the reach and sight of children, Read the label carefully before use, Store in a cool dry place and away from direct sunlight, Use within three months of opening, The gel is non-sticky and won't stain but to avoid contact with the eyes is advised, In case of any irritation stop the use and if the irritation continues, or additional lube is required all the time then visit a doctor"
https://www.1mg.com/otc/lifelong-ll81-foot-massager-brown-otc530380,Lifelong LL81 Foot Massager Brown,Lifelong Online Retail Pvt Ltd,"Provides relaxing massage experience, Relieves stress from the body and improves blood circulation and muscle motion","Works on acupuncture points of the foot and relieve pain, Designed with kneading discs which remove fatigue and rejuvenates the body, Has heat function to which improve blood circulation and movement of muscles, It has an LED display and easy to use remote control operation, Designed with washable fabric that can be cleaned, Powerful kneading effect and heat effect (heats up to 45 degrees) relaxes the body","Ensure that the device is switched off before plugin, Put your feet and calves in the black cloth area, Switch on the device by sliding the switch to ON position, You can change the settings by clicking on these buttons, Switch to manual mode and adjust heat, vibration and speed oncalves and feet","Read the label carefully before use, Do not stand on, or exert excessive pressure on the massager, it can slow down or stop the machine, You may feel itchy while use. Do not worry as this is due to improvedcirculation, Do not use the massager on wet body and in a wet place, Those suffering from cancer, osteoporosis, tumours, high fever or pregnancymust consult a doctor before use, Do not sleep while using the massager, Store in a clean and dry place"
https://www.1mg.com/otc/lp-945-shin-sleeve-xl-otc331380,LP #945 Shin Sleeve,LP Support,It is used to boost your circulation and created to use during the workout when the muscles are tired and painful.,,"Measure around mid-section of the shin, while in a standing position and wear accordingly.","Read the label carefully before use, Keep out of reach of the children, Store in a cool dry place"
https://www.1mg.com/otc/vaquita-velvet-electric-heating-bag-otc783729,Vanquita Electric Heating Bag,Fuse Fitness Guru Pvt. Ltd.,As per convenience,,Plug it into the socket and wait till it becomes warm enough for your liking. Unplug and use as per your convenience,"Read the product label carefully before use, Heating gel inside is toxic and should not be consumed in any case, Unplug it before using"
https://www.1mg.com/otc/vissco-5602-platinum-wrist-splint-binder-with-silicone-pressure-pad-medium-left-otc448711,Vissco 5602 Platinum Wrist Splint Binder with Silicone Pressure Pad,Vissco Rehabilitation Aids Pvt. Ltd.,"It helps to facilitate support and stability to the wrist and is useful for painful, swollen, or weak joints.",,Use as per requirement or as directed by the physician.,"Read the label carefully before use, Store in a cool dry place away from direct sunlight, Keep out of reach of the children, Avoid physical damage"
https://www.1mg.com/otc/lp-943-elbow-support-single-medium-otc331376,LP #943 Elbow Support,LP Support,It is used to provide elbow pain relief by giving stable compression during your entire day of daily activity.,,Measure around the elbow joint and wear accordingly.,"Read the label carefully before use, Keep out of reach of the children, Store in a cool dry place"
https://www.1mg.com/otc/ageasy-knee-pain-relief-patch-otc946498,AGEasy Knee Pain Relief Patch,Antara Assisted Care Services Limited,,,,
https://www.1mg.com/otc/dr.-relief-cervical-pillow-pink-otc508122,,Dr Relief and Traders,,,,
https://www.1mg.com/otc/rublin-liniment-100-ml-each-otc955703,Rublin Liniment,Kesar Herbals,,"Mahanarayan tail, Mahavishgarbh oil, Til tail, Kapoor, Pudina phool, Nilgiri tail, Wintergreen oil, The ointment may provide relief from back, muscle, joint, knee, back, shoulder and neck pain, It helps manage sports injuries such as muscle pulls, cramps, sprains, and strains, The formulation may help to deal with joint and muscle disorders, The formula penetrates deep into the skin to reduce inflammation and pain",Apply on the affected area and massage gently,"Keep out of reach of children, Store in a cool and dry place, For external usage only, Read the label before use"
https://www.1mg.com/otc/metabolic-life-sciences-hicomit-pain-oil-otc918270,Metabolic Life Sciences Hicomit Pain Oil,Velnex Medicare India Pvt Ltd,,"Eucalyptus oil, mahanarayan oil, black cumin oil, garlic oil, lemongrass oil, turmeric oil, lavender oil, menthol oil, sesame oil, castor oil, til oil, bakuchi oil, karpura, ajwain, shallaki oil., It is a powerful formula that is composed of ayurvedic and natural ingredients, It contains the goodness of eucalyptus oil, mahanarayan oil, black cumin oil, and many other potent ingredients, This oil helps reduce rheumatoid and arthritic pain, It helps provide relief to the muscles and strengthens the tissues, It helps bring flexibility and mobility to the body",As directed by the healthcare professional.,"Read the label carefully before use, Store in a cool and dry place, Keep away from direct sunlight"
https://www.1mg.com/otc/comprezon-classic-varicose-vein-stockings-above-knee-1-pair-small-beige-otc390151,Comprezon Classic Varicose Vein Stockings Above Knee (1 Pair),Dynamic Techno Medicals Pvt. Ltd.,These stockings are used to relieve from the symptoms and progression of varicose veins.,"Helps prevent pooling of blood in legs which causes varicose veins, Designed to apply high compression to the ankle, knee and thigh promoting blood to flow back up to the leg, It is manufactured using German machinery and imported raw materials aiding in accurate pressure required for each indication of varicose vein, The ankle circumference in cms for size small is 19-23, medium is 23-26, large is 26-29, X-Large is 29-31 and XXLarge is 31-34",Read the user manual for usage instructions.,"Read the user manual carefully before use, Keep out of the reach of children, Store in a cool dry place away from direct sunlight"
https://www.1mg.com/otc/fullstop-arthritis-joint-pain-relief-500mg-tincture-otc547471,Fullstop Arthritis & Joint Pain Relief 500mg Tincture,Fullstop,,"Pure hemp extract, It includes the benefits of pure hemp to reduce pain, Hemp extract helps reduce arthritis and joint pain, It contains anti-inflammatory properties",As directed by a healthcare professional,"Read the label carefully before use, Store in a cool and dry place, away from sunlight, Keep out of reach of children, Use under medical supervision, Don't exceed the recommended dosage"
https://www.1mg.com/otc/witzion-knee-brace-medium-beige-otc514123,,Witzion,,,,
https://www.1mg.com/otc/mgrm-wrist-cock-up-splint-0307-large-right-otc390720,MGRM Wrist & Cock Up Splint 0307,MGRM Medicare Ltd.,It is mainly used to support and grip your wrist and arm.,"It is a pre-shaped mouldable splint made of light metal that maintains dorsiflexion, It is made of high-quality, coated fabric with a foam pad and sweat-absorbing lining for comfortable support, It is specially designed for the right and left arms, It has a hole for thumb insertion and easy splint movement","First, select the proper size for your wrist. Then insert the thumb of the injured hand into the hole and lock your wrist with the velcro loops.","Keep out of reach of the children, It should not be machine washed, It must not be brushed hard, It should not be squeezed"
https://www.1mg.com/otc/boiron-kali-carbonicum-multi-dose-approx-80-pellets-30-ch-otc407701,,Boiron Laboratories Pvt Ltd,,,,
https://www.1mg.com/otc/deemark-ortho-balm-premium-50gm-each-otc945321,Deemark Ortho Balm Premium,Deemark Health Care Pvt Ltd,,"Tail Parna Tail, Tejovathi, Tejpatta, Sati, Karpura, Pudina, Gandhpura, White Petroleum Jelly",Apply the balm 3-4 times a day with a light massage,
https://www.1mg.com/otc/sleepsia-standard-memory-foam-infused-gel-pillow-xl-embossed-white-fabric-otc504662,,Sleepsia India Pvt Ltd,,,,
https://www.1mg.com/otc/lp-110xt-x-tremus-ankle-support-single-medium-otc331158,LP #110XT X-Tremus Ankle Support Single,LP Support,It is recommended in ankle sprain and instability.,"Double-Eight Stable Contoured Structure provides maximum stability to help prevent the ankle sprain, J-shape silicone pad around heel cord serves gently massages to reduce ankle pain and swelling, Plantar Magic Power Band preserves energy consumption when dorsi flexed and enhances sports explosive motion while plantar flexing, Durable Fitting Knit with high permeability fabric ensures wearing durability and breathability",Use as per requirement or as directed by the physician.,"Read the label carefully before use, Keep out of the reach of children, Store in a cool dry place away from direct sunlight"
https://www.1mg.com/otc/divjot-s-alivion-herbal-pain-relief-oil-otc835245,Divjot's Alivion Herbal Pain Relief Oil,Divjot Enterprises,,"Sarala, Nigiri, Dalchini, Methi Dana, Ratanjot, Kari Patta, Eranda, Tulsi, Menthol, Hali, Guggal, Mahanarayan, Long, Ajwain, Jaiphal, Pine Oil, Pudina, Binaula, Til Oil, Kapoor, Effective in relieving joint and muscular pain, Useful for back, shoulder, head, neck and knee pains, Helps to reduce inflammation or swelling of joints and reduce stiffness, Improves blood circulation around the muscles and is helpful for sprains, strains and leg cramps, Helpful for conditions like gout and arthritis",Apply an adequate amount of oil onto the affected area 2-3 times a day after washing and drying the part,"Store in a cool and dry place away from direct sunlight, Read the product label carefully before use, Keep out of reach of children, For external use only"
https://www.1mg.com/otc/tynor-a-29-lumbo-lacepull-brace-special-otc345479,Tynor A-29 Lumbo Lacepull Brace Universal,Tynor Orthotics Pvt. Ltd.,"It ergonomically braces waist, requires lesser force for old aged users to achieve high compression and immobilization. Recommended specifically for postoperative stabilization and multi level decompression.",,Use as per requirement or as directed by the physician.,
https://www.1mg.com/otc/mgrm-lumbo-sacral-belt-0511-xxxl-otc390630,MGRM Lumbo Sacral Belt 0511,MGRM Medicare Ltd.,It relieves pain and ease tension in the lower back,,"Wrap the product around the lumbo sacral region, Make sure that the triangular pad is positioned in the lumbo sacral region, While applying ensure that the fastening handles with Velcro come in the front, Use the finger pockets for easy application, Stretch out both ends of the product and fasten the Velcros","Keep out of the reach of children, Store in cool and dry place, Should be protected from sunlight"
https://www.1mg.com/otc/aurthot-spoon-splint-finger-splint-otc389340,,Aurthot Surgicals (OPC) Pvt Ltd,,,,
https://www.1mg.com/otc/imc-pain-away-oil-otc333734,,IMC Pvt.Ltd.,,,,
https://www.1mg.com/otc/bjain-cholesterinum-dilution-6-ch-otc439359,Bjain Cholesterinum Dilution,Bjain Pharmaceuticals Pvt. Ltd.,,,,
https://www.1mg.com/otc/p-care-c3002-knee-padded-sleeve-xxl-otc658837,,PR Flexmake Private Limited,,,,
https://www.1mg.com/otc/medtrix-varicose-vein-stocking-xxl-beige-premium-otc503789,Medtrix Varicose Vein Stocking,Medtrix,The product is primarily used in relieving post-surgical pain and pain due to varicose veins and restricted blood circulation.,"It helps to stop varicose veins from getting worse, The product provides consistent pressure to the legs, It helps to alleviate pain and reduce pain and discomfort, The product aims to offer compression and support, It assists in improving the blood circulation",Use as per requirement or as directed by the physician.,"Read the label carefully before use, Store in a cool dry place away from direct sunlight, Keep out of reach of the children, Avoid physical damage"
https://www.1mg.com/otc/the-lifekart.in-migraine-relief-10-days-kit-30-chewable-tablet-10-probiotic-sachet-otc710930,,Lancer Pharma,,,,
https://www.1mg.com/otc/sleepsia-standard-memory-foam-infused-gel-pillow-medium-polka-dot-blue-white-fabric-otc504671,,Sleepsia India Pvt Ltd,,,,
https://www.1mg.com/otc/lp-130xt-x-tremus-wrist-brace-xxl-otc331485,LP #130XT X-Tremus Wrist Brace,LP Support,It is useful in providing relief in instability on the wrist and preventing wrist injuries.,"It is used to treat slight distortions, sprains and strains in the wrist, It helps treat Tendonitis, bursitis and osteoarthritis of the wrist",Use as per requirement or as directed by the physician.,"Read the label carefully before use, Keep out of the reach of children, Store in a cool dry place away from direct sunlight"
https://www.1mg.com/otc/enac-excel-gel-otc492438,,Universal Impex,,,,
https://www.1mg.com/otc/dr-ortho-crepe-bandage-10x4-otc451696,Dr Ortho Crepe Bandage (10 X 4),Dr Ortho Ayurvedic,"It is used to aid in the recovery from painful joints, sprains, strains, dislocations, sports injuries and varicose veins.","Compression Bandage:Which can be used for all Orthopaedic and general use including strains and sprains, High Quality Crepe Bandage:Manufactured according to D.I.N/B.I.S Specifications non fraying edges, Cotton Fabric:Made of Cotton fabric which is soft on the skin and does not cause any irritation","Wrap Dr Ortho Bandage around the affected area, Take caution while wrapping, if fasten tightly then it may obstruct blood circulation, When the bandage is wrapped around completely, use pin at the end to hold, Washing instructions: Wash in luke warm water, dry on flat surface, squeeze gently, do not stretch, do not Iron","Avoid physical damage, Read the label carefully before use, Store in a cool dry place away from direct sunlight, Keep out of reach of the children"
https://www.1mg.com/otc/witzion-functional-knee-support-xxl-black-otc513558,,Witzion,,,,
https://www.1mg.com/otc/witzion-functional-knee-support-xl-grey-otc513643,,Witzion,,,,
https://www.1mg.com/otc/capsitop-spray-otc275820,,Stedman Pharmaceuticals Pvt Ltd,,,,
https://www.1mg.com/otc/mgrm-knee-support-0701-small-otc390614,,MGRM Medicare Ltd.,,,,
https://www.1mg.com/otc/painout-oil-otc559070,,Ethix Healthcare,,,,
https://www.1mg.com/otc/olisure-massage-oil-otc739575,Olisure Massage Oil,North Corp Life Sciences,,"Olive oil, This potent formula promotes the wellness of the bones, It enhances the health of the tissues and joints, This oil is beneficial for improving mobility, It strengthens and energises the body",Follow the instructions on the label or follow the healthcare professional's directions.,"Read the label carefully, Solely meant for external use, Store in a cool, dry place, Keep out of reach of children"
https://www.1mg.com/otc/greenkure-pain-relief-oil-50-ml-each-otc893578,Greenkure Pain Relief Oil,Paras Products,,"Oil base, Pudina, Kapur, Nilgiri, Laung oil, Sugandhi, It is a vegan-friendly non-sticky oil, It has a refreshing aroma and has no toxic elements, It is beneficial for joint pain, muscular pain, body stiffness and headache, It is also useful for gym workouts and cold",As directed on the label,"Read the label carefully before use, Store in a cool and dry place away from direct sunlight, Keep out of reach of children"
https://www.1mg.com/otc/walkjoint-tablet-otc889339,Walkjoint Tablet,Science Kind Pharmaceuticals,,"Glucosamine sulphate 2KCl, Chondroitin sulphate sodium, Methylsulfonylmethane, Improves synovial fluid and increases joint mobility and thus, helps improve joint health, Helps to repair cartilage, boost joint mobility, increase joint flexibility, support joint structure, protect joint tissue and reduce inflammation, Useful for joint pain, joint stress and joint stiffness, The powerful nutrients in this formula help to rebuild and maintain joint flexibility, Also aids in preventing the breakdown of collagen, This product can ease the pain and discomforts that come with age, weight or athletic deterioration of the joints in the body",2 tablets per day or as directed by the specialist.,"Store in a cool and dry place away from direct sunlight, Read the product label carefully before use, Keep out of reach of children, Do not exceed the recommended dosage"
https://www.1mg.com/otc/netagel-quick-relief-from-muscle-joint-pain-gel-30gm-each-otc930143,Netagel Quick Relief from Muscle & Joint pain Gel (30gm Each),Aneta Pharmaceuticals Pvt. Ltd,,"Diclofenac Diethylamine, This gel is designed to provide quick relief from muscle and joint pain, Its formulation is optimised for rapid action, making it an effective solution for alleviating various types of discomfort, including body pain, back pain, strains, and inflammation, The gel harnesses the benefits of diclofenac diethylamine and is known for its potent anti-inflammatory and pain-relieving properties, which help target the root causes of pain and reduce inflammation, One of the advantages of this gel is its ability to get absorbed quickly into the skin tissues; this efficient absorption ensures that the active ingredients reach the affected areas swiftly, enhancing the speed at which it begins to work",Apply on the targetted areas.,"Read the label carefully, Store in a cool, dry place, Keep out of reach of children, Maintain hygiene"
https://www.1mg.com/otc/thermacare-heat-wraps-for-lower-back-and-hip-l-xl-otc887747,Thermacare Heat Wraps for Lower Back and Hip L-XL,That's My Stuff,Helps relieve muscle pain,"Back Pain Heat Wraps:These air activated Heat Wraps provide up to 16 hours of pain relief. Set Includes 5 Lower Back wraps (L/XL Size), Advanced Design:Single use wraps that are thin enough to be worn discreetly. Heat cell placement that stays close to your skin; Designed to adapt to your movements and easy readjustment, Effective Pain Relief:Wraps provide heat where you need it; Drug free, discreet and portable, so you can use them anywhere, It helps target Body Aches, Pains, & Arthritis, Therapeutic Heat:Our patented technology produces heat to help your body rebuild damaged tissue & accelerate healing, Real Heat, Real Healing:Heat therapy helps to ease muscle pain, reduce soreness, and loosen tight muscles by blocking pain signals & improving circulation & flexibility",Use as per requirement,"Read the label carefully before use, Keep out of reach of children"
https://www.1mg.com/otc/natural-harmony-pain-relieving-oil-roll-on-60ml-each-otc875432,Natural Harmony Pain Relieving Oil Roll On,Meraal Overseas,,"Oleum Therebin, Thinae, Gandhapura, Eucalypti, Kapoor, Myristicae, Peppermint, Visha Garbhae, Cinnamomi, Ajowan Phool, Podina Phool, It can help to reduce neck pain, back pain and joint pain, It also helps to manage sprains and muscular pain, It can help in increasing muscle flexibility",Apply oil on the affected area with a roll-on applicator 3 to 4 times a day,"Store it in a cool and dry place, Keep it away from direct sunlight, Keep it away from the reach of the children"
https://www.1mg.com/otc/acupressure-foot-roller-plastic-power-otc518722,Acupressure Foot Roller,Kapil Plastic Mould,Use it to massage your feet at your convenience.,,Place feet with gentle pressure using to and fro action for a few minutes every day to get relief from stress and tension.,"Store in a cool and dry place away from direct sunlight, Read the product label carefully before use, Keep out of reach of children"
https://www.1mg.com/otc/sannap-female-period-cramp-relief-roll-on-otc518252,SanNap Female Period Cramp Relief Roll On,Sannap Healthcare,,"SanNap Female Period Cramp Relief Roll On is beneficial for relieving menstrual pain and discomfort, It aids in soothing lower back pain, may improve mood swings and also provides faster results, It contains eucalyptus extract which aids in relaxing muscles, and lavender extract helps in easing pain",Use as directed on the label or as advised by your physician.,"Read the label carefully before use, Do not exceed the recommended dosage, Store in a cool and dry place away from direct sunlight, Keep out of reach of children"
https://www.1mg.com/otc/aquagel-innovations-multipurpose-handy-gel-pack-otc514179,Aquagel Innovations Multipurpose Handy Gel pack,Balaji Innovations,"It is design to provide instant relief from pain, swelling, and inflammation.",,Use as directed on the product manual.,Read the instructions carefully before use
https://www.1mg.com/otc/dr.-thangs-batnashak-batika-60-each-otc882506,Dr. Thangs Batnashak Batika (60 Each),Doctor Thangs,,"Maha Yograj Guggul, Maha Rasandi Quath, Kala Zeera, Salai Guggul, Tagara, Dev Daru, Ashwagandha, Abhrak Bhasam, Shilajit, Kasis Bhasma, This herbal blend caters to joint pain and inflammation of the area, It soothes knee and lumbar pain, It helps with joint cartilage regeneration, strains, sprains, frozen shoulder and muscle pull, It also addresses lumbar spondylitis and cervical spondylitis","1 tablet twice a day with water, Or as advised by your healthcare practitioner","Read the label carefully before use, Store in a cool and dry place, away from sunlight, Keep out of reach of children, We do not promote self-medication, Always consult your health care provider, nutritionist, or doctor before use, If you are pregnant, nursing or taking any medication, consult your doctor before use"
https://www.1mg.com/otc/dr.-ethix-s-indian-tiger-pain-10gm-each-otc820563,Dr. Ethix's Indian Tiger Pain,Dr. Ethix's Product & Services Pvt Ltd,,"Chinchadi Thylam, Kottam Chukkadi, Naraya Thylam, Karpooram, Grampoo, Helps to relieve the joint pain of rheumatoid arthritis, Effective for inflammations of sprains and strains, Helps with neck pain, headache and other muscular pains, Useful for colds, coughs, sore throat, congestion and runny nose",Apply onto the affected area as frequently as possible and massage gently,"Store in a cool and dry place away from direct sunlight, Read the product label carefully before use, Keep out of reach of children"
https://www.1mg.com/otc/migraelief-device-for-migraine-otc860113,Migraelief Device,Bramhansh Technologies Pvt Ltd,"It is used to relieve acute headaches and severe migraine pain, Daily usage leads to a reduction in the reoccurrence of migraine attacks and helps provide pain relief, Used at night for natural sleep induction and quality sleep","This migraine relief/treatment device helps to provide relief from chronic headaches and inflammation It promotes blood circulation and soothes the ocular muscles, This portable migraine device comes with a compatible app, with a wide range of programs, The intensity of sound waves can be adjusted by the user, also there are different frequency modes that can be selected via app",Use as directed on the label,"Store in a dry and hygienic place, Read the label before use, Keep out of reach of small children"
https://www.1mg.com/otc/aquagel-innovations-soft-pvc-orthopedic-electric-belt-big-white-otc514163,Aquagel Innovations Soft PVC Orthopedic Electric Belt,Balaji Innovations,It is used for providing relief from back pains and related discomfort.,"This belt is designed to provide relief from lower back pain and discomfort with its advanced orthopedic support, The belt features a soft and flexible PVC material that conforms to the body for a comfortable and secure fit, while the adjustable straps allow for customised compression and support, With its built-in electric heating system, the belt delivers therapeutic heat to the affected area, helping to improve circulation, reduce inflammation, and promote healing, Additionally, it comes with a convenient controller for easy temperature adjustments",Use as directed on the label,"Read the label carefully before use, Store in a cool and dry place, away from sunlight, Keep out of reach of children, For external use only"
https://www.1mg.com/otc/efficascent-boost-pain-relief-massage-roll-on-otc838442,Efficascent Boost Pain Relief Massage Roll-On,IPI India Pvt Ltd,,"Menthol, Eucalyptus Oil, Camphor, It can help to reduce pain and stiffness in your back and neck, It can help to improve motions and flexibility of joints and eases movement, It also provides relief from shoulder pain, joint pain, muscle pain, and minor stomach and abdominal pain, It also reduces minor itching problems",Apply a liberal amount by rolling on the affected muscle and gently massage using a massage cap to achieve penetration. Repeat as necessary.,"Keep out of reach of children, Do not use on children below 2 Years old"
https://www.1mg.com/otc/samson-ca0102-cervical-collar-soft-with-support-medium-beige-otc487949,Samson Cervical Collar,Samson Scientifics & Surgicals,"Also called as Neck Brace, it is a medical device which is used to support a person’s neck, especially for people who suffered a traumatic head or neck injury.","Hypoallergenic materials:ensure no rash or allergy even on prolonged use, compatible for geriatric use, improves compliance, Tracheotomy opening:allows use along with endotracheal tube, improves air ventilation, comfort and compliance, Two-piece design:allows easy application, firm occipital support, option for varying rigidity, Ethafoam body:is light in weight, nonabsorbent, ensures easy cleaning and maintenance",Read the user manual for details on how to use.,"Read the user manual carefully before use, Keep out of the reach of children"
https://www.1mg.com/otc/tci-star-health-hot-water-bag-red-otc544035,TCI Star Health Hot Water Bag,TCI Star Health Products,"It is used to give relief from arthritic pain, rheumatic and back pain.",,"When filling the bottle, do not use boiling water, Fill to a maximum of two-third capacity, Check the bottle for any leakage by holding the bottle in an upside-down position, Expel air by lowering carefully onto a flat surface until water appears at the opening, Screw the stopper sufficiently tight to ensure that there is no leakage","Store in a cool and dry place, Read the manual carefully, Keep out of the reach of children"
https://www.1mg.com/otc/remedo-arm-sling-pouch-small-otc390098,,Remedo Wellness Pvt Ltd,,,,
https://www.1mg.com/otc/wellon-elastic-knee-support-knee-cap-ks-04-xxl-otc387668,,Mana Medical,,,,
https://www.1mg.com/otc/lenvitz-gel-cushion-otc399201,,Lenvitz Medical Solutions Pvt Ltd,,,,
https://www.1mg.com/otc/witzion-xl-beige-contoured-lumbar-sacral-back-support-belt-otc513891,,Witzion,,,,
https://www.1mg.com/otc/lifelong-llm180-electric-handheld-full-body-massager-brown-otc530449,Lifelong LLM180 Electric Handheld Full Body Massager Brown,Lifelong Online Retail Pvt Ltd,,"Helps in improving blood circulation and relaxes muscles, Has 5 different massage heads which can operate at different speeds, 6 different massage modes which provide a real massaging experience, Helps in burning extra fat, Useful in toning arms, thighs, hips, buttocks and stomach and chest","Attach mesh cover to the massager, Twist and pull out mesh cover, For locking, twist right and lock mesh cover to massager for use, Attach massage head for usage","Read the label carefully before use, Keep away from children, For external use only, Avoid contact with water, Store in a clean and dry place"
https://www.1mg.com/otc/aruba-essentials-combo-pack-of-basil-oil-black-cumin-seed-oil-15ml-each-otc488091,Aruba Essentials Combo Pack of Basil Oil & Black Cumin Seed Oil (15ml Each):,Kamatri Corporation Pvt Ltd,,"It has calming and uplifting properties, It has anti-inflammatory and anti-bacterial properties, It also posesses anti-viral properties, It is rich in antioxidants, It has anti-inflammatory properties, It also posesses antimicrobial properties",,
https://www.1mg.com/otc/dyna-3d-knitted-knee-cap-xl-black-left-otc392313,,Dynamic Techno Medicals Pvt. Ltd.,,,,
https://www.1mg.com/otc/bjain-lobelia-inflata-dilution-1000-ch-otc439330,Bjain Lobelia Inflata Dilution,Bjain Pharmaceuticals Pvt. Ltd.,,,,
https://www.1mg.com/otc/aurthot-stax-mallet-finger-splint-otc389348,,Aurthot Surgicals (OPC) Pvt Ltd,,,,
https://www.1mg.com/otc/3m-coban-wrap-1584-otc393927,3M Coban Wrap 1584,3M India Limited,Used to secure dressings and other devices,"It is super soft and comfortable to wear, It is made from a skin-friendly and absorbent material, It offers firm support and compression to the affected area, It provides the desired amount of compression at the time of application, It relieves muscle strain and joint pain, It helps reduce swelling and provides warmth and firm support to the affected area",Use as directed on the label.,"Read the label carefully before use, Store in a cool and dry place, Keep out of reach of children"
https://www.1mg.com/otc/vandelay-magic-mate-body-massager-cherry-pink-otc656786,Vandelay Magic Mate Body Massager Pink,SFT Technologies Pvt Ltd,It is used to relax the body after a long and tiring day.,"28 vibration modes and 8 speeds and is easy to tailor to the body's needs, Product Dimensions : ‎ 4.5 x 4.5 x 14 cm; 0.14 g, Easy to hold with medical-grade silicon and is a skin-friendly massager, It is non-toxic, water-resistant and easy to clean, Comes with a bendable head for full body use, 360° massager head rotation, Great for back, shoulder, neck, feet making it very relaxing and comfortable, Long-life battery and quick charging, Cordless use with a rechargeable USB cable, Can be charged via laptop, power bank, adaptor and car charger, Comes with a convenient carry bag, The massager is a portable product that is quiet and lightweight with vibrant colours",Use as directed.,"Read the label carefully before use, Store in a cool and dry place away from direct sunlight, Keep out of reach of the children, Avoid exposing the charging point to water"
https://www.1mg.com/otc/lp-941-knee-support-elastic-single-xxl-otc331385,LP #941 Knee Support Elastic,LP Support,"It is designed to help prevent injuries, reduce pain, and play sports. It can be used while performing leg press while running on the treadmill, mountain climbing and hiking.",,Measure the circumference of the knee at the patella with the knee fully extended and wear accordingly.,"Read the label carefully before use, Keep out of reach of the children, Store in a cool dry place"
https://www.1mg.com/otc/estaright-spray-55gm-each-otc961934,Estaright Spray (55gm Each),Estapro Pharmaceuticals Private Limited,,"Diclofenac Diethylamine IP (Eq. to Diclofenac Sodium) 2.32%, Methyl Salicylate IP 10%, Menthol IP 5%, Provides targeted relief to specific areas of the body where pain or discomfort is experienced, Effective in managing various types of musculoskeletal pain, including neck pain, back pain, muscle pain, joint pain, ankle pain, shoulder pain, and wrist pain, Easy-to-use spray application for quick and hassle-free pain relief","Shake well before each use, Hold the can upright and spray the can from the face, Spray the contents on the affected area 3-4 times a day or as directed by the physician, Cover the sprayed area with a cloth to improve drug penetration and effectiveness, Do not spray on open wounds","Read the label carefully before use, Store in a cool and dry place, away from sunlight, Keep out of the reach of children, Pressurised container, Keep away from direct sunlight, live electrical equipment and heat, Do not spray on an open flame, Do not expose to temperatures above 50°C, Do not freeze, Store below 30°C"
https://www.1mg.com/otc/lp-943-elbow-support-single-large-otc331377,LP #943 Elbow Support,LP Support,It is used to provide elbow pain relief by giving stable compression during your entire day of daily activity.,,Measure around the elbow joint and wear accordingly.,"Read the label carefully before use, Keep out of reach of the children, Store in a cool dry place"
https://www.1mg.com/otc/vaidyaratnam-balarishtam-otc604797,Vaidyaratnam Balarishtam,Ashtavaidyan Thaikkattu Mooss Vaidyaratnam Pvt Ltd,,"Sida cordifolia, Jaggery, This potent formulation helps the body deal with rheumatoid arthritis, It protects the bones and joints, It keeps the cartilages stabilised, This formulation improves mobility and energy",As directed by the healthcare professional.,"Read the label carefully, Do not exceed the recommended dose, Keep away from direct sunlight, Store in a cool, dry place"
https://www.1mg.com/otc/aroma-treasures-ginger-essential-oil-otc485024,,Aroma Treasures Pvt Ltd,,,,
https://www.1mg.com/otc/amron-xamax-ls-belt-contour-medium-otc421568,,Xamax Ergonomics Pvt. Ltd.,,,,
https://www.1mg.com/otc/greenkure-ayurvedic-pain-reliever-oil-otc387422,Greenkure Ayurvedic Pain Reliever Oil,Paras Products,,"Nilgiri Oil (Eucalyptus Oil), Laung ka tel (Clove Oil), Pudina ka Phool (Mint), Nirgundi ka tel, Oil of Winter Green, and Kapur, Greenkure Ayurvedic Pain Reliever Oil offers versatile relief from various types of discomfort, including backaches, body stiffness, muscular pain, headaches, colds, sprains, bruises, and more, Unlike some traditional pain relief oils, Greenkure's formula is non-sticky, ensuring comfort and ease of application. It absorbs quickly into the skin, leaving no residue behind, making it suitable for use anytime, anywhere, The oil boasts a refreshing aroma, derived from its natural ingredients such as Eucalyptus Oil, Clove Oil, Mint, and Winter Green Oil. This aroma provides a pleasant sensory experience, contributing to an overall feeling of well-being, Greenkure is composed of pure natural ingredients, ensuring that users receive prompt relief without the worry of harmful chemicals or additives","Apply Greenkure Ayurvedic Pain Reliever Oil to the affected area of the body and gently massage if necessary, For relief from the stuffy nose during cold, roll Greenkure on a handkerchief and inhale at regular intervals as comfortable, Post-exertion such as long journey, trekking and tiresome sports, massage the body with few drops of Greenkure and bath with lukewarm water to experience instantaneous relaxation","Read the label carefully before use, Store in a cool and dry place, away from sunlight, Keep out of reach of children"
https://www.1mg.com/otc/amron-xamax-tennis-elbow-support-large-otc421731,,Xamax Ergonomics Pvt. Ltd.,,,,
https://www.1mg.com/otc/rsg-painrid-capsule-otc496260,,RSG Herbal House,,,,
https://www.1mg.com/otc/tynor-i66-medical-compression-stocking-below-knee-high-class-1-pair-medium-otc335789,Tynor I-66 Medical Compression Stocking Below Knee High Class 1 (Pair),Tynor Orthotics Pvt. Ltd.,It helps to support and reduce the pain in ankles and reduces the varicose pain and also improves the comfort and stability.,"High quality, dermophillic, strong with long functional life, Effective and Graduated compression, Anatomical shape ensures, snug fitting and optimal grip, but no localized constrictions, Top silicone lined band ensures no slippage, Available in different compression classes ensures effective blood evacuation, Open toe design reduces wear and tear and is easy to wear, Comes with Applicator, User manual, and CD for effective management of the disease",Use as per requirement or as directed by the physician.,"Read the label carefully before use, Keep out of the reach of children, Store in a cool and dry place"
https://www.1mg.com/otc/samson-pa-2025-resistance-tube-universal-blue-otc487905,,Samson Scientifics & Surgicals,,,,
https://www.1mg.com/otc/viopatch-herbal-pain-relief-patch-large-75cm-otc356831,Viopatch Herbal Pain Relief Patch,Unexo Life Sciences Pvt. Ltd.,,"Gandhpura oil, Menthol, Camphor, Eucalyptus oil, Clove oil, It is ideally suited for patients undergoing musculoskeletal pain and similar conditions, It is a 100% herbal and waterproof supplement with zero use of chemicals, The patch is applied externally and therefore does not cause any digestive issues, This patch requires no reapplication after every few hours and infuses the medicine at a controlled rate for 12 hours, It is non-messy and non-greasy, making it easy to apply under clothing",,"Read the user manual carefully before use, Keep out of the reach of children, Store in a cool, dry place away from direct sunlight"
https://www.1mg.com/otc/painkool-ointment-otc855003,Painkool Ointment,Trrust Health Care,,"Nilgiri, Peppermint, Gaultheria, Dalchini, Tarpin, Lavang, Camphora, It provides relief from joint pain and knee pain, It is formulated with a blend of sevral natural ingredients, It is effective in providing relief from various types of pain, It is effective and easy to use and apply","Massage the ointment gently onto the affected area three times a day, or as directed by a healthcare professional.","For external use only, Store in a cool place away from direct sunlight"
https://www.1mg.com/otc/dr.-ethix-s-idham-balm-10gm-each-otc820574,Dr. Ethix's Idham Balm,Dr. Ethix's Product & Services Pvt Ltd,,"Pudina ka phool, Kapoor, Ajowan me phool, Tarpon ka tel, Effective in relieving nasal congestion, cold and cough, Helps to reduce headaches and frequent sneezing, Helpful in relieving sore throat and runny nose",To be used externally on the nose and throat,"Store in a cool and dry place away from direct sunlight, Read the product label carefully before use, Keep out of reach of children less than 2 years old, Do not heat"
https://www.1mg.com/otc/flexnest-premium-german-designed-hot-cold-head-otc834689,Flexnest Premium German Designed Hot & Cold Head,Melrose Brands Pvt. Ltd,"It is built to activate or recover muscle, allowing you to move better.","This massage gun enhances muscle recovery, It helps release stress and tension and soothe discomfort with smart percussive therapy, The massage gun comes with a heated for chemotherapy, It bears a cooled head for thermotherapy, It provides ultimate relaxation through the mode of massage",Refer to the user manual.,"Read the label carefully, Store in a clean place, Keep away from rain or sunlight, Maintain hygiene"
https://www.1mg.com/otc/vashisht-kurchi-tablet-1x-otc448384,,Vashisht Homoeopathic Pharmaceuticals,,,,
https://www.1mg.com/otc/nutree-pure-orthoil-spray-otc509716,Nutree Pure Orthoil Spray,Nutree World Life Care Pvt Ltd.,,"Guggul oil, Deodar oil, It is anti-inflammatory and helps to reduce inflammation, It helps to relax the muscle and relieve muscle pain, Helpful in relieving the pains of joint, back, neck as well as shoulder, The spray helps to increase reach to the surface area for better absorption of oil into the skin",Spray onto the affected area and gently massage till the product is completely absorbed,"Store in a cool and dry place away from direct sunlight, Read the product label carefully before use, Keep out of reach of children, For external use only, Do not apply on open wounds, cuts or diseased skin areas"
https://www.1mg.com/otc/longlife-oct-007-ankle-support-medium-skin-colour-otc490870,Longlife OCT 007 Ankle Support,Veridicus Health Care Pvt Ltd,It is used to provide optimal comfort and a great fit to help reduce ankle pain.,,Apply the anklet in a way it comes exactly in the right position on the heel and then wrap the elastic in such a way that it is comfortable to wear.,"Read the label carefully before use, Keep out of reach of children, Keep away from physical damage"
https://www.1mg.com/otc/fullstop-arthritis-joint-pain-relief-500mg-oil-otc547456,Calaxe-D Tablet,Fullstop,,"Calcium, Vitamin D3 (cholecalciferol), Zinc, Magnesium, Calcium is one of the essential macronutrients necessary for proper nerve conduction, hormone secretion, and many other vital functions in the body, Vitamin D3 belongs to the class of fat-soluble vitamins required for strengthening the bones and enables calcium and phosphorus to easily get absorbed into the body, It facilitates the proper functioning of neurons in the body, It prevents osteoporosis and strengthens the nervous and musculoskeletal systems in the body, It plays a vital role in the management of fractures and also prevents chances for recurrent fractures, Zinc enhances the bone-building cells and inhibits the formation of bone destruction cells, Magnesium plays a vital role in converting vitamin D into its active form, which aids in calcium absorption, Magnesium and zinc are crucial for the proper conduction of brain signals and processes",Use as directed by the physician.,"Read the label carefully before use, Store in a cool and dry place, away from sunlight, Keep out of reach of children, Use under medical supervision, Don't exceed the recommended dosage"
https://www.1mg.com/otc/vissco-magnetic-back-support-0104-xl-otc344521,,Vissco Rehabilitation Aids Pvt. Ltd.,,,,
https://www.1mg.com/otc/lp-693-maxwrap-single-otc331212,LP #693 Maxwrap (Single),LP Support,"It is primarily recommended in performance improvement, injury prevention, and weak/injured tissue.","Provides localized support and compression avoiding unnecessary compression of areas where it is not needed, Designed with strong non-tear fabric, It is easy to use and apply, It is multi-functional and easily re-applied, Comes with cohesive fabric does not cause pain or skin irritation, Comfortable to wear and painless to remove, Washable without loss of performance, One size fits all, reducing stock requirements",Use as per requirement or as directed by the physician.,"Read the label carefully before use, Store in a cool dry place away from direct sunlight, Keep out of reach of the children, Avoid physical damage"
https://www.1mg.com/otc/dr-med-elastic-wrist-support-dr-w011-large-beige-otc377522,,A-MI Global Co Ltd,,,,
https://www.1mg.com/otc/fleximuv-oil-otc259824,Fleximuv Oil,Cadila Pharmaceuticals Ltd,,"Commiphora mukul (Guggul), Vitex negundo (Nirgundi), Cissus quadrangularis (Asthisamhara), Costus specious (Kebuka), Melia azadirachta (Neem), Pinus longifolia (Sarala), Apium graveolens extract (Ajmoda), Cedrus deodara (Devdaru tel), Eucalyptus oil (Nilgiri tel) and Melaleuca leucadendron (Cajuput oil), 60 ml, Oil, Helps to increase the circulation of the blood and stimulate the lymphatic systems, Helps strengthen muscles and ligaments, Helps to break down adhesions and restore strength and mobility after injury, It helps maintain muscle tone and blood circulation for people confined to bed or wheelchairs for long periods, Helps in re-establishing and maintaining the postural integrity of the body. In addition, it also has an undoubted psychological effect, including a sense of ease and well-being, It may have a beneficial effect on the nervous and circulatory systems",Apply on the affected parts and massage gently,"Read the label carefully before use, Keep out of the reach of children, Store in a cool and dry place"
https://www.1mg.com/otc/remedo-knee-support-pair-xl-otc390077,,Remedo Wellness Pvt Ltd,,,,
https://www.1mg.com/otc/samson-ls0411-back-rest-support-frame-universal-grey-and-black-otc487774,Samson LS-0411 Back Rest Support (Frame) Universal Grey and Black,Samson Scientifics & Surgicals,"It is used to help treat spine that gets affected due to Osteoporosis, Arthritis and Tuberculosis. It is also helpful in providing post operative and post fracture care. It isused to provide relieve pain and stress in the spine.","It is light in weight and is portable, It comes with a washable cover, It helps in preventing jerks to the backs while travelling on bumpy roads, Helps treat discomfort or fatigue felt during travelling when one has to sit for long hours",Use as directed on the manual.,"Read the label carefully before use, Store in a cool dry place away from direct sunlight, Keep out of reach of the children"
https://www.1mg.com/otc/aktive-gel-toe-cap-otc784973,Aktive Gel Toe Cap,Beckcem Drug International Pvt. Ltd.,It protects your toe from injury or sudden shock/ trauma,"These protective toe caps are ideal to prevent rubbing between toes, It helps in relieving pain from injured toes, It protects the toe from sudden trauma or bumps, Gel-cushioning prevents damage to the toe, Reusable: Wash it with warm water and soap, then air dry",Use as directed on the label,"Read the label carefully before use, Store in a cool and dry place, away from sunlight, Keep out of reach of children, For external use only"
https://www.1mg.com/otc/dr-ortho-combo-pack-of-pain-relief-oil-60ml-spray-50ml-otc472694,Dr Ortho Combo Pack of Pain Relief Oil 120ml & Pain Relief Ointment 30gm,Dr Ortho Ayurvedic,,"Linoleic acid, Menthol, These Ayurvedic herbs have proved its efficacy in pain management, It helps to improve the condition of painful joints by directly focusing on the painful joint areas, It helps treat pains such as knee pain, low back pain, shoulder pain and other joints pains effectively",Use as directed by the physician.,"Read the label carefully before use, Do not exceed the recommended dose, Keep out of the reach of children, Store at a temperature below 25-degree Celsius, Should be protected from direct light"
https://www.1mg.com/otc/aruba-essentials-eucalyptus-oil-otc403402,,Kamatri Corporation Pvt Ltd,,,,
https://www.1mg.com/otc/dr.-reckeweg-typhodinum-dilution-30-ch-otc326361,,Dr Reckeweg & Co,,,,
https://www.1mg.com/otc/flamisun-gel-otc940934,Flamisun Gel,Medlife,,"Diclofenac Diethylamine IP Eq.to Diclofenac sodium, Virgin Linseed Oil BP, Methyl Salicylate IP, Menthol IP, Benzyl alcohol IP (As preservative), Provides effective relief from pain in joints, knees, back, neck and shoulder, Helps in reducing swelling and pain in musculoskeletal, joint, and soft tissue disorders, Effective in sprain, myositis, fibrositis and sciatica, Useful in relieving pain due to sports injuries, Absorbs quickly in the skin for instant action, Helps in relaxing muscle stiffness and provides long-lasting relief from pain, Non-sticky formula","Apply Flamisun Gel directly on the affected areas, Use 3-4 times a day or, as directed by the physician","Read the label carefully before use, Keep out of the reach of children, Use under medical supervision, Do not exceed the recommended dosage, For external use only, Replace the cap tightly, Should be applied to intact skin surfaces only and not to skin wounds and open injuries, Should not come into contact with eyes, or mucous membranes and should not be ingested, Store in a cool and dry place"
https://www.1mg.com/otc/lifelong-llm108-cushion-pillow-massager-brown-otc530432,Lifelong LLM108 Cushion/Pillow Massager Brown,Lifelong Online Retail Pvt Ltd,,"Improves blood circulation and relieves fatigue and stiffness, Kneading massage action provides relief from pain, knots and tension, Revers action enhances the massage effect, Designed with high quality breathable fabric, Heat massage feature rejuvenate body and eliminates fatigue, Simple one touch operation",Read the instruction’s manual for usage directions.,"Read the label carefully before use, Keep away from children, Protect form physical damage, For external use only, Use under medical supervision, Store in a clean and dry place, Do not operate continuously for long duration"
https://www.1mg.com/otc/wellon-knee-immobilizer-short-kb02-large-otc387588,Wellon Knee Immobilizer Short KB-02,Mana Medical,"Helps to immobilize the knee, Helpsin reducing pain by restricting the movement of the knee after operation, Helps in the case of knee braces, Helps in relieving the pain associated by a sprain, strains, etc.","It comes in many colors, It is active support wear, Act as a support gear",Read the manual or use as directed by the physician,"Read the label carefully before use, Store in a cool and dry place away from direct sunlight, Keep away from children, Do not exceed the recommended dosage, Take under medical supervision only"
https://www.1mg.com/otc/asia-biotech-neurokil-oil-otc833837,Asia Biotech Neurokil Oil,Asia Biotech Pvt Ltd,,"Menthol, Kapur, It can help to reduce joint pains, It can help to make your joints more flexible and increase their mobility, It can help to reduce swelling, strains and cramps around the joints, It also helps to reduce stiffness around the joints and the cuff muscle and make movements easier, It can also help to reduce and manage backache, It can help to reduce inflammation and maintain optimal joint health, It can also help to improve the flexibility of muscles and helps in faster recovery if there is a muscle injury",Use on the required area and massage gently.,"Store it in a cool and dry place, Keep it away from direct sunlight, Keep it away from the reach of the children"
https://www.1mg.com/otc/wellon-elastic-elbow-support-wb-07-xl-otc387556,,Mana Medical,,,,
https://www.1mg.com/otc/flexiheal-emulgel-otc446041,Flexiheal Emulgel,Vonara Bioceuticals,,"It is useful for all types of pain, It is helpful for pain and inflammation, It is beneficial for joints or muscle pain and swelling",Use as directed on the label or as suggested by health care professionals,"Store in a cool and dry place away from direct sunlight, Read the label carefully, Keep out of reach of children"
https://www.1mg.com/otc/tynor-i66-medical-compression-stocking-below-knee-high-class-1-pair-large-otc335790,Tynor I-66 Medical Compression Stocking Below Knee High Class 1 (Pair),Tynor Orthotics Pvt. Ltd.,It helps to support and reduce the pain in ankles and reduces the varicose pain and also improves the comfort and stability.,"High quality, dermophillic, strong with long functional life, Effective and Graduated compression, Anatomical shape ensures, snug fitting and optimal grip, but no localized constrictions, Top silicone lined band ensures no slippage, Available in different compression classes ensures effective blood evacuation, Open toe design reduces wear and tear and is easy to wear, Comes with Applicator, User manual, and CD for effective management of the disease",Use as per requirement or as directed by the physician.,"Read the label carefully before use, Keep out of the reach of children, Store in a cool and dry place"
https://www.1mg.com/otc/bluheat-cramp-care-self-heating-pain-relief-patches-for-period-pain-air-activated-natural-8-hours-otc926763,BluHeat Cramp Care Self-Heating Pain Relief Patch,Pantheon Pharmchem,"Try BluHeat period pain relief patches and experience the discreet, long-lasting comfort you deserve.","These are prepared with natural raw components, Menstrual cramp relief patches deliver effortless comfort, utilising heat therapy and natural ingredients to alleviate pain, These patches make it easier to manage menstrual cramps","Stick the BluHeat patch to the desired spot on clean dry skin, It may take 5 to 10 minutes for the BluHeat to reach the optimum temperature, After use dispose of normal household waste","Do not use while sleeping and check occasionally, If used continuously on the same area of the body, it could cause redness on the skin, Discontinue using in cases of irritation, Read the label carefully"
https://www.1mg.com/otc/p-care-b2010-thumb-spica-brace-universal-otc658944,,PR Flexmake Private Limited,,,,
https://www.1mg.com/otc/healgesic-mr-gel-otc390501,Healgesic MR Gel,Mascot Health Series Pvt Ltd,,"Diclofenac Topical, Linseed Oil, Menthol, Methyl Salicylate, Thiocolchicoside, The gel can be used for managing symptoms of inflammation, pain due to osteoarthritis of joints, delayed onset muscle soreness and musculoskeletal aches and pains, Enriched with the goodness of linseed oil that helps to relieve the pain and inflammation, The gel contains thiocolchicoside which is a muscle relaxant and helps reduce pain in the body, The gel is fast-acting and therefore provides immediate relief",Use Healgesic MR Gel as directed by the physician.,"Read the label carefully before use, Store in cool and dry places, Keep out of reach from children, For external use only"
https://www.1mg.com/otc/arthin-plus-gel-otc371329,,Allenge India,,,,
https://www.1mg.com/otc/dr.-reckeweg-taraxacum-officinale-dilution-6-ch-otc375360,Dr. Reckeweg Taraxacum Officinale Dilution,Dr Reckeweg & Co,,"Taraxacin, Taraxacerin, Acrystalline, Potash, Gum, B-complex, Vitamins A, C, D, 11ml, Dilution, This dilution may help to relieve kidney and bone disorders, It helps to manage warts and acne, This is an effective remedy in managing liver complaints, It also supports urinary organs, This formula may help to reduce infections and swelling and manage water retention, and breast problems, It also helps to deal with gallbladder problems, viruses, and pneumonia, This product promotes normal digestion",,"Read the label carefully before use, Store in a cool and dry place, Keep out of reach of children, Do not exceed the recommended dose, Self-medication is not advised"
https://www.1mg.com/otc/wellon-cervical-collar-soft-eyelet-cc-01-medium-otc387484,Wellon Cervical Collar Soft Eyelet CC-01,Mana Medical,"Specially designed to support, immobilise or adjust the neck in the flexion, extension or hyperextension position.","Specially designed to support, immobilize or adjust the neck in the flexion, extension or hyperextension position, Velcro closures are used for easy application, removal and adjustment",Use as directed by the instructions manual,"Read the label carefully before use, Keep away from children"
https://www.1mg.com/otc/witzion-knee-brace-xl-grey-otc514139,,Witzion,,,,
https://www.1mg.com/otc/presens-otc310-thigh-length-anti-embolism-medical-compression-stocking-large-white-otc569758,,Presens Healthcare,,,,
https://www.1mg.com/otc/medtrix-knee-brace-medium-beige-otc503714,,Medtrix,,,,
https://www.1mg.com/otc/lp-705ca-extreme-thigh-support-small-otc331305,Uses:,LP Support,"It is used to relieve thigh pain associated with a groin injury, and the stretch fabric ensures comfort during wear and easy to slip on and off.",,Use as directed by the healthcare professional.,"Read the label carefully before use, Keep out of reach of the children, Avoid wear and tear of the product"
https://www.1mg.com/otc/lenvitz-universal-gel-pillow-xl-otc399033,Lenvitz Universal Gel Pillow,Lenvitz Medical Solutions Pvt Ltd,It is used to protect the patient during surgery.,,Use as per requirement or as directed by the physician.,"Read the label carefully before use, Store in a cool dry place away from direct sunlight, Keep out of reach of the children, Avoid physical damage"
https://www.1mg.com/otc/aurthot-finger-cot-otc389344,,Aurthot Surgicals (OPC) Pvt Ltd,,,,
https://www.1mg.com/otc/dyna-3d-knitted-knee-cap-xxl-black-right-otc392268,,Dynamic Techno Medicals Pvt. Ltd.,,,,
https://www.1mg.com/otc/boiron-valeriana-officinalis-single-dose-approx-200-microgranules-30-ch-otc409067,Boiron Valeriana Officinalis Single Dose Approx 200 Microgranules 30 CH,Boiron Laboratories Pvt Ltd,,"Valeriana officinalis, Helpful in addressing the irregularity in the menstrual cycle, Relieves back pain as well as abdominal side pain that presents itself at the time of menstruation, Useful in the management of late and scanty menses",Use as directed by the physician.,"Read the label of this homoeopathic remedy carefully before use, Avoid eating tobacco or drinking alcohol during the course, Keep out of the reach of children, Use under medical supervision, Avoid any strong smell in the mouth, such as coffee, onion, hing, mint, camphor, garlic, etc., while taking medicine, Keep at least half an hour gap between food/drink/ any other medicines and allopathic medicine"
https://www.1mg.com/otc/volatile-marketing-hydragel-multi-purpose-hot-cold-get-pack-compress-wrap-otc394933,Volatile Marketing Hydragel Multi-Purpose Hot & Cold Get Pack Compress Wrap,Volatile Marketing,It is primarily used to reduce swelling and pain,"The wrap helps to reduce muscle spasms and soreness, It helps to relieve headache, cervical vertebra, limb, lumber and knee pain, The product is non-toxic and skin-friendly and does not cause any skin irritations, It helps to soothe inflammations and reduces swelling and pain",Use as directed on the label,"Store in a dry and hygienic place, Read the label before use, Keep out of reach of small children"
https://www.1mg.com/otc/surgicare-shoppie-multi-action-deluxe-knee-wrap-black-otc400290,,Surgicare Shoppie,,,,
https://www.1mg.com/otc/dr-physio-hammer-massager-pro-black-otc491626,Dr Physio Hammer Massager Pro Black,"Nureca Limited, India","It can perform muscle-relaxing massages, A multifunctional massaging device that has 3D massage heads","It has four intensity levels or massage strengths that can be adjusted as per your need, It emits less noise, making your experience more comfortable and relaxing, It has four types of massage heads: circular, triangle, needle and point massage heads, each of which can help relieve different muscle pain, It has a digital display, a power-on button, a button that can help switch between modes and two intensity regulator buttons, The presence of far infrared can help stimulate blood circulation",Use as directed in the lable,"Read the label and user manual carefully, Keep away from children, usechatgpt init success"
https://www.1mg.com/otc/avg-bones-and-joints-care-otc487003,,Health Vitals Pvt Ltd,,,,
https://www.1mg.com/otc/dhootapapeshwar-swamala-compound-with-gold-100-ayurvedic-for-complete-health-ideal-for-all-season-otc369305,Dhootapapeshwar Swamala,Shree Dhootapapeshwar Ltd,,"Chyavanprash (ashtavarga), suvarna bhasma, roupya bhasma, abhraka bhasma, kantaloha, bhasma, pravala pishti, and makardhwaj (poornachandrodaya)., Paste",,
https://www.1mg.com/otc/dr-med-multipurpose-knee-support-with-lateral-straps-dr-k032-xl-black-otc377534,,A-MI Global Co Ltd,,,,
https://www.1mg.com/otc/mayam-pain-relief-oil-otc849856,Mayam Pain Relief Oil,Proveda Herbal Pvt Ltd,,"Gaultheria fragrantissima (Gandhapurao oil 25%), Sesamum indicum (Til oil 15%), Ricinus communis (Vatad oil 15%), Vitex negundo (Nirgudi oil 15%), Narayan oil (5%), Eucalyptus globules (Nilgiri oil 3%), Vishgarbha oil (3%), Mahamash oil(2%), Moringa Oleifera (Shingru oil 2%), Camphora officinarum (Kapoor 2%), Sat peppermint (Pudina ka Phool 2%), Brassica campestris (Toontubh oil 8%), It has a direct pain-relieving action, It provides deep penetration for prompt action in pain and inflammation and clears excessive exudates from the site of inflammation, An ideal remedy for rheumatism, arthritis, and pain","Adults and children 12 years of age and older: Apply this oil to affected areas 2 to 3 times daily, For best results use a heating pad, Children under 12 years of age consult a physician","Read the label carefully before use, Store in a cool and dry place away from direct sunlight, Keep out of reach of children, Avoid contact with eyes or mucous membranes, Use only as directed and do not bandage tightly"
https://www.1mg.com/otc/p-care-a1020-posture-back-support-brace-xl-otc658692,,PR Flexmake Private Limited,,,,
https://www.1mg.com/otc/axe-brand-universal-oil-otc706981,Axe Brand Universal Oil,LKF Medical,,"Nilgiri ka tel, Pudhina ka phool, Karpoor tel, Gandhapura tel, The oil can help provide relief from a blocked nose, It may soothe insect bites, It might alleviate muscular pain and stomach pain, It can be useful for soothing cold and giddiness","Apply a few drops to the affected area and massage gently, For stuffy nose: Apply 2-3 drops to a handkerchief or tissue paper and inhale deeply, For relief of flatulence and stomach discomfort: Apply the oil to the navel region and cover with a hot towel. Repeat the hot towel application whenever necessary","Read the label carefully before use, Store in a cool and dry place, Keep out of reach of children, This product is not to be used in infants under 2 years old"
https://www.1mg.com/otc/truhabit-hot-cold-ice-pack-for-knee-otc888668,Sri Sri Tattva Shudh Ghee,SPV Laboratories Pvt Ltd,,Ghee,,
https://www.1mg.com/otc/samson-ca-0103-cervical-collar-boneless-firm-density-large-beige-otc487959,,Samson Scientifics & Surgicals,,,,
https://www.1mg.com/otc/medtrix-lumbar-sacral-belt-xxxl-beige-otc503739,,Medtrix,,,,
https://www.1mg.com/otc/dwibhashi-smara-herbal-pain-oil-60ml-each-otc858567,Dwibhashi Smara Herbal Pain Oil,Dwibhashi Bapanna Ayurveda Nilayam Pvt. Ltd,,"Bhringraj, Neeli, Mandara, Bhrami, Yastimadhu, Palasha Beeja, Jatamansi, Nimba, Narikela Tailam, This Ayurvedic blend is useful in taking care of joint issues, It can help provide relief from joint pain and stiffness, It may alleviate inflammation of your muscles, It promotes overall joint and muscle health","Apply it to the intended area, Or as advised by your healthcare practitioner","Read the label carefully before use, Store in a cool and dry place, away from sunlight, Keep out of reach of children"
https://www.1mg.com/otc/similia-rhus-tox-dilution-30-ch-otc611615,,Similia Homoeo Laboratory,,,,
https://www.1mg.com/otc/sleepsia-premium-quality-thick-contour-gel-infused-pillow-large-polka-dot-blue-white-fabric-otc504641,,Sleepsia India Pvt Ltd,,,,
https://www.1mg.com/otc/r3set-instant-pain-relief-nanotech-emulsion-otc871746,R3SET Instant Pain Relief Nanotech Emulsion,Venus Remedies Ltd,,Emulsion,,
https://www.1mg.com/otc/iodex-power-gel-otc795533,Iodex Power Gel,GlaxoSmithKline Consumer Healthcare,,"Boswellia serrata extract, Capsaicin extracts, Methyl salicylate, It is a power-packed formula containing highly potent ingredients such as boswellia and capsaicin extracts which have anti-inflammatory and pain-relieving properties, Iodex Power Gel's four active ingredients possess analgesic qualities, which on application, help reduce deep-seated local pain, It provides targeted relief from body pains caused due to daily household activities, sports activities, and fitness or gym workouts, It is an ayurvedic approach that can be used by all who are twelve years and above",Apply a thick layer on the affected area three to four times daily,"It is meant for persons over the age of twelve, and it should be used externally only, Do not use this product if you are allergic to the ingredients, Discontinue the treatment if skin rash or irritation develops after applying the product, Do not apply on eyes, open wounds or damaged skin or with heating pads, Read the label carefully before use"
https://www.1mg.com/otc/viaggi-2-way-convertable-neck-pillow-navy-blue-otc510311,Viaggi 2 Way Convertable Neck Pillow’s,Siddhivinayak Enterprises,It helps to provide a more restful sleep pattern even during a long trip.,,Use as per directed in the manual.,"Read the label carefully before use, Keep out of reach of the children, Store in a cool dry place away from use"
https://www.1mg.com/otc/zindagi-turmeric-extract-with-curcumin-capsule-otc528576,Zindagi Turmeric Extract with Curcumin Capsule,Jhanil Healthcare Pvt Ltd,,"Turmeric Extract (500 mg), Works as a pain reliever and provides relief in the case of arthritis, Protects the liver from the damage caused by toxins, Promotes a healthy heart and digestive function, The product helps to achieve a healthy skin and eyes",As directed by the physician.,"Read the label carefully before use, Store in a cool dry place away from direct sunlight, Keep out of reach of the children, Use under medical supervision"
https://www.1mg.com/otc/torque-s-relief-on-pain-relief-oil-100ml-each-otc869005,Torque's Relief-On Pain Relief Oil,Torque Pharmaceuticals Pvt Ltd,,"Taliparna, Ajwain, Lavang, Dhatura, Karpura, Pudina, Gandhapura, Sesame oil, Mahanarayana, Khurasani, The ayurvedic massage oil for arthritis helps patients, especially during winters, It is beneficial for knee and all types of body pain, It is helpful for chronic joint pain, It is useful for muscle stiffness",You need 5 to 10 ml or more and gently massage the affected area for a few minutes 2-3 times a day.,"Store in a cool and dry place away from direct sunlight, Read the label carefully, Keep out of reach of children"
https://www.1mg.com/otc/esgipyrin-instagel-for-relief-from-neck-shoulder-back-muscle-knee-joint-pain-otc544188,Esgipyrin instagel 1% Gel,Abbott,,,,
https://www.1mg.com/otc/accusure-e9-elastic-elbow-support-large-otc371695,AccuSure E-9 Elastic Elbow Support,AccuSure Ortho Support,It is used to provide support and stability to an injured elbow.,"It is useful for healing elbow strains and sprains, epicondylitis (tennis elbow) and medial epycondylitis (golfer's elbow), Helpful in post elbow arthroscopy and for pre and post operative elbow conditions, Facilitates protection against further injury",Use as per requirement or as directed by the physician.,"Read the label carefully before use, Store in a cool dry place away from direct sunlight, Keep out of reach of the children, Avoid physical damage"
https://www.1mg.com/otc/lp-894-ice-bag-large-otc331362,LP #894 Ice Bag,LP Support,It is used to provide perfect cold therapy to the strained and tired muscles.,,,"Read the label carefully before use, Keep out of reach of the children, Store in a cool dry place away from direct sunlight, EndFragment"
https://www.1mg.com/otc/sri-nature-ayur-maha-yograj-guggulu-tablet-otc495913,Sri Nature Ayur Maha Yograj Guggulu Tablet,Sri Nature Ayur,,"Guggul commiphora wightii, It aids in constipation relief and digestion improvement, It contains anti-inflammatory and antioxidant qualities, which help the body detoxify and boost the immune system, It helps with issues related to piles and gout, It helps in the removal of harmful substances and unbroken waste from the body","1-2 tablets, 2-3 times a day, before or after food, Or as directed by your ayurvedic physician","Read the label carefully before use, Store in a cool and dry place, away from sunlight, Keep out of reach of children, Recap bottle after use"
https://www.1mg.com/otc/bioford-pain-oil-otc976787,Bioford Pain Oil,Bioford Remedies Pvt Ltd,,"Mustard Oil, Castor Oil, Turpentine Oil, Gandhpura Oil, Sesame Oil, Linseed Oil, Provides instant relief from all kinds of joint pains, Includes the benefits of mustard, castor, turpentine, gandhapura, sesame and linseed oil, It has anti-inflammatory and antioxidant properties used to reduce irritation",Simply apply generously to the affected areas and massage gently until the oil is absorbed into the skin.,"Read the label carefully before use, Store in a cool dry and place away from direct sunlight, Keep away from moisture, For external use only"
https://www.1mg.com/otc/mgrm-rib-belt-female-0402-xl-otc390701,,MGRM Medicare Ltd.,,,,
https://www.1mg.com/otc/lenvitz-universal-gel-pillow-regular-otc399027,Lenvitz Universal Gel Pillow,Lenvitz Medical Solutions Pvt Ltd,It is used to protect the patient during surgery.,,Use as per requirement or as directed by the physician.,"Read the label carefully before use, Store in a cool dry place away from direct sunlight, Keep out of reach of the children, Avoid physical damage"
https://www.1mg.com/otc/bjain-enterococcinum-dilution-30-ch-otc437934,Bjain Enterococcinum Dilution,Bjain Pharmaceuticals Pvt. Ltd.,,Enterococcinum,Use as directed by the physician.,
https://www.1mg.com/otc/tynor-g-10-cervical-traction-head-halter-universal-otc345737,Tynor G-10 Cervical Traction Head Halter,Tynor Orthotics Pvt. Ltd.,Provides traction to the upper dorsal and cervical vertebras.,,Use a directed by the health-care professional.,"Read the label carefully before use, Keep out of reach of the children, Store in a cool dry place"
https://www.1mg.com/otc/tynor-b-20-cervical-collar-hard-with-chin-small-otc345512,Tynor B-20 Cervical Collar Hard With Chin,Tynor Orthotics Pvt. Ltd.,It helps to improve immobilization and enhances comfort.,,Measure the distance between the edge of the sternum and lower jaw with the neck in the extension position.,"Read the label carefully before use, Keep out of reach of the children, Store in a cool dry place"
https://www.1mg.com/otc/zixa-strong-feminine-cramp-relief-roll-on-dual-action-period-pain-relief-50gm-each-otc891602,"ZIXA Strong Feminine Cramp Relief Roll On, Dual Action Period Pain Relief",Jenburkt Pharmaceuticals Ltd,,"Lavender, aloe vera, rosemary, almonds, eucalyptus. Menthol, camphor.",Use thrice in a day and thrice in a month.,
https://www.1mg.com/otc/dominion-care-acupressure-magic-massager-otc832333,Dominion Care Acupressure Magic Massager,Kapil Plastic Mould,It helps to relieve stiff neck and cervical spondylitis and is ideal for frozen shoulders and the thoracic spine.,,,"Store in a cool and dry place, Keep away from direct sunlight"
https://www.1mg.com/otc/patanjali-divya-praval-pishti-otc387776,,Patanjali Divya Pharmacy,,,,
https://www.1mg.com/otc/tynor-l-25-heating-pad-xl-otc345824,,Tynor Orthotics Pvt. Ltd.,,,,
https://www.1mg.com/otc/wellon-cervical-collar-hard-plain-cc03-large-otc387493,Wellon Cervical Collar Hard Plain,Mana Medical,,"The collar is made with strong PE sheet, It is covered with foam padding to provide comfort and cleaning, It allows for proper air circulation and ventilation, It has velcro closures for easy application and adjustments",Use as directed in the instructions manual.,"Read the label carefully before use, Store in a dry place, Keep out of reach of children"
https://www.1mg.com/otc/witzion-xl-grey-contoured-lumbar-sacral-back-support-belt-otc513906,,Witzion,,,,
https://www.1mg.com/otc/jindal-herbal-kseerabala-taila-otc524379,Jindal Herbal Kseerabala Taila,Jindal Naturecare Limited,,"Til taila, Bala moola, This potent formula strengthens the nerves, It reduces body pain, This oil helps reduce the effects of osteoarthritis, It helps manage vata dosha",As directed by your healthcare professional.,"Read the label carefully, Solely meant for external use, Store in a cool, dry place, Keep away from direct sunlight"
https://www.1mg.com/otc/acupressure-foot-roller-plastic-cut-magnetic-otc518727,Acupressure Foot Roller,Kapil Plastic Mould,Use it to massage your feet at your convenience.,,Place feet with gentle pressure using to and fro action for a few minutes every day to get relief from stress and tension.,"Store in a cool and dry place away from direct sunlight, Read the product label carefully before use, Keep out of reach of children"
https://www.1mg.com/otc/dr-med-elastic-wrist-support-winding-type-dr-w136-universal-beige-otc377517,,A-MI Global Co Ltd,,,,
https://www.1mg.com/otc/wellon-shoulder-support-nss-01-universal-right-otc387466,Wellon Shoulder Support NSS-01,Mana Medical,"It is recommended for conditions like shoulder dislocation, rotator cuff tendinitis and shoulder instability.","It is made from light and breathable fabric, Facilitates warm support and pain relief to the sore shoulder, Comprises of hook and loop closure for easy adjustment",Use as per requirement or as directed by the physician.,"Read the label carefully before use, Store in a cool dry place away from direct sunlight, Keep out of reach of the children, Avoid physical damage"
https://www.1mg.com/otc/lifelong-ll45-rechargeable-tapping-body-massager-with-3-attachments-brown-otc530403,Lifelong LL45 Rechargeable Tapping Body Massager with 3 Attachments Brown,Lifelong Online Retail Pvt Ltd,,"Provides effective relief from sore and aching muscles, The massager works on a combination of vibration and warmth to provide a relaxing massage, It is cordless and rechargeable, Can choose from 6 different speed and massage modes, Has 4 different massage heads, Designed with a massage head that focuses on specific muscle groups for maximum relaxation and comfort, Has operating time of 80 minutes when charged fully","Fully charge the device for 3.5 hours before first use, Choose between 4 different massage heads, Switch on the device pressing the power button. The LED indicatorwill light up, Press the mode button to change the rhythm of the massage, Press the speed button to increase/decrease the speed, Guide the device to the area of the body to be massaged. You canstand, sit or lie down and use the massager, Use on a particular area only for 15 minutes and then switch toAnother, Unplug the device and let it cool down use","Read the label carefully before use, Keep away from children, This product cannot be used when charging, please disconnect thecharger before use, Use under medical supervision, Store in a clean and dry place"
https://www.1mg.com/otc/posture-medic-small-otc490614,,Dr. Sayani's Health Care Pvt. Ltd.,,,,
https://www.1mg.com/otc/ozocheck-hot-water-bottle-red-otc720927,Ozocheck Hot Water Bottle Red,Medsource Ozone Biomedicals Pvt Ltd,"It is a leakproof hot water bottle that can be used as a bed warmer and for heat therapy to alleviate pains, cramps and aches.","Product dimensions: ‎ 30 x 20 x 6 cm; 200 grams, Maximum capacity: 1 litre, Made from durable and high-quality rubber, It has a secure leak-resistant screw system, Comes with a large mouth to fill water quickly, It is double ribbed for comfort and is BPA and latex free","Allow boiled water to stand for a few minutes, Fill the bottle slowly while holding it by the neck in an upright position, Only fill up to a maximum of two-thirds capacity","Read the label carefully before use, Do not use boiling water, Expel air from the bottle before filling it with hot water, Do not sit, lie or add excessive pressure to the hot water bottle"
https://www.1mg.com/otc/garlico-herbal-pain-free-walk-lep-powder-otc511174,Garlico Herbal Pain-Free Walk Lep Powder,Garlico Herbal Pvt Ltd,,"Sonth, Guggul, Kaithalethi, Eranda, It speeds up the healing process of sprains, It helps relieve stiffness in the muscles, It helps relieve chronic pain and swelling, It is beneficial for arthritis and other general aches and pains in the body","Make a paste using water and a small amount of the powder, Apply it directly on the affected area and wrap it with cotton or bandage, Let it rest overnight or a minimum of 10 hours, Wash off with lukewarm water","Read the label carefully before use, Store in a cool and dry place, away from sunlight, Keep out of reach of children"
https://www.1mg.com/otc/witzion-varicose-vein-stocking-small-beige-eco-otc514855,,Witzion,,,,
https://www.1mg.com/otc/witzion-large-beige-lumbo-sacral-back-support-belt-otc513846,Witzion Lumbo Sacral Back Support Belt,Witzion,It is used to provide support to the lower spine area and also helps in reducing the back pain.,,Use as directed in the manual.,"Read the label carefully before use, Keep out of reach of children, Avoid any physical damage"
https://www.1mg.com/otc/medtrix-functional-open-patella-hinge-knee-support-large-blue-otc503674,,Medtrix,,,,
https://www.1mg.com/otc/rexo-dental-chair-head-rest-otc493629,Rexo Dental Chair Head Rest,Rexo Products,It is a uniquely designed gel-filled pack which keeps the head sturdy during an examination.,"Gel-filled dental chair headrest, firm but soft and comfortable, It provides great support to individuals during dental operations, Comes with a cloth and net pouch, which features an elastic strap and velcro for greater fit, Easily fastened on the chair, Dimensions18.5 x 3 x 20 cm",Use as directed on the label,"Read the label carefully before use, Store in a cool and dry place, away from sunlight, Keep out of reach of children, For external use only"
https://www.1mg.com/otc/sleepsia-medium-contour-gel-infused-pillow-embossed-white-fabric-otc504626,,Sleepsia India Pvt Ltd,,,,
https://www.1mg.com/otc/samson-pa-2001-weight-cuff-black-2kg-otc487851,,Samson Scientifics & Surgicals,,,,
https://www.1mg.com/otc/stredic-oil-otc524194,Stredic Oil,Sarp Pharmaceuticals,,"It is useful for effective in joint pains, arthritis and gout, muscle pains, It has pain relieving, anti-gout and anti-rheumatic properties, It is a natural product",Use as directed on the label or as health care professionals suggest.,"Store in a cool and dry place away from direct sunlight, Read the label carefully, Keep out of reach of children"
https://www.1mg.com/otc/sofnac-plus-gel-otc357026,,Flagship Biotech International,,,,
https://www.1mg.com/otc/medayo-healthcare-palmito-forte-tablet-otc686573,,Medayo Healthcare,,,,
https://www.1mg.com/otc/trioflam-gel-otc577899,Trioflam Gel,Cadila Pharmaceuticals Ltd,,"Cissus, Capsicum, Guggulu, Provides effective relief from muscle pain, neck and backache, Helps in reducing swelling and pain in musculoskeletal, joint, and soft tissue disorders, Effective in aiding sprain, myositis, fibrositis and sciatica",Use as directed on the label or as advised by your physician.,"Read the label carefully before use, Do not exceed the recommended dosage, Store in a cool and dry place away from direct sunlight, Keep out of reach of children"
https://www.1mg.com/otc/sinjha-artho-oil-otc681093,,Sinjha International Pvt. Ltd.,,,,
https://www.1mg.com/otc/him-herbal-balm-otc892739,Him Herbal Blam,Pioneer Herbals,,"Gandhpura Oil, Paudina Phool, Lemongrass, Terpentine, Clove, Kapur, Neelgiri, Quick and long-lasting relief: Him Herbal Ayurvedic Pain Balm provides fast-acting and long-lasting relief from various types of pain, including severe headache, backache, joint pain, muscle pain, and inflammation, It provides targeted relief, making it an ideal choice for those seeking natural pain relief, It helps in reducing inflammation and increasing circulation, It also has a relaxing effect, reducing stress and tension",Apply generously a thin layer on the affected area and massage gently until the ointment disappears. Repeat if necessary.,"Read the product label carefully before use, Keep out of reach of children"
https://www.1mg.com/otc/remedo-knee-support-pair-small-otc390073,,Remedo Wellness Pvt Ltd,,,,
https://www.1mg.com/otc/lp-250z-elbow-compression-sleeve-single-medium-red-and-white-otc331232,LP #250Z Elbow Compression Sleeve Single,LP Support,It is useful in treating elbow sprain and strain as well as slight injuries and trauma.,"Provide warmth and compression on the wrist and hand region, Adjustable compression by winding wrap, Easy and simple wear, Useful for protecting weaken muscles and preventing sports injuries",Use as per requirement or as directed by the physician.,"Read the label carefully before use, Keep out of the reach of children, Store in a cool dry place away from direct sunlight"
https://www.1mg.com/otc/witzion-functional-knee-support-xxl-grey-otc513649,,Witzion,,,,
https://www.1mg.com/otc/lifespan-paineaze-oil-ayurvedic-pain-relief-oil-for-joint-back-knee-shoulder-muscle-pain-otc772913,Lifespan Paineaze Oil,Lifespan Private Limited,,"Gandhapura leaf, Karpura, Pudina oil, Nilgiri leaves, Cajpet, Turpentine ka tel resin, Lavanga bud, Devadaru stem, Fir Needle oil leaves, Shalliki gum/resin, Ajwain ka tel seed, Base Oil, The oil has anti-inflammatory properties, which may help reduce redness, swelling, and pain, It can help in blood circulation, It may aid in relieving arthritic and rheumatic joint pain, It can ease joint and muscle stiffness and relax the muscle","Apply 5 to 10 ml of the oil to the affected area or as needed, For better results, gently massage the affected area for a few minutes twice daily","Avoid contact with the eyes, mouth, or nose, Read the label carefully before use, Store in a cool and dry place, Keep out of reach of children"
https://www.1mg.com/otc/zeno-pain-pain-relief-gel-suitable-for-back-pain-muscle-pain-joint-pain-knee-pain-30gm-each-otc620964,Zeno pain Gel,Lifezen Healthcare Pvt Ltd,,,Use as directed on the affected areas.,
https://www.1mg.com/otc/lenvitz-supine-head-rest-pillow-otc399217,Lenvitz Supine Head Rest,Lenvitz Medical Solutions Pvt Ltd,It is used to position the patients head for eye procedures or related supine procedures.,,Use as per requirement or as directed by the physician.,"Read the label carefully before use, Store in a cool dry place away from direct sunlight, Keep out of reach of the children, Avoid physical damage"
https://www.1mg.com/otc/dee-sons-portable-crystal-claw-massage-handheld-octopus-massager-otc528307,Dee Sons Portable Crystal Claw Massage Handheld Octopus Massager,Kapil Plastic Mould,It is used as a portable body massager,"It is a sturdy body massager which gives relief from taut muscles, It is easy to use and can be used on all the body parts, The design is sleek and easily portable, It is a manual working massager hence can be used as and how you want",As directed in the user manual,Read the manual carefully before use
https://www.1mg.com/otc/maxis-cotton-thigh-length-stocking-xl-beige-otc570822,,Isha Surgical,,,,
https://www.1mg.com/otc/oriental-botanics-massage-oil-lemongrass-lavender-otc373918,Oriental Botanics Massage Oil Lemongrass and Lavender,Emmbros Overseas,,"Bran Oil, Sweet Almond Oil, Virgin Jojoba Oil, Grapeseed Oil, Virgin Coconut Oil, Avocado Oil, Safflower Oil, Lemongrass Oil, Lavender Oil, It is an ideal massage oil for people who lead an active life, such as athletes, sportspersons and those who perform strenuous workouts, It helps relax tired muscles by stimulating blood circulation. It also assists in repairing the microscopic damages in the muscle tissues, The fast-absorbing oil quickly penetrates the upper layer of the skin and delivers its bioactive constituents to the skin's deeper layers, Its hydrating effect help eliminate skin dryness and soften the elbows, knees and heels, It gives your skin a smooth and radiant appearance and adds firmness to your skin that helps delay wrinkling of the skin, It is free from mineral oil, paraben, phthalate, sulfate, and toxic compounds, this is a natural product and suits all skin types, It is a vegan product and has not been tested on animals",Pour the required amount of the oil on your palm and massage it thoroughly on the body for massage relaxation,"Read the product label carefully before use, Keep out of reach of children"
https://www.1mg.com/otc/tija-period-pain-relief-wearable-device-with-hydrogel-pads-canary-yellow-otc798396,Tija Period Pain Relief Wearable Device with Hydrogel Pads,Eyep Techproducts Pvt. Ltd,It is primarily used to reduce menstrual and muscle pain,"It provides instant relief. It is a natural, safe, drug-free modality to relieve menstrual pain and discomfort. It brings relief from period cramps within in few seconds, Proven TENS technology sends mild pulses that block pain signals being carried to the brain. Small repetitive contractions help activate the natural pain control response by releasing beta-endorphins. Designed and developed with the active participation of medical students and doctors, Highest safety and performance: It is also certified for IEC 60601-1, IEC 60601-2-10, and IEC 60601-1-2. Approved for biocompatibility IEC10993-1: IEC10993-5, IEC 10993-10, IEC 10993-23, cytotoxicity, skin irritation, skin sensitisation, It is convenient and stylish, wearable, compact, lightweight, has pleasing looks, easy to conceal under clothes, and rechargeable and works for 12-15 hours on a single charge, Low replacement hydrogel pad cost: Comes with hydrogel pads on electro pad and an additional 3 pairs of hydrogel pads. Hydrogel pads will be replaced after 15-20 uses at a very nominal price",Use as directed on the label,"Read the label carefully before use, Store in a cool and dry place away from direct sunlight, Keep out of reach of the children"
https://www.1mg.com/otc/won-ayurveda-super-pain-relief-oil-otc814395,Won Ayurveda Super Pain Relief Oil,Won Ayurveda Pvt Ltd,,"Til oil, Ajwain satt, Peppermint, Camphor, This oil has magical effects on your precious skin, This ayurvedic formulation aids in diminishing various pain without any side effects, It supports the muscles and tissues, It minimises rheumatic pain",Apply generously to the affected areas and massage gently for 2-3 minutes.,"Read the label carefully, For external use only, Keep out of reach of children, Store in a cool, dry place"
https://www.1mg.com/otc/medi-duomed-thigh-length-stocking-large-beige-otc569851,,Isha Surgical,,,,
https://www.1mg.com/otc/metaverse-herbals-klickey-pain-relief-oil-60-each-otc839563,Metaverse Herbals Klickey Pain Relief Oil,Grapevine Technologies Pvt. Ltd.,,"Kapur, Pudina, Alsi, Til, Nirgundi, It provides relief against joints pain and soreness, It helps reduce stiffness in joints and muscles, It helps improves body flexibility and mobility, It helps strengthen joints and muscles",Massage the oil gently 5ml to 10ml of oil with soft hands,"Read the label carefully before use, Store in a cool and dry place, away from sunlight, Keep out of reach of children"
https://www.1mg.com/otc/deemark-ortho-balm-premium-50gm-each-otc945326,Deemark Ortho Balm Premium,Deemark Health Care Pvt Ltd,,"Tail Parna Tail, Tejovathi, Tejpatta, Sati, Karpura, Pudina, Gandhpura, White Petroleum Jelly",Apply the balm 3-4 times a day with a light massage,
https://www.1mg.com/otc/aldic-gel-otc461703,,Allpa India Medicines Pvt Ltd,,,,
https://www.1mg.com/otc/medtrix-functional-open-patella-hinge-knee-support-xxxl-blue-otc503677,,Medtrix,,,,
https://www.1mg.com/otc/rheumensa-cream-otc343261,Rheumensa Cream,Dollar,,"Bala, Ajamoda, Nilgirika tel, Pudina ka phul, Karpora, Devadaru, Nirgundi, The formulation helps to diminish the problems like back pain, muscular pain, swellings and sprains, inflammation and stiffness in the joints, It helps to manage muscular-skeletal disorders and reduces joint stiffness, It exhibits strong anti-inflammatory properties and reduces swelling",Apply it to the affected area as often as required,"Keep out of reach of children, Store in a cool and dry place, For external usage only, Read the label before use"
https://www.1mg.com/otc/sandpuppy-strappr-wireless-heat-therapy-black-otc446049,SandPuppy Strappr Wireless Heat Therapy Black,Afferent Wearable Technology,"It is designed to help provide support to the thighs, knees, elbows, and neck.","It is ideal for sportspeople, people with an active lifestyle and elderly people with chronic pain, Made with advanced, durable, lightweight stretch velcro fabric, Light and easy to fold and carry - can fit into a purse or handbag, Strappr uses advanced heating materials to ensure uniform warmth to the affected area for maximum and instant joint pain relief, Strappr heating pad’s unique design and large heating area ensure targeted heat therapy on joints (knee, ankle, wrist and elbow) that are difficult to cover with conventional electric heating pads, The wireless design ensures that the wearer can move around while wearing the Strappr heating pad, Velcro design ensures that size fit is universal and can be applied to people of various body type and size, Strappr is uniquely designed with a rechargeable battery, which makes it much safer to use than a traditional electric heating pad that uses 220V power, It has a unique power auto shut off design after 30 minutes of continuous use","As per your convenience and comfort, wrap it around the area you want.","Read the label carefully before use, Store in a cool and dry place away from direct sunlight, Keep out of reach of the children"
https://www.1mg.com/otc/x-flam-gel-otc469604,,Invision Medi Sciences Pvt Ltd,,,,
https://www.1mg.com/otc/health-sense-hm-210-toner-pro-handheld-body-massager-royal-grey-otc487222,,Bright Health Care,,,,
https://www.1mg.com/otc/mgrm-0305-wrist-wrap-xl-otc390726,MGRM Wrist Wrap 0305,MGRM Medicare Ltd.,To support the wrist.,"High modulus of elasticity; retains shape and size for a long time, Excellent compressive strength, better support, Better fitting and universal sizing, Available in universal Size (5""-9.5"")",,"Read the manual carefully before use, Keep out of reach of the children"
https://www.1mg.com/otc/maxis-cotton-thigh-length-stocking-small-beige-otc570821,,Isha Surgical,,,,
https://www.1mg.com/otc/lp-650-ankle-sleeve-single-xl-blue-otc331156,LP #650 Ankle Sleeve,LP Support,It is used to reduce joint pain and muscle swelling.,,Measure the circumference of the ankle and wear accordingly.,"Read the label carefully before use, Keep out of reach of the children, Store in a cool dry place"
https://www.1mg.com/otc/dr-willmar-schwabe-india-calcarea-caustica-mother-tincture-q-otc390821,,Dr Willmar Schwabe India Pvt Ltd,,,,
https://www.1mg.com/otc/birla-ayurveda-novajoint-tablet-otc411979,,Birla Healthcare Ayurveda Pvt Ltd,,,,
https://www.1mg.com/otc/sw-health-care-hot-water-bottle-otc492384,SW Health Care Hot Water Bottle,SW Health care,"It is used to provide relief from back pain, rheumatic pain and arthritis pain.","It provides instant relief from pain, Made from superior quality material, It has a small and compact design","When filling the bottle, do not use boiling water, Fill to a maximum of two-third capacity, Check the bottle for any leakage by holding the bottle in an upside-down position, Expel air by lowering carefully onto a flat surface until water appears at the opening, Screw the stopper sufficiently tight to ensure that there is no leakage","Read the label carefully before use, Store in a cool and dry place away from direct sunlight, Keep out of reach of the children"
https://www.1mg.com/otc/amron-xamax-ls-belt-regular-xl-otc421607,,Xamax Ergonomics Pvt. Ltd.,,,,
https://www.1mg.com/otc/dabur-amritarishta-syrup-otc384845,Dabur Amritarishta Syrup,Dabur India Ltd,,"Guduchi(Tinospora cordifolia, St.) 22.9 g, Bilva(Aegle Marmelos, St. Bk.), Shyonaka(Oroxylum indicum, St.Bk.), Gambhari(Gmelina arborea, St.Bk.), Patala(Stereospermum suaveolens, St. Bk.), Agnimantha(Premna integrifolia St. Bk.), Shalaparni(Desmodium gangeticum, Pl.), Prishniparni(Uraria Picta, Pl.), Brihati(Solanum Indicum, Pl.), Kantakari(Solanum Surattense, Pl.), Gokshura(Tribulus terrestris, Fr.) each 2.29 g, and Powder of the following- Guda 68.78 g, Shvetajiraka(Cuminum Cyminum, Fr.) 3.66 g, Parpata(Fumaria parviflora, Pl.) 0.458 g, Saptaparna(Alstonia Scholaris, St. Bk.), Shunthi(Zingiber officinale, Rz.), Pippali(Piper longum, Fr.), Maricha(Piper nigrum, Fr.), Musta(Cyperus rotundus, Rz.), Nagakesara(Mesua ferrea, Stmn.), Katuka(Picrorhiza kurroa, Rz.), Ativisha(Aconitum heterophyllum, Rt. Tr.), Indrayava(Holarrhena antidysenterica, Sd.) each 0.229 g, Water Q.S., Preservatives: Sodium Benzoate I.P, Syrup",1 to 2 tablespoonfuls with an equal quantity of water twice a day after meals or as directed by the physician,
https://www.1mg.com/otc/lp-941-knee-support-elastic-single-small-otc331381,LP #941 Knee Support Elastic,LP Support,"It is designed to help prevent injuries, reduce pain, and play sports. It can be used while performing leg press while running on the treadmill, mountain climbing and hiking.",,Measure the circumference of the knee at the patella with the knee fully extended and wear accordingly.,"Read the label carefully before use, Keep out of reach of the children, Store in a cool dry place"
https://www.1mg.com/otc/opq-executive-metal-cap-hot-water-bag-otc801589,OPQ Executive Metal Cap Hot Water Bag,Krishna Waterproof,"It helps to relieve backache, muscle pain, stiffness, strains, cramps, joint pain, menstrual pain, and abdominal pain","It can be used as a hot compress to soothe muscle aches and discomfort, It helps to relieve backache, muscle pain, stiffness, strains, cramps, joint pain, menstrual pain, and abdominal pain, It can be used as a body warmer, It aids in reducing inflammation, helps relax the tightened and sore muscles, and also helps to improve the blood supply, It is made with robust and high-grade rubber that is unaffected by heat","Remove the stopper from the top, Remove the air inside the bag by pressing down gently on the bag, Pour warm water inside, Put the stopper back in its position","Read the label carefully before use, Do not pour boiling water into the bag, Wash with mild detergent and water regularly"
https://www.1mg.com/otc/acupressure-car-seat-with-accu-punches-otc518535,Acupressure Car Seat with Magnetic Stones,Kapil Plastic Mould,"It relieves fatigue, muscle tension and pressure on your shoulder and reduces backache due to extended driving hours.","This seat has adjustable straps that can allow easy circulation of air, It can help to reduce body heat while driving for long hours and provide relief from backaches, It can help to prevent problems like piles and blood pressure, It is made up of pure wooden balls and good plastic wires, It is stylish as well as comfortable to use, It can help to massage your back and promote proper blood circulation in your waist and thighs",Read the directions carefully before installing this in your car.,"Handle it with care, Keep it away from the reach of kids"
https://www.1mg.com/otc/dr-med-ankle-brace-dr-a011-xl-blue-otc377586,,A-MI Global Co Ltd,,,,
https://www.1mg.com/otc/witzion-large-grey-lumbo-sacral-back-support-belt-otc513862,Witzion Lumbo Sacral Back Support Belt,Witzion,It is used to provide support to the lower spine area and also helps in reducing the back pain.,,Use as directed in the manual.,"Read the label carefully before use, Keep out of reach of children, Avoid any physical damage"
https://www.1mg.com/otc/dr.-reckeweg-tellurium-metallicum-dilution-50m-ch-otc375379,Dr. Reckeweg Tellurium Metallicum Dilution,Dr Reckeweg & Co,,"Tellurium Metallicum, 11ml, Dilution, This formula is primarily used for the management of skin ailments such as acne, pimple eruptions, dry skin and scars, It is also useful in managing severe headaches and related symptoms such as dizziness, and nausea and promotes better sleep, This dilution may help to relieve the burning sensation and itchiness in the eyes and restrict the discharge of pus from the eye, It may help to manage conditions associated with ears such as the presence of abscess behind the ears, discharge of pus, itching and inflammation of the ear, deafness and sensation of tremor in the ears, It can also be extremely helpful in the management of pain below the spinal cord",,"Read the label carefully before use, Store in a cool and dry place, Keep out of reach of children, Do not exceed the recommended dose, Self-medication is not advised"
https://www.1mg.com/otc/dardnash-tablet-otc966131,Dardnash Tablet,Jamia Healthcare,,"Safed musli50gm, Peepal 50mg, Ajwain desi 50gM, Peepla mool 50gm, Satawar 10mg, Bidhara 50 mg, Sonth 10 mg, Ashwgandha 50 gm, It provides instant relief from back, neck, shoulder, knee, joint and muscular pain, Contains herbs that have been used for centuries because of their health benefits and their ability to relieve joint pain and stiffness, Strengthens joints while easing stiffness and enhancing mobility",2 tablets twice a day or as advised by a healthcare professional.,"Read the label carefully before use, Store in a cool and dry place, away from sunlight, Keep out of reach of children"
https://www.1mg.com/otc/healthgenie-wrist-brace-with-thumb-support-grey-otc399631,,Healthgenie India Pvt Ltd,,,,
https://www.1mg.com/otc/indian-herbal-valley-fenugreek-methi-powder-otc550084,,Indian Herbal Valley,,,,
https://www.1mg.com/otc/dolina-gel-otc400819,,Zee Laboratories,,,,
https://www.1mg.com/otc/enac-excel-gel-otc492437,,Universal Impex,,,,
https://www.1mg.com/otc/dr-willmar-schwabe-india-solanum-nigrum-mother-tincture-q-otc391663,,Dr Willmar Schwabe India Pvt Ltd,,,,
https://www.1mg.com/otc/arthogem-gel-otc631020,Arthogem Gel,Agron Remedies Pvt Ltd,,"Gandhpura oil, Eucalyptus oil, Tarpin oil, Castor oil, Clove oil, Capsicum oil, Nirgundi oil, Menthol, Kapoor, It provides relief from muscles and joints pain, It is effective for rheumatoid arthritis and osteoarthritis, It is indicated for frozen shoulder, knee and joint pain, and heel and palm pain",Use as directed.,"Read the label carefully before use, Store in a cool and dry place away from direct sunlight, Keep out of reach of the children"
https://www.1mg.com/otc/presens-otc310-thigh-length-anti-embolism-medical-compression-stocking-medium-white-otc569759,,Presens Healthcare,,,,
https://www.1mg.com/otc/my-dr-pain-relief-spray-otc623353,MY Dr Pain Relief Spray,Med Manor Organics Pvt Ltd,,"Wintergreen oil, Pudina Ka Phool, Turpentine oil, Nilgiri Thel, Cinnamon Oil, My Dr. Pain Relief Spray is very effective and offers symptomatic relief from sprains, arthritic pains, joint pains, shoulder pains, backaches and other muscular pains, My Dr. Pain Relief Spray is 100% herbal spray, which has the ability to penetrate deep into the affected areas to heal the symptoms faster, My Dr. Pain Relief Spray penetrates the body tissues faster because of its strong and unique anti-inflammatory properties","Shake well before use, spray the contents from 5cm distance on the affected areas 2 to 3 times a day.","Read the label carefully before use, Keep out of reach of the children, Store in a cool dry place"
https://www.1mg.com/otc/nua-cramp-comfort-heat-patch-period-pain-relief-patch-otc718172,Nua Cramp Comfort Heat Patch,Lagom Labs Pvt Ltd,,Heat patches,,
https://www.1mg.com/otc/sofnac-plus-gel-otc357027,,Flagship Biotech International,,,,
https://www.1mg.com/otc/earthpulse-probasic-otc515679,,EarthPulse,,,,
https://www.1mg.com/otc/sleepsia-premium-quality-thick-contour-gel-infused-pillow-medium-off-white-grid-fabric-otc504646,,Sleepsia India Pvt Ltd,,,,
https://www.1mg.com/otc/surgicare-shoppie-knee-support-deluxe-neoprene-black-otc400280,,Surgicare Shoppie,,,,
https://www.1mg.com/otc/sleepsia-standard-memory-foam-infused-gel-pillow-medium-off-white-grid-fabric-otc504670,,Sleepsia India Pvt Ltd,,,,
https://www.1mg.com/otc/tynor-i66-medical-compression-stocking-below-knee-high-class-1-pair-small-otc335785,Tynor I-66 Medical Compression Stocking Below Knee High Class 1 (Pair),Tynor Orthotics Pvt. Ltd.,It helps to support and reduce the pain in ankles and reduces the varicose pain and also improves the comfort and stability.,"High quality, dermophillic, strong with long functional life, Effective and Graduated compression, Anatomical shape ensures, snug fitting and optimal grip, but no localized constrictions, Top silicone lined band ensures no slippage, Available in different compression classes ensures effective blood evacuation, Open toe design reduces wear and tear and is easy to wear, Comes with Applicator, User manual, and CD for effective management of the disease",Use as per requirement or as directed by the physician.,"Read the label carefully before use, Keep out of the reach of children, Store in a cool and dry place"
https://www.1mg.com/otc/dr.-reckeweg-natrum-arsenicum-dilution-50m-ch-otc374652,Dr. Reckeweg Natrum Arsenicum Dilution,Dr Reckeweg & Co,,"Natrum Arsenicosum, 11ml, Liquid dilution, It is incredibly successful in dealing with frontal headaches accompanied by strained eyes, It deals with runny and blocked noses and reduces the development of crusts inside the nose, A great solution for eyelid irritation and conjunctivitis, It reduces chest tightness and phlegm-producing cough, It can also be used to deal with rheumatism, It offers efficient solution for shoulder and joint pain",,"Do not exceed the recommended dosage, Read the label carefully before use, Store in a cool dry place away from direct sunlight, Keep out of reach of children, Avoid any strong smell in the mouth such as coffee, onion, hing, mint, camphor, garlic etc. while taking the medicine, Keep at least half an hour gap between food/drink/ any other medicines and allopathic medicine"
https://www.1mg.com/otc/mgrm-hinged-knee-support-0706-large-otc390565,,MGRM Medicare Ltd.,,,,
https://www.1mg.com/otc/mgrm-lumbo-sacral-belt-0511-xl-otc390628,MGRM Lumbo Sacral Belt 0511,MGRM Medicare Ltd.,It relieves pain and ease tension in the lower back,,"Wrap the product around the lumbo sacral region, Make sure that the triangular pad is positioned in the lumbo sacral region, While applying ensure that the fastening handles with Velcro come in the front, Use the finger pockets for easy application, Stretch out both ends of the product and fasten the Velcros","Keep out of the reach of children, Store in cool and dry place, Should be protected from sunlight"
https://www.1mg.com/otc/swasthya-sankul-organic-peeda-kashmak-oil-otc916175,Swasthya Sankul Organic Peeda Kashmak Oil(8ml Each),Tarus Pharmaceutical,,"Ajwain, camphor, eucalyptus, wintergreen and turmeric oils., Ajwain relaxes the uterine muscles and reduces menstrual cramps, Eucalyptus oil soothes and relaxes the muscles and helps in cold, Wintergreen oil relieves pain, inflammation, and headaches, Turmeric is known for its anti-inflammatory and antiseptic properties, Camphor helps deal with the pain in the joints",,"Read the label carefully before use, Keep out of reach of children, Maintain hygiene"
https://www.1mg.com/otc/wellon-dynamic-elastic-wrist-brace-with-thumb-wb-01n-universal-otc387507,,Mana Medical,,,,
https://www.1mg.com/otc/ezofen-pain-reliever-oil-otc456986,,Estrellas Life Sciences Pvt. Ltd.,,,,
https://www.1mg.com/otc/dyna-3d-knitted-knee-cap-small-maroon-right-otc392356,,Dynamic Techno Medicals Pvt. Ltd.,,,,
https://www.1mg.com/otc/nagarjuna-murivenna-oil-otc376820,Nagarjuna Murivenna Oil,Nagarjuna Ayurvedic Centre,,"Palandu, Kumaari, Kimshukam, Shigru, Vaasukam, Karanjam, Naagavallim, Shatavari, 200 ml, Oil, Men/Women, Eases joint stiffness, muscle soreness and alleviates discomfort associated with arthritis and rheumatism, Facilitates faster recovery from sprains, strains, and bruises and promotes tissue repair and regeneration, Reduces inflammation and swelling in affected areas along with soothing discomfort due to inflammatory conditions, Enhances blood flow to affected areas, aiding in healing, Enhances joint mobility and flexibility, for ease of movement",Use as mentioned on the label or as directed by the physician,"Store in a cool and dry place away from direct sunlight, Read the product label carefully before use, Keep out of reach of children"
https://www.1mg.com/otc/sleepsia-medium-visco-memory-foam-pillow-white-otc492200,,Sleepsia India Pvt Ltd,,,,
https://www.1mg.com/otc/accusure-e9-elastic-elbow-support-xl-otc371696,AccuSure E-9 Elastic Elbow Support,AccuSure Ortho Support,It is used to provide support and stability to an injured elbow.,"It is useful for healing elbow strains and sprains, epicondylitis (tennis elbow) and medial epycondylitis (golfer's elbow), Helpful in post elbow arthroscopy and for pre and post operative elbow conditions, Facilitates protection against further injury",Use as per requirement or as directed by the physician.,"Read the label carefully before use, Store in a cool dry place away from direct sunlight, Keep out of reach of the children, Avoid physical damage"
https://www.1mg.com/otc/comprezon-classic-varicose-vein-stockings-class-2-above-knee-1-pair-large-beige-otc390189,Comprezon Classic Varicose Vein Stockings Class 2 Above Knee (1 Pair),Dynamic Techno Medicals Pvt. Ltd.,Boost flow of blood back from legs to heart. Prevents the pooling of blood in the legs which is the main cause of varicose veins,,As described by your physician,"Read the label carefully before use, Store in a cool, dry place away from direct sunlight, Keep out of reach of children, Avoid physical damage"
https://www.1mg.com/otc/eli-relief-ointment-otc466219,,Grampus Labs,,,,
https://www.1mg.com/otc/witzion-hinge-knee-cap-large-beige-otc514114,,Witzion,,,,
https://www.1mg.com/otc/mgrm-shoulder-immobilizer-0201-xxl-otc390660,,MGRM Medicare Ltd.,,,,
https://www.1mg.com/otc/lp-110xt-x-tremus-ankle-support-single-xxl-otc331161,LP #110XT X-Tremus Ankle Support Single,LP Support,It is recommended in ankle sprain and instability.,"Double-Eight Stable Contoured Structure provides maximum stability to help prevent the ankle sprain, J-shape silicone pad around heel cord serves gently massages to reduce ankle pain and swelling, Plantar Magic Power Band preserves energy consumption when dorsi flexed and enhances sports explosive motion while plantar flexing, Durable Fitting Knit with high permeability fabric ensures wearing durability and breathability",Use as per requirement or as directed by the physician.,"Read the label carefully before use, Keep out of the reach of children, Store in a cool dry place away from direct sunlight"
https://www.1mg.com/otc/panayu-pain-killer-tablet-otc613231,,Dr Shahs Panchakarma Ayurveda,,,,
https://www.1mg.com/otc/tynor-i66-medical-compression-stocking-below-knee-high-class-1-pair-xl-otc335791,Tynor I-66 Medical Compression Stocking Below Knee High Class 1 (Pair),Tynor Orthotics Pvt. Ltd.,It helps to support and reduce the pain in ankles and reduces the varicose pain and also improves the comfort and stability.,"High quality, dermophillic, strong with long functional life, Effective and Graduated compression, Anatomical shape ensures, snug fitting and optimal grip, but no localized constrictions, Top silicone lined band ensures no slippage, Available in different compression classes ensures effective blood evacuation, Open toe design reduces wear and tear and is easy to wear, Comes with Applicator, User manual, and CD for effective management of the disease",Use as per requirement or as directed by the physician.,"Read the label carefully before use, Keep out of the reach of children, Store in a cool and dry place"
https://www.1mg.com/otc/samson-np-3010-wrist-brace-with-thumb-support-large-otc348991,,Samson Scientifics & Surgicals,,,,
https://www.1mg.com/otc/betaflam-ds-gel-otc320356,,Vilco Laboratories Pvt Ltd,,,,
https://www.1mg.com/otc/aruba-essentials-combo-pack-of-basil-oil-geranium-oil-15ml-each-otc488108,Aruba Essentials Combo Pack of Basil Oil & Geranium Oil:,Kamatri Corporation Pvt Ltd,,"Camphor Oil, Geranium Oil, Camphor oil contains properties beneficial for dry skin and helps relieve itchiness, Camphor oil helps tighten pores and rids the skin and scalp of harmful bacteria, Regular use of camphor oil also helps treat severe hair loss, dandruff and makes the hair stronger, Camphor oil when used therapeutically helps fight stress and anxiety, Geranium oil has been used widely in aromatherapy and helps relieve stress, tension, anxiety and induces a feeling of relaxation, Potent antioxidant properties help detoxify the scalp area and eliminate harmful radicals, Geranium oil helps treat dry hair conditions and balances oil content which makes the hair healthier, Geranium oil improves hair growth, nourishes and tones up the scalp","Take 3-5 drops of Geranium Oil and rub into your scalp with fingertips and leave it on overnight, Take 3-5 drops of Camphor Oil and run into your scalp with fingertips and leave it on overnight","Read the label carefully before use, For external use only, Avoid contact with the eyes, Store in a cool dry place away from direct sunlight and heat"
https://www.1mg.com/otc/medtrix-knee-brace-large-grey-otc503720,,Medtrix,,,,
https://www.1mg.com/otc/sira-3-in-1-postpartum-post-pregnancy-belt-xl-beige-otc504364,,Sira Healthcare,,,,
https://www.1mg.com/otc/bjain-agaricus-muscarius-dilution-6x-otc429519,Bjain Agaricus Muscarius Dilution,Bjain Pharmaceuticals Pvt. Ltd.,,,Bjain Agaricus Muscarius Dilution should be taken 3-5 drops in 1 teaspoon of water three times a day or as directed by the physician.,
https://www.1mg.com/otc/amron-xamax-anklet-large-otc421613,,Xamax Ergonomics Pvt. Ltd.,,,,
https://www.1mg.com/otc/presens-otc301-medical-compression-thigh-length-stocking-xl-beige-otc569865,,Presens Healthcare,,,,
https://www.1mg.com/otc/witzion-varicose-vein-stocking-xxl-beige-eco-otc514901,,Witzion,,,,
https://www.1mg.com/otc/presens-otc301-medical-compression-thigh-length-stocking-xxl-beige-otc569870,,Presens Healthcare,,,,
https://www.1mg.com/otc/tynor-b-20-cervical-collar-hard-with-chin-medium-otc345513,Tynor B-20 Cervical Collar Hard With Chin,Tynor Orthotics Pvt. Ltd.,It helps to improve immobilization and enhances comfort.,,Measure the distance between the edge of the sternum and lower jaw with the neck in the extension position.,"Read the label carefully before use, Keep out of reach of the children, Store in a cool dry place"
https://www.1mg.com/otc/healthgenie-knee-support-otc399375,Healthgenie Knee Support,Healthgenie India Pvt Ltd,"It is designed to help prevent injuries, reduce pain, and play sports. It can be used while performing leg press, while running on the treadmill, mountain climbing and hiking.","Thigh circumference - 33 to 54, Calf circumference - 35 to 46, Ensures proper ergonomic fitting, It is made of high quality laminated fabric, It has a soft, comfortable and washable fabric",Use as directed on the manual.,"Read the label carefully before use, Store in a cool dry place away from direct sunlight, Keep out of reach of the children"
https://www.1mg.com/otc/voligesic-plus-gel-otc367688,,Scott Edil Pharmacia Ltd,,,,
https://www.1mg.com/otc/amron-xamax-tennis-elbow-support-small-otc421726,,Xamax Ergonomics Pvt. Ltd.,,,,
https://www.1mg.com/otc/vissco-activeair-air-pillow-for-neck-support-h1048-universal-otc393934,Vissco Activeair Air Pillow for Neck Support H1048,Vissco Rehabilitation Aids Pvt. Ltd.,It is used to provide comfort to the neck area and helps to reduce the pain.,,Use as directed by the manual.,"Read the label carefully before use, Store in a cool dry place away from direct sunlight, Keep out of reach of the children, Avoid physical damage"
https://www.1mg.com/otc/nivaran-90-universal-oil-8ml-each-otc847766,Nivaran 90 Universal Oil,Sujatha Biotech,,"Pudhina Oil, Kapoor Oil, Winter Green Oil, Eucalyptus Oil, Ghandapura Oil, Gajaput Oil, Clove Oil, Peppermint Oil, White Oil, It is an effective pain-relief solution, It is the ayurvedic remedy for headaches, body aches and joint pain, It consists of powerful ayurvedic herbs with no side effects, It penetrates swiftly into the affected areas to deliver quick and long-lasting relief from pain, It relaxes muscle stiffness and heals pain effectively",Gently roll on the affected skin area as many times as required,Read the label carefully before use
https://www.1mg.com/otc/aushadh-pain-oil-otc517987,Aushadh Pain Oil,Aushadh Biotech Pvt Ltd,,"Castor oil, Mustard, This body oil can help manage muscle and joint pains, It may maintain the blood flow throughout the body and relieve the body of all the stress, It can make you feel relaxed and re-energized and reduce the signs of fatigue and exhaustion",Use as directed on the label or as advised by your physician.,"Read the label carefully before use, Do not exceed the recommended dosage, Store in a cool and dry place away from direct sunlight, Keep out of reach of children"
https://www.1mg.com/otc/medo-balm-otc511020,Medo Balm,Medopharm,,"Pudina phool, Kapoor, Gultheria oil, It helps to prevent severe headaches during cough and cold, It also mages reduces muscle pain, neck pain and back pain, It has no side effects on the skin since it is made of herbal and ayurvedic products",Apply the balm to the affected areas.,"Store in a cool and dry place, Keep it away from direct sunlight, Keep it away from the reach of the children"
https://www.1mg.com/otc/regnac-oil-otc534937,Regnac Oil,Regulus Pharmaceuticals,,"Nirgundi, Devdaru, Laung Tail, Sat Ajwain, Punarnava, Nirgundi helps manage arthritis and provides relief from pain due to its Vata balancing property, Nirgundi can also reduce swelling as well as excessive pain, It can help manage muscular stiffness by relieving the pain, It deals with joint pain",2ml to 3ml thrice a day to be massaged on the affected area,"Store in a cool and dry place, away from direct sunlight, Keep out of reach of children"
https://www.1mg.com/otc/p-care-c3003-varicose-vein-stocking-large-otc658841,,PR Flexmake Private Limited,,,,
https://www.1mg.com/otc/pharma-science-vata-cure-joint-muscle-pain-relief-oil-otc519504,Pharma Science Vata Cure Joint & Muscle Pain Relief Oil,Pharma Science,,"Til oil, Kapok, Nilgiri oil, Dalchini oil, Pudina, Works on relieving pain in the leg, neck, back, joints, and shoulders, Relieves body aches, muscular pains, severe joint pain or swelling, Peppermint oil is effective in reducing chronic pain, Enhances blood circulation in the body","Warm the pain relief oil on low flame until it becomes lukewarm, Apply the oil to the affected areas twice a day for 15 minutes","Read the label carefully before use, Store in a cool and dry place, Keep out of reach of children"
https://www.1mg.com/otc/wellon-compression-stockings-mid-thigh-stk02-xl-otc387725,Wellon Compression Stockings (Mid Thigh) STK-02,Mana Medical,It helps to support and reduce the pain in ankles and reduces the varicose pain and also improves the comfort and stability.,,,"Read the manual carefully before use, Keep out of reach of the children"
https://www.1mg.com/otc/wellon-cervical-collar-soft-full-foam-cc-02-small-otc387487,,Mana Medical,,,,
https://www.1mg.com/otc/dr-med-ankle-support-dr-a002-large-blue-otc377578,,A-MI Global Co Ltd,,,,
https://www.1mg.com/otc/nagarjuna-prasaaranee-thailam-otc376755,,Nagarjuna Ayurvedic Centre,,,,
https://www.1mg.com/otc/presens-otc310-thigh-length-anti-embolism-medical-compression-stocking-xl-white-otc569757,,Presens Healthcare,,,,
https://www.1mg.com/otc/birla-ayurveda-raasnaadi-choornnam-otc612710,Birla Ayurveda,Birla Healthcare Ayurveda Pvt Ltd,,"Rasna Rt 0.417, Amukkara rt 0.417, Devedaru wd. 0.417kg, Katuki rz 0.417kg, Cennaya lf 0.417kg, Kottam rt 0.417kg, Assists in reducing the inflammation of the cavities around the nasal passages, Deals with headaches of variable severity, which are often accompanied by discomfort and light and sound irritation, Relieves the sensation of being lightheaded, woozy, or unbalanced during dizziness",As directed by the physician.,"Read the label carefully before use, Keep out of reach of the children, Store in a cool dry place, For external use only"
https://www.1mg.com/otc/acupressure-wheel-magnetic-massager-otc518706,Acupressure Wheel Magnetic Massager,Kapil Plastic Mould,"To be used on shoulders, leg, back and neck as per your convenience",,"Roll it on different parts of the body like the back, neck, shoulders, leg etc, to relieve the stress","Store in a cool and dry place away from direct sunlight, Read the product label carefully before use, Keep out of reach of children"
https://www.1mg.com/otc/lyra-healthcare-arm-sling-pouch-beige-otc412768,,Lyra Healthcare,,,,
https://www.1mg.com/otc/dominion-care-handy-roller-iii-magnetic-otc529872,Dominion Care Handy Roller III Magnetic,Kapil Plastic Mould,It is useful in treating and aches and pains that exist across the body. It helps in getting rid of the fat pocket get that gets formed in the body.,"Designed in a way that allows easy access to tough areas like the shoulders, back, thighs as well as the calves, It has a comfortable hand grip, It is easy to use and is portable",Use as per requirement or as directed by the physician.,"Read the label carefully before use, Keep out of the reach of children, Store in a cool dry place away from direct sunlight"
https://www.1mg.com/otc/tynor-b-01-collar-soft-firm-density-large-otc335725,,Tynor Orthotics Pvt. Ltd.,,,,
https://www.1mg.com/otc/witzion-knee-brace-small-grey-otc514134,,Witzion,,,,
https://www.1mg.com/otc/aroma-treasures-lemongrass-pure-essential-oil-otc485042,Aroma Treasures Lemongrass Essential Oil,Aroma Treasures Pvt Ltd,,"100% Cymbopogon Citratus, It is helpful for treating symptoms of jet lag, clearing the head and relieving fatigue, It boost the parasympathetic nervous system, which hastens recovery from illness, It stimulates glandular secretions and muscles to aid in digestion, It is useful for colitis, indigestion, and gastroenteritis, It is an effective skin toner, said to be effective for tightening open pores","Put 2-4 drops into 5 ml vegetable oil for massage, Put 6 - drops in bath tub/bucket, 6 - 8 drops on vapouriser with water.","For external use only, Read the label carefully before use, Store in a cool and dry place, away from sunlight, Keep out of the reach of children, Avoid the contact with eyes, In case of contact with eyes, remove with water immediately"
https://www.1mg.com/otc/aquagel-innovations-hot-cold-pack-big-blue-otc514085,Aquagel Innovations Hot / Cold Pack Small Blue,Balaji Innovations,It is a hot and cold pack that helps relieve all kinds of pains and aches.,"Contains a non-toxic gel, Made of a strong nylon cloth with PVC lining inside, Reusable, eco-friendly and safe to use, Retauns temperature for 30 minutes, Helps improve blood circulation","Place in the refrigerator 30 minutes before use for cold therapy, Place in hot water for 30 minutes and apply to the affected area for hot treatment","Read the label carefully before use, Store in a cool and dry place, away from sunlight, Keep out of reach of children"
https://www.1mg.com/otc/bengay-pain-relieving-cream-otc325092,,JNTL Consumer Health (India) Pvt. Ltd.,,,,
https://www.1mg.com/otc/ifeelfit-boswellia-85-curcumin-95-with-bioperine-veg.-capsule-otc664252,iFeelFIT Boswellia 85% + Curcumin 95% with Bioperine Veg. Capsule,Vitalware Private Limited,,"Boswellia Serrata, Curcuma Longa root extract, Bioperine, Provides joint, muscle and tissue support, Has a natural anti-inflammatory response, Bioperine enhances nutrient absorption",Take 2 capsules per day with meals or as suggested by a healthcare professional.,"Read the label carefully before use, Store in a cool dry place away from direct sunlight, Keep out of reach of the children"
https://www.1mg.com/otc/samson-pa-2008-heating-pad-electronic-large-black-otc487790,,Samson Scientifics & Surgicals,,,,
https://www.1mg.com/otc/healthgenie-knee-cap-small-grey-otc399623,,Healthgenie India Pvt Ltd,,,,
https://www.1mg.com/otc/medtrix-hinged-knee-cap-xxl-beige-eco-otc503702,,Medtrix,,,,
https://www.1mg.com/otc/babuline-babkaan-ear-drops-for-baby-and-adult-relieving-ear-pain-eardrops-for-babies-ear-infections-and-earaches-10ml-each-otc929718,Babuline Babkaan Ear Drops for Ear Infection and Ear Ache,Babuline Pharma,,"Arka (Leaf) (Calotropis Procera), Nimba (Leaf) (Azadirachta Indica), Bilva (Fruit) Karpura (Crystal), Tila Taila (Sesamum Indicum), Preservatives (Benzoic Acid)",3 to 4 drops of Babkaan Ear Drops in the affected ear.,
https://www.1mg.com/otc/sleepsia-half-moon-semi-roll-four-position-bolster-knee-support-memory-foam-pillow-otc492208,,Sleepsia India Pvt Ltd,,,,
https://www.1mg.com/otc/healthsense-hm-210-toner-pro-electric-body-massager-otc814818,HealthSense HM 210 Toner-Pro Electric Body Massager,YS Brands Private Limited,This device helps relax and calm the mind.,,Read the instruction manual carefully.,
https://www.1mg.com/otc/the-white-willow-cervical-orthopedic-memory-foam-contour-pillow-small-otc506938,The White Willow Cervical Orthopedic Memory Foam Contour Pillow King,The White Willow,"It is constructed to facilitate a healthy support to the neck, shoulder, and head.",,Read the instructions manual for usage directions.,"Read the label carefully before use, Store in a cool dry place away from direct sunlight, Keep out of reach of the children, Avoid any physical damage"
https://www.1mg.com/otc/accusure-a2-ankle-elastic-pair-large-otc371773,AccuSure A2 Ankle Elastic Pair,AccuSure Ortho Support,It is used to help get relief from sprains and strain on the ankle caused due to injury or pains associated with arthritis,"Material:Elastic, Bi-layered construction with dermophillic cotton for comfort in all weather conditions, Nylon exterior for long life, excellent aesthetics, and colour fastness, Four-way stretchable knit with spandex for effective compression, comfort, and no buckling of fabric, Thick knit retains body heat, providing therapeutic warmth, Helps provide support for the ankle","Wear the ankle support around the ankles. Use cold water and mild detergent to wash it, Thoroughly rinse and dry under air at room temperature","Read the guidelines carefully before use, Do not use the washing machine for washing or drying"
https://www.1mg.com/otc/alopagesic-liniment-otc398731,,Alopa Herbal Healthcare Pvt Ltd,,,,
https://www.1mg.com/otc/amron-xamax-abdominal-belt-xxxl-otc428949,,Xamax Ergonomics Pvt. Ltd.,,,,
https://www.1mg.com/otc/accusure-a-9-elastic-ankle-support-large-otc371781,,AccuSure Ortho Support,,,,
https://www.1mg.com/otc/amron-xamax-ls-belt-regular-xxxl-otc421609,,Xamax Ergonomics Pvt. Ltd.,,,,
https://www.1mg.com/otc/lp-957-elastic-support-stocking-large-otc331430,LP #957 Elastic Support Stocking,LP Support,It is primarily used in the condition of pain due to varicose veins or restricted blood circulation.,"It helps to alleviate pain due to varicose veins or restricted blood circulation, The product is bi-knitted and bi-layered with 100% cotton lining, It facilitates compression and support to the calves",Use as per requirement or as directed by the physician.,"Read the label carefully before use, Store in a cool dry place away from direct sunlight, Keep out of reach of the children, Avoid physical damage"
https://www.1mg.com/otc/vissco-5602-platinum-wrist-splint-binder-with-silicone-pressure-pad-xl-right-otc448727,Vissco 5602 Platinum Wrist Splint Binder with Silicone Pressure Pad,Vissco Rehabilitation Aids Pvt. Ltd.,"It helps to facilitate support and stability to the wrist and is useful for painful, swollen, or weak joints.",,Use as per requirement or as directed by the physician.,"Read the label carefully before use, Store in a cool dry place away from direct sunlight, Keep out of reach of the children, Avoid physical damage"
https://www.1mg.com/otc/netagel-quick-relief-from-muscle-joint-pain-gel-30gm-each-otc930140,Netagel Quick Relief from Muscle & Joint pain Gel (30gm Each),Aneta Pharmaceuticals Pvt. Ltd,,"Diclofenac Diethylamine, This gel is designed to provide quick relief from muscle and joint pain, Its formulation is optimised for rapid action, making it an effective solution for alleviating various types of discomfort, including body pain, back pain, strains, and inflammation, The gel harnesses the benefits of diclofenac diethylamine and is known for its potent anti-inflammatory and pain-relieving properties, which help target the root causes of pain and reduce inflammation, One of the advantages of this gel is its ability to get absorbed quickly into the skin tissues; this efficient absorption ensures that the active ingredients reach the affected areas swiftly, enhancing the speed at which it begins to work",Apply on the targetted areas.,"Read the label carefully, Store in a cool, dry place, Keep out of reach of children, Maintain hygiene"
https://www.1mg.com/otc/dyna-3d-knitted-knee-cap-medium-orange-right-otc392341,,Dynamic Techno Medicals Pvt. Ltd.,,,,
https://www.1mg.com/otc/samson-pa2005-hot-cold-pack-large-otc348970,,Samson Scientifics & Surgicals,,,,
https://www.1mg.com/otc/wangay-gel-otc656395,Wangay Gel,West-Coast Pharmaceutical Works Ltd,,"Menthol, Methyl salicylate, Eucalyptus oil, Turpentine oil, It may be used to help facilitate the process of ligament regeneration, It provides relief from gouty inflammation of the joint, It assists in reducing joint stress and preserves joint cartilage",Read the label carefully before use,"Do not exceed the recommended dosage, Store in a cool and dry place away from direct sunlight, Keep out of reach of children"
https://www.1mg.com/otc/siddhayu-painquit-natural-pain-relief-roll-on-otc626702,Siddhayu Painquit Natural Pain Relief Roll-On - From the House of Baidyanath,Siddhayu Healthcare Pvt Ltd,,,,
https://www.1mg.com/otc/wellon-cervical-collar-hard-plain-cc03-small-otc387491,Wellon Cervical Collar Hard Plain,Mana Medical,,"The collar is made with strong PE sheet, It is covered with foam padding to provide comfort and cleaning, It allows for proper air circulation and ventilation, It has velcro closures for easy application and adjustments",Use as directed in the instructions manual.,"Read the label carefully before use, Store in a dry place, Keep out of reach of children"
https://www.1mg.com/otc/bahola-mag-phos-biochemic-tablet-6x-otc388776,,Bahola Labs,,,,
https://www.1mg.com/otc/karma-ayurveda-sandi-karma-yog-capsule-otc712544,,KRM Ayurveda Private Limited,,,,
https://www.1mg.com/otc/metaverse-herbals-klickey-pain-relief-oil-60-each-otc839562,Metaverse Herbals Klickey Pain Relief Oil,Grapevine Technologies Pvt. Ltd.,,"Kapur, Pudina, Alsi, Til, Nirgundi, It provides relief against joints pain and soreness, It helps reduce stiffness in joints and muscles, It helps improves body flexibility and mobility, It helps strengthen joints and muscles",Massage the oil gently 5ml to 10ml of oil with soft hands,"Read the label carefully before use, Store in a cool and dry place, away from sunlight, Keep out of reach of children"
https://www.1mg.com/otc/him-herbal-dr.-pain-ayurvedic-pain-relief-oil-otc892738,Him Herbal Dr. Pain Ayurvedic Pain Relief Oil,Pioneer Herbals,,"Alsi oil (linum usitatissimum linn) sd, Kapur (cinnamomum camphora) lf, Pudina sat (mentha viridis linn) ap, Turpentine oil (pinus roxburghii) wd, Gandhapura oil (gaultheria fragrantissima) lf, Nirgundi (vitex negundo) lf, Jyotishmati (celastrus paniculatus) sd, Ajwain phool (trachyspermum ammi linn) ft, The oil is also easy to use and can be applied directly to the affected area. Simply massage the oil into the skin until it is fully absorbed, and repeat as needed. This will help to soothe and provide targeted relief from pain, promoting healing and comfort, If you are looking for an effective, natural solution for pain relief, Him herbal Dr. Pain ayurvedic pain relief oil is an excellent choice. With its blend of natural ingredients and herbs, this oil promises to provide effective and long-lasting relief from various types of pain, promoting healing and comfort, It provides relief from joint and muscle pain, headaches, and back pain, It will help to soothe and provide targeted relief from pain, promoting healing and comfort","Simply massage the oil into the skin until it is fully absorbed, and repeat as needed.","Read the product label carefully before use, Keep out of reach of children"
https://www.1mg.com/otc/dr-willmar-schwabe-india-topi-mp-gel-otc327406,Dr Willmar Schwabe India Topi MP Gel,Dr Willmar Schwabe India Pvt Ltd,,"25 g, Gel",,
https://www.1mg.com/otc/tynor-d-42-knee-immobilizer-3-panel-universal-otc345630,Tynor D-42 Knee Immobilizer 3 Panel,Tynor Orthotics Pvt. Ltd.,"Provides support to knee joint and ligaments and provides effective relief from sprains and articular strains, damage of osteoarthritis and cartilage.",,Use a directed by the health-care professional.,"Read the label carefully before use, Keep out of reach of the children, Store in a cool dry place"
https://www.1mg.com/otc/samson-ab-0201-abdominal-belt-gold-large-grey-otc487985,Samson AB-0201 Abdominal Belt (Gold),Samson Scientifics & Surgicals,It is used to provide support to the abdominal area and also helps in dealing with back pain.,,Use as directed in the manual or as advised by the healthcare professional,"Read the label carefully before use, Keep out of reach of children, Keep away from physical damage"
https://www.1mg.com/otc/aruba-essentials-combo-pack-of-basil-oil-argan-oil-15ml-each-otc488103,,Kamatri Corporation Pvt Ltd,,,,
https://www.1mg.com/otc/dr-physio-usa-electric-hammer-pro-body-massager-grey-otc491646,,"Nureca Limited, India",,,,
https://www.1mg.com/otc/nagarjuna-kaarpaasaasthyaadi-thailam-otc376474,Nagarjuna Kaarpaasaasthyaadi Thailam,Nagarjuna Ayurvedic Centre,,"Taila (Sesame oil, Sesamum indicum), Aranala (Fermented gruel), Laksha (Laccifer lacca), Haridra (Turmeric rhizome, Curcuma longa), Manjishta (Indian Madder, Rubia cordifolia), It is an ayurvedic oil, It is beneficial for headache, It is useful for muscular issues, It is useful in rhinitis, bronchitis, bronchial asthma, pruritis, epilepsy and hysteria","Nagarjuna Kaarpaasaasthyaadi Thailam is used in oil massage, ayurvedic procedures like basti (enema), dhara, nasya, For oral administration: Dose is 5 – 10 ml along with warm water, usually before food, Or as directed by the ayurvedic doctor","Store in a cool and dry place away from direct sunlight, Read the label carefully, Keep out of reach of children"
https://www.1mg.com/otc/dr-willmar-schwabe-india-terminalia-chebula-dilution-12-ch-otc406355,,Dr Willmar Schwabe India Pvt Ltd,,,,
https://www.1mg.com/otc/aroma-treasures-lime-essential-oil-otc485048,,Aroma Treasures Pvt Ltd,,,,
https://www.1mg.com/otc/dr.-reckeweg-taraxacum-officinale-dilution-3x-otc375359,Dr. Reckeweg Taraxacum Officinale Dilution,Dr Reckeweg & Co,,"Taraxacin, Taraxacerin, Acrystalline, Potash, Gum, B-complex, Vitamins A, C, D, 11ml, Dilution, This dilution may help to relieve kidney and bone disorders, It helps to manage warts and acne, This is an effective remedy in managing liver complaints, It also supports urinary organs, This formula may help to reduce infections and swelling and manage water retention, and breast problems, It also helps to deal with gallbladder problems, viruses, and pneumonia, This product promotes normal digestion",,"Read the label carefully before use, Store in a cool and dry place, Keep out of reach of children, Do not exceed the recommended dose, Self-medication is not advised"
https://www.1mg.com/otc/flamingo-pain-relief-spray-otc888868,Flamingo Pain Relief Spray,Astronia Life Sciences,,,,
https://www.1mg.com/otc/nagarjuna-karppooraadi-thailam-otc376819,Nagarjuna Karppooraadi Thailam,Nagarjuna Ayurvedic Centre,,"Coconut oil, Camphor, 200 ml, Oil, Men/Women, Medicated oil with camphor, used to relieve pain and inflammation on external application, Relieves the stiffness caused by spasm, cramp, chronic ailments etc. and aids in painless movements of joints, It acts as refreshing oil for massage which also helps in soothing down the painful muscles and joints, If applied to the chest, it relieves chest congestion, Karpooradi thailam instantly helps in alleviating pain and swelling, it is usually advised in acute ailments and blunt injuries, Enhances blood circulation to affected areas for better healing",Use as mentioned on the label or as directed by the physician,"Store in a cool and dry place away from direct sunlight, Read the product label carefully before use, Keep out of reach of children, For external use only"
https://www.1mg.com/otc/orwalk-silicon-digital-cap-otc491654,Orwalk Silicon Digital Cap,Dr. Sayani's Health Care Pvt. Ltd.,"Relieves the pain from callous, corns, hammer or blisters toes",,Read the label carefully before use.,"Read the label carefully before use, Store in a cool and dry place away from direct sunlight, Keep out of reach of children"
https://www.1mg.com/otc/dhootapapeshwar-swamala-compound-with-gold-100-ayurvedic-for-complete-health-ideal-for-all-season-otc393301,Dhootapapeshwar Swamala,Shree Dhootapapeshwar Ltd,,"Chyavanprash (ashtavarga), suvarna bhasma, roupya bhasma, abhraka bhasma, kantaloha, bhasma, pravala pishti, and makardhwaj (poornachandrodaya)., Paste",,
https://www.1mg.com/otc/dyna-3d-knitted-lumbar-brace-with-silicone-pad-xl-otc392250,,Dynamic Techno Medicals Pvt. Ltd.,,,,
https://www.1mg.com/otc/mgrm-rib-belt-female-0402-large-otc390699,,MGRM Medicare Ltd.,,,,
https://www.1mg.com/otc/healing-hands-turmocin-plus-cream-skin-health-and-wound-healing-otc484966,,Healing Hands & Herbs Pvt Ltd,,,,
https://www.1mg.com/otc/dr.-reckeweg-influenzinum-dilution-50m-ch-otc374099,,Dr Reckeweg & Co,,,,
https://www.1mg.com/otc/lp-150xt-x-tremus-elbow-support-single-xxl-otc331269,LP #150XT X-Tremus Elbow Support,LP Support,It is used to provide elbow pain relief by giving stable compression during your entire day of daily activity.,,Measure around the elbow joint and wear accordingly.,"Read the label carefully before use, Keep out of reach of the children, Store in a cool dry place"
https://www.1mg.com/otc/3m-coban-wrap-1582-otc393914,3M Coban Wrap 1582,3M India Limited,It is used to secure dressings and other devices; compress or protect wound sites; immobilize injuries and more,"Secures wrap stays in place; eliminates the need for frequent readjustment, Secures and protects primary dressings and other devices, It is comfortable, lightweight, porous and breathable, Desired amount of compression at time of application",Use as per requirements,"Read the label carefully before use, Keep it out of the reach of children"
https://www.1mg.com/otc/acupressure-multiplex-massager-soft-pointed-otc518609,Acupressure Multiplex Massager Pyramidal,Kapil Plastic Mould,It applies pressure on the body's meridian points and helps maintain blood circulation,"It has 16 wheels with a pyramid that can be used on all parts of the body, It cleans away dead cells, accumulated oil secretions, dirt and perspiration, It enables the pores and glands to open and helps improve skin secretion and breathing, Available in attractive colours and is easy to handle, Pyramidal acupressure points of the massager treat by applying pressure on the meridian points of the body, The magnets attached to it help purify and maintain the circulation of blood, Size (L x W xH): 18 x 9 x 9 cm, Weight: 250 gm",Roll it over your body for 5-10 minutes to help relieve pain,"Read the label carefully before use, Keep out of reach of children"
https://www.1mg.com/otc/dr.-reckeweg-parotidinum-dilution-6-ch-otc376115,,Dr Reckeweg & Co,,,,
https://www.1mg.com/otc/trp-pain-relief-gel-for-inflammation-swelling-relief-otc390854,TRP Gel,Meditek India,,"Diclofenac, Linseed oil, Menthol, Methyl salicylate, Diclofenac is a non-steroidal anti inflammatory drug (NSAID) with analgesic and antipyretic properties, Linseed relieves inflammation and improves joint mobility. It improves blood circulation at place of application, Menthol and methyl salicylate are known as counterirritants. They work by causing the skin to feel cool and then warm. These feelings on the skin distract you from feeling the aches/pains deeper in your muscles, joints, and tendons",Apply TRP Gel on skin and rub slowly till completly absorbed.,"Read the label carefully before use, Store in a cool and dry place, away from sunlight, Keep out of the reach of children"
https://www.1mg.com/otc/tynor-i69-medical-compression-stocking-mid-thigh-class-1-small-otc345878,Tynor I-69 Medical Compression Stocking Mid Thigh Class 1,Tynor Orthotics Pvt. Ltd.,It is primarily used to provide relief in all forms of venous disease including blood pools or congests in legs.,"It is high quality, dermophillic, strong with long functional life, Gives effective and graduated compression, Anatomical shape ensures, snug fitting and optimal grip, Top silicone lined band ensures no slippage, Open toe design reduces wear and tear and is easy to wear, Available in different compression classes, ensures effective blood evacuation, Available sizes: S (14.6""-16.9""), M (16.5""-18.9""), L (18.5""-20.9""), XL (20.5""-22.8"")",Use as per requirement or as directed by the physician.,"Read the label carefully before use, Store in a cool dry place away from direct sunlight, Keep out of reach of the children, Avoid physical damage"
https://www.1mg.com/otc/iconac-gel-otc233497,,Icon Life Sciences,,,,
https://www.1mg.com/otc/lp-937-sacro-lumbar-support-with-stays-medium-otc331361,,LP Support,,,,
https://www.1mg.com/otc/presens-otc301-medical-compression-thigh-length-stocking-large-beige-otc569867,,Presens Healthcare,,,,
https://www.1mg.com/otc/bjain-rhus-toxicodendron-dilution-30-ch-otc701492,Bjain Rhus Toxicodendron Dilution,Bjain Pharmaceuticals Pvt. Ltd.,,,Take 3-5 drops of the dilution in 1 teaspoon of water twice a day or as directed by the physician.,
https://www.1mg.com/otc/proyurveda-maxartho-knee-pain-oil-otc350457,,Maximaa Proyurveda,,,,
https://www.1mg.com/otc/comprezon-cotton-varicose-vein-stockings-class-1-above-knee-xl-beige-otc390215,,Dynamic Techno Medicals Pvt. Ltd.,,,,
https://www.1mg.com/otc/dr.-reckeweg-cedron-dilution-6-ch-otc373314,Dr. Reckeweg Cedron Dilution,Dr Reckeweg & Co,,"Simaruba Ferroginea (Cedron), Liquid dilution, The dilution provides relief from severe neuralgic pain, especially around the eyes and face, It helps in reducing inflammation and discomfort from insect bites and stings, It helps to reduce symptoms of malaria and other fever-related conditions, It supports overall nerve health and reduces the frequency of nerve-related pain",,"Store in a cool and dry place, Keep away from the direct sunlight, Keep out of the reach of children"
https://www.1mg.com/otc/salo-orthotics-hip-abduction-pillow-for-adult-otc394700,,Salo Orthotics,,,,
https://www.1mg.com/otc/wellon-cervical-collar-hard-adjustable-cc04-large-otc387498,Wellon Cervical Collar Hard Adjustable CC-04,Mana Medical,"This cervical collar is used to support the neck and supports in traumatic head or neck injuries, and can be used to treat cervical region conditions.","An anatomical design that is comfortable and light weight, Comes with a ventilation ensuing air circulation through the eyelet, Features Velcro closures promoting simple application, removal and adjustment, Allows you to adjust the height for a secure fit and better immobilization, Long hook-loop tape ensure the snug fitting and easy application, It is latex free and available with adjustable thoriate or plain",,"Read the user manual carefully before use, Keep out of the reach of children, Store in a cool dry place away from direct sunlight, Hand wash using mild liquid detergent, Air dry away from heat and sunlight, Do not bleach, iron or dry clean"
https://www.1mg.com/otc/witzion-knee-brace-xl-beige-otc514128,,Witzion,,,,
https://www.1mg.com/otc/balu-herbals-bala-thailam-otc490403,Balu Herbals Bala Thailam,Balu Herbals,,"Flannel Weed (Bala), Giloy (Guduchi), Indian Madder (Manjth), Sesame Oil (Til ka Tel), Balu Herbals Bala Thailam can help in reducing inflammation, Regular consumption may help in managing stiffness and joint pain, It may help in maintaining muscle health and promote blood circulation","Bala Tailam can be used externally (nasya, sirovasti, abhyanga etc) or directed by the Vaidya.","Read the label carefully before use, Keep out of sight and reach of children, Store in cool dry place, away from directed by the Vaidya"
https://www.1mg.com/otc/dyna-3d-knitted-knee-cap-xxl-black-left-otc392314,,Dynamic Techno Medicals Pvt. Ltd.,,,,
https://www.1mg.com/otc/lp-705ca-extreme-thigh-support-large-otc331309,Uses:,LP Support,"It is used to relieve thigh pain associated with a groin injury, and the stretch fabric ensures comfort during wear and easy to slip on and off.",,Use as directed by the healthcare professional.,"Read the label carefully before use, Keep out of reach of the children, Avoid wear and tear of the product"
https://www.1mg.com/otc/volini-pain-relief-gel-for-sprain-muscle-joint-neck-low-back-pain-bone-joint-muscle-care-otc324907,Volini Pain Relief Gel,Sun Pharmaceutical Industries Ltd,,"Diclofenac Diethylamine Equivalent to Diclofenac Sodium 1% w/w, Methyl Salicylate IP, Menthol IP, Virgin Linseed Oil BP, Preservative, Benzyl Alcohol IP, Gel Base, The spray can offer relief when in pain and supports bone, muscle and joint care., It is effective for pain in the joints, knees, back, shoulders, and neck, It can work great on sports injuries such as muscle pulls, sprains, and strain, It provides instant and long-lasting pain relief from knee pain, joint pain, back pain, calf pain, and neck pain","The Volini pain relief bottle should be shaken well before spraying, Hold the spray bottle at a 5cm distance from the affected area and spray, You can use the spray about three to four times daily or as recommened by your physician","Read the label carefully before use, Store in a cool and dry place, away from sunlight, Keep out of reach of children, The Volini pain relief spray is meant for external application only, Use Volini per the doctor’s guidance, and be careful not to use more than the given dosage, Do not use the spray on open wounds or surfaces of the skin that are ruptured, The spray should not be ingested or come in contact with the eyes and mucous membranes, Avoid using the spray near a naked flame, Do not burn or make a hole in the bottle even after the spray is over"
https://www.1mg.com/otc/giosun-pain-relief-oil-spray-otc665371,Giosun Pain Relief Oil Spray,Giosun Healthcare Private Limited,,"Puteeha satwa (Mentha spicata) Crystals - 5 %, Gandhapura (Gaultheria fragrantissima) Oil - 5 %, Karpura (Camphor) Crystals - 5 %, Yavani satwa (Thymus vulgaris) Crystals - 5%, Lavanga taila (Syzygium aromaticum) Oil - 2%, Darusita (Cinnamomum) Zeylanicum) Oil - 0.5%, Tailaparna taila (Eucalyptus globulus), Ensures faster mobility of joints, Stimulates blood circulation and relieves muscle spasms and stiffness, Allows faster, deeper absorption, Relieves joint pain","For adults and children over 7 years - Hold 6 inches away from the affected area and spray, Repeat 3-4 times a day","Read the label carefully before use, Store in a cool dry place away from direct sunlight, Keep out of reach of the children, Avoid contact with eyes, nostrils, mucous or irritated skin, Do not use if allergic to any ingredient"
https://www.1mg.com/otc/samson-pa-2004-hot-water-bottle-universal-black-otc348972,Samson PA-2004 Hot Water Bottle Universal Black,Samson Scientifics & Surgicals,It is used to provide relief from muscular and joint pain.,"It helps with muscular and joint pains, It gives a heat sensation, It is made from natural rubber, It retains heat for a long time, It features a no-leak design","When filling the bottle, do not use boiling water, Fill to a maximum of two-third capacity, Check the bottle for any leakage by holding the bottle in an upside-down position, Expel air by lowering carefully onto a flat surface until water appears at the opening, Screw the stopper sufficiently tight to ensure that there is no leakage","Read the label carefully before use, Store in a cool and dry place away from direct sunlight, Keep out of reach of the children"
https://www.1mg.com/otc/soulflower-tea-tree-foot-reflexology-aroma-massage-oil-otc386671,Soulflower Tea Tree Foot Reflexology Aroma Massage Oil,PT Invent India Pvt Ltd,,"Lavender, Rosemary, Neem, Juniper, Amla (emblica officinalis), Peppermint, Lemon, Eucalyptus, Tea tree essential oils, Vitamin E, Jojoba, Olive, Rice bran, Sesame oils, Tea Tree essential oil contains antiseptic and anti-bacterial properties. It effectively heals the skin against fungal and viral infections which might occur on the feet and toe nails, It includes Lemon essential oil which relaxes and refreshes tired, exhausted feet, and provide a soothing effect, Eucalyptus and Peppermint essential oil are great for removing tiredness from sore feet. They soften the rough skin, corns, and makes the feet soft, The rich blend of jojoba, olive, and rice bran oil stimulates blood circulation and improves the circulatory and toxic removal system of the body, Consist of Sesame oil which is excellent for body ache, Vitamin E easily permeates into the skin leaving it radiant and healthy from the inside","Massage your feet with a little oil using firm and strong hands, Apply pressure as and when required to alleviate fatigue and tension in your feet and legs, Put on socks after you complete the massage till most of the oil is absorbed by your skin","Read the label carefully before use, Keep it out of reach of the children, Store in a cool and dry place away from direct sunlight, Use under medical supervision"
https://www.1mg.com/otc/sira-3-in-1-postpartum-post-pregnancy-belt-large-beige-otc504362,,Sira Healthcare,,,,
https://www.1mg.com/otc/medi-duomed-knee-length-stocking-large-beige-otc569847,,Isha Surgical,,,,
https://www.1mg.com/otc/samson-tc-1102-calf-support-medium-otc348968,,Samson Scientifics & Surgicals,,,,
https://www.1mg.com/otc/careflix-mom-s-little-tummy-roll-onpain-otc952284,Mom's little tummy roll on,Careflix Pvt Ltd,,"Ferula asafoetida (Hing oil), Foeniculum vulgare (Fennel oil), Mentha piperita (Pudina oil), Zingiber officinale (Ginger oil), Elettaria cardamomum (Cardamom oil), Olea europaea (Olive oil), Contains natural oils like hing and saunf for stomach relief, Helps provide relief from colic, indigestion, and constipation, Roll-on format for easy, compact, and travel-friendly use, Quick and effective relief for all age groups, especially helpful for cranky kids",As mentioned on the label or as directed by the healthcare professional,"Read the label carefully, Store in a cool, dry place, For external use only"
https://www.1mg.com/otc/dr-willmar-schwabe-india-cimex-lectularius-dilution-200-ch-otc399188,,Dr Willmar Schwabe India Pvt Ltd,,,,
https://www.1mg.com/otc/wellon-ks02-hinged-knee-support-open-patella-xl-otc387638,Wellon Hinged Knee Support Open Patella KS-02,Mana Medical,It offers a natural and non-invasive pain relief and is helpful in treatment of inflammation and pain around the knees.,"Hinged with Open Patella is made of elastic cotton with aluminium splints on both side of the knee to give required movement, It is designed with a large dorsal opening to ensure no buckling and no vaso constriction, Magnetic field helps to improves blood circulation, It improves sleeping activity levels and reduces the stress due to knee pain, Very effective as athletic support for rheumatic or arthritic pain and post operative conditions, Model: Knee Support Hinged - (Open Patella), Part Number: KS-02, Size in Number: 16 - 18 inch, Suitable for both men and women, Designed For:Knee",,"Read the manual carefully before use, Keep out of the reach of children, Only for external use, Avoid use during pregnancy, Avoid use if using pacemakers, suffering from haemophills, have surgically implanted screws, undergoing dialysis, allergic to metal or have wound"
https://www.1mg.com/otc/mgrm-spoon-splint-0903-small-otc390681,,MGRM Medicare Ltd.,,,,
https://www.1mg.com/otc/dr-med-hinged-knee-support-pcl-dr-k012-2-large-grey-otc377531,,A-MI Global Co Ltd,,,,
https://www.1mg.com/otc/healthgenie-knee-cap-large-grey-otc399619,,Healthgenie India Pvt Ltd,,,,
https://www.1mg.com/otc/dr-med-elbow-sleeve-high-compression-dr-e015-xl-blue-otc377542,,A-MI Global Co Ltd,,,,
https://www.1mg.com/otc/dyna-3d-knitted-lumbar-brace-with-silicone-pad-xxl-otc392251,,Dynamic Techno Medicals Pvt. Ltd.,,,,
https://www.1mg.com/otc/dipsee-gel-otc129568,,Athens Labs Ltd,,,,
https://www.1mg.com/otc/prestiflam-gel-otc367664,,Scott Edil Pharmacia Ltd,,,,
https://www.1mg.com/otc/brufen-metered-pain-relief-800-sprays-otc614506,Brufen Power Metered Pain Relief Spray,Abbott,,,,
https://www.1mg.com/otc/medtrix-functional-open-patella-hinge-knee-support-xxl-grey-otc503682,,Medtrix,,,,
https://www.1mg.com/otc/vaidyaratnam-prabhanjanavimardanam-thailam-prabhanjanam-thailam-otc619847,Vaidyaratnam Prabhanjanavimardanam Thailam (Prabhanjanam Thailam),Ashtavaidyan Thaikkattu Mooss Vaidyaratnam Pvt Ltd,,"Bala, Shatavari, Shigru, Varuna, Arka, Eranda, Ashwagandha, Thila thaila, Curd, Cow milk, Rice-washed water, This medicated oil gives relief from hernia, facial palsy and abdominal pain, It is an essential therapeutic solution for paraplegic patients and helps in controlling rheumatism and arthritis, especially lumbago, sciatica, lumbar spondylosis and lower back ache, Massaging with this oil alleviates the pain and provides significant relief to the patient, and at the same time, it strengthens and nourishes the joints, bones and soft tissues of the back",Use as directed by the physician,"Read the label carefully before use, Keep out of the reach of children, Store at a temperature below 25-degree Celsius and 40 % humidity in a cool and dry place, Should be protected from direct light"
https://www.1mg.com/otc/mgrm-lady-s-choice-abdominal-binder-0604-large-otc390619,,MGRM Medicare Ltd.,,,,
https://www.1mg.com/otc/nectar-valley-rosemary-100-natural-essential-oil-otc616136,Nectar Valley Rosemary Essential Oil,Bionova Lifesciences,,"Rosemary, The product aims to soothe the skin and scalp, It helps to stimulate the hair follicles, Prevents premature greying of hair, Controls dandruff and premature baldness, Promotes healthy healing and boosts immune health",Use as directed by the physician.,"Read the label carefully, Store in a cool and dry place, Keep out of the reach of children"
https://www.1mg.com/otc/presens-otc310-thigh-length-anti-embolism-medical-compression-stocking-xs-white-otc569756,,Presens Healthcare,,,,
https://www.1mg.com/otc/herba-medicare-dolorid-oil-60ml-each-otc969889,Herba Medicare Dolorid Oil,Herba Medicare,,"Mahanarayan taila, vishagharba taila, mahmash taila, gandha pura taila, neelgiri taila, pudina satwa, and kapoor., Dolorid oil contains a potent blend of natural ingredients, Provides relief from various discomforts including arthritis, frozen shoulders, sciatica, and more, Offers targeted relief when gently massaged into the affected area, Recommended hot water fermentation enhances its benefits for improved mobility",Apply the oil gently on the targetted area and massage.,"Read the label carefully, Store in a cool, dry place, For external use only"
https://www.1mg.com/otc/arthorex-joints-pain-care-tablet-otc867035,Arthorex joint & Pain Care Tablets,Sat Kartar Shopping Pvt Ltd,,"Mahayograj, Trayodashang, Ashwagandha, Rasnadi, Shank bhasma, Babool, The tablet is an all-natural, non-invasive solution for managing joint pain and inflammation, It is formulated with powerful ingredients, including mahayograj, trayodashang, ashwagandha and shankh bhasm, The tablets help to lubricate and cushion joints, reducing pain and stiffness, They contain anti-inflammatory agents to reduce inflammation and promote healing, These easy-to-swallow tablets are perfect for those with active lifestyles, With regular usage, they can help improve mobility, flexibility, and overall joint health",Take 2 tablets after breakfast and 2 tablets after dinner with water,"Keep out of reach of children, Store in a cool and dry place, Read the label before use, Self-medication is not advisable, Do not exceed the recommended dosage"
https://www.1mg.com/otc/dr-ortho-combo-pack-of-pain-relief-oil-60ml-elastic-crepe-bandage-10x4-otc472696,Dr Ortho Combo Pack of Pain Relief Oil 60ml & Elastic Crepe Bandage,Dr Ortho Ayurvedic,Used to provide support to the area affected due to strain and sprain and promotes faster healing.,"Helps to reduce knee and wrist pain and inflammation, Reduces neck and shoulder pain, Helps in reducing joint and back pain","After applying the pain relief oil to the affected area, wrap this bandage firmly and secure its ends with clips.","Read the label carefully before use, Store in a cool dry place away from direct sunlight, Keep out of reach of the children, Avoid spilling water while you wear this bandage, For external use only"
https://www.1mg.com/otc/mgrm-meta-tarsal-pad-1103-medium-right-otc390646,,MGRM Medicare Ltd.,,,,
https://www.1mg.com/otc/lp-605-palm-brace-small-otc331335,LP #605 Palm Brace,LP Support,"Provides support and relieves pain from the stiff, swollen or injured wrist. Protects against further injury.",,Measure the circumference of your wrist and wear accordingly.,"Read the label carefully before use, Keep out of reach of the children, Store in a cool dry place"
https://www.1mg.com/otc/medtrix-lumbar-sacral-belt-xxxl-grey-and-black-otc503745,,Medtrix,,,,
https://www.1mg.com/otc/mgrm-shoulder-immobilizer-0201-small-otc390657,,MGRM Medicare Ltd.,,,,
https://www.1mg.com/otc/dynaplast-bandage-10cmx4m-otc236240,Dynaplast Bandage,JNTL Consumer Health (India) Pvt. Ltd.,It is used for providing compression,"The bandage is flexible and washable, and washing renews the elasticity of the bandage, It has non-fraying edges and is easily washable with lukewarm water, It may be used as a compression bandage for orthopaedic usage and also as a pressure bandage in burns and skin grafts, These crepe bandages are flesh-coloured with porous adhesive, which gives a longer life to the bandage",Use as directed on the label,"Store in a dry and hygienic place, Read the label before use, Keep out of reach of small children"
https://www.1mg.com/otc/mgrm-spondylosis-collar-0101-small-otc390669,,MGRM Medicare Ltd.,,,,
https://www.1mg.com/otc/wellon-breathable-lumbo-sacral-belt-double-strap-mb04-medium-otc387374,Wellon Breathable Lumbo Sacral Belt- Double Strap MB-04,Mana Medical,Used for providing support to back as lumbar Support.,,Use as directed by a physician.,"Read the label carefully before use, Keep it away from children, Do not overuse it, Protect from physical damage"
https://www.1mg.com/otc/vissco-stretchable-2d-knee-cap-knee-support-for-pain-relief-and-injury-in-pair-xxl-otc448690,Vissco 2703 Pro 2D Knee Cap,Vissco Rehabilitation Aids Pvt. Ltd.,It is primarily used to give support and stability to the knee.,,Use as per requirement or as directed by the physician.,"Read the label carefully before use, Store in a cool dry place away from direct sunlight, Keep out of reach of the children, Avoid physical damage"
https://www.1mg.com/otc/sleepsia-standard-memory-foam-infused-gel-pillow-xl-off-white-grid-fabric-otc504665,,Sleepsia India Pvt Ltd,,,,
https://www.1mg.com/otc/amron-xamax-tennis-elbow-support-xl-otc421733,,Xamax Ergonomics Pvt. Ltd.,,,,
https://www.1mg.com/otc/kairali-kairtis-oil-otc325774,Kairali Kairtis Oil,Kairali Ayurvedic Products Pvt. Ltd.,,"Kharayashti, Sida cordifolia, Rt., Sigru, Moringa oleifera, St.Bk, Arka, Calotropis gigantea, Rt. , Vatari, Ricinus communis, Rt. , Sadachara, Strobilanthes heynianus, Pl., Sadaphala, Aegle marmelos, Rt., Madhuparni, Gmelina arborea, Rt., Thakari, Premna corymbosa, Rt., Patala, Stereospermum colais, Rt. , Dunduka, Oroxylum indicum, Rt. , Asana, Pterocarous marsupium, Rt., Takara, Cassia tora, Pl., Sunthi, Zingiber officinale, Rz., Abhaya, Terminalia chebula, Fr.R , Rasna, Alpinia galanga, Rz., Karpasa, Gossypium herbaceum, Sd., Tila, Sesamum indicum, Sd.Ol, Kanjika, Dhanyamlam, Gokshira, Cow's Milk, Karpoora, Cinnamomum camphora, Exd., Kanmadam, Mineral Pitch, Oil, Provides relief from knee pain, backache, and muscular pain:The product is effective in alleviating discomfort associated with knee pain, backache, and muscular pain, offering relief from these common ailments, Provides comfort to the joints:It promotes joint comfort, reducing discomfort and improving the overall well-being of the joints, Removes stiffness and inflammation:This product helps alleviate stiffness and reduces inflammation in the affected areas, enhancing flexibility and comfort, Improves mobility of joints:It supports increased joint mobility, making it easier to perform daily activities and maintain an active lifestyle, Effective in concerns associated with arthritis, spondylosis, and rheumatic pain:This product is particularly useful for managing conditions like arthritis, spondylosis, and rheumatic pain, providing relief and improving the quality of life for individuals dealing with these issues, Kolakulathadi choornam (medicated potli):Potli has amazing medicinal value that helps to reduce the swelling and inflammation in the bones, Country mallow (sida cordifolia):It has anti-inflammatory properties that help to relieve nerve pain, joint pains, headache and body pain, Drumstick (moringa oleifera):Manages the pain and inflammatory conditions caused by arthritis, Gossypium herbaceum:Acts as an excellent pain reliever. One of the anti-inflammatory herbs for decreasing pain and swelling",,"Read the label carefully before use, Store in a cool and dry place, away from sunlight, Keep out of reach of children, Avoid any strong smell in the mouth, such as coffee, onion, hing, mint, camphor, garlic etc., while taking medicine, Avoid eating tobacco or drinking alcohol during the course"
https://www.1mg.com/otc/bjain-rhus-toxicodendron-dilution-30-ch-otc434330,Bjain Rhus Toxicodendron Dilution,Bjain Pharmaceuticals Pvt. Ltd.,,,Take 3-5 drops of the dilution in 1 teaspoon of water twice a day or as directed by the physician.,
https://www.1mg.com/otc/longlife-ll99-foot-calf-and-leg-massager-dark-brown-otc530421,,Veridicus Health Care Pvt Ltd,,,,
https://www.1mg.com/otc/eagle-rinoex-syrup-otc497303,Nature's Truth Good Nite Relaxing Essential Oil,Eagle Ayurvedic Pharmacy,,"Lavender oil, Tangerine oil, Bergamot oil, Geranium oil, Cyperus oil, Chamomile blue oil, Lavender oil promotes relaxation and believed to treat anxiety, fungal infections, allergies, depression, insomnia, eczema, nausea, and menstrual cramps, Tangerine essential oil has antiseptic properties which are highly beneficial to the skin, with its antifungal, antibacterial and wound-healing properties, Bergamot oil may help reduce anxiety, which could promote better sleep, Geranium oil reduces anxiety, depression, infection, and pain management","Enjoy the benefits of pure essential oils in a massage, your bath, or in a diffuser, For a massage, dilute at a recommended rate of 5 drops of essential oils to 10mL of Nature’s Truth Unscented Base Oil","Read the label carefully before use, Keep out of the reach of children, Store at a temperature below 25-degree Celsius and 40 % humidity in a cool and dry place, Should be protected from direct light"
https://www.1mg.com/otc/morpheme-arthcare-massage-oil-otc338180,Morpheme Arthcare Massage Oil,Morpheme Remedies,,"Camphor (Cinnamomum camphora), Peppermint (Mentha piperita), Shuddha Guggulu (Commiphora mukul), Garlic (Allium sativum), Gandhaprasarini (Paederia foetida), Ajwain (Trachyspermum ammi), Nirgundi (Vitex negundo, Erand (Ricinus communis), Rasna (Pluchea lanceolata), Ashwagandha (Withania somnifera), Kadamb (Anthocephalus indicus), Padmakh (Prunus cerasoides), Devdaru (Cedrus deodara), Shuddha Kuchla (Strychnos nux-vomica), Krishna Marich (Piper nigrum), Oil base (Til oil)., Relieves joint and muscle pain, easing discomfort and promoting relaxation, Supports joint flexibility and mobility, aiding in easier movement, Eases muscle tension and stress, promoting relaxation and relief, Contains herbs with anti-inflammatory benefits, reducing swelling and soreness, Stimulates blood flow to affected areas, aiding in healing and reducing stiffness, 100 ml, Oil, Men and Women","Apply 2-3 times a day on the affected part or as directed by the physician, Massage firmly till the oil gets absorbed","Store in a cool and dry place away from direct sunlight, Read the product label carefully before use, Keep out of reach of children, For external use only"
https://www.1mg.com/otc/runtej-white-balm-otc517017,Runtej Red Balm,Parsham Group,,"Refer to the label., Can help ease stiffness and muscular pain and backache, May aid in reducing inflammation and soreness, Gets absorbed into the skin easily",Apply the required amount to the affected area.,"Read the label carefully before use, Store in a cool and dry place, Keep out of reach of children"
https://www.1mg.com/otc/beurer-hk-25-basic-heating-pad-otc331618,Beurer HK 25 Basic Heating Pad,Beurer,It helps to reduce body pain,"The heating pad has accurate electronic temperature regulation, The device comes with three different illuminated temperature settings, It has a detachable power cord and a hygienic plastic protective cover that is washable, Size approx. 40 (L) x 30 (W) cm, Cover machine-washable at 40°C",Use as directed on the label,"Store in a dry and hygienic place, Read the label before use, Keep out of reach of small children"
https://www.1mg.com/otc/dr-med-elastic-ankle-support-with-adjustable-strap-dr-a009-large-beige-otc377567,,A-MI Global Co Ltd,,,,
https://www.1mg.com/otc/witzion-varicose-vein-stocking-large-beige-premium-otc514970,,Witzion,,,,
https://www.1mg.com/otc/eagle-dardher-tablet-otc497286,Eagle Dardher Tablet,Eagle Ayurvedic Pharmacy,,"It helps reduce muscle strain and pain, It is an anti-inflammatory formula that helps reduce swelling and prevents muscle aches",Use as directed in the label.,"Store in a cool and dry place away from direct sunlight, Read the product label carefully before use, Keep out of reach of children"
https://www.1mg.com/otc/acupressure-roller-wooden-beak-otc518736,,Kapil Plastic Mould,,,,
https://www.1mg.com/otc/dr-ortho-combo-pack-of-pain-relief-oil-60ml-spray-75ml-otc575696,,Dr Ortho Ayurvedic,,,,
https://www.1mg.com/otc/vissco-5601-platinum-elbow-support-with-silicone-pressure-pad-medium-otc448590,Vissco 5601 Platinum Elbow Support with Silicone Pressure Pad,Vissco Rehabilitation Aids Pvt. Ltd.,It is primarily used in the condition of tendonitis (lateral epicondylitis).,,Use as per requirement or as directed by the physician.,"Read the label carefully before use, Store in a cool dry place away from direct sunlight, Keep out of reach of the children, Avoid physical damage"
https://www.1mg.com/otc/deemark-ortho-balm-premium-50gm-each-otc945322,Deemark Ortho Balm Premium,Deemark Health Care Pvt Ltd,,"Tail Parna Tail, Tejovathi, Tejpatta, Sati, Karpura, Pudina, Gandhpura, White Petroleum Jelly",Apply the balm 3-4 times a day with a light massage,
https://www.1mg.com/otc/sbl-calcarea-carbonica-0-3-lm-otc361646,,SBL Pvt Ltd,,,,
https://www.1mg.com/otc/witzion-varicose-vein-stocking-small-beige-premium-otc514968,,Witzion,,,,
https://www.1mg.com/otc/adel-thymolum-dilution-200-ch-otc332698,ADEL Thymolum Dilution,Adel Pekana Germany,,"Thymol, 10 ml, Liquid, It can help to control increased urination, It may help provide relief from back pain, It controls the production of uric acid in urine",,"Do not exceed the recommended dosage, Read the label carefully before use, Store in a cool dry place away from direct sunlight, Keep out of reach of children, Avoid any strong smell in the mouth such as coffee, onion, hing, mint, camphor, garlic etc. while taking the medicine, Keep at least half an hour gap between food/drink/ any other medicines and allopathic medicine"
https://www.1mg.com/otc/tynor-k-09-heel-cup-silicone-pair-large-otc335738,Tynor K-09 Heel Cup Silicon (Pair),Tynor Orthotics Pvt. Ltd.,"Anatomically designed for better comfort and fitting, it provides even pressure distribution throughout.","Made of silicon with the high cushioning coefficient, Next to natural adipose, shock absorption & energy return, They include a softer center pad which absorbs excess pressure over the heel, Thin Construction, can easily be put into shoes, Convenient and comfortable",Use as per requirement or as directed by the physician.,"Read the label carefully before use, Keep out of the reach of children, Store in a cool and dry place"
https://www.1mg.com/otc/p-care-a1010-contoured-back-support-large-otc658549,,PR Flexmake Private Limited,,,,
https://www.1mg.com/otc/acupressure-slipper-magnet-and-accu-points-unistar-otc518402,,Kapil Plastic Mould,,,,
https://www.1mg.com/otc/vissco-shoulder-support-with-adjustable-stretchable-strap-large-otc344551,Vissco Core 0812 Shoulder Support,Vissco Rehabilitation Aids Pvt. Ltd.,"It is used to help reduce inflammation, pain or mild instabilities to the shoulder joint.","It allows patients to gradually return to full range of motion after an injury or operation, It provides warmth, support and pain relief to the shoulder joint, It can be worn comfortably under clothing, It has a hook and loop closure for easy adjustment, It is made up of fabric thus it does not cause any type of irritation, It ensures compression retention support and stability control",Use as directed by the physician.,"Store in a cool and dry place, Keep out of the reach of children, Read the manual carefully"
https://www.1mg.com/otc/sbl-tuberculinum-0-7-lm-otc362602,,SBL Pvt Ltd,,,,
https://www.1mg.com/otc/dr-willmar-schwabe-india-amoora-rohituka-dilution-12-ch-otc395940,,Dr Willmar Schwabe India Pvt Ltd,,,,
https://www.1mg.com/otc/dr-willmar-schwabe-india-thea-chinensis-mother-tincture-q-otc391583,,Dr Willmar Schwabe India Pvt Ltd,,,,
https://www.1mg.com/otc/mgrm-abdominal-bind-0601-xxl-otc390474,MGRM Abdominal Bind 0601 Medium,MGRM Medicare Ltd.,Post-surgical compression support in the abdominal region.,"Dress-resistant & High-quality material:the abdominal binder is durable and top quality for long-lasting comfort, Special ergonomic design:Ergonomically streamlined to give your abdomen the perfect support, Breathable and moisture-regulating material:Breathable fabric allows the air to circulate so that no sweat or moisture remains in the area. This way you keep the abdomen cool and comfortable all day long, Flexible stays:Helps prevent edge rollover when worn, Velcro closure:For easy application so that it can be quickly positioned anywhere on the binder for holding tubing and drainage bulbs, without pins or tape, Available in the following sizes:S (28""-32""), M (32""-36""), L (36""-40""), XL (40""-44""), XXL (44""-48""), Product Care:Hand wash using cold water and mild soap. Air dry in the shade. Do not brush hard. Do not squeeze. No machine wash","Wrap the binder around the waist, ensuring that the desired abdominal region is properly enclosed, Pull both ends of the binder to the required compression and close with velcro","Read the label carefully before use, Avoid physical damage, Caution: Be careful while using this as it may cause compression over surgical incisions"
https://www.1mg.com/otc/dr.-reckeweg-tellurium-metallicum-dilution-6-ch-otc375375,Dr. Reckeweg Tellurium Metallicum Dilution,Dr Reckeweg & Co,,"Tellurium Metallicum, 11ml, Dilution, This formula is primarily used for the management of skin ailments such as acne, pimple eruptions, dry skin and scars, It is also useful in managing severe headaches and related symptoms such as dizziness, and nausea and promotes better sleep, This dilution may help to relieve the burning sensation and itchiness in the eyes and restrict the discharge of pus from the eye, It may help to manage conditions associated with ears such as the presence of abscess behind the ears, discharge of pus, itching and inflammation of the ear, deafness and sensation of tremor in the ears, It can also be extremely helpful in the management of pain below the spinal cord",,"Read the label carefully before use, Store in a cool and dry place, Keep out of reach of children, Do not exceed the recommended dose, Self-medication is not advised"
https://www.1mg.com/otc/p-care-c3023-designer-knee-sleeve-medium-otc659213,P+caRe C3023 Designer Knee Sleeve,PR Flexmake Private Limited,"It is used to provide warmth, support and compression to the knee.","Features a scientific (3D) design that ensures warmth, support and compression for the knee, It is indicated for moderate knee strains, sprains, injuries and arthritis","Insert foot into the largest end of support and slide over the knee, Adjust placement as required","Read the label carefully before use, Store in a cool and dry place away from direct sunlight, Keep out of reach of the children, Please seek the advice of a physician or qualified health professional on the medical condition and its usage"
https://www.1mg.com/otc/kottamchukkadi-thailam-otc490271,Kottamchukkadi Thailam,Averdynm Herbals Pvt Ltd,,"Devadaru, Tamarind, Kottam, Rasna, This natural ayurvedic oil helps in providing relief from pain, It helps to ease the stiffened muscles, especially those around the elbow joint, It aids recovery from sports unjuries, Beneficial in case of pain due to cervical spondylyoisis",As mentioned on the label or as directed by the physician,"Keep it at a cool and dry place, Read the label carefully before use, Keep it away from the reach of the children"
https://www.1mg.com/otc/opq-premium-plastic-cap-hot-water-bag-with-cover-otc801564,OPQ Premium Plastic Cap Hot Water Bag with Cover,Krishna Waterproof,"Helps manage arthritic pain, rheumatic and back pain",,Read the label carefully,"Store in a cool and dry place away from direct sunlight, Read the label carefully, Keep out of reach of children"
https://www.1mg.com/otc/mgrm-abdominal-bind-0601-xl-otc390473,MGRM Abdominal Bind 0601 Medium,MGRM Medicare Ltd.,Post-surgical compression support in the abdominal region.,"Dress-resistant & High-quality material:the abdominal binder is durable and top quality for long-lasting comfort, Special ergonomic design:Ergonomically streamlined to give your abdomen the perfect support, Breathable and moisture-regulating material:Breathable fabric allows the air to circulate so that no sweat or moisture remains in the area. This way you keep the abdomen cool and comfortable all day long, Flexible stays:Helps prevent edge rollover when worn, Velcro closure:For easy application so that it can be quickly positioned anywhere on the binder for holding tubing and drainage bulbs, without pins or tape, Available in the following sizes:S (28""-32""), M (32""-36""), L (36""-40""), XL (40""-44""), XXL (44""-48""), Product Care:Hand wash using cold water and mild soap. Air dry in the shade. Do not brush hard. Do not squeeze. No machine wash","Wrap the binder around the waist, ensuring that the desired abdominal region is properly enclosed, Pull both ends of the binder to the required compression and close with velcro","Read the label carefully before use, Avoid physical damage, Caution: Be careful while using this as it may cause compression over surgical incisions"
https://www.1mg.com/otc/amron-xamax-arm-sling-xl-otc421718,,Xamax Ergonomics Pvt. Ltd.,,,,
https://www.1mg.com/otc/maxis-cotton-knee-length-stocking-medium-beige-otc570798,,Isha Surgical,,,,
https://www.1mg.com/otc/p-care-a1010-contoured-back-support-xl-otc658550,,PR Flexmake Private Limited,,,,
https://www.1mg.com/otc/wellon-heating-pad-hp-01-universal-otc387745,,Mana Medical,,,,
https://www.1mg.com/otc/maxis-cotton-knee-length-stocking-xxl-beige-otc570799,,Isha Surgical,,,,
https://www.1mg.com/otc/netaspray-quick-relief-from-muscle-joint-pain-55gm-each-otc930155,Neta Spray (55gm Each),Aneta Pharmaceuticals Pvt. Ltd,,"Diclofenac Diethylamine, This spray is designed to provide quick relief from muscle and joint pain, Its formulation is optimised for rapid action, making it an effective solution for alleviating various types of discomfort, including body pain, back pain, strains, and inflammation, The spray harnesses the benefits of diclofenac diethylamine and is known for its potent anti-inflammatory and pain-relieving properties, which help target the root causes of pain and reduce inflammation, One of the advantages of this spray is its ability to get absorbed quickly into the skin tissues; this efficient absorption ensures that the active ingredients reach the affected areas swiftly, enhancing the speed at which it begins to work",Apply on the targetted areas.,"Read the label carefully, Store in a cool, dry place, Keep out of reach of children, Maintain hygiene"
https://www.1mg.com/otc/lp-272z-leg-compression-sleeve-single-xl-otc331185,LP #272Z Leg Compression Sleeve,LP Support,It is used to support the knees and thigh area to reduce chronic inflammation due to any injury sports activity.,,Measure the circumference of the knee at the patella with the knee fully extended.,"Read the label carefully before use, Keep out of reach of the children, Store in a cool dry place"
https://www.1mg.com/otc/safeheed-rubber-hot-water-bottle-otc477390,Dr. Gene Accusure Hot Water Bottle,Safeheed,It is used as a natural body warmer in the winters during low temperatures. It also plays an important role in heat therapy treatment and is useful in curing joints pain.,"It is used for storing hot water and has natural rubber which is durable, This rubber can withstand the high temperature of boiling water and has a great life, It is mainly used for heat treatment which gives relives in the joints pain, It is easy to clean and use, It can keep water hot for a longer time period","When filling the bottle, do not use boiling water, Fill to a maximum of two-third capacity, Check the bottle for any leakage by holding the bottle in an upside-down position, Expel air by lowering carefully onto a flat surface until water appears at the opening, Screw the stopper sufficiently tight to ensure that there is no leakage","Store in a cool and dry place, Read the manual carefully, Keep out of the reach of children"
https://www.1mg.com/otc/medtrix-functional-open-patella-hinge-knee-support-xl-beige-otc503663,,Medtrix,,,,
https://www.1mg.com/otc/mgrm-spoon-splint-0903-medium-otc390679,,MGRM Medicare Ltd.,,,,
https://www.1mg.com/otc/lp-605-palm-brace-xl-otc331342,LP #605 Palm Brace,LP Support,"Provides support and relieves pain from the stiff, swollen or injured wrist. Protects against further injury.",,Measure the circumference of your wrist and wear accordingly.,"Read the label carefully before use, Keep out of reach of the children, Store in a cool dry place"
https://www.1mg.com/otc/genugrip-hb-hinged-knee-brace-medium-left-otc392410,,Dynamic Techno Medicals Pvt. Ltd.,,,,
https://www.1mg.com/otc/wellon-adjustable-pouch-arm-sling-tropical-pas-02-medium-otc387682,Wellon Adjustable Pouch Arm Sling- Tropical PAS-02 S,Mana Medical,Adjustable sling provides a protective pouch to replace the conventional sling for broken or injured arms,"The pouch arm sling provides comfortable support for either right or left arm, Externally supports the arm during recuperation form a fracture, sprain or injury, Made from laminated foam bonded fabric, Inner layer bonded with cotton fabric for coolness and comfort",Read instruction for more details.,Keep out of reach of children
https://www.1mg.com/otc/renewa-shoe-horn-black-otc492756,Renewa Shoe Horn White,Dr. Sayani's Health Care Pvt. Ltd.,It is useful for people with knee problems or who suffer from arthritis or weight management.,"It has a  round edge which is useful for people with knee problems or who suffer from arthritis or are heavy, Its sharp edge makes the device effective, It is made of plastic material that can help to protect your skin from getting hurt, It is ideal for home or office use, It provides an easy grip handle, It even allows user to easily slides into the back of any shoe",Read the instructions in the manual.,Keep it away from the reach of the children
https://www.1mg.com/otc/sqin-botanicals-100-pure-essential-oil-peppermint-otc630456,Sqin Botanicals 100% Pure Essential Oil Peppermint,A.G Industries,,"Peppermint, It reduces migraine pain  in most patients, It relaxes the nasal passages and clears out the nose of any muck and pollens, Peppermint can also be used as a flavoring agent",Use as per your requirement or as directed by the physician.,"Read the label carefully before use, Keep out of reach of the children, Store in a cool dry place"
https://www.1mg.com/otc/luxurious-muscle-pain-relief-gel-otc581585,,Luxurious Ayurvedic Gold,,,,
https://www.1mg.com/otc/healthgenie-ice-bag-otc367685,Healthgenie Ice Bag,Healthgenie India Pvt Ltd,It is used to treat sore muscles and other knee or joint pains.,,Use as per your requirement or as suggested by the health-care professional.,"Read the label carefully before use, Keep out of reach of the children, Store in a cool dry place away from use"
https://www.1mg.com/otc/lenvitz-ulnar-protector-otc399214,,Lenvitz Medical Solutions Pvt Ltd,,,,
https://www.1mg.com/otc/longlife-oct-007-ankle-support-medium-blue-otc490863,Longlife OCT 007 Ankle Support,Veridicus Health Care Pvt Ltd,It is used to provide optimal comfort and a great fit to help reduce ankle pain.,,Apply the anklet in a way it comes exactly in the right position on the heel and then wrap the elastic in such a way that it is comfortable to wear.,"Read the label carefully before use, Keep out of reach of children, Keep away from physical damage"
https://www.1mg.com/otc/boiron-hypericum-perforatum-pellets-6c-otc407658,Boiron Hypericum Perforatum Multi Dose Approx 80 Pellets,Boiron Laboratories Pvt Ltd,,"Extracts of whole blooming hypericum plant., Treats hyperhydrosis, Reduces nervousness, Heals nerve Injuries and crushed injuries, Relieves headache, Eases pain in joints","Dosage should be advised by the physician. Maintain 30 minutes gap between drink, food or any other medication.Avoid strong smell in the mouth before taking a dose","Read the label carefully, Self-medication is not advised, Do not exceed the recommended dose, Keep out of the reach of children"
https://www.1mg.com/otc/witzion-functional-knee-support-medium-grey-otc513634,,Witzion,,,,
https://www.1mg.com/otc/amron-xamax-wrist-wrap-medium-otc421703,,Xamax Ergonomics Pvt. Ltd.,,,,
https://www.1mg.com/otc/vissco-shoulder-support-with-adjustable-stretchable-strap-medium-otc344550,Vissco Core 0812 Shoulder Support,Vissco Rehabilitation Aids Pvt. Ltd.,"It is used to help reduce inflammation, pain or mild instabilities to the shoulder joint.","It allows patients to gradually return to full range of motion after an injury or operation, It provides warmth, support and pain relief to the shoulder joint, It can be worn comfortably under clothing, It has a hook and loop closure for easy adjustment, It is made up of fabric thus it does not cause any type of irritation, It ensures compression retention support and stability control",Use as directed by the physician.,"Store in a cool and dry place, Keep out of the reach of children, Read the manual carefully"
https://www.1mg.com/otc/witzion-knee-brace-medium-grey-otc514135,,Witzion,,,,
https://www.1mg.com/otc/khadi-pure-nutmeg-essential-oil-otc415090,Khadi Pure Gramodyog Herbal Nutmeg Essential Oil,Khadi Pure Gramodyog,,"Nutmeg essential oil, Highly effective in relieving stress and makes you feel relaxed, It can be used for the treatment of pains associated with arthritis and rheumatism, Its relaxing aroma comforts the body, increases blood circulation and is beneficial for people suffering from poor blood circulation, Stimulates the brain and removes mental exhaustion and stress",Take an adequate amount of this oil and dilute it with your carrier oil. Gently massage on your body.can also be diluted with bathing water.,"Read the label carefully before use, For external use only, Keep out of the reach of children, Store in a cool dry place away from direct sunlight and heat"
https://www.1mg.com/otc/p-care-a1001-cervical-collar-small-otc658514,P+caRe A1001 Cervical Collar,PR Flexmake Private Limited,"This collar is used to provide rigid support to the neck during injury rehabilitation, sprains and acute or chronic cervical syndrome.","Made with medium density PU foam and cotton, Nylon stockinette cover provides for better patient hygiene, The foam offers consistent fit and rigid support, It is indicated in acute or chronic painful cervical syndrome, whiplash accidents and rheumatoid arthritis","Wrap cervical collar around the neck, Place curved portion underneath the chin, Tie loop portion to outwardly facing hook portion at the desired comfort level","Please seek the advice of a physician or qualified health professional on the medical condition and its usage, Read the label carefully before use, Keep out of reach of children"
https://www.1mg.com/otc/balu-herbals-kshirabala-thailam-otc490634,Balu Herbals Kshirabala Thailam,Balu Herbals,,"Bala, Bala kalka (rt.), Taila, Kshira, Kshirabala Thailam is believed to promote deep and restful sleep. It is often used in Ayurveda to support a healthy sleep cycle and help individuals relax and rejuvenate from within, This herbal oil is known for its calming and relaxing properties. It can help soothe the senses, relieve stress, and promote a sense of relaxation and rejuvenation, Kshirabala Thailam is believed to help balance sleep cycles. It may assist in regulating irregular sleep patterns caused by various factors, such as stress, The oil is known for its soothing effects on the senses. It can help calm the mind, reduce anxiety, and create a sense of tranquillity","Warm the oil up slightly and then massage the affected area well and leave it on for at least an hour before washing it off, Can be used daily or regularly for abhyanga (application on body and feet) as a regular body massage followed by a warm water bath or directed by a healthcare professional","Store in a cool and dry place, Keep the container closed immediately after use, Keep out of reach of children"
https://www.1mg.com/otc/dr-med-elastic-back-support-dr-b013-xxl-beige-otc377477,,A-MI Global Co Ltd,,,,
https://www.1mg.com/otc/boiron-colocynthis-pellets-200c-otc407490,Boiron Colocynthis Pellets,Boiron Laboratories Pvt Ltd,,"Colocynthis, Effective in treating abdominal pain, Cures small cysts like growths in ovaries, Helps in treating neuralgic pain in ovaries, Soothes burning sensation in the urethra, Relieves pains and cramps in muscles, Provides relief from stiffness and pain in joints, Eases irritable bowels, Useful in treating sciatica",Take 4-5 pellets three times a day or as directed by the physician.,"Read the label carefully before use, Do not exceed the recommended dosage, Keep out of the reach of children, Store in a cool and dry place"
https://www.1mg.com/otc/wonder-care-curved-spine-roller-with-four-magnet-soft-acupressure-therapy-otc522029,Wonder Care Deluxe Spine Roller with Four Magnet Soft Acupressure Therapy,Wonder Care,It is used for massage sessions and helps soothe pain in and around muscles,"This spine roller is based on acupressure magneto therapy, One type with small sudds for right pressure on reflexology on both sides of vertebral column, It helps provide relief in the spine, back, and neck pain, It is helpful for backache and spine trouble and helps remove stiffness, It can be used during massage, It is made of plastic",Use as per requirement,"Read the label carefully before use, Store in a cool and dry place, away from sunlight, Keep out of reach of children"
https://www.1mg.com/otc/surgicare-shoppie-rubber-hot-water-bag-otc400046,Surgicare Shoppie Rubber Hot Water Bag,Surgicare Shoppie,"It is used to give relief from arthritic pain, rheumatic and back pain.",,"When filling the bottle do not use boiling water, Fill to a maximum of two-third capacity, Check the bottle for any leakage by holding the bottle in an upside-down position, Expel air by lowering carefully onto a flat surface until water appears at the opening, Screw the stopper sufficiently tight to ensure that there is no leakage","Store in a cool and dry place, Read the manual carefully, Keep out of the reach of children"
https://www.1mg.com/otc/witzion-small-beige-contoured-lumbar-sacral-back-support-belt-otc513886,,Witzion,,,,
https://www.1mg.com/otc/jsb-hf111-shiatsu-leg-massager-red-otc835774,JSB HF111 Shiatsu Leg Massager,JSB Healthcare,,"Promote blood circulation:It helps promote blood circulation in men and women and relieve tired foot muscles; this massager can grip foot and calf muscles which can effectively replicate a massage therapist’s hand massage, Multiple usage and portable:It effectively massages foot, ankle, and calf and is effective in varicose veins, foot pain, calf pain, arthritis, and knee pain and can be used while sitting on a chair or while reclining on a sofa, Leg massager machine can recline upto 45 degrees so that you can use it while sitting/reclining, It comes with a 15-minute auto-off technology, Expert foot roller reflexology massage technology with airbags for maximum coverage of the foot",Use as directed in the user manual.,Read the instructions carefully before use
https://www.1mg.com/otc/lp-170xt-x-tremus-knee-brace-single-large-otc331284,LP #170XT X-Tremus Knee Brace,LP Support,"It is used to relieve sprain, strain, patellar dislocation, arthritis and post-surgery support.",,Measure the circumference of the knee at the patella with the knee fully extended and wear accordingly.,"Read the label carefully before use, Keep out of reach of the children, Store in a cool dry place"
https://www.1mg.com/otc/mgrm-ankle-wrap-0801-xl-otc390729,MGRM Ankle Wrap 0801,MGRM Medicare Ltd.,It is used for avoidance and prevention of ankle sprain,"The superior quality elastic band of 3"" width offers excellent compression support around the ankle, Hook and loop closure for easy application, Can be used on either right or left ankle, Can be worn inside shoes",Use as directed on the label,Read the label carefully before use
https://www.1mg.com/otc/dr-willmar-schwabe-india-mentholum-dilution-12-ch-otc405414,,Dr Willmar Schwabe India Pvt Ltd,,,,
https://www.1mg.com/otc/remedo-lumber-sacro-support-medium-otc390082,,Remedo Wellness Pvt Ltd,,,,
https://www.1mg.com/otc/dyna-3d-knitted-knee-cap-xl-maroon-right-otc392360,,Dynamic Techno Medicals Pvt. Ltd.,,,,
https://www.1mg.com/otc/afflatus-vonac-sensitive-pain-oil-otc533459,,Afflatus Pharmaceuticals Pvt Ltd,,,,
https://www.1mg.com/otc/dr-ortho-combo-pack-of-pain-relief-oil-120ml-crepe-bandage-8x4-otc472728,,Dr Ortho Ayurvedic,,,,
https://www.1mg.com/otc/genugrip-knee-brace-small-right-otc392370,,Dynamic Techno Medicals Pvt. Ltd.,,,,
https://www.1mg.com/otc/mgrm-0104-soft-collar-xs-otc390533,MGRM Soft Collar 0104,MGRM Medicare Ltd.,"It is used in lateral muscle spasm (Wry Neck), mild sprain and strain and wrong neck posture.","Soft foam collar with unique contour and fine resiliency offers warm comfort and snug fit around the neck, Fine, knitted fabric cover absorbs sweat and remains skin friendly, Pediatric - 2.5 - 3.0 Inches, Small - 3.0 - 3.5 Inches, Medium - 3.5 - 4.0 Inches, Large - 4.0 - 4.5 Inches","Look for the 'Inside Up' label on the collar, By keeping center of the collar under the chin, apply velcro closure for proper fit, If you are not able to fix the velcro in this position, keep the velcro loop and hook ends in the front, close the collar, and then rotate to bring the center of the collar under the chin","Hand wash using cold water and mild soap, Air dry in shade, Do not brush hard, Do not squeeze, No machine wash"
https://www.1mg.com/otc/ayurvedam-comforting-muscle-rub-oil-otc974007,Ayurvedam Comforting Muscle Rub Oil,Secreda India Pvt. Ltd,,"Sesame, Mrutdhara, Cinnamon, Bamboo, Lemon grass, Revanchini sheera, 100 ml, Oil, It helps to get relief from muscle pain and soreness, making it ideal for post-workout recovery, It improves blood circulation, helps in faster healing and muscle relaxation, It promotes swift comfort and relaxation, It promotes relaxation with its soothing aroma, reducing stress and tension, It contains natural ingredients known for their anti-inflammatory and analgesic properties",,"For external use only, Store in a cool, dry place away from direct sunlight, Keep out of reach of children"
https://www.1mg.com/otc/lp-943-elbow-support-single-xl-otc331379,LP #943 Elbow Support,LP Support,It is used to provide elbow pain relief by giving stable compression during your entire day of daily activity.,,Measure around the elbow joint and wear accordingly.,"Read the label carefully before use, Keep out of reach of the children, Store in a cool dry place"
https://www.1mg.com/otc/medtrix-knee-brace-xxl-grey-otc503722,,Medtrix,,,,
https://www.1mg.com/otc/mgrm-baseball-splint-0904-large-otc390518,,MGRM Medicare Ltd.,,,,
https://www.1mg.com/otc/dr.-reckeweg-eupatorium-purpureum-dilution-cm-ch-otc376070,Dr. Reckeweg Eupatorium Purpureum Dilution,Dr Reckeweg & Co,,"Plant extract of Joe-Pye weed, Ethanol, Effective in managing the condition of albuminuria, Helps reduce irritation in the bladder, Helpful in the condition of blood in urine, Useful in case of enlarged prostate, Relieves impotency and sterility, Soothes headaches with vertigo, May relieve pain in the kidneys, Eases pain in the urethra on urinating, Relieves sensation of heaviness in the back, Provides relief from pain around the left ovary, 10 ML, Liquid dilution","Take 3-5 drops 2-3 times in a day or, as prescribed by a physician.","Use under medical supervision, Store in a cool and dry place, away from direct sunlight, Consult a doctor before use, especially for individuals with specific medical conditions, Keep out of the reach of children"
https://www.1mg.com/otc/dyna-3d-knitted-knee-cap-large-orange-right-otc392342,,Dynamic Techno Medicals Pvt. Ltd.,,,,
https://www.1mg.com/otc/dwibhashi-pain-balm-12gm-each-otc858786,Dwibhashi Pain Balm,Dwibhashi Bapanna Ayurveda Nilayam Pvt. Ltd,,"Refer to the label, The balm helps to soothe muscular inflammations and speeds up recovery, It helps to prevent and manage the symptoms of cough and cold and improves respiratory health, The natural ingredients help to relieve headaches and body aches",Apply it to the target area and massage it gently,"Keep out of reach of children, Store in a cool and dry place, For external usage only, Read the label before use"
https://www.1mg.com/otc/tija-period-pain-relief-wearable-device-with-hydrogel-pads-tiffany-blue-otc798397,Tija Period Pain Relief Wearable Device with Hydrogel Pads,Eyep Techproducts Pvt. Ltd,It is primarily used to reduce menstrual and muscle pain,"It provides instant relief. It is a natural, safe, drug-free modality to relieve menstrual pain and discomfort. It brings relief from period cramps within in few seconds, Proven TENS technology sends mild pulses that block pain signals being carried to the brain. Small repetitive contractions help activate the natural pain control response by releasing beta-endorphins. Designed and developed with the active participation of medical students and doctors, Highest safety and performance: It is also certified for IEC 60601-1, IEC 60601-2-10, and IEC 60601-1-2. Approved for biocompatibility IEC10993-1: IEC10993-5, IEC 10993-10, IEC 10993-23, cytotoxicity, skin irritation, skin sensitisation, It is convenient and stylish, wearable, compact, lightweight, has pleasing looks, easy to conceal under clothes, and rechargeable and works for 12-15 hours on a single charge, Low replacement hydrogel pad cost: Comes with hydrogel pads on electro pad and an additional 3 pairs of hydrogel pads. Hydrogel pads will be replaced after 15-20 uses at a very nominal price",Use as directed on the label,"Read the label carefully before use, Store in a cool and dry place away from direct sunlight, Keep out of reach of the children"
https://www.1mg.com/otc/tynor-l05-anklet-oac-pair-medium-otc345812,Tynor L-05 Anklet Oac (Pair),Tynor Orthotics Pvt. Ltd.,"It is primarily used to facilitate mild compression, warmth & support to the ankle joint.","Comes with two layers of enclose air space which retains body heat effectively, Gives better sweat absorption and better comfort, Has better patient compliance, Gives no allergies or rash, Provides effective compression, No vaso constriction, Available sizes: S (7.2""-8.4""), M (8.4""-9.6""), L (9.6""-10.8""), XL (10.8""-12"")",Use as per requirement or as directed by the physician.,"Read the label carefully before use, Store in a cool dry place away from direct sunlight, Keep out of reach of the children, Avoid physical damage"
https://www.1mg.com/otc/ijm-gel-otc483986,Ijm Gel,Edric Pharmaceuticals,,"Diclofenac, Linseed Oil, Menthol, Methyl Salicylate, Relieves from muscular pain of rheumatic and in non-rheumatic origin, Aids in blocking chemicals that causes pain and swelling, Useful in rheumatic damage to soft tissues, Promotes decrease of hormones that cause inflammation and pain in the body",Use as directed by the physician.,"Read the label carefully before use, Keep out of the reach of children, Do not exceed the recommended dose, Use under medical supervision, Store in a cool dry place away from direct sunlight and heat"
https://www.1mg.com/otc/kneezu-herbal-pain-oil-otc837151,Kneezu Herbal Pain Oil,Strebi Pharmaceuticals Private Limited,,"Wintergreen oil, Kapoor, Mahanarayan oil, Tarpin oil, Malkagni oil, Guggal oil, Mahamash oil, Panchguna oil, Pudina salva, Til oil, Mahavishgarba oil","Apply an appropriate amount of oil on to clean affected area, massage gently till fully absorbed and use 2-3 times daily or as directed by the physician",
https://www.1mg.com/otc/amron-xamax-ls-belt-contour-xl-otc421575,,Xamax Ergonomics Pvt. Ltd.,,,,
https://www.1mg.com/otc/sbl-calcarea-carbonica-0-2-lm-otc361645,,SBL Pvt Ltd,,,,
https://www.1mg.com/otc/welex-welartis-oil-otc397638,Welex Welartis Oil,Welex Laboratories Pvt Ltd,,"Mentha arvensis oil, Eucalyptus polybractea oil, Cinnamon oil, Mint oil, It provides relief from arthritis, muscular strains, pains and body aches, It helps to soothe the nerves and cells, thereby reducing pain, Its anti-inflammatory properties help reduce inflammation, swelling and stiffness, Cinnamon essential oil acts as a natural pain reliever. It is known to help with chronic pain, joint stiffness, muscle pain, and aches",Apply Welartis oil to the affected areas,"Read the product label carefully before use, Store in a cool and dry place away from direct sunlight, Keep out of reach of children"
https://www.1mg.com/otc/lifelong-llm63-electric-neck-shoulder-and-back-massager-brown-otc530441,"Lifelong LLM63 Electric Neck, Shoulder and Back Massager Brown",Lifelong Online Retail Pvt Ltd,,"Provides relief from pain and stiffness in muscles, Designed with 8 deep-kneading massage heads to provide deep relaxation, Soothing heat function provides warmth to muscles and alleviates pain, Has auto-reverse action to enhance the massage effect, Skin-friendly and breathable material, Easy one-touch operation with automatic off feature, It is lightweight and easy to carry",Read the instruction’s manual for usage directions.,"Read the label carefully before use, Keep away from children, Pull off plug when not in use, Keep away from moisture, Do not place the product on solid surface to avoid damage, Store in a cool and dry place"
https://www.1mg.com/otc/samson-wr0806-tennis-elbow-support-with-pressure-pad-large-otc348978,Samson WR0806 Tennis Elbow Support with Pressure Pad Medium,Samson Scientifics & Surgicals,Helps to support elbow pain or injury.,"Adjustable Size:The support comes with an adjustable design, allowing users to customize the fit for optimal comfort. This feature is beneficial for individuals with different forearm and elbow sizes, Skin-Friendly:The material used in the support is skin-friendly, minimizing the risk of irritation or discomfort during use. This is important for individuals with sensitive skin, Crochet Technology:The support is crafted using crochet technology. This results in an air-permeable fabric that enhances ventilation, reducing the accumulation of sweat. This can be particularly advantageous during physical activities, Soft Support:While providing support to the affected area, the product is designed to be soft, allowing for a degree of flexibility and natural movement. This feature can be crucial for individuals who need support without restricting their range of motion, Tested Fabrics:The fabrics used in the product are tested for antifungal and antibacterial properties. This helps in maintaining hygiene and preventing potential skin issues, Commonly Used By Various Individuals:The support is mentioned to be commonly used by tennis players, golfers, racquet players, and industrial workers. It indicates versatility in its application for those engaging in activities that may strain the forearm and elbow","Remove the cap and gently squeeze and massage smoothly into the required portion, In case of use with condom, just smooth over the condom when it is already on","Keep out of the reach and sight of children, Read the label carefully before use, Store in a cool dry place and away from direct sunlight, Use within three months of opening, The gel is non-sticky and won't stain but to avoid contact with the eyes is advised, In case of any irritation stop the use and if the irritation continues, or additional lube is required all the time then visit a doctor"
https://www.1mg.com/otc/wellon-br-01-orthopaedic-back-support-universal-otc387403,,Mana Medical,,,,
https://www.1mg.com/otc/deve-herbes-pure-emu-dromaius-novaehollandiae-oil-otc396570,Deve Herbes Pure Emu Oil,Deve Herbes,,"Pure Emu Oil (Dromaius novaehollandiae), Contains a deep penetrating ability to effectively nourish the scalp and make your hair smooth and glossy, Helps in reactivation of thinning hair follicles, which allows for better hair growth, Considered to be a great skin cell regenerator and improves ageing skin, Moisturizes and replenishes dry or irritated skin on the face, hands and body, Known to improve the appearance of scars, burns, stretch marks, sun damage, and damaged skin after surgery, acne and injuries., Can helps in reducing inflammation, joint pain, stiffness and bruising",Read the label for instructions or as directed by the physician.,"Read the label carefully for usage instructions, For external use only, Keep out of reach of the children, Use under medical supervision, Store in a cool and dry place away from direct sunlight and moisture"
https://www.1mg.com/otc/p-care-a1010-contoured-back-support-small-otc658547,,PR Flexmake Private Limited,,,,
https://www.1mg.com/otc/veeon-warmer-hot-water-otc371626,Veeon Warmer Hot Water,Veeom Healthcare,"It uses heat to relieve sore muscles, back pain, arthritis, stress, sports injuries and other pains.","It is made of high-quality rubber and is leak-proof, It is durable and provides maximum comfort, Made of natural rubber with a comfortable anti-skid textured surface, Easy to fill lip with secure screw topper heaving two-litre capacity, Tight and secure ABS lid, Its thermoplastic nature can contain cold or hot water to suit your needs (up to 120*F ), Edge-to-edge ribbing: No flat surfaces on ribbed sides to prevent burns, provide a more comfortable user experience as well as retain heat for longer periods","Fill it with cold or hot water and let it adapt to the temperature for about 20 minutes, When filling the bottle, do not use boiling water, Fill to a maximum of two-thirds capacity, Check the bottle for any leakage by holding the bottle in an upside-down position, Expel air by lowering carefully onto a flat surface until water appears at the opening, Screw the stopper sufficiently tight to ensure that there is no leakage","Read the label carefully before use, Keep away from direct contact with sunlight, Do not pierce, Do not put liquid hotter than 120*F or boiling water, Not suitable for children under the age of 36 months, Do not put it in the microwave"
https://www.1mg.com/otc/dr.-thangs-neuroment-fast-action-pain-relief-herbal-capsule-30-each-otc882560,Vigroxx Capsule,Doctor Thangs,,,1-2 capsules half an hour before bedtime with milk or as directed by the physician.,
https://www.1mg.com/otc/acupressure-slipper-gh04-unistar-otc518584,,Kapil Plastic Mould,,,,
