url,ProductName,MarketerName,Uses,Features,Directions,Safety
https://www.1mg.com/otc/dr.-johns-j-36-headache-drop-otc387631,Dr. Johns J-36 Headache Drop,Nanak Laboratories Pvt Ltd,,"Spigelia, Belladonna, Glonoinum, Nux vomica, Dr. Johns J-36 Headache Drop is beneficial for relieving severe headaches and migraines, It helps in reducing stress, anxiety and slight giddiness with tremors, It also aids in reducing semi-lateral headaches, scalp soreness and vertigo due to intoxication",Use as directed on the label or as advised by your physician.,"Read the label carefully before use, Do not exceed the recommended dosage, Store in a cool and dry place away from direct sunlight, Keep out of reach of children"
https://www.1mg.com/otc/bjain-gelsemium-sempervirens-dilution-30c-otc438894,Bjain Magnesia Carbonica Dilution,Bjain Pharmaceuticals Pvt. Ltd.,,,Take 3-5 drops of the dilution in 1 teaspoon of water twice a day or as directed by the physician.,
https://www.1mg.com/otc/dr.-reckeweg-tellurium-metallicum-dilution-200-ch-otc331591,Dr. Reckeweg Tellurium Metallicum Dilution,Dr Reckeweg & Co,,"Tellurium Metallicum, 11ml, Dilution, This formula is primarily used for the management of skin ailments such as acne, pimple eruptions, dry skin and scars, It is also useful in managing severe headaches and related symptoms such as dizziness, and nausea and promotes better sleep, This dilution may help to relieve the burning sensation and itchiness in the eyes and restrict the discharge of pus from the eye, It may help to manage conditions associated with ears such as the presence of abscess behind the ears, discharge of pus, itching and inflammation of the ear, deafness and sensation of tremor in the ears, It can also be extremely helpful in the management of pain below the spinal cord",,"Read the label carefully before use, Store in a cool and dry place, Keep out of reach of children, Do not exceed the recommended dose, Self-medication is not advised"
https://www.1mg.com/otc/sbl-rhus-toxicodendron-0-25-lm-otc365104,,SBL Pvt Ltd,,,,
https://www.1mg.com/otc/tata-1mg-knee-support-knee-cap-for-men-women-sports-pain-relief-comfort-small-black-otc811801,Tata 1mg Knee Support Lite,Tata 1mg Healthcare Solutions Private Limited,,,,
https://www.1mg.com/otc/sbl-cuprum-aceticum-dilution-6-ch-otc352331,SBL Cuprum Aceticum Dilution,SBL Pvt Ltd,,"Neutral acetate of copper, Alcohol, Treatment of leprosy and psoriasis, Reduces chronic labor pain of women, Reduces facial pain of cheek bone and right ear, Helps in relieving severe headache, Relieves chronic throbbing and crying tendencies, Provides relief from spasmodic pain in the stomach, Relieves fever with cough, Helps in reducing chest constriction",Dosage should be directed by the physician.,"Read the label carefully before use, Maintain 30 minutes gap between any food, drink and any other medicine, Avoid any strong smell in mouth during taking the medicine like garlic, coffee, camphor, etc, It can also be taken with allopathic medicines, Do not exceed the recommended dosage, Keep out of the reach of children"
https://www.1mg.com/otc/dr-willmar-schwabe-india-cinchona-officinalis-dilution-10m-ch-otc399285,,Dr Willmar Schwabe India Pvt Ltd,,,,
https://www.1mg.com/otc/bjain-aesculus-hippocastanum-dilution-3x-otc429157,Bjain Aesculus Hippocastanum Dilution,Bjain Pharmaceuticals Pvt. Ltd.,,,As directed by the physician,
https://www.1mg.com/otc/sloan-s-balm-for-neck-back-knee-muscular-pain-otc314928,Sloan's Balm,Piramal Enterprises Ltd,,"Capsicum extract, Oil gaultheria, Pudina, Karpoora tailam, Nilgiri tailam, Gandha biroja tailam, Devadaru tailam, Ointment base, The balm contains the goodness of five ayurvedic herbal oils to help provide relief from the pain associated with neck, back, knee, muscle and sprain, This formulation has analgesic and pain-relieving ingredients that help to soothe and relieve pain, It has a unique heat action with capsicum extract that helps provide relief from pain, It contains capsicum extract derived from hot peppers containing pain-relieving properties, which helps in reducing pain and inflammation, The oil gaultheria is extracted from wintergreen leaves and has a cooling effect on the skin to help provide relief from pain and discomfort, Pudina, or mint, has a soothing effect on the skin that can help in reducing inflammation and swelling, Karpoora tailam or camphor oil stimulates the nerves and helps increase blood flow to the affected area to reduce pain and inflammation, Nilgiri tailam, or eucalyptus oil contains a cooling and soothing effect on the skin to help relieve pain and inflammation, Gandha biroja tailam, or Indian wintergreen oil, has pain-relieving properties to help reduce inflammation and swelling, Balm",,"Read the label carefully before use, Avoid contact with eyes, Do not apply on open wounds, Keep out of reach of children"
https://www.1mg.com/otc/sloan-s-liniment-kills-pain-reduces-swelling-strengthens-muscles-ligaments-otc315107,Sloan's Liniment,Piramal Enterprises Ltd,,Oil,,
https://www.1mg.com/otc/jiva-pain-calm-oil-pain-reliever-for-joint-pain-back-pain-frozen-shoulder-sprain-muscle-soreness-otc329877,Jiva Pain Calm Oil,Jiva Ayurvedic Pharmacy Ltd,,,,
https://www.1mg.com/otc/adel-bio-combination-11-tablet-otc339637,,Adel Pekana Germany,,,,
https://www.1mg.com/otc/himalaya-rumalaya-pain-relief-gel-quick-relief-from-body-pain-ayurvedic-gel-otc90714,Himalaya Rumalaya Gel,Himalaya Wellness Company,,"30 gm, Gel",Apply a small quantity of the gel to the tender area and lightly massage it in or as directed by the physician.,
https://www.1mg.com/otc/sbl-valeriana-officinalis-mother-tincture-q-otc348882,,SBL Pvt Ltd,,,,
https://www.1mg.com/otc/moov-cool-therapy-gel-otc964102,Moov Cool Therapy Gel,Reckitt Benckiser Healthcare Pvt. Ltd.,,"Each gram of gel contains: Pudina Satva (Mentha piperita) extract (Aerial parts of plant) 8.0% w/w, Preservative: Benzyl Alcohol IP, Colouring Agents: Brilliant Blue FCF, Tartrazine Yellow., Gel., 20g.",Apply a thin film of the gel to the affected area and massage gently. Repeat 3-4 times daily for best results.,
https://www.1mg.com/otc/bjain-aesculus-hippocastanum-dilution-1000-ch-otc429180,Bjain Aesculus Hippocastanum Dilution,Bjain Pharmaceuticals Pvt. Ltd.,,,As directed by the physician,
https://www.1mg.com/otc/bjain-aesculus-hippocastanum-dilution-6c-otc429235,Bjain Aesculus Hippocastanum Dilution,Bjain Pharmaceuticals Pvt. Ltd.,,,As directed by the physician,
https://www.1mg.com/otc/volini-maxx-pain-relief-spray-for-back-neck-joint-muscle-pain-bone-joint-muscle-care-otc457560,Volini Maxx Spray,Sun Pharmaceutical Industries Ltd,,"Diclofenac Diethylamine IP Equivalent to Dicoflenac Sodium, Methyl Salicylate IP, Menthol IP, Provides instant pain relief and supports bone, joint and muscle care, A unique formulation of 2% diclofenac makes it 100% stronger than other sprays, Provides effective relief from severe neck and back pain, Helps in relieving musculoskeletal and joint pain, Effective in healing pain due to strain and sprain, Useful in case of sports injuries, Has a unique 360-degree delivery mechanism that ensures standardised drug delivery, It provides instant and long-lasting pain relief from knee pain, joint pain, back pain, calf pain, and neck pain","Shake well before each use. Spray the contents from 5 cm distance on the affected areas 3-4 times in a day or, as directed by the physician.","Read the label carefully before use, Store in a cool and dry place away from direct sunlight, Keep out of reach of the children, Do not exceed the recommended dosage, For external use only, Should be applied only to intact skin surfaces and not to skin wounds and open injuries, Should not come into contact with eyes, mucous membranes and should not be ingested, Store in a cool and dry place"
https://www.1mg.com/otc/balu-herbals-nirgundi-tailam-otc490790,Balu Herbals Nirgundi Tailam,Balu Herbals,,"Nirgundi svarasa(lf.), Taila, Langali mula(rt.), Alleviates pain and inflammation associated with joint pain, arthritis, and muscular discomfort, Helps relax tense muscles and promotes flexibility and mobility, Reduces inflammation in the body, providing relief from swelling and discomfort, Exhibits antiseptic properties, helping prevent infections and promote wound healing, Acts as a natural pain reliever, offering relief from headaches, migraines, and body aches, Enhances blood circulation, promoting better oxygen and nutrient delivery to tissues, May help alleviate symptoms of respiratory conditions such as asthma and bronchitis, Soothes skin irritations and rashes, promoting a healthy and clear complexion",Apply externally on affected areas twice a day or directed by the vaidya.,"Store in a cool and dry place away from direct sunlight, Read the product label carefully before use, Keep out of reach of children"
https://www.1mg.com/otc/jiva-pain-calm-oil-pain-reliever-for-joint-pain-back-pain-frozen-shoulder-sprain-muscle-soreness-with-knee-cap-free-otc651981,Jiva Pain Calm Oil,Jiva Ayurvedic Pharmacy Ltd,,,,
https://www.1mg.com/otc/sbl-arundo-mauritanica-dilution-6-ch-otc351171,,SBL Pvt Ltd,,,,
https://www.1mg.com/otc/balu-herbals-ortholuna-oil-otc490839,Balu Herbals Ortholuna Oil,Balu Herbals,,"Arka, Datura, Nirgundi, Neem leaves, Erranda, Nilgiri pattha, Laisan, Mustard oil, Till oil, Nilgiri oil, Menthol, Mudha karpura, Cinnamon oil, Devadaru oil, Methyl Salicylate, Provides quick and effective relief from joint and muscle pain, Reduces inflammation and swelling associated with arthritis and other conditions, Helps relax tense muscles, promoting flexibility and mobility, Enhances blood flow to affected areas, helping in the healing process, Nourishes and rejuvenates the skin, leaving it soft and supple, Acts as a natural painkiller, alleviating discomfort without harsh chemicals, Helps alleviate muscle spasms and cramps, promoting comfort and relaxation","Apply a few drops of Ortholuna pain oil on the affected area, gently massage it with lukewarm water or as directed by the vaidya.","Store in a cool and dry place away from direct sunlight, Read the product label carefully before use, Keep out of reach of children, For external use only, Keep the container closed immediately after use"
https://www.1mg.com/otc/volini-maxx-pain-relief-spray-for-back-neck-joint-muscle-pain-bone-joint-muscle-care-otc457561,Volini Maxx Spray,Sun Pharmaceutical Industries Ltd,,"Diclofenac Diethylamine IP Equivalent to Dicoflenac Sodium, Methyl Salicylate IP, Menthol IP, Provides instant pain relief and supports bone, joint and muscle care, A unique formulation of 2% diclofenac makes it 100% stronger than other sprays, Provides effective relief from severe neck and back pain, Helps in relieving musculoskeletal and joint pain, Effective in healing pain due to strain and sprain, Useful in case of sports injuries, Has a unique 360-degree delivery mechanism that ensures standardised drug delivery, It provides instant and long-lasting pain relief from knee pain, joint pain, back pain, calf pain, and neck pain","Shake well before each use. Spray the contents from 5 cm distance on the affected areas 3-4 times in a day or, as directed by the physician.","Read the label carefully before use, Store in a cool and dry place away from direct sunlight, Keep out of reach of the children, Do not exceed the recommended dosage, For external use only, Should be applied only to intact skin surfaces and not to skin wounds and open injuries, Should not come into contact with eyes, mucous membranes and should not be ingested, Store in a cool and dry place"
https://www.1mg.com/otc/wheezal-wl22-migraine-drop-otc387888,Wheezal WL22 Migraine Drop,Wheezal Homoeo Pharma,,"Cimicifua. Rac, Iris. Vers, Sang.Can, Spigelia. Mar, Belladonna, Epiphegus, Gelsemium. Semp, It helps alleviate symptoms associated with migraines, including light sensitivity, nausea, vomiting, and severe headaches, providing relief and improving overall quality of life for individuals affected by migraines, It helps in the frequency and force of the pulse, helping regulate cardiovascular function and reduce associated symptoms such as throbbing or pounding sensations in the head, It is useful in soothing pain associated with migraines, providing comfort and relief from the intense discomfort experienced during migraine episodes, It reduces pain in the back of the head often described as a ""flash of lightning,"" addressing specific patterns of headache presentation common in migraine sufferers, It helps in migraines triggered by motion sickness or body movement, offering relief from symptoms and checking migraine episodes induced by movement",Take 10-15 drops in water before every meal four times a day or as directed by the physician,"Read the label carefully before use, Store in a cool and dry place, away from sunlight, Keep out of reach of children"
https://www.1mg.com/otc/bjain-kali-carbonicum-dilution-12-ch-otc440611,Bjain Kali Carbonicum Dilution,Bjain Pharmaceuticals Pvt. Ltd.,,,,
https://www.1mg.com/otc/jiva-pain-calm-oil-pain-reliever-for-joint-pain-back-pain-frozen-shoulder-sprain-muscle-soreness-otc651626,Jiva Pain Calm Oil,Jiva Ayurvedic Pharmacy Ltd,,,,
https://www.1mg.com/otc/bjain-eucalyptus-globulus-dilution-30c-otc438802,Bjain Eucalyptus Globulus Dilution,Bjain Pharmaceuticals Pvt. Ltd.,,,,
https://www.1mg.com/otc/shenaro-lifestyle-s-cotton-organic-and-eco-friendly-pain-relief-wheat-bag-burgandy-maroon-otc731225,Shenaro Lifestyle's Cotton Organic and Eco-Friendly Pain Relief Wheat Bag,Kamal International,"The wheat bag can be used for hot and cold therapy to reduce pain, sprains, cramps, or other bodily discomforts.","Ergonomic design:The bag is rectangular, providing full coverage. The bag moulds to the contour of the area that it is being applied to, Reusable and easy to clean:The outer cover is removable and can be washed in the washing machine, Aromatherapy:The bag comes with a fresh lavender aroma that helps to induce sleep and relaxation. The calming scent of lavender eases the mind, Organic pain and stress relief:The cellular structure of wheat provides insulation properties to reduce pain and stress, Heat therapy:Targets back pain, neck pain, muscle spasms, workout soreness, stiffness, etc., Cool therapy:Targets headaches, heat flashes, bruises, inflammation, burns, fever, etc., Contents:Inner bag with grains, Outer removable cover","For heat therapy, heat in the microwave for 3-5 minutes maximum, For cool therapy, refrigerate for 1-2 hours","Read the label carefully before use, Store in a cool and dry place, Keep out of reach of children, For external use only"
https://www.1mg.com/otc/pankajakasthuri-orthoherb-ayurvedic-oil-with-amla-for-joint-pain-relief-otc356687,Pankajakasthuri Orthoherb Oil,Pankajakasthuri Herbals India (P) Ltd.,,"Vasa (Adhatoda vasica, Rt, Dct), Eranda (Ricinus communis, Rt, Dct), Bilwa (Aegle marmelos, Rt, Dct), Thwak (Cinnamomum zeylanicum, St. Bk, Dct), Maricha (Piper nigrum, Dr. Fr, Dct), Lavanga (Syzygium aromaticum, Dr. Fr, Dct), Jati (Myristica fragrans, Pp, Dct), Pata (Cyclea peltata, Rt, Dct), Nimba (Azadirachta indica, Rt, bk, Dct), Sahachara (Strobilanthes ciliatus, Rt, Dct), Nirgundi (Vitex negundo, Lf, Dct), Bala (Sida retusa, Rt, Dct), Punarnava (Boerhavia diffusa, Pl, Dct), Gunja (Abrus precatorius, Rt, Dct), Dusparsa (Tragia involucrata, Rt, Dct) 2 g each. Amalaki (Phyllanthus emblica, Dr. Fr, Pst), Manjishta (Rubia cordifolia, Rt, Pst), Guggulu (Balsamodendron mukul, Lx, Pst), Chitraka (Plumbago zeylanica, Rt, Pst) 2.5 g each. Kera thaila (Cocos nucifera, Oil) 27.50 ml, Eranda thaila (Ricinus communis, Oil) 82.50 ml, Eucalyptus Oil (Eucalyptus globulus, Oil), 100 ml, Liquid, The oil has anti-inflammatory and analgesic properties, It imparts muscle tone and lubricates the joints, It also imparts firmness to the limbs, It can help stimulate circulation, It helps the lymphatic functioning for detoxification",,"Read the label carefully before use, Store in a cool and dry place, Keep out of reach of children"
https://www.1mg.com/otc/bjain-galium-aparine-dilution-3x-otc438740,Bjain Galium Aparine Dilution,Bjain Pharmaceuticals Pvt. Ltd.,,,Take 3-5 drops of the dilution in 1 teaspoon of water twice a day or as directed by the physician.,
https://www.1mg.com/otc/moov-pain-relief-ointment-for-back-pain-joint-pain-knee-pain-muscle-pain-otc377375,"Moov Pain Relief Ointment for Back Pain, Joint Pain, Knee Pain, Muscle Pain",Reckitt Benckiser Healthcare Pvt. Ltd.,,"Ointment, 30g",,
https://www.1mg.com/otc/renewa-cpap-pillow-otc490625,,Dr. Sayani's Health Care Pvt. Ltd.,,,,
https://www.1mg.com/otc/miduty-nerve-pain-relief-capsule-alpha-lipoic-acid-b-vitamins-neuropathy-support-otc918605,Miduty Nerve Pain Relief Capsule,Midvision Pvt Ltd,,,Use as directed on the label or as advised by your healthcare provider,
https://www.1mg.com/otc/bjain-kali-carbonicum-dilution-50m-ch-otc440622,Bjain Kali Carbonicum Dilution,Bjain Pharmaceuticals Pvt. Ltd.,,,,
https://www.1mg.com/otc/dr-willmar-schwabe-india-capsicum-annuum-mother-tincture-q-otc390834,,Dr Willmar Schwabe India Pvt Ltd,,,,
https://www.1mg.com/otc/pravek-maha-balvardhak-oil-otc601978,Pravek Maha Balvardhak Oil,Pravek Kalp Private Limited,,,Massage adequate quantity of oil gently on the affected areas till it is absorbed. Use 2-3 times in a day for better results or as directed by the physician.,
https://www.1mg.com/otc/bjain-kali-carbonicum-dilution-10m-ch-otc440610,Bjain Kali Carbonicum Dilution,Bjain Pharmaceuticals Pvt. Ltd.,,,,
https://www.1mg.com/otc/volini-pain-relief-gel-for-sprain-muscle-joint-neck-low-back-pain-bone-joint-muscle-care-otc138818,Volini Pain Relief Gel,Sun Pharmaceutical Industries Ltd,,"Diclofenac Diethylamine Equivalent to Diclofenac Sodium 1% w/w, Methyl Salicylate IP, Menthol IP, Virgin Linseed Oil BP, Preservative, Benzyl Alcohol IP, Gel Base, The spray can offer relief when in pain and supports bone, muscle and joint care., It is effective for pain in the joints, knees, back, shoulders, and neck, It can work great on sports injuries such as muscle pulls, sprains, and strain, It provides instant and long-lasting pain relief from knee pain, joint pain, back pain, calf pain, and neck pain","The Volini pain relief bottle should be shaken well before spraying, Hold the spray bottle at a 5cm distance from the affected area and spray, You can use the spray about three to four times daily or as recommened by your physician","Read the label carefully before use, Store in a cool and dry place, away from sunlight, Keep out of reach of children, The Volini pain relief spray is meant for external application only, Use Volini per the doctor’s guidance, and be careful not to use more than the given dosage, Do not use the spray on open wounds or surfaces of the skin that are ruptured, The spray should not be ingested or come in contact with the eyes and mucous membranes, Avoid using the spray near a naked flame, Do not burn or make a hole in the bottle even after the spray is over"
https://www.1mg.com/otc/nagarjuna-mahaa-maasha-thailam-otc376754,,Nagarjuna Ayurvedic Centre,,,,
https://www.1mg.com/otc/vissco-2d-ankle-support-stretchable-ankle-support-for-injured-ankles-arthritic-pain-large-otc448777,Vissco 2707 Pro 2D Ankle Support,Vissco Rehabilitation Aids Pvt. Ltd.,The Pro 2D Ankle support provides compression and support to the ankle.The scientific design and perfect fit helps in injury prevention and reducing pain.,"Anti-Slip Structure:Specially designed to support the parts firmly and its innovating knitting structure helps in better shock absorption ad anti slippage during activities, Comfortable Material:It is made from a blend of natural and synthetic yarn, and elastic with larger pores enabling your skin to breathe and aerate better, Excellent Stability:It provides excellent stability and compression to the ankle which aids comfortable immobilization","It can be worn during ankle sprain, muscle strain, post ankle surgery rehab, swelling or oedema to the ankle and Achilles tendonitis.","Read the user manual carefully before use, Keep out of the reach of children"
https://www.1mg.com/otc/haslab-hc-52-vaccinum-complex-tablet-otc388224,,HASLAB,,,,
https://www.1mg.com/otc/sbl-orthomuv-massage-oil-otc329001,SBL Orthomuv Massage Oil,SBL Pvt Ltd,,"Arnica Ext, Cantharis Ext, Gaultheria Methyl Salicylate, Sesame Oil, Arnica aids in relieving pain in back and limbs, Deals with conditions like arthritis and rheumatism which are weakening, generally affecting fingers, hips, knees, neck and other joints causing pain, redness, swelling and stiffness, Cantharis is useful in burns, scalds, with rawness and smarting, followed by undue inflammation, Gaultheria methyl salicylate helps to deal with smarting pains in all joints accompanied by inflammation","Massage oil gently on the affected area, 2-3 times daily or as prescribed by the physician.","Store in a cool and dry place away from direct sunlight, Read the product label carefully before use, Keep out of reach of children, For external use only"
https://www.1mg.com/otc/dr-willmar-schwabe-india-melilotus-alba-dilution-6-ch-otc405360,,Dr Willmar Schwabe India Pvt Ltd,,,,
https://www.1mg.com/otc/bjain-camphora-dilution-12-ch-otc714997,Bjain Magnesium Phosphoricum Dilution,Bjain Pharmaceuticals Pvt. Ltd.,,Magnesium Phosphoricum,,
https://www.1mg.com/otc/tynor-c-08-cast-shoe-small-otc335716,,Tynor Orthotics Pvt. Ltd.,,,,
https://www.1mg.com/otc/yuvika-karanjwa-sagar-goti-pongamia-pinnata-caesalpinia-bonducella-fever-nuts-otc520551,,DKC AGROTECH PVT. LTD.,,,,
https://www.1mg.com/otc/lp-781-neoprene-patella-strap-single-otc331334,LP #781 Neoprene Patella Strap (Single),LP Support,"It is recommended in Patellar tendinitis (Jumper's knee), and Osgood-Schlatter's syndrome (knee pain in growing adolescents).","Extra pad applies pressure on the tendon below the kneecap for improved patella tracking, Provides symptomatic relief of pain from chondromalacia, tendinitis, jumper´s knee or Osgood-Schlatter, Unique strap design fits all knee sizes with adjustable support",Use as per requirement or as directed by the physician.,"Read the label carefully before use, Keep out of the reach of children, Store in a cool dry place away from direct sunlight"
https://www.1mg.com/otc/sbl-x-ray-dilution-200-ch-otc348669,SBL X-Ray Dilution,SBL Pvt Ltd,,"Controls and reduces the sticking pain in parts of face, head and muscular pain in the neck, Effective to dry throat, mouth and tongue when it becomes difficult in swallowing, Increases the sexual desire and fertility in men and controls Gonorrhea, Affective in treating eczema which is dry and itches, Helps in reducing dry wrinkles, warts, cracks on feet and breaking of nails",As prescribed by the physician. Can be taken along with allopathic medicines.,"Read the label carefully before use, Avoid eating tobacco or drinking alcohol during the course, Keep out of the reach of children, Use under medical supervision, Avoid any strong smell in the mouth such as coffee, onion, hing, mint, camphor, garlic etc while taking the medicine, Keep at least half an hour gap between food/drink/ any other medicines and allopathic medicine"
https://www.1mg.com/otc/sbl-niccolum-metallicum-dilution-200-ch-otc355125,,SBL Pvt Ltd,,,,
https://www.1mg.com/otc/sbl-magnesia-muriaticum-dilution-30-ch-otc348250,,SBL Pvt Ltd,,,,
https://www.1mg.com/otc/sbl-calcarea-arsenicosa-dilution-6-ch-otc351483,SBL Calcarea Arsenicosa Dilution,SBL Pvt Ltd,,"Helps in treating violent headache and vertigo, Useful in relieving distension in abdomen, Useful in curing inflammation of liver and spleen with frequent eructations, Helps in reducing soreness in kidneys, Useful in relieving constriction and pain in the chest, Effective in treating Leucorrhea which is accompanied by the foul smell and blood, Helps in reducing burning pain in the vagina",Dosage should be directed by the physician. It can be taken along with allopathic medicines.,"Read the label carefully before use, Keep out of the reach of children, Use under medical supervision, Do not exceed the recommended dosage, Maintain half an hour gap between food,drink and any other medicines and homoeopathic medicine, Avoid any strong smell in the mouth while taking medicine e.g. camphor, garlic, onion, coffee and hing, Store in a cool and dry place"
https://www.1mg.com/otc/sbl-sabadilla-dilution-30-ch-otc348622,SBL Sabadilla Dilution,SBL Pvt Ltd,,"30 ml, Liquid",,
https://www.1mg.com/otc/similia-hamamelis-oil-otc574497,Similia Hamamelis Oil,Similia Homoeo Laboratory,,"Hamamelis, Useful for enlarged and engorged blood vessels in and around the rectum (anus), which cause intense pain with bleeding and itching, Provides relief from chronic constipation associated with haemorrhoids, Helps in the regular movement to the bowels",Use as directed on the label or as advised by your healthcare provider.,"Read the label carefully before use, Store in a cool and dry place away from direct sunlight, Keep out of reach of children"
https://www.1mg.com/otc/dr-willmar-schwabe-india-magnesia-phosphoricum-biochemic-tablet-200x-otc338166,Dr Willmar Schwabe India Magnesia Phosphoricum Biochemic Tablet,Dr Willmar Schwabe India Pvt Ltd,,,,
https://www.1mg.com/otc/bjain-camphora-dilution-6c-otc714989,Bjain Magnesium Phosphoricum Dilution,Bjain Pharmaceuticals Pvt. Ltd.,,Magnesium Phosphoricum,,
https://www.1mg.com/otc/sloan-s-liniment-kills-pain-reduces-swelling-strengthens-muscles-ligaments-otc315107,Sloan's Liniment,Piramal Enterprises Ltd,,Oil,,
https://www.1mg.com/otc/jiva-pain-calm-oil-pain-reliever-for-joint-pain-back-pain-frozen-shoulder-sprain-muscle-soreness-otc329877,Jiva Pain Calm Oil,Jiva Ayurvedic Pharmacy Ltd,,,,
https://www.1mg.com/otc/lord-s-l-147-neuralgia-drop-otc449150,,Lord's Homoeopathic Laboratory Pvt Ltd,,,,
https://www.1mg.com/otc/himalaya-rumalaya-pain-relief-gel-quick-relief-from-body-pain-ayurvedic-gel-otc90714,Himalaya Rumalaya Gel,Himalaya Wellness Company,,"30 gm, Gel",Apply a small quantity of the gel to the tender area and lightly massage it in or as directed by the physician.,
https://www.1mg.com/otc/dr-willmar-schwabe-india-ferrum-phosphoricum-biochemic-tablet-3x-otc338240,Dr Willmar Schwabe India Ferrum Phosphoricum Biochemic Tablet,Dr Willmar Schwabe India Pvt Ltd,,,As directed by the physician,
https://www.1mg.com/otc/moov-cool-therapy-gel-otc964102,Moov Cool Therapy Gel,Reckitt Benckiser Healthcare Pvt. Ltd.,,"Each gram of gel contains: Pudina Satva (Mentha piperita) extract (Aerial parts of plant) 8.0% w/w, Preservative: Benzyl Alcohol IP, Colouring Agents: Brilliant Blue FCF, Tartrazine Yellow., Gel., 20g.",Apply a thin film of the gel to the affected area and massage gently. Repeat 3-4 times daily for best results.,
https://www.1mg.com/otc/comprezon-cotton-varicose-vein-stockings-class-2-below-knee-1-pair-small-beige-otc390220,Comprezon Cotton Varicose Vein Stockings Class 2 Below Knee (1 Pair),Dynamic Techno Medicals Pvt. Ltd.,It is specially designed to help increase the bloodflow to capillaries in order to prevent venous disorders.,,,"Read the manual carefully before use, Keep out of reach of the children, Store in a cool and dry place"
https://www.1mg.com/otc/hitashi-5-in-1-oxygen-blood-circulation-bcm-massager-otc492129,Dominion Care 5 In 1 Oxygen and Blood Circulation Massager,Kapil Plastic Mould,It is a body massager that provides acupuncture therapy and helps improve oxygen and blood flow to the brain.,"Simple and easy to use, It promotes relaxation and improves fatigue, Suitable for use on the whole body, It helps tone and strengthen the muscles","Sit on the chair with your feet on the massager, Rotate the timer clockwise to select the timer, You can stand on the massager if you want total body circulation, Sit on the massager for use on the stomach, thigh or hips, Switch off the power button to turn off the machine","Read the label carefully before use, Keep out of reach of children, Handle the device with care, Do not rotate the timer anti-clockwise as it may damage it"
https://www.1mg.com/otc/krishna-s-pain-relief-oil-otc469671,Krishna's Pain Relief Oil,Rajputana Agrico,,"Ashwagandha, Rasna, Provides prolonged relief from pain, inflammation and severe joint aches, It contains Linoleic acid that helps in relieving nerve pain, joint pain and muscle pain, Krishna's joint pain care juice is beneficial in reducing joint pains, bone pains and muscle pains, Reduces stiffness and tension in nerves and muscles",As directed by physician,"Read the label carefully before use, Keep out of the reach of children, Use under medical supervision, Do not exceed the recommended dosage, Store in a cool and dry place"
https://www.1mg.com/otc/anju-karn-priya-tel-otc517675,Anju Karn Priya Tel,Anju Pharmaceuticals,,"Kshar Oil, Sarso, Relieves earache, Helps remove ear wax, Effective for ear infections",Use as directed.,"Read the label carefully before use, Store in a cool and dry place away from direct sunlight, Keep out of reach of the children"
https://www.1mg.com/otc/volini-maxx-pain-relief-spray-for-back-neck-joint-muscle-pain-bone-joint-muscle-care-otc457560,Volini Maxx Spray,Sun Pharmaceutical Industries Ltd,,"Diclofenac Diethylamine IP Equivalent to Dicoflenac Sodium, Methyl Salicylate IP, Menthol IP, Provides instant pain relief and supports bone, joint and muscle care, A unique formulation of 2% diclofenac makes it 100% stronger than other sprays, Provides effective relief from severe neck and back pain, Helps in relieving musculoskeletal and joint pain, Effective in healing pain due to strain and sprain, Useful in case of sports injuries, Has a unique 360-degree delivery mechanism that ensures standardised drug delivery, It provides instant and long-lasting pain relief from knee pain, joint pain, back pain, calf pain, and neck pain","Shake well before each use. Spray the contents from 5 cm distance on the affected areas 3-4 times in a day or, as directed by the physician.","Read the label carefully before use, Store in a cool and dry place away from direct sunlight, Keep out of reach of the children, Do not exceed the recommended dosage, For external use only, Should be applied only to intact skin surfaces and not to skin wounds and open injuries, Should not come into contact with eyes, mucous membranes and should not be ingested, Store in a cool and dry place"
https://www.1mg.com/otc/lord-s-rheuma-koll-oil-otc392945,Lords Rheuma Koll Oil,Lord's Homoeopathic Laboratory Pvt Ltd,,"Rhus Tox., Bryonia Alba, Terebinthinae, Camphor, Menthol, It is very effective in joint and muscular pain, It is indicated for swelling and stiffness of joints, Useful in acute and chronic arthritiss sprains, It is highly recommended for management of rheumatism, Menthol and camphor are known as counter irritants. They work by causing the skin to feel cool and then warm, Bryonia Alba is an effective natural pain and inflammation reliever and can be good for pain in osteoarthritis",Massage Lord’s Rheuma Koll Pain relief oil on the effected area for 3-4 times daily.,"Do not apply on crack skin, For external use only, Keep out of the reach of children, Should be protected from direct light, Avoid the contact with eyes, In case of contact with eyes, remove with water immediately"
https://www.1mg.com/otc/herbal-hills-arthrohills-ultra-joint-support-oil-otc377339,Herbal Hills Arthrohills Ultra Joint Support Oil,Isha Agro Developers Pvt Ltd,,"Dashamool (Generic preparations) (Blend of 10 herbs), Shallaki (Boswellia serrata), Nirgundi patra (Vitex negundo), The oil has adaptogenic and analgesic properties, which help reduce pain, Contains anti-inflammatory properties that help joint inflammation, Nourishes the muscles and joints and relieves stiffness, It can help improve joint mobility and support joint health","Take a sufficient quantity of the oil and apply it to the affected area, Massage gently to facilitate penetration, Leave it on, Do not use on broken, wounded, or damaged skin","Read the label carefully before use, Do not exceed the recommended dose, Keep out of the reach and sight of children"
https://www.1mg.com/otc/pankajakasthuri-orthoherb-ayurvedic-oil-with-amla-for-joint-pain-relief-otc356687,Pankajakasthuri Orthoherb Oil,Pankajakasthuri Herbals India (P) Ltd.,,"Vasa (Adhatoda vasica, Rt, Dct), Eranda (Ricinus communis, Rt, Dct), Bilwa (Aegle marmelos, Rt, Dct), Thwak (Cinnamomum zeylanicum, St. Bk, Dct), Maricha (Piper nigrum, Dr. Fr, Dct), Lavanga (Syzygium aromaticum, Dr. Fr, Dct), Jati (Myristica fragrans, Pp, Dct), Pata (Cyclea peltata, Rt, Dct), Nimba (Azadirachta indica, Rt, bk, Dct), Sahachara (Strobilanthes ciliatus, Rt, Dct), Nirgundi (Vitex negundo, Lf, Dct), Bala (Sida retusa, Rt, Dct), Punarnava (Boerhavia diffusa, Pl, Dct), Gunja (Abrus precatorius, Rt, Dct), Dusparsa (Tragia involucrata, Rt, Dct) 2 g each. Amalaki (Phyllanthus emblica, Dr. Fr, Pst), Manjishta (Rubia cordifolia, Rt, Pst), Guggulu (Balsamodendron mukul, Lx, Pst), Chitraka (Plumbago zeylanica, Rt, Pst) 2.5 g each. Kera thaila (Cocos nucifera, Oil) 27.50 ml, Eranda thaila (Ricinus communis, Oil) 82.50 ml, Eucalyptus Oil (Eucalyptus globulus, Oil), 100 ml, Liquid, The oil has anti-inflammatory and analgesic properties, It imparts muscle tone and lubricates the joints, It also imparts firmness to the limbs, It can help stimulate circulation, It helps the lymphatic functioning for detoxification",,"Read the label carefully before use, Store in a cool and dry place, Keep out of reach of children"
https://www.1mg.com/otc/bjain-kali-carbonicum-dilution-1000-ch-otc440626,Bjain Kali Carbonicum Dilution,Bjain Pharmaceuticals Pvt. Ltd.,,,,
https://www.1mg.com/otc/bjain-rhus-toxicodendron-dilution-1000-ch-otc434337,Bjain Rhus Toxicodendron Dilution,Bjain Pharmaceuticals Pvt. Ltd.,,,Take 3-5 drops of the dilution in 1 teaspoon of water twice a day or as directed by the physician.,
https://www.1mg.com/otc/miduty-nerve-pain-relief-capsule-alpha-lipoic-acid-b-vitamins-neuropathy-support-otc918605,Miduty Nerve Pain Relief Capsule,Midvision Pvt Ltd,,,Use as directed on the label or as advised by your healthcare provider,
https://www.1mg.com/otc/maruthi-pharma-ortho-kalpa-pain-relief-oil-otc973960,Maruthi Pharma Oil Ortho Kalpa Pain Relief,Maruthi Pharma,,"Puteesha Satwa, Gandhpuro Tailam, Yavani Satwa, Karpoor., This ayurvedic oil deeply penetrates the affected areas, offering relief with its anti-inflammatory and anti-microbial properties, Specifically formulated for rheumatoid arthritis, it reduces pain and discomfort while improving mobility and flexibility in the joints, It combats shoulder pains, alleviates joint stiffness, and enhances bone mobility and flexibility, This formula also effectively manages back pain and knee pain, providing comprehensive relief for various musculoskeletal discomforts","Gently massage 5-10 ml oil on the affected area, repeat twice a day or as directed by the healthcare professional.","Read the label carefully, Store in a cool, dry place, For external use only"
https://www.1mg.com/otc/vissco-carpal-wrist-support-small-otc344560,Vissco Carpal Wrist Support,Vissco Rehabilitation Aids Pvt. Ltd.,"It is used in the condition of Carpal Tunnel Syndrome (CTS), strain or sprain of wrist muscles, and post plaster cast removal.","Supports wrist in anatomical position, Carpal Wrist Support is an orthopaedic aid to provide excellent wrist conformity, It is made from soft padded stretchable fabric, Reduces pressure on median nerve at the wrist",Use as per requirement or as directed by the physician.,"Read the label carefully before use, Store in a cool dry place away from direct sunlight, Keep out of reach of the children, Avoid physical damage"
https://www.1mg.com/otc/pravek-maha-balvardhak-oil-otc601978,Pravek Maha Balvardhak Oil,Pravek Kalp Private Limited,,,Massage adequate quantity of oil gently on the affected areas till it is absorbed. Use 2-3 times in a day for better results or as directed by the physician.,
https://www.1mg.com/otc/hamdard-habb-e-asgand-otc329746,Hamdard Habb-E-Asgand,Hamdard Laboratories India,,"Each pill (650 mg) contains: Ajwain Desi (Trachyspermumammi) (Fr.) (Pdr.) 44.82 mg, Asgand (Withania somnifera) (Rt.) (Pdr.) 89.64 mg, (RL) (Pdr.) 44.82 mg, Pipal Kalan (Piper longum) (Dr. Fr.) (Pdr.) 44.82 mg. Bidhara (Ipomoea paniculata) (Rt.) (Pdr.) 89.64 mg, Peeplamool (Piper longum) Zaniabeel (Zingiber officinale) (Rz.) (Pdr.) 89.64 mg, Satawar (Asparagus racemosus) (Rt. Tr.) (Pdr.) 89.64 mg, Musli Siyah (Curculigo orchioides) (Rt.) Pr)44.82 mg, Gur 112.06 mg.,, Tablet, 50 N",Take 2 pills with water at night or as prescribed by the physician.,
https://www.1mg.com/otc/sbl-conium-maculatum-dilution-6-ch-otc349127,SBL Conium Maculatum Dilution,SBL Pvt Ltd,,,"Dosage should be directed by the physician.Maintain 30 minutes gap between drink, food or any other medication.Avoid strong smell in the mouth before taking a dose.",
https://www.1mg.com/otc/jiva-pain-calm-oil-pain-reliever-for-joint-pain-back-pain-frozen-shoulder-sprain-muscle-soreness-with-knee-cap-free-otc651981,Jiva Pain Calm Oil,Jiva Ayurvedic Pharmacy Ltd,,,,
https://www.1mg.com/otc/sbl-x-ray-dilution-1000-ch-otc348667,SBL X-Ray Dilution,SBL Pvt Ltd,,"Controls and reduces the sticking pain in parts of face, head and muscular pain in the neck, Effective to dry throat, mouth and tongue when it becomes difficult in swallowing, Increases the sexual desire and fertility in men and controls Gonorrhea, Affective in treating eczema which is dry and itches, Helps in reducing dry wrinkles, warts, cracks on feet and breaking of nails",As prescribed by the physician. Can be taken along with allopathic medicines.,"Read the label carefully before use, Avoid eating tobacco or drinking alcohol during the course, Keep out of the reach of children, Use under medical supervision, Avoid any strong smell in the mouth such as coffee, onion, hing, mint, camphor, garlic etc while taking the medicine, Keep at least half an hour gap between food/drink/ any other medicines and allopathic medicine"
https://www.1mg.com/otc/volini-maxx-pain-relief-spray-for-back-neck-joint-muscle-pain-bone-joint-muscle-care-otc457561,Volini Maxx Spray,Sun Pharmaceutical Industries Ltd,,"Diclofenac Diethylamine IP Equivalent to Dicoflenac Sodium, Methyl Salicylate IP, Menthol IP, Provides instant pain relief and supports bone, joint and muscle care, A unique formulation of 2% diclofenac makes it 100% stronger than other sprays, Provides effective relief from severe neck and back pain, Helps in relieving musculoskeletal and joint pain, Effective in healing pain due to strain and sprain, Useful in case of sports injuries, Has a unique 360-degree delivery mechanism that ensures standardised drug delivery, It provides instant and long-lasting pain relief from knee pain, joint pain, back pain, calf pain, and neck pain","Shake well before each use. Spray the contents from 5 cm distance on the affected areas 3-4 times in a day or, as directed by the physician.","Read the label carefully before use, Store in a cool and dry place away from direct sunlight, Keep out of reach of the children, Do not exceed the recommended dosage, For external use only, Should be applied only to intact skin surfaces and not to skin wounds and open injuries, Should not come into contact with eyes, mucous membranes and should not be ingested, Store in a cool and dry place"
https://www.1mg.com/otc/vissco-01118-round-ring-pillow-for-bed-sores-universal-grey-otc344531,,Vissco Rehabilitation Aids Pvt. Ltd.,,,,
https://www.1mg.com/otc/tynor-f-03-finger-extension-splint-small-otc345688,Tynor F-03 Finger Extension Splint,Tynor Orthotics Pvt. Ltd.,Can be customized to maintain the proximal phalange joint and MCP inflexion.,,Use a directed by the health-care professional.,"Read the label carefully before use, Keep out of reach of the children, Store in a cool dry place"
https://www.1mg.com/otc/jiva-pain-calm-oil-pain-reliever-for-joint-pain-back-pain-frozen-shoulder-sprain-muscle-soreness-otc651626,Jiva Pain Calm Oil,Jiva Ayurvedic Pharmacy Ltd,,,,
https://www.1mg.com/otc/sbl-acidum-oxalicum-mother-tincture-q-otc338871,,SBL Pvt Ltd,,,,
https://www.1mg.com/otc/comprezon-cotton-varicose-vein-stockings-class-2-above-knee-large-beige-otc390234,Comprezon Cotton Varicose Vein Stockings Class 2 Above Knee,Dynamic Techno Medicals Pvt. Ltd.,To assist patients suffering from varicose veins and help prevent the pooling of blood.,"Prevents blood pooling:Applies graduated compression or high pressure at the ankle, and medium pressure at the thigh which allows blood to flow back up to the leg, Quality Assurance:It is the only brand manufactured in India which meets international specifications for varicose vein stockings, Economical Price:It is an economical alternative to imported brands and is exported to more than 40 countries, High-Quality Design:Manufactured using German Machinery and imported raw materials to provide accurate pressure for each indication of varicose veins, Material Content:65% Polyamide, 35% Elastane, Type:Compression Stockings, Toe Style:Peephole, Gender:Unisex, Latex Free:Yes, Pressure Class:Class 2, Height:AD-knee high, Available Sizes:Small, Medium, Large, XL, XXL- depending on the circumference of the ankle, knee and thigh, Ankle circumference in cm:Small- 19-23, Medium- 23-26, Large- 26-29, XL-29-31, XXL- 31-34, Indications of Class 2 Stockings:Severe varicose vein, Moderate oedema, Pregnancy varicosis, Mild post-traumatic swelling Healing, Post minor ulceration, Post superficial thrombophlebitis, Post Sclerotherapy, Post-surgery",As described by your physician,"Read the label carefully before use, Store in a cool, dry place away from direct sunlight, Avoid physical damage"
https://www.1mg.com/otc/moov-pain-relief-ointment-for-back-pain-joint-pain-knee-pain-muscle-pain-otc377375,"Moov Pain Relief Ointment for Back Pain, Joint Pain, Knee Pain, Muscle Pain",Reckitt Benckiser Healthcare Pvt. Ltd.,,"Ointment, 30g",,
https://www.1mg.com/otc/dr.-reckeweg-rhus-tox-dilution-10m-ch-otc375048,Dr Reckeweg Rhus Toxicodendron Dilution,Dr Reckeweg & Co,,"Rhus Toxicodendron, Provides effective treatment for eczema and relieves conditions of itchiness and rashes, Helpful in the treatment of conditions associated with herpes, Highly effective in the treatment of pains associated with arthritis and rheumatism, Helps in relieving symptoms related to flu and viral infections, Helpful in the treatment of sore, dry throat and excessive cough, It is also helpful in curing prolonged menses with heavy discharge accompanied by abdominal pain, It is also used to correct psychological issues such as depression and anxiety",,"Read the label carefully before use, Do not exceed the recommended dose, Keep out of the reach of children, Use under medical supervision, Store in a cool, dry place away from direct sunlight and heat"
https://www.1mg.com/otc/sbl-aurum-muriaticum-natronatum-trituration-tablet-6x-otc339036,SBL Aurum Muriaticum Natronatum Trituration Tablet,SBL Pvt Ltd,,Aurum Mur,Take 4 tablets of Aurum Muriaticum Natronatum twice a day each day for 3 months unless otherwise prescribed by physicians. Can be taken along with allopathic medicines.,
https://www.1mg.com/otc/volini-pain-relief-gel-for-sprain-muscle-joint-neck-low-back-pain-bone-joint-muscle-care-otc138818,Volini Pain Relief Gel,Sun Pharmaceutical Industries Ltd,,"Diclofenac Diethylamine Equivalent to Diclofenac Sodium 1% w/w, Methyl Salicylate IP, Menthol IP, Virgin Linseed Oil BP, Preservative, Benzyl Alcohol IP, Gel Base, The spray can offer relief when in pain and supports bone, muscle and joint care., It is effective for pain in the joints, knees, back, shoulders, and neck, It can work great on sports injuries such as muscle pulls, sprains, and strain, It provides instant and long-lasting pain relief from knee pain, joint pain, back pain, calf pain, and neck pain","The Volini pain relief bottle should be shaken well before spraying, Hold the spray bottle at a 5cm distance from the affected area and spray, You can use the spray about three to four times daily or as recommened by your physician","Read the label carefully before use, Store in a cool and dry place, away from sunlight, Keep out of reach of children, The Volini pain relief spray is meant for external application only, Use Volini per the doctor’s guidance, and be careful not to use more than the given dosage, Do not use the spray on open wounds or surfaces of the skin that are ruptured, The spray should not be ingested or come in contact with the eyes and mucous membranes, Avoid using the spray near a naked flame, Do not burn or make a hole in the bottle even after the spray is over"
https://www.1mg.com/otc/flamingo-orthopaedic-heating-belt-mini-otc348878,Flamingo Orthopaedic Heating Belt,Ascent Meditech Limited,"It can be used as heating therapy for back pain, period cramps, pain relief, etc.",,,The Flamingo heating pad has four layers of insulation on either side for complete comfort
https://www.1mg.com/otc/dr-willmar-schwabe-india-cinchona-officinalis-mother-tincture-q-otc390856,Dr Willmar Schwabe India Cinchona Officinalis Mother Tincture,Dr Willmar Schwabe India Pvt Ltd,,Cinchona Officinalis,Dosage should be directed by the physician.,
https://www.1mg.com/otc/new-life-rheumacin-drop-otc326163,,New Life Laboratories Pvt Ltd,,,,
https://www.1mg.com/otc/saridon-new-saridon-tablet-for-pain-relief-provides-fast-headache-relief-otc123063,New Saridon Tablet Headache Relief,Bayer Pharmaceuticals Pvt Ltd,,"Paracetamol IP 500 mg, Caffeine (anhydrous) IP 50 mg",1 tablet every 4- 6 hours with a minimum gap of 4 hours and not more than 6 tablets per 24 hours,"Taking more than a daily dose may cause liver damage or allergic reaction such as swelling of the face, itchy throat, rash or difficulty in breathing, Not meant for pregnant/lactating women, children or adults undergoing treatment without a doctor's consultation, Not to be consumed with other paracetamol-containing medicines or if allergic to any of the ingredients, Do not use it for more than 5 days continuously. In case of excess pain, visit a physician. If consuming New Saridon, limit the intake of caffeine such as coffee etc. on that day, New Saridon must not be used by children under 12 years of age, Caution should be exercised when taking New Saridon for existing medical conditions like liver, kidney, asthma, chronic rhinitis, chronic urticaria, Best to consult your doctor before consuming New Saridon in the above scenario, In case of use of other analgesics containing/ not containing Paracetamol in addition to New Saridon, pls consult your dr before using the same"
https://www.1mg.com/otc/tripurna-pain-reliever-oil-60ml-each-otc966742,Tripurna Pain Reliever Oil (60ml Each),Vedshakti Healthcare,,"Wintergreen Oil, Mahanarayan Oil, Kapoor, Tarpin Oil, Malkangni Oil, Guggal Oil, Mahamash Oil, Panchgun Oil, Pudina Satva, Maha Vishgarbha Oil, Til Oil (q.s.), Helpful in joint pain such as knee pain, back pain, elbow pain, neck pain, shoulder pain, and other joint discomforts, Enriched with the goodness of 9 essential oils, Anyone can use it for managing joint discomfort, Manages old and stringent pain","Apply a sufficient quantity of Tripurna Pain Reliever Oil on the affected area, and gently massage until it is absorbed completely, Repeat this 3 to 4 times daily, or as directed by the healthcare professional","Read the label carefully, Store in a cool, dry place, Keep out of reach of children, Do not exceed the recommended dose"
https://www.1mg.com/otc/dr-willmar-schwabe-india-calcarea-hypophosphorosa-dilution-200-ch-otc398316,,Dr Willmar Schwabe India Pvt Ltd,,,,
https://www.1mg.com/otc/renewa-neoprene-waist-belt-otc491892,,Dr. Sayani's Health Care Pvt. Ltd.,,,,
https://www.1mg.com/otc/dr-willmar-schwabe-india-bellis-perennis-dilution-6-ch-otc397104,Dr Willmar Schwabe India Bellis Perennis Dilution,Dr Willmar Schwabe India Pvt Ltd,,"It is primarily used for the treatment of injuries to soft tissue such as breasts and abdomen, Highly effective in the treatment of injuries to bones or sprains in the muscle tissue, It also helps in treating conditions related to internal bleeding during pregnancy, Effective in the treatment of varicose veins with bruises on the external surface, It helps in treating problems associated with pregnancy such as the inability to walk properly due to varicose veins",Take 3-5 drops in 1 teaspoon of water thrice a day or as directed by the physician.,"Read the label carefully before use, Do not exceed the recommended dose, Keep out of the reach of children, Use under medical supervision, Store in a cool dry place away from direct sunlight and heat"
https://www.1mg.com/otc/sbl-ferrum-bromatum-dilution-30-ch-otc352773,,SBL Pvt Ltd,,,,
https://www.1mg.com/otc/dr.-reckeweg-nux-mosch-dilution-1000-ch-otc331813,,Dr Reckeweg & Co,,,,
https://www.1mg.com/otc/dr-willmar-schwabe-india-carica-papaya-dilution-1000-ch-otc398702,,Dr Willmar Schwabe India Pvt Ltd,,,,
https://www.1mg.com/otc/sbl-natrum-sulphuricum-0-2-lm-otc366273,,SBL Pvt Ltd,,,,
https://www.1mg.com/otc/sbl-cadmium-sulphuricum-dilution-1000-ch-otc346061,SBL Cadmium Sulphuricum Dilution,SBL Pvt Ltd,,"Relieves, vertigo, head hammering and heated head conditions, Treats polyps and nose boils, Treats nasal bone ulcers, Treats opaque cornea and improves night visibility, Treats left side face paralysis, Relieves severe nausea, swallowing problem and chronic abdominal pain, Relieves sore throat and persistent sore tickling, Improves stool formation from black and foul smelling, Treats pus and blood mixed urine",Dosage should be directed by the physician,"Read the label carefully before use, Maintain 30 minutes gap between any food/ drink/any other medicine, Avoid any strong mouth smell during taking the medicine like garlic, coffee, camphor, etc, Do not exceed the recommended dose, Keep out of the reach of children"
https://www.1mg.com/otc/bjain-aesculus-hippocastanum-dilution-6x-otc429238,Bjain Aesculus Hippocastanum Dilution,Bjain Pharmaceuticals Pvt. Ltd.,,,As directed by the physician,
https://www.1mg.com/otc/sbl-natrum-sulphuricum-0-28-lm-otc366299,,SBL Pvt Ltd,,,,
https://www.1mg.com/otc/vissco-core-0301b-cervical-collar-without-chin-support-xl-otc507633,Vissco Core 0301B Cervical Collar without Chin Support,Vissco Rehabilitation Aids Pvt. Ltd.,It has been designed to support the chin and cervical spine and helps to relieve the pain.,,"Place extending chin support below your chin, Adjust the hook and loop according to your comfort","Read the label carefully before use, Store in a cool dry place away from direct sunlight, Avoid any physical damage"
https://www.1mg.com/otc/sloan-s-liniment-kills-pain-reduces-swelling-strengthens-muscles-ligaments-otc315107,Sloan's Liniment,Piramal Enterprises Ltd,,Oil,,
https://www.1mg.com/otc/jiva-pain-calm-oil-pain-reliever-for-joint-pain-back-pain-frozen-shoulder-sprain-muscle-soreness-otc329877,Jiva Pain Calm Oil,Jiva Ayurvedic Pharmacy Ltd,,,,
https://www.1mg.com/otc/tynor-i59-scrotal-support-xl-otc346650,Tynor I-59 Scrotal Support,Tynor Orthotics Pvt. Ltd.,To provide support to the scrotum after operation or injury,,Read the user manual/ instruction leaflet carefully.,
https://www.1mg.com/otc/himalaya-rumalaya-pain-relief-gel-quick-relief-from-body-pain-ayurvedic-gel-otc90714,Himalaya Rumalaya Gel,Himalaya Wellness Company,,"30 gm, Gel",Apply a small quantity of the gel to the tender area and lightly massage it in or as directed by the physician.,
https://www.1mg.com/otc/sbl-rhus-toxicodendron-dilution-30-ch-otc338184,SBL Rhus Toxicodendron Dilution,SBL Pvt Ltd,,,Take 3-5 drops of dilution in 1 teaspoon water thrice a day or as directed by the physician.,
https://www.1mg.com/otc/haslab-gripe-water-tonic-otc339497,,HASLAB,,,,
https://www.1mg.com/otc/moov-cool-therapy-gel-otc964102,Moov Cool Therapy Gel,Reckitt Benckiser Healthcare Pvt. Ltd.,,"Each gram of gel contains: Pudina Satva (Mentha piperita) extract (Aerial parts of plant) 8.0% w/w, Preservative: Benzyl Alcohol IP, Colouring Agents: Brilliant Blue FCF, Tartrazine Yellow., Gel., 20g.",Apply a thin film of the gel to the affected area and massage gently. Repeat 3-4 times daily for best results.,
https://www.1mg.com/otc/dr-willmar-schwabe-india-lachnanthes-tinctoria-dilution-1000-ch-otc404713,,Dr Willmar Schwabe India Pvt Ltd,,,,
https://www.1mg.com/otc/dr-willmar-schwabe-india-ammonium-bromatum-dilution-200-ch-otc395768,Dr Willmar Schwabe India Ammonium Bromatum Dilution,Dr Willmar Schwabe India Pvt Ltd,,"Extra neutral alcohol, Genuine extracts of ammonium bromatum, Cures the symptoms of dry cough, Relieves frequent headaches and congestion of the head, Cures respiratory problems like sudden chocking episodes of cough, Controls tendency to obesity, Help get rid of irritability under fingernails, Relieves from constrictive pains",Take 3-5 drops of dilution in 1 teaspoon of water three times a day or as directed by a physician,"Read the label carefully before use, Do not exceed the recommended dose, Keep out of the reach of children, Store in a cool dry place away from direct sunlight"
https://www.1mg.com/otc/vissco-core-0508-hernia-belt-with-double-pad-xl-otc344549,,Vissco Rehabilitation Aids Pvt. Ltd.,,,,
https://www.1mg.com/otc/jiva-ayurveda-combo-pack-of-pain-calm-oil-200ml-pain-calm-120-tablet-with-knee-cap-free-otc651989,Jiva Ayurveda Combo Pack of Pain Calm Oil 200ml & Pain Calm 120 Tablet with Knee Cap Free,Jiva Ayurvedic Pharmacy Ltd,,,,"Read the label carefully before use, Store in a cool and dry place away from direct sunlight, Keep out of reach of the children"
https://www.1mg.com/otc/volini-maxx-pain-relief-spray-for-back-neck-joint-muscle-pain-bone-joint-muscle-care-otc457560,Volini Maxx Spray,Sun Pharmaceutical Industries Ltd,,"Diclofenac Diethylamine IP Equivalent to Dicoflenac Sodium, Methyl Salicylate IP, Menthol IP, Provides instant pain relief and supports bone, joint and muscle care, A unique formulation of 2% diclofenac makes it 100% stronger than other sprays, Provides effective relief from severe neck and back pain, Helps in relieving musculoskeletal and joint pain, Effective in healing pain due to strain and sprain, Useful in case of sports injuries, Has a unique 360-degree delivery mechanism that ensures standardised drug delivery, It provides instant and long-lasting pain relief from knee pain, joint pain, back pain, calf pain, and neck pain","Shake well before each use. Spray the contents from 5 cm distance on the affected areas 3-4 times in a day or, as directed by the physician.","Read the label carefully before use, Store in a cool and dry place away from direct sunlight, Keep out of reach of the children, Do not exceed the recommended dosage, For external use only, Should be applied only to intact skin surfaces and not to skin wounds and open injuries, Should not come into contact with eyes, mucous membranes and should not be ingested, Store in a cool and dry place"
https://www.1mg.com/otc/dr-willmar-schwabe-india-comocladia-dentata-dilution-30-ch-otc400310,,Dr Willmar Schwabe India Pvt Ltd,,,,
https://www.1mg.com/otc/pankajakasthuri-orthoherb-ayurvedic-oil-with-amla-for-joint-pain-relief-otc356687,Pankajakasthuri Orthoherb Oil,Pankajakasthuri Herbals India (P) Ltd.,,"Vasa (Adhatoda vasica, Rt, Dct), Eranda (Ricinus communis, Rt, Dct), Bilwa (Aegle marmelos, Rt, Dct), Thwak (Cinnamomum zeylanicum, St. Bk, Dct), Maricha (Piper nigrum, Dr. Fr, Dct), Lavanga (Syzygium aromaticum, Dr. Fr, Dct), Jati (Myristica fragrans, Pp, Dct), Pata (Cyclea peltata, Rt, Dct), Nimba (Azadirachta indica, Rt, bk, Dct), Sahachara (Strobilanthes ciliatus, Rt, Dct), Nirgundi (Vitex negundo, Lf, Dct), Bala (Sida retusa, Rt, Dct), Punarnava (Boerhavia diffusa, Pl, Dct), Gunja (Abrus precatorius, Rt, Dct), Dusparsa (Tragia involucrata, Rt, Dct) 2 g each. Amalaki (Phyllanthus emblica, Dr. Fr, Pst), Manjishta (Rubia cordifolia, Rt, Pst), Guggulu (Balsamodendron mukul, Lx, Pst), Chitraka (Plumbago zeylanica, Rt, Pst) 2.5 g each. Kera thaila (Cocos nucifera, Oil) 27.50 ml, Eranda thaila (Ricinus communis, Oil) 82.50 ml, Eucalyptus Oil (Eucalyptus globulus, Oil), 100 ml, Liquid, The oil has anti-inflammatory and analgesic properties, It imparts muscle tone and lubricates the joints, It also imparts firmness to the limbs, It can help stimulate circulation, It helps the lymphatic functioning for detoxification",,"Read the label carefully before use, Store in a cool and dry place, Keep out of reach of children"
https://www.1mg.com/otc/dr-willmar-schwabe-india-terminalia-chebula-mother-tincture-q-otc391593,,Dr Willmar Schwabe India Pvt Ltd,,,,
https://www.1mg.com/otc/miduty-nerve-pain-relief-capsule-alpha-lipoic-acid-b-vitamins-neuropathy-support-otc918605,Miduty Nerve Pain Relief Capsule,Midvision Pvt Ltd,,,Use as directed on the label or as advised by your healthcare provider,
https://www.1mg.com/otc/dr-willmar-schwabe-india-franciscea-uniflora-dilution-12-ch-otc403059,,Dr Willmar Schwabe India Pvt Ltd,,,,
https://www.1mg.com/otc/pravek-maha-balvardhak-oil-otc601978,Pravek Maha Balvardhak Oil,Pravek Kalp Private Limited,,,Massage adequate quantity of oil gently on the affected areas till it is absorbed. Use 2-3 times in a day for better results or as directed by the physician.,
https://www.1mg.com/otc/darco-plantar-fasciitis-sleeve-otc423703,Darco Plantar Fasciitis Sleeve,J J Enterprise,"It uses wave compression and is anatomically woven to provide maximum comfort while helping treat Plantar Fasciitis, heel spurs, arch pain and arch weakness.",,Use as directed on the manual or as directed by the physician.,
https://www.1mg.com/otc/dr-ortho-combo-of-pain-relief-oil-60ml-pain-relief-ointment-30gm-otc472686,Dr Ortho Combo of Pain Relief Oil 60ml & Pain Relief Ointment 30gm,Dr Ortho Ayurvedic,,"Pain Relief Oil, Flaxseed oil, Cinnamomum camphora oil, Mentha piperita oil, Pinus roxburghii oil, Pain Relief Ointment, Nilgiri Oil, Turpentine Oil, Clove Oil, Ajwain Oil, Cinnamon Oil, Pain Relief Oil, Flaxseed oil is a good source of healing and anti-inflammatory elements, It contains omega 3-fatty acids which can help reduce inflammation in joint, Cinnamomum camphora oil has natural painkiller effects and helps stimulate blood circulation across stiff muscles, Pain Relief Ointment, It has good spreadability which quick absorption over the affected area which ensures relieve from pain even in chronic condition, It has the ability of deeper penetration into muscles so ensures quick relief from pain, It possesses analgesic and anti-inflammatory properties","Dr. Ortho Pain Relief Oil, Gently massage 5ml to 10ml of oil on the affected area, Repeat it twice a day or as directed by the physician, Pain Relief Ointment, Apply Dr. Ortho Pain Relief Ointment on the affected areas.","Do not exceed the stated recommended daily usage, Keep out of reach of children, Store in a cool and dry place, Keep away from direct sunlight and moisture"
https://www.1mg.com/otc/jiva-pain-calm-oil-pain-reliever-for-joint-pain-back-pain-frozen-shoulder-sprain-muscle-soreness-with-knee-cap-free-otc651981,Jiva Pain Calm Oil,Jiva Ayurvedic Pharmacy Ltd,,,,
https://www.1mg.com/otc/basic-ayurveda-maha-narayan-tail-otc451480,,Basic Ayurveda,,,,
https://www.1mg.com/otc/bjain-acidum-phosphoricum-mother-tincture-q-otc443930,Bjain Acidum Phosphoricum Mother Tincture,Bjain Pharmaceuticals Pvt. Ltd.,,Phosphoric Acid,Take Bjain Acidum Phosphoricum Mother Tincture as directed by the physician.,
https://www.1mg.com/otc/volini-maxx-pain-relief-spray-for-back-neck-joint-muscle-pain-bone-joint-muscle-care-otc457561,Volini Maxx Spray,Sun Pharmaceutical Industries Ltd,,"Diclofenac Diethylamine IP Equivalent to Dicoflenac Sodium, Methyl Salicylate IP, Menthol IP, Provides instant pain relief and supports bone, joint and muscle care, A unique formulation of 2% diclofenac makes it 100% stronger than other sprays, Provides effective relief from severe neck and back pain, Helps in relieving musculoskeletal and joint pain, Effective in healing pain due to strain and sprain, Useful in case of sports injuries, Has a unique 360-degree delivery mechanism that ensures standardised drug delivery, It provides instant and long-lasting pain relief from knee pain, joint pain, back pain, calf pain, and neck pain","Shake well before each use. Spray the contents from 5 cm distance on the affected areas 3-4 times in a day or, as directed by the physician.","Read the label carefully before use, Store in a cool and dry place away from direct sunlight, Keep out of reach of the children, Do not exceed the recommended dosage, For external use only, Should be applied only to intact skin surfaces and not to skin wounds and open injuries, Should not come into contact with eyes, mucous membranes and should not be ingested, Store in a cool and dry place"
https://www.1mg.com/otc/tiger-balm-white-ointment-for-fast-effective-relief-from-headache-stuffy-nose-nasal-congestion-flatulence-itchiness-from-insect-bites-21ml-each-otc500890,Tiger Balm White Ointment,Gardenia Cosmotrade LLP,,Ointment,Use as per requirement,
https://www.1mg.com/otc/flamingo-varicose-vein-stockings-xl-otc348777,Flamingo Varicose Vein Stockings,Ascent Meditech Limited,,"1 pair of stockings, Females",Use as per requirement,
https://www.1mg.com/otc/jiva-pain-calm-oil-pain-reliever-for-joint-pain-back-pain-frozen-shoulder-sprain-muscle-soreness-otc651626,Jiva Pain Calm Oil,Jiva Ayurvedic Pharmacy Ltd,,,,
https://www.1mg.com/otc/bjain-aesculus-hippocastanum-dilution-3x-otc718160,Bjain Aesculus Hippocastanum Dilution,Bjain Pharmaceuticals Pvt. Ltd.,,,As directed by the physician,
https://www.1mg.com/otc/moov-pain-relief-ointment-for-back-pain-joint-pain-knee-pain-muscle-pain-otc377375,"Moov Pain Relief Ointment for Back Pain, Joint Pain, Knee Pain, Muscle Pain",Reckitt Benckiser Healthcare Pvt. Ltd.,,"Ointment, 30g",,
https://www.1mg.com/otc/spol-kinematics-tex-sports-muscle-green-tape-otc491845,,Dr. Sayani's Health Care Pvt. Ltd.,,,,
https://www.1mg.com/otc/flamingo-cervical-pillow-otc337137,Flamingo Cervical Pillow,Ascent Meditech Limited,"It is used to support the head, neck and shoulder for better comfort.",,Read the label carefully before use.,
https://www.1mg.com/otc/volini-pain-relief-gel-for-sprain-muscle-joint-neck-low-back-pain-bone-joint-muscle-care-otc138818,Volini Pain Relief Gel,Sun Pharmaceutical Industries Ltd,,"Diclofenac Diethylamine Equivalent to Diclofenac Sodium 1% w/w, Methyl Salicylate IP, Menthol IP, Virgin Linseed Oil BP, Preservative, Benzyl Alcohol IP, Gel Base, The spray can offer relief when in pain and supports bone, muscle and joint care., It is effective for pain in the joints, knees, back, shoulders, and neck, It can work great on sports injuries such as muscle pulls, sprains, and strain, It provides instant and long-lasting pain relief from knee pain, joint pain, back pain, calf pain, and neck pain","The Volini pain relief bottle should be shaken well before spraying, Hold the spray bottle at a 5cm distance from the affected area and spray, You can use the spray about three to four times daily or as recommened by your physician","Read the label carefully before use, Store in a cool and dry place, away from sunlight, Keep out of reach of children, The Volini pain relief spray is meant for external application only, Use Volini per the doctor’s guidance, and be careful not to use more than the given dosage, Do not use the spray on open wounds or surfaces of the skin that are ruptured, The spray should not be ingested or come in contact with the eyes and mucous membranes, Avoid using the spray near a naked flame, Do not burn or make a hole in the bottle even after the spray is over"
https://www.1mg.com/otc/yuvika-beej-sambhalu-nirgundi-seeds-vitex-negundo-otc520153,,DKC AGROTECH PVT. LTD.,,,,
https://www.1mg.com/otc/baidyanath-draksharishta-syrup-ayurvedic-tonic-for-digestion-fatigue-appetite-otc325925,,Shree Baidyanath Ayurved Bhawan Pvt Ltd,,,,
https://www.1mg.com/otc/new-life-migranocin-drop-otc326173,,New Life Laboratories Pvt Ltd,,,,
https://www.1mg.com/otc/patanjali-divya-mahamash-taila-otc387850,Patanjali Divya Mahamash Taila,Patanjali Divya Pharmacy,,"100 ml, Liquid",,
https://www.1mg.com/otc/dr-willmar-schwabe-india-andrographis-paniculata-mother-tincture-q-otc390768,,Dr Willmar Schwabe India Pvt Ltd,,,,
https://www.1mg.com/otc/sbl-pyrogenium-dilution-1000-ch-otc348560,Pyrogenium Dilution,SBL Pvt Ltd,,"Pyrogenium, Highly effective in the treatment of septic diseases and with intense restlessness, It can be used to treat anxiety in patients as well as headache associated with restlessness, Useful in the treatment of diarrhoea and dysentery, Treats catarrhal fevers with chills and restlessness, It can be used as a laxative to get relief from constipation and bloating, Its uses also include treatment of symptoms associated with typhoid, Malarial fevers are effectively treated with the use of Pyrogenium, Pyrogenium reduces inflammation in the kidneys and prevents any further damage, Treats purpureal infection in women with abnormal discharges, It can be used to treat abnormal menses with foul discharges, Used to treat septic infections post-abortion and relieves pain in the pelvic region",,"Read the label carefully before use, Do not exceed the recommended dose, Keep out of the reach of children, Store in a cool dry place away from direct sunlight and heat"
https://www.1mg.com/otc/sbl-rhus-tox-gel-otc331005,SBL Rhus Tox Gel,SBL Pvt Ltd,,"Rhus toxicodendron, The gel may help to deal with joint disorders and reduce tearing pain in tendons, ligaments and fasciae, It helps to relieve pain at the nape of the neck, loins and extremities, This gel helps manage pain between shoulders, pain and stiffness in the back, The formula may help to deal with conditions like urticaria",Apply the gel on the affected area two times a day or as prescribed by the physician,"Keep out of reach of children, Store in a cool and dry place, For external usage only, Read the label before use"
https://www.1mg.com/otc/relispray-natural-instant-pain-relief-spray-otc325494,Relispray Instant Pain Relief Spray,MidasCare Pharmaceuticals Pvt Ltd,,"Clove Oil, Peppermint oil, Camphor Oil, Eucalyptus Oil, Turpentine Oil, Wintergreen Oil, Cinnamon Oil, Clove oil contains eugenol, which has analgesic and anti-inflammatory properties. Eugenol blocks the pain receptors and reduces inflammation to help relieve joint pain, Peppermint oil contains menthol, which provides a cooling effect on the skin. Peppermint oil dilates the vessels causing a sensation of coldness followed by an analgesic effect when applied topically, Camphor oil is suitable for topical use to reduce pain and inflammation. It has sedative, cooling and stimulating properties that help relieve swelling, aches, and pain caused by arthritis, gout, osteoarthritis, and rheumatism, Eucalyptus oil is an anti-inflammatory substance that soothes and helps relax stiff muscles to ease muscle movement, Turpentine oil is obtained from pine trees and has warming properties that aid in regulating blood circulation to the affected area. When applied topically, it helps to warm up the muscle, regulate blood circulation and provide pain relief.It helps to relieve muscle pain, joint pain, and inflammation, Wintergreen oil induces an anaesthetic effect on the nerves and helps regulate blood circulation for warmth to the affected area. It contains methyl salicylate, which has analgesic and anti-inflammatory properties. Wintergreen oil is suitable for topical use to relieve muscle pain and joint pain, Cinnamon oil is an anti-inflammatory substance and helps minimise stiffness in muscles and joints. It contains cinnamaldehyde, which has analgesic properties and can relieve muscle and joint pain. It can be used topically or added to bath water to soothe sore muscles and joints, Spray","Shake well before each use, Spray the content from a 5 cm distance on the affected area, Cover the spray area with a cloth to improve effectiveness","Do not pierce or burn even when empty, Do not spray near eyes or face, Do not spray on open wounds or broken skin, Avoid direct inhalation, Read the label carefully before use, Store in a cool and dry place, away from sunlight, Keep out of reach of children"
https://www.1mg.com/otc/vissco-spro-knee-cap-plus-knee-support-for-joint-pain-relief-sports-football-small-otc448743,Vissco 2700 Pro Spro Knee Cap Plus,Vissco Rehabilitation Aids Pvt. Ltd.,It is primarily used to give support and stability to the knee.,,Use as per requirement or as directed by the physician.,"Read the label carefully before use, Store in a cool dry place away from direct sunlight, Keep out of reach of the children, Avoid physical damage"
https://www.1mg.com/otc/proxym-gel-otc151634,,Emcure Pharmaceuticals Ltd,,,,
https://www.1mg.com/otc/zixa-strong-fast-acting-pain-relief-roll-on-dual-action-heals-back-pain-muscle-pain-knee-pain-joint-pain-headache-50ml-each-otc818711,"ZIXA Strong Fast Acting Pain Relief Roll On, Dual action, Heals Back Pain, Muscle Pain, Knee Pain, Joint Pain & Headache",Jenburkt Pharmaceuticals Ltd,,"Gandhapura patra tail, pudina satva, nilgiri tail, camphor, thymol",Spray on the affected area.,
https://www.1mg.com/otc/elix-pain-relief-gel-otc461212,Elix Gel,Elis Pharmaceuticals India Pvt Ltd,,"Aceclofenac, Capsaicin, Linoleic acid, Menthol, Methyl salicylate, The gel comes with aceclofenac that helps to fight pain, fever and pain associated with disorders such as arthritis as well, Capsaicin, a common ingredient for pain relieving agents, reduces the conduction of the pain messages to the brain and therefore helps to instantly relieve the patient from pain, Helps to provide a cooling sensation to the affected area, The gel can be applied on the affected areas to relieve pain instantly","Take Elix Gel as directed by the physician, As directed, one can take a small amount of the gel and apply it gently on the affected area. Usually there isnt a need to massage the gel too vigorously","Read the label carefully before use, Keep out of the reach of children, Store in cool and dry place"
https://www.1mg.com/otc/bjain-aesculus-hippocastanum-dilution-1000-ch-otc718175,Bjain Aesculus Hippocastanum Dilution,Bjain Pharmaceuticals Pvt. Ltd.,,,As directed by the physician,
https://www.1mg.com/otc/sbl-tuberculinum-0-27-lm-otc362622,,SBL Pvt Ltd,,,,
https://www.1mg.com/otc/lord-s-l-164-sciatica-drop-otc449185,,Lord's Homoeopathic Laboratory Pvt Ltd,,,,
https://www.1mg.com/otc/sbl-calcarea-carbonica-0-16-lm-otc361659,,SBL Pvt Ltd,,,,
https://www.1mg.com/otc/sbl-cedron-dilution-30-ch-otc346128,SBL Cedron Dilution,SBL Pvt Ltd,,"Helps in relieving pain in the head and on the right side of the face, Effective in treating Inflammation of iris and choroid of the eyes, Helps in reducing burning sensation with redness and severe pain in the eyeball, Provides relief from severe pain in the joints, Helps in treating swelling in knee joint with the collection of fluid, Useful in treating fever accompanied with tearing pain and numbness in limbs",Dosage should be directed by the physician. It can be taken along with allopathic medicines.,"Read the label carefully before use, Keep out of the reach of children, Use under medical supervision, Do not exceed the recommended dosage, Maintain half an hour gap between food,drink and any other medicines and homoeopathic medicine, Avoid any strong smell in the mouth while taking medicine e.g. camphor, garlic, onion, coffee and hing, Store in a cool and dry place"
https://www.1mg.com/otc/sloan-s-liniment-kills-pain-reduces-swelling-strengthens-muscles-ligaments-otc315107,Sloan's Liniment,Piramal Enterprises Ltd,,Oil,,
https://www.1mg.com/otc/jiva-pain-calm-oil-pain-reliever-for-joint-pain-back-pain-frozen-shoulder-sprain-muscle-soreness-otc329877,Jiva Pain Calm Oil,Jiva Ayurvedic Pharmacy Ltd,,,,
https://www.1mg.com/otc/tynor-k-02-heel-cushion-silicone-pair-large-otc336619,Tynor K-02 Heel Cushion Silicon (Pair),Tynor Orthotics Pvt. Ltd.,"Anatomically designed for better comfort and fitting, it provides even pressure distribution throughout.",,Use as per requirement or as directed by the physician.,
https://www.1mg.com/otc/himalaya-rumalaya-pain-relief-gel-quick-relief-from-body-pain-ayurvedic-gel-otc90714,Himalaya Rumalaya Gel,Himalaya Wellness Company,,"30 gm, Gel",Apply a small quantity of the gel to the tender area and lightly massage it in or as directed by the physician.,
https://www.1mg.com/otc/caterpil-gel-otc316535,,Bion Therapeutics India Pvt Ltd,,,,
https://www.1mg.com/otc/moov-cool-therapy-gel-otc964102,Moov Cool Therapy Gel,Reckitt Benckiser Healthcare Pvt. Ltd.,,"Each gram of gel contains: Pudina Satva (Mentha piperita) extract (Aerial parts of plant) 8.0% w/w, Preservative: Benzyl Alcohol IP, Colouring Agents: Brilliant Blue FCF, Tartrazine Yellow., Gel., 20g.",Apply a thin film of the gel to the affected area and massage gently. Repeat 3-4 times daily for best results.,
https://www.1mg.com/otc/bioran-gel-otc491619,,Rusan Pharma Ltd,,,,
https://www.1mg.com/otc/haslab-drox-30-pencillin-drop-otc339531,,HASLAB,,,,
https://www.1mg.com/otc/dr-willmar-schwabe-india-tilia-europaea-dilution-6-ch-otc406407,,Dr Willmar Schwabe India Pvt Ltd,,,,
https://www.1mg.com/otc/volini-maxx-pain-relief-spray-for-back-neck-joint-muscle-pain-bone-joint-muscle-care-otc457560,Volini Maxx Spray,Sun Pharmaceutical Industries Ltd,,"Diclofenac Diethylamine IP Equivalent to Dicoflenac Sodium, Methyl Salicylate IP, Menthol IP, Provides instant pain relief and supports bone, joint and muscle care, A unique formulation of 2% diclofenac makes it 100% stronger than other sprays, Provides effective relief from severe neck and back pain, Helps in relieving musculoskeletal and joint pain, Effective in healing pain due to strain and sprain, Useful in case of sports injuries, Has a unique 360-degree delivery mechanism that ensures standardised drug delivery, It provides instant and long-lasting pain relief from knee pain, joint pain, back pain, calf pain, and neck pain","Shake well before each use. Spray the contents from 5 cm distance on the affected areas 3-4 times in a day or, as directed by the physician.","Read the label carefully before use, Store in a cool and dry place away from direct sunlight, Keep out of reach of the children, Do not exceed the recommended dosage, For external use only, Should be applied only to intact skin surfaces and not to skin wounds and open injuries, Should not come into contact with eyes, mucous membranes and should not be ingested, Store in a cool and dry place"
https://www.1mg.com/otc/dr-willmar-schwabe-india-stannum-metallicum-dilution-30-ch-otc391983,,Dr Willmar Schwabe India Pvt Ltd,,,,
https://www.1mg.com/otc/tynor-e-01-elastic-wrist-splint-small-grey-right-otc345631,,Tynor Orthotics Pvt. Ltd.,,,,
https://www.1mg.com/otc/pankajakasthuri-orthoherb-ayurvedic-oil-with-amla-for-joint-pain-relief-otc356687,Pankajakasthuri Orthoherb Oil,Pankajakasthuri Herbals India (P) Ltd.,,"Vasa (Adhatoda vasica, Rt, Dct), Eranda (Ricinus communis, Rt, Dct), Bilwa (Aegle marmelos, Rt, Dct), Thwak (Cinnamomum zeylanicum, St. Bk, Dct), Maricha (Piper nigrum, Dr. Fr, Dct), Lavanga (Syzygium aromaticum, Dr. Fr, Dct), Jati (Myristica fragrans, Pp, Dct), Pata (Cyclea peltata, Rt, Dct), Nimba (Azadirachta indica, Rt, bk, Dct), Sahachara (Strobilanthes ciliatus, Rt, Dct), Nirgundi (Vitex negundo, Lf, Dct), Bala (Sida retusa, Rt, Dct), Punarnava (Boerhavia diffusa, Pl, Dct), Gunja (Abrus precatorius, Rt, Dct), Dusparsa (Tragia involucrata, Rt, Dct) 2 g each. Amalaki (Phyllanthus emblica, Dr. Fr, Pst), Manjishta (Rubia cordifolia, Rt, Pst), Guggulu (Balsamodendron mukul, Lx, Pst), Chitraka (Plumbago zeylanica, Rt, Pst) 2.5 g each. Kera thaila (Cocos nucifera, Oil) 27.50 ml, Eranda thaila (Ricinus communis, Oil) 82.50 ml, Eucalyptus Oil (Eucalyptus globulus, Oil), 100 ml, Liquid, The oil has anti-inflammatory and analgesic properties, It imparts muscle tone and lubricates the joints, It also imparts firmness to the limbs, It can help stimulate circulation, It helps the lymphatic functioning for detoxification",,"Read the label carefully before use, Store in a cool and dry place, Keep out of reach of children"
https://www.1mg.com/otc/vissco-lumboset-advance-belt-back-support-for-back-pain-relief-posture-correction-xl-black-otc344517,Vissco Contoured Sacro Lumbar Belt with Straps 2103,Vissco Rehabilitation Aids Pvt. Ltd.,It is useful to help support and provide relief to the lumbar region.,,Use as directed by the physician.,
https://www.1mg.com/otc/nagarjuna-ksheerabala-101-aavarthi-soft-gelatin-capsule-otc376545,Nagarjuna Ksheerabala 101 Aavarthi Soft Gelatin Capsule:,Nagarjuna Ayurvedic Centre,,"Kurunthotti (Sidathombifolia), Paal (Milk of cow), Nallenna (Sesame oil), It promotes nervous system health and functioning, It helps in relieving joint and muscle pain, It supports overall well-being and vitality, It calms the mind and helps reduce stress, It enhances relaxation and improves sleep quality",,"Store in a cool and dry place, Keep away from direct sunlight, Read the label carefully before use"
https://www.1mg.com/otc/miduty-nerve-pain-relief-capsule-alpha-lipoic-acid-b-vitamins-neuropathy-support-otc918605,Miduty Nerve Pain Relief Capsule,Midvision Pvt Ltd,,,Use as directed on the label or as advised by your healthcare provider,
https://www.1mg.com/otc/tynor-e-03-wrist-forearm-splint-large-right-otc345643,Tynor E 03 Wrist & Forearm Splint,Tynor Orthotics Pvt. Ltd.,It helps to maintain the wrist in the neutral/functional position.,,Use a directed by the health-care professional.,
https://www.1mg.com/otc/deve-herbes-pure-black-seed-nigella-sativa-cold-pressed-oil-otc396396,Deve Herbes Pure Black Seed Oil,Deve Herbes,,"Pure Black Cumin Seed Essential Oil 5ml (Nigella sativa), It is an effective anti-oxidant, anti-bacterial, and anti-inflammatory, It can boost your immune system, It can also be used topically as a chest rub for respiratory problems, It helps to prevent both damage and disease, It decreases the elevated serum glucose, It helps to prevent both type 1 and type 2 diabetes","Do not apply directly to skin, always dilute with carrier oil","Read the label carefully before use, Keep it out of reach of the children, Store in a cool and dry place away from direct sunlight, Use under medical supervision"
https://www.1mg.com/otc/pravek-maha-balvardhak-oil-otc601978,Pravek Maha Balvardhak Oil,Pravek Kalp Private Limited,,,Massage adequate quantity of oil gently on the affected areas till it is absorbed. Use 2-3 times in a day for better results or as directed by the physician.,
https://www.1mg.com/otc/dr-willmar-schwabe-india-ficus-religiosa-dilution-1000-ch-otc403012,,Dr Willmar Schwabe India Pvt Ltd,,,,
https://www.1mg.com/otc/vissco-core-bunion-splint-0729-universal-otc344579,Vissco Bunion Splint 0729,Vissco Rehabilitation Aids Pvt. Ltd.,It is useful in the condition of Halux Valgus (bunion) and deformity of big toe.,"It helps to support and hold the metatarsal and arch area of the foot with a tight fitting band and can be used in the day or night, Made from neoprene rubber which provides softness as well as retains body heat which aids further recovery, Contains moving hinge which provides rigidity and ease of movement, The fabric is tested for its anti fungal and anti bacterial properties",Use as per requirement or as directed by the physician.,"Read the label carefully before use, Store in a cool dry place away from direct sunlight, Keep out of reach of the children, Avoid physical damage"
https://www.1mg.com/otc/jiva-pain-calm-oil-pain-reliever-for-joint-pain-back-pain-frozen-shoulder-sprain-muscle-soreness-with-knee-cap-free-otc651981,Jiva Pain Calm Oil,Jiva Ayurvedic Pharmacy Ltd,,,,
https://www.1mg.com/otc/hicks-comfort-hot-water-bottle-super-deluxe-plus-otc397934,Hicks Comfort Hot Water Bottle Super Deluxe Plus,Hicks Thermometers India Limited,"The hot water bottle relieves joint pains, muscular cramps, menstrual pains, stomach, backaches and arthritic and rheumatic pains and helps you relax.",10 x 10 x 5 cm; 450 g,,
https://www.1mg.com/otc/bjain-aesculus-hippocastanum-dilution-30c-otc718169,Bjain Aesculus Hippocastanum Dilution,Bjain Pharmaceuticals Pvt. Ltd.,,,As directed by the physician,
https://www.1mg.com/otc/volini-maxx-pain-relief-spray-for-back-neck-joint-muscle-pain-bone-joint-muscle-care-otc457561,Volini Maxx Spray,Sun Pharmaceutical Industries Ltd,,"Diclofenac Diethylamine IP Equivalent to Dicoflenac Sodium, Methyl Salicylate IP, Menthol IP, Provides instant pain relief and supports bone, joint and muscle care, A unique formulation of 2% diclofenac makes it 100% stronger than other sprays, Provides effective relief from severe neck and back pain, Helps in relieving musculoskeletal and joint pain, Effective in healing pain due to strain and sprain, Useful in case of sports injuries, Has a unique 360-degree delivery mechanism that ensures standardised drug delivery, It provides instant and long-lasting pain relief from knee pain, joint pain, back pain, calf pain, and neck pain","Shake well before each use. Spray the contents from 5 cm distance on the affected areas 3-4 times in a day or, as directed by the physician.","Read the label carefully before use, Store in a cool and dry place away from direct sunlight, Keep out of reach of the children, Do not exceed the recommended dosage, For external use only, Should be applied only to intact skin surfaces and not to skin wounds and open injuries, Should not come into contact with eyes, mucous membranes and should not be ingested, Store in a cool and dry place"
https://www.1mg.com/otc/sbl-onosmodium-virginianum-dilution-12-ch-otc355429,SBL Onosmodium Virginianum Dilution,SBL Pvt Ltd,,"30 ml, Liquid",,
https://www.1mg.com/otc/medtex-class-2-thigh-length-imported-medical-cotton-compression-stocking-for-varicose-veins-xl-beige-otc667342,Medtex Class 2 Thigh Length Imported Medical Cotton Compression Stocking for Varicose Veins Medium Beige,Medtex Healthcare,"These stockings are used to provide comfort, warmth and graduated compression to the legs in order to prevent varicose veins and swelling.",,,
https://www.1mg.com/otc/jiva-pain-calm-oil-pain-reliever-for-joint-pain-back-pain-frozen-shoulder-sprain-muscle-soreness-otc651626,Jiva Pain Calm Oil,Jiva Ayurvedic Pharmacy Ltd,,,,
https://www.1mg.com/otc/pchpl-wellness-kyrortho-pain-relief-oil-roll-on-otc972340,PCHPL Wellness Kyrortho Pain Relief Oil Roll-On,Psychocare Health Pvt. Ltd,,"Piplamool, Akhrot Chhal, Akarkara, Lajwanti, Kalonji, Ratanjot, Chopchini, Khatmi Beej, Tagar, Sunthi, Nirgundi, Sahjan, Pudina Satva, Kapoor Satvik, Ajwain, Nilgiri Oil, Jaitun Oil, Arandi Oil, Gandpura Oil, Turpentine Oil, Sesamum Indicum Oil, This roll penetrates deep into the muscles to reduce swelling and inflammation, It may help to relieve joint pain, knee pain, and stiffness, This product may help enhance the flexibility of joints, Oil",Apply the roll-on directly to the affected areas and massage lightly for a few minutes or as directed by the physician,"Read the label carefully before use, Store in a cool and dry place, away from sunlight, Keep out of reach of children, For external use only"
https://www.1mg.com/otc/dominion-care-combo-pack-of-accu-paduka-accupressure-massage-slipper-and-home-jogger-otc516302,,Kapil Plastic Mould,,,,
https://www.1mg.com/otc/moov-pain-relief-ointment-for-back-pain-joint-pain-knee-pain-muscle-pain-otc377375,"Moov Pain Relief Ointment for Back Pain, Joint Pain, Knee Pain, Muscle Pain",Reckitt Benckiser Healthcare Pvt. Ltd.,,"Ointment, 30g",,
https://www.1mg.com/otc/sbl-physalis-alkekengi-dilution-30-ch-otc356018,,SBL Pvt Ltd,,,,
https://www.1mg.com/otc/volini-pain-relief-gel-for-sprain-muscle-joint-neck-low-back-pain-bone-joint-muscle-care-otc138818,Volini Pain Relief Gel,Sun Pharmaceutical Industries Ltd,,"Diclofenac Diethylamine Equivalent to Diclofenac Sodium 1% w/w, Methyl Salicylate IP, Menthol IP, Virgin Linseed Oil BP, Preservative, Benzyl Alcohol IP, Gel Base, The spray can offer relief when in pain and supports bone, muscle and joint care., It is effective for pain in the joints, knees, back, shoulders, and neck, It can work great on sports injuries such as muscle pulls, sprains, and strain, It provides instant and long-lasting pain relief from knee pain, joint pain, back pain, calf pain, and neck pain","The Volini pain relief bottle should be shaken well before spraying, Hold the spray bottle at a 5cm distance from the affected area and spray, You can use the spray about three to four times daily or as recommened by your physician","Read the label carefully before use, Store in a cool and dry place, away from sunlight, Keep out of reach of children, The Volini pain relief spray is meant for external application only, Use Volini per the doctor’s guidance, and be careful not to use more than the given dosage, Do not use the spray on open wounds or surfaces of the skin that are ruptured, The spray should not be ingested or come in contact with the eyes and mucous membranes, Avoid using the spray near a naked flame, Do not burn or make a hole in the bottle even after the spray is over"
https://www.1mg.com/otc/dr.-johns-j-58-joints-drop-otc387686,,Nanak Laboratories Pvt Ltd,,,,
https://www.1mg.com/otc/dr-willmar-schwabe-india-bacopa-monnieri-dilution-200-ch-otc397856,,Dr Willmar Schwabe India Pvt Ltd,,,,
https://www.1mg.com/otc/sbl-natrum-salicylicum-dilution-30-ch-otc348407,,SBL Pvt Ltd,,,,
https://www.1mg.com/otc/repl-orthovit-capsule-helps-manage-morning-stiffness-joint-pain-dental-pain-otc459609,REPL Orthovit Capsule,Renovision Exports Pvt Ltd,,"Yograj Guggulu, Mentha, Singhanad Guggul, Triphala, Withania Somnifera, Purified Gandhak, Purified Guggul extract, Castor oil, Ext Niragundi, Boswellia Serrata, Nyctanthes arvortristis, Moringa oleifera, Curcuma longa, 30 capsules, Capsule, The formulation can help reduce morning stiffness, backache, and joint pain, It may aid in relieving musculoskeletal pain and rheumatic pain, It has powerful anti-inflammatory properties to soothe inflammation, It is indicated in jaw pain, ear and nose pain, and toothache",,"Read the label carefully before use, Store in a cool and dry place, Keep out of reach of children"
https://www.1mg.com/otc/vissco-core-pc-0310-firm-cervical-collar-with-chin-support-large-otc344627,,Vissco Rehabilitation Aids Pvt. Ltd.,,,,
https://www.1mg.com/otc/vashisht-ferrum-phos-3x-gel-otc411972,Vashisht Ferrum Phos 3X Gel,Vashisht Homoeopathic Pharmaceuticals,,"Ferrum phosphoricum, It helps alleviate the pain caused by injuries or other reasons, It helps to reduce the swelling of joints and muscles, It provides comfort from backache and sprains, It helps manage painful swelling of joints, muscles, tendons, and ligaments",Apply on clean and dry skin twice a day or as advised by your healthcare practitioner,"Read the label carefully before use, Store in a cool and dry place, away from sunlight, Keep out of reach of children"
https://www.1mg.com/otc/repl-dr.-advice-no.98-typhoril-drop-otc339456,,Renovision Exports Pvt Ltd,,,,
https://www.1mg.com/otc/healwell-sciatex-drop-otc399871,,Healwell International Limited,,,,
https://www.1mg.com/otc/bjain-kali-carbonicum-dilution-1000-ch-otc440612,Bjain Kali Carbonicum Dilution,Bjain Pharmaceuticals Pvt. Ltd.,,,,
https://www.1mg.com/otc/dominion-care-acupressure-germa-roller-otc529865,,Kapil Plastic Mould,,,,
https://www.1mg.com/otc/dr-willmar-schwabe-india-mentholum-dilution-200-ch-otc405413,,Dr Willmar Schwabe India Pvt Ltd,,,,
https://www.1mg.com/otc/sbl-manganum-oxydatum-nigrum-dilution-1000-ch-otc354490,,SBL Pvt Ltd,,,,
https://www.1mg.com/otc/wheezal-wl18-influenza-drop-otc387881,Wheezal WL18 Influenza Drop,Wheezal Homoeo Pharma,,"Aco.Nap, Baptisia, Bryonia, Eucalyptus, Eupatorium Perf, Gelsemium, It provides effective relief from influenza and its associated symptoms, including runny nose, high body temperature, and painful headache, improving overall comfort and well-being during illness, It soothes sore throat and relieves cough accompanied by body ache, addressing discomfort in the throat and promoting ease of breathing, It deals with dry mucous membranes and provides relief from dry coughing and irritation in the upper trachea, alleviating cough symptoms and promoting respiratory health, It helps to deal with enlargement of tonsils and inflamed throat, addressing severe symptoms of influenza and promoting throat health, It reduces body temperature and alleviates soreness of muscles and bones, facilitating recovery from influenza and promoting overall comfort",Take 10-15 drops of Wheezal WL18 Influenza Drop in little water four times a day before meals or as directed by the physician,"Read the label carefully before use, Store in a cool and dry place, away from sunlight, Keep out of reach of children"
https://www.1mg.com/otc/dr.-reckeweg-viola-odor-dilution-30-ch-otc326324,Dr. Reckeweg Viola Odor Dilution,Dr Reckeweg & Co,,"Viola plant with alcohol, Liquid dilution, Helps relieve joint pain in hand, finger joints and shoulder muscles, It may relieve migraine headaches in the forehead, Helps reduce pain above the eyebrows, Helps in the management of vertigo",Use as directed by a healthcare professional,"Read the label carefully before use, Store in a cool and dry place, Protect from direct sunlight, Avoid any strong smells in the mouth, such as coffee, onion, hing, mint, camphor, garlic, etc., while taking the medicine, Keep at least half an hour gap between food/drink / any other medicines and allopathic medicines"
https://www.1mg.com/otc/sloan-s-liniment-kills-pain-reduces-swelling-strengthens-muscles-ligaments-otc315107,Sloan's Liniment,Piramal Enterprises Ltd,,Oil,,
https://www.1mg.com/otc/jiva-pain-calm-oil-pain-reliever-for-joint-pain-back-pain-frozen-shoulder-sprain-muscle-soreness-otc329877,Jiva Pain Calm Oil,Jiva Ayurvedic Pharmacy Ltd,,,,
https://www.1mg.com/otc/adel-arnica-montana-mother-tincture-q-otc328792,ADEL Arnica Montana Mother Tincture,Adel Pekana Germany,,"Provides effective relief from fainting, dizziness and pain in the head, Helps in treating retinal haemorrhages and swelling in the eyes, It is primarily used for the treatment of post-injury bruises and sores, Extremely beneficial for those who are sensitive to medical injuries and are prone to suffer from motion sickness, Reduces swelling and soreness in the injured area, Restricts bleeding around the injured area, Provides effective relief from pain in the chest and breathing difficulties",Take 10-15 drops of the tincture in half a cup of water thrice a day or as directed by the physician.,"Read the label carefully before use, Use under medical supervision, Do not exceed the recommended dosage, Keep out of the reach of children, Store in a cool dry place away from direct sunlight and heat"
https://www.1mg.com/otc/himalaya-rumalaya-pain-relief-gel-quick-relief-from-body-pain-ayurvedic-gel-otc90714,Himalaya Rumalaya Gel,Himalaya Wellness Company,,"30 gm, Gel",Apply a small quantity of the gel to the tender area and lightly massage it in or as directed by the physician.,
https://www.1mg.com/otc/bhumija-lifesciences-ginger-juice-sugar-free-otc378108,,Bhumija Lifesciences,,,,
https://www.1mg.com/otc/tynor-i-15-compression-stocking-mid-thigh-open-toe-xl-otc345866,Tynor I-15 Compression Stocking Mid Thigh,Tynor Orthotics Pvt. Ltd.,It is primarily used to provide relief in all forms of venous disease including blood pools or congests in legs.,,Use as per requirement or as directed by the physician.,
https://www.1mg.com/otc/moov-cool-therapy-gel-otc964102,Moov Cool Therapy Gel,Reckitt Benckiser Healthcare Pvt. Ltd.,,"Each gram of gel contains: Pudina Satva (Mentha piperita) extract (Aerial parts of plant) 8.0% w/w, Preservative: Benzyl Alcohol IP, Colouring Agents: Brilliant Blue FCF, Tartrazine Yellow., Gel., 20g.",Apply a thin film of the gel to the affected area and massage gently. Repeat 3-4 times daily for best results.,
https://www.1mg.com/otc/bjain-bio-combination-no.-11-tablet-otc329160,Bjain Bio-Combination No. 11 Tablet,Bjain Pharmaceuticals Pvt. Ltd.,,"Ferrum Phosphoricum, Kali Muriaticum, Kali Sulphuricum, Natrum Muriaticum, Natrum Sulphuricum, 25 g, Tablets, It may help in reducing the risk of respiratory ailments and support overall respiratory health, The product can help to assist in controlling symptoms such as sneezing, runny or stuffy nose, and itching, potentially providing relief from allergic rhinitis, It may help in recovering from a sore and scratchy throat, alleviating discomfort during coughing, The formula may help to support the reduction of undereye dark circles, improving the appearance and comfort around the eyes, It may help to assist in managing high body temperature and its associated symptoms, promoting faster recovery and comfort",,"Read the label carefully before use, Keep out of reach of children, Store in a cool, dry place away from direct sunlight, Do not exceed the recommended dose, Avoid strong-smelling substances before and after taking the medicine"
https://www.1mg.com/otc/painodil-ayurvedic-pain-relief-oil-100ml-each-otc938234,Painodil Oil,Sabchar Sales Corporation,,"Painodil oil, Painodil oil is a herbal pain relief oil, formulated to reduce pain, whether it's muscular, joint, or related to specific conditions like chronic arthritis, It is typically easy to apply, allowing users to target specific areas of discomfort directly, Painodil oil is formulated to be non-greasy and easily absorbed into the skin, allowing for convenient application without leaving a sticky residue, Apply Painodil oil directly to the affected area, providing targeted relief without affecting the entire body, Effective in arthritis, neuralgia, paralysis, sprains, sciatica, lumbago etc",Apply 5 to 6 drops of oil on the affected parts and massage from lower to upper part of the body twice daily or As directed by the physician.,"Read the label carefully before use, Keep out of reach of children, Store in cool and dry place"
https://www.1mg.com/otc/hitashi-deluxe-oxygen-blood-circulation-machine-bcm-massager-otc492144,Dominion Care Deluxe Oxygen Blood Circulation Machine BCM Massager,Kapil Plastic Mould,"It is a therapeutic massager that helps improve blood circulation and provides relief from foot pain, stress and fatigue.","Product dimensions: ‎40 x 45 x 29 cm; 4 kilograms, It is made of durable metal, It can be used in standing, sitting, and in-hand positions, Provides low-intensity vibration that promotes musculoskeletal health, It provides acupressure, magnetic, metal, and infrared therapy","Sit on the chair with your feet on the massager, Rotate the timer clockwise to select the timer, You can stand on the massager if you want total body circulation, Sit on the massager for use on the stomach, thigh or hips, Switch off the power button to turn off the machine","Read the label carefully before use, Keep out of reach of children, Handle the device with care, Do not rotate the timer anti-clockwise as it may damage it"
https://www.1mg.com/otc/tynor-d-25-anklet-comfeel-pair-medium-otc335740,Tynor D-25 Anklet Comfeel (Pair),Tynor Orthotics Pvt. Ltd.,"Is knitted on 3-dimensional computer controlled circular looms, it conforms to the complex anatomy of the ankle with exactness.",,Use as per requirement or as directed by the physician.,
https://www.1mg.com/otc/volini-maxx-pain-relief-spray-for-back-neck-joint-muscle-pain-bone-joint-muscle-care-otc457560,Volini Maxx Spray,Sun Pharmaceutical Industries Ltd,,"Diclofenac Diethylamine IP Equivalent to Dicoflenac Sodium, Methyl Salicylate IP, Menthol IP, Provides instant pain relief and supports bone, joint and muscle care, A unique formulation of 2% diclofenac makes it 100% stronger than other sprays, Provides effective relief from severe neck and back pain, Helps in relieving musculoskeletal and joint pain, Effective in healing pain due to strain and sprain, Useful in case of sports injuries, Has a unique 360-degree delivery mechanism that ensures standardised drug delivery, It provides instant and long-lasting pain relief from knee pain, joint pain, back pain, calf pain, and neck pain","Shake well before each use. Spray the contents from 5 cm distance on the affected areas 3-4 times in a day or, as directed by the physician.","Read the label carefully before use, Store in a cool and dry place away from direct sunlight, Keep out of reach of the children, Do not exceed the recommended dosage, For external use only, Should be applied only to intact skin surfaces and not to skin wounds and open injuries, Should not come into contact with eyes, mucous membranes and should not be ingested, Store in a cool and dry place"
https://www.1mg.com/otc/dr-willmar-schwabe-india-bismuthum-subnitricum-trituration-tablet-6x-otc401409,,Dr Willmar Schwabe India Pvt Ltd,,,,
https://www.1mg.com/otc/sbl-trichosanthes-dioica-mother-tincture-q-otc338564,,SBL Pvt Ltd,,,,
https://www.1mg.com/otc/pankajakasthuri-orthoherb-ayurvedic-oil-with-amla-for-joint-pain-relief-otc356687,Pankajakasthuri Orthoherb Oil,Pankajakasthuri Herbals India (P) Ltd.,,"Vasa (Adhatoda vasica, Rt, Dct), Eranda (Ricinus communis, Rt, Dct), Bilwa (Aegle marmelos, Rt, Dct), Thwak (Cinnamomum zeylanicum, St. Bk, Dct), Maricha (Piper nigrum, Dr. Fr, Dct), Lavanga (Syzygium aromaticum, Dr. Fr, Dct), Jati (Myristica fragrans, Pp, Dct), Pata (Cyclea peltata, Rt, Dct), Nimba (Azadirachta indica, Rt, bk, Dct), Sahachara (Strobilanthes ciliatus, Rt, Dct), Nirgundi (Vitex negundo, Lf, Dct), Bala (Sida retusa, Rt, Dct), Punarnava (Boerhavia diffusa, Pl, Dct), Gunja (Abrus precatorius, Rt, Dct), Dusparsa (Tragia involucrata, Rt, Dct) 2 g each. Amalaki (Phyllanthus emblica, Dr. Fr, Pst), Manjishta (Rubia cordifolia, Rt, Pst), Guggulu (Balsamodendron mukul, Lx, Pst), Chitraka (Plumbago zeylanica, Rt, Pst) 2.5 g each. Kera thaila (Cocos nucifera, Oil) 27.50 ml, Eranda thaila (Ricinus communis, Oil) 82.50 ml, Eucalyptus Oil (Eucalyptus globulus, Oil), 100 ml, Liquid, The oil has anti-inflammatory and analgesic properties, It imparts muscle tone and lubricates the joints, It also imparts firmness to the limbs, It can help stimulate circulation, It helps the lymphatic functioning for detoxification",,"Read the label carefully before use, Store in a cool and dry place, Keep out of reach of children"
https://www.1mg.com/otc/bahola-q3-tablet-otc388663,Bahola Q3 Tablet,Bahola Labs,,"Arsenicum Album, Belladonna, Bryonia Alba, Ferrum Phosphoricum, Bahola Q3 Tablet is beneficial for relieving high body temperatures and eruptive fevers, It aids in reducing headaches, redness and burning in the body, It also helps in fever with hepatic complications and nasal discharge",Use as directed on the label or as advised by your physician.,"Read the label carefully before use, Do not exceed the recommended dosage, Store in a cool and dry place away from direct sunlight, Keep out of reach of children"
https://www.1mg.com/otc/patanjali-ayurveda-balm-for-headaches-cold-cough-joint-pain-otc501432,Patanjali Ayurveda Balm,Patanjali Ayurved Limited,,"25 gm, Balm",,
https://www.1mg.com/otc/miduty-nerve-pain-relief-capsule-alpha-lipoic-acid-b-vitamins-neuropathy-support-otc918605,Miduty Nerve Pain Relief Capsule,Midvision Pvt Ltd,,,Use as directed on the label or as advised by your healthcare provider,
https://www.1mg.com/otc/similia-rhus-tox-mother-tincture-q-otc574468,Similia Rhus Tox Mother Tincture Q,Similia Homoeo Laboratory,,"Rhus Tox, Rhus Tox affects fibrous tissue like joints, tendons, sheaths, It helps in reducing pain and stiffness of joints, It can be used in treating sprains",Use as directed by the physician.,"Read the label carefully, Store in a cool and dry place, Keep out of the reach of children"
https://www.1mg.com/otc/tynor-d-09-functional-knee-support-medium-otc335709,Tynor D-09 Functional Knee Support,Tynor Orthotics Pvt. Ltd.,It allows normal flexion and free movement of the knee joint.,,Use as per requirement or as directed by the physician.,
https://www.1mg.com/otc/pravek-maha-balvardhak-oil-otc601978,Pravek Maha Balvardhak Oil,Pravek Kalp Private Limited,,,Massage adequate quantity of oil gently on the affected areas till it is absorbed. Use 2-3 times in a day for better results or as directed by the physician.,
https://www.1mg.com/otc/haslab-drox-24-sciatec-drop-otc339527,Haslab Drox 24 Sciatec Drops,HASLAB,,"Colocynth 3x, Aconite 3x, Gnaphallium 3x, Magnum Acet. 3x, RhusTox 3x, Provides relief from pressure on sciatic nerve, Cures paresthesias, Helps during cramps and dragging pain from hip to ankles, Alleviate pain in calves","5 to 10 drops, every 1/2 to 1 hourly, 3 to 4 times in a day in little water or as prescribed by the physician","Read the label carefully before use, Do not exceed the recommended dose, Keep out of the reach of children"
https://www.1mg.com/otc/sbl-rhus-toxicodendron-0-23-lm-otc365102,,SBL Pvt Ltd,,,,
https://www.1mg.com/otc/jiva-pain-calm-oil-pain-reliever-for-joint-pain-back-pain-frozen-shoulder-sprain-muscle-soreness-with-knee-cap-free-otc651981,Jiva Pain Calm Oil,Jiva Ayurvedic Pharmacy Ltd,,,,
https://www.1mg.com/otc/vissco-core-0304-cervical-collar-soft-xl-otc344528,Vissco Core 0304 Cervical Collar (Soft),Vissco Rehabilitation Aids Pvt. Ltd.,It has been designed to support the chin and cervical spine and helps to relieve the pain.,,Use as directed by the physician.,
https://www.1mg.com/otc/bjain-kali-carbonicum-dilution-6-ch-otc440630,Bjain Kali Carbonicum Dilution,Bjain Pharmaceuticals Pvt. Ltd.,,,,
https://www.1mg.com/otc/volini-maxx-pain-relief-spray-for-back-neck-joint-muscle-pain-bone-joint-muscle-care-otc457561,Volini Maxx Spray,Sun Pharmaceutical Industries Ltd,,"Diclofenac Diethylamine IP Equivalent to Dicoflenac Sodium, Methyl Salicylate IP, Menthol IP, Provides instant pain relief and supports bone, joint and muscle care, A unique formulation of 2% diclofenac makes it 100% stronger than other sprays, Provides effective relief from severe neck and back pain, Helps in relieving musculoskeletal and joint pain, Effective in healing pain due to strain and sprain, Useful in case of sports injuries, Has a unique 360-degree delivery mechanism that ensures standardised drug delivery, It provides instant and long-lasting pain relief from knee pain, joint pain, back pain, calf pain, and neck pain","Shake well before each use. Spray the contents from 5 cm distance on the affected areas 3-4 times in a day or, as directed by the physician.","Read the label carefully before use, Store in a cool and dry place away from direct sunlight, Keep out of reach of the children, Do not exceed the recommended dosage, For external use only, Should be applied only to intact skin surfaces and not to skin wounds and open injuries, Should not come into contact with eyes, mucous membranes and should not be ingested, Store in a cool and dry place"
https://www.1mg.com/otc/tynor-b-01-collar-soft-firm-density-child-otc346176,,Tynor Orthotics Pvt. Ltd.,,,,
https://www.1mg.com/otc/jiva-pain-calm-oil-pain-reliever-for-joint-pain-back-pain-frozen-shoulder-sprain-muscle-soreness-otc651626,Jiva Pain Calm Oil,Jiva Ayurvedic Pharmacy Ltd,,,,
https://www.1mg.com/otc/vissco-core-0716-medical-compression-stockings-xl-below-knee-otc507608,,Vissco Rehabilitation Aids Pvt. Ltd.,,,,
https://www.1mg.com/otc/aksobha-kids-cat-pain-relief-herbal-hot-cold-therapy-pack-otc828863,Aksobha Kids Cat Pain Relief Herbal Hot & Cold Therapy Pack,Aksobha,It helps soothe a child's achy muscles or a stomach ache.,"These heating packs contain only natural flax seeds, organic cotton fabric and lavender essential oil, It is environmentally friendly and lasts for many years, It has no chemicals, no risk of electric shock and no plastic",,"If the pack gets dirty, wipe with a damp cloth and dry, Do not immerse in water or wash the pack, Heat the packs and use them frequently, Do not heat pack for longer than 2 mins or as directed, The pack can be put in a cloth bag and stored in the freezer if not used for long, Read the label carefully before use, Keep it out of the reach of children"
https://www.1mg.com/otc/moov-pain-relief-ointment-for-back-pain-joint-pain-knee-pain-muscle-pain-otc377375,"Moov Pain Relief Ointment for Back Pain, Joint Pain, Knee Pain, Muscle Pain",Reckitt Benckiser Healthcare Pvt. Ltd.,,"Ointment, 30g",,
https://www.1mg.com/otc/dr.-reckeweg-onosmodium-virginianum-dilution-cm-ch-otc374779,Dr. Reckeweg Onosmodium Virginianum Dilution,Dr Reckeweg & Co,,"Onosmodium Virginianum, Liquid Dilution, The dilution helps get relief from headaches, especially those caused by eye strain, It eases neck and spinal discomfort, It can help to get relief from general fatigue and weakness, It provides support for nervous system health",Use as directed by a healthcare professional.,"Keep away from the direct sunlight, Keep out of the reach of children, Store in a cool and dry place"
https://www.1mg.com/otc/volini-pain-relief-gel-for-sprain-muscle-joint-neck-low-back-pain-bone-joint-muscle-care-otc138818,Volini Pain Relief Gel,Sun Pharmaceutical Industries Ltd,,"Diclofenac Diethylamine Equivalent to Diclofenac Sodium 1% w/w, Methyl Salicylate IP, Menthol IP, Virgin Linseed Oil BP, Preservative, Benzyl Alcohol IP, Gel Base, The spray can offer relief when in pain and supports bone, muscle and joint care., It is effective for pain in the joints, knees, back, shoulders, and neck, It can work great on sports injuries such as muscle pulls, sprains, and strain, It provides instant and long-lasting pain relief from knee pain, joint pain, back pain, calf pain, and neck pain","The Volini pain relief bottle should be shaken well before spraying, Hold the spray bottle at a 5cm distance from the affected area and spray, You can use the spray about three to four times daily or as recommened by your physician","Read the label carefully before use, Store in a cool and dry place, away from sunlight, Keep out of reach of children, The Volini pain relief spray is meant for external application only, Use Volini per the doctor’s guidance, and be careful not to use more than the given dosage, Do not use the spray on open wounds or surfaces of the skin that are ruptured, The spray should not be ingested or come in contact with the eyes and mucous membranes, Avoid using the spray near a naked flame, Do not burn or make a hole in the bottle even after the spray is over"
https://www.1mg.com/otc/dr.-reckeweg-kali-carbonic-dilution-30-ch-otc326698,,Dr Reckeweg & Co,,,,
https://www.1mg.com/otc/saridon-head-body-tablet-otc935302,Saridon Head and Body Tablet,Bayer Pharmaceuticals Pvt Ltd,,"Propyphenazone IP 150 mg, Paracetamol IP 250 mg, Caffeine (anhydrous) IP 50 mg, It provides dual relief from both head and body pain, This product provides comfort from multiple types of pain such as muscle pains, tooth pain and headaches, It is faster acting vs Ibuprofen and plain paracetamol","Take 1 tablet every 4-6 hours, not exceeding 3 tablets in a day, Do not use for more than 5 days continuously, In case of excess pain, visit a physician","Taking more than a daily dose may cause liver damage or allergic reaction (eg. swelling of face, itchy throat, rash or difficulty in breathing), Consult your doctor in case you are pregnant, lactating or on any other medication. Not to be consumed with other paracetamol-containing medicines or if allergic to any of the ingredients, Do not use for more than 5 days continuously. In case of excess pain, visit a physician. If consuming Saridon Head and Body, limit the intake of caffeine such as coffee etc. on that day, Saridon Head and Body must not be used by children under 12 years of age, Caution should be exercised when taking with Saridon Head and Body in existing medical conditions like liver, kidney, asthma, chronic rhinitis, chronic urticaria, Best to consult your managing doctor before consuming Saridon Head and Body in the above scenario, In case of use of other analgesics containing/ not containing Paracetamol in addition to Saridon Head and Body, pls consult your doctor before using the same"
https://www.1mg.com/otc/sbl-magnetis-polus-australis-dilution-200-ch-otc359405,,SBL Pvt Ltd,,,,
https://www.1mg.com/otc/new-life-nl-1-lumbago-drop-otc387305,,New Life Laboratories Pvt Ltd,,,,
https://www.1mg.com/otc/sbl-carbo-animalis-dilution-6-ch-otc351618,SBL Carbo Animalis Dilution,SBL Pvt Ltd,,"Reduces pain and dryness in throat, Helps in reducing anxiety and nausea which increases during night, Helps in treating irregular periods and weakness in women, It is a effective remedy for reducing hardness in glands, Provides relief from pain in the tail bone",Dosage should be directed by the physician. It can be safely taken along with allopathic medicines.,"Read the label carefully before use, Keep out of the reach of children, Use under medical supervision, Do not exceed the recommended dosage, Maintain half an hour gap between food, drink and any other medicine, Avoid any strong smell in the mouth while taking medicine e.g. camphor, garlic, onion, coffee and hing, Store in a cool and dry place"
https://www.1mg.com/otc/bjain-kali-carbonicum-dilution-200-ch-otc440627,Bjain Kali Carbonicum Dilution,Bjain Pharmaceuticals Pvt. Ltd.,,,,
https://www.1mg.com/otc/tynor-a-09-rib-belt-large-otc345454,,Tynor Orthotics Pvt. Ltd.,,,,
https://www.1mg.com/otc/tynor-d-28-knee-immobilizer-22-small-otc345625,"Tynor D-28 Knee Immobilizer 22""",Tynor Orthotics Pvt. Ltd.,It provides support for injured or post-operative knees and ensures immobilization and proper grip for the knees.,,Use a directed by the health-care professional.,"Read the label carefully before use, Keep out of reach of the children, Store in a cool dry place"
https://www.1mg.com/otc/flamingo-abdominal-belt-medium-otc348746,Flamingo Abdominal Belt,Ascent Meditech Limited,It is used to support the abdominal area and provides comfort to the back as well.,,,
https://www.1mg.com/otc/bhargava-spondin-drop-for-pain-relief-from-neck-shoulder-otc325892,Bhargava,Bhargava Phytolab,,,,
https://www.1mg.com/otc/wheezal-wl43-osteoporosis-drop-otc387930,Wheezal WL43 Osteoporosis Drop,Wheezal Homoeo Pharma,"• Primarily used for the treatment of Osteoporosis and its associated ailments, • Strengthens bones and reduces bone’s susceptibility to breakage and fracture, • Relives pain in bones, • Helpful in treating fractures that takes time to heal, • Reduces inflammation of joints and fingers, • Its homeopathic composition makes it safe to use and doesn’t cause any side effects",,,"• Read the label carefully before use, • Do not exceed the recommended dose, • Keep out of the reach of children, • Store in a cool dry place away from direct sunlight and heat"
https://www.1mg.com/otc/bjain-arnica-montana-dilution-50m-ch-otc716804,Bjain Arnica Montana Dilution,Bjain Pharmaceuticals Pvt. Ltd.,,,"10 to 15 drops in ¼ cup of water, two times a day, 10 minutes before or after meals or as prescribed by the physician.",
https://www.1mg.com/otc/bjain-calcarea-phosphorica-dilution-12-ch-otc436869,Bjain Calcarea Phosphorica Dilution,Bjain Pharmaceuticals Pvt. Ltd.,,,Take 3-5 drops of the dilution in 1 teaspoon of water twice a day or as directed by the physician.,
https://www.1mg.com/otc/yugood-ache-away-roll-on-otc970927,Yugood Ache-Away Roll On,Multimeds Healthcare (OPC) PVT LTD,,"Rosemary, wintergreen, eucalyptus, clove, peppermint, and Menthol crystals, Natural Relief:Formulated with a blend of pure essential oils including rosemary, wintergreen, eucalyptus, clove, peppermint, and menthol crystals, Convenient Roll-On Application:Designed for ease of use, the roll-on applicator allows for targeted and mess-free application, making it a convenient companion for on-the-go relief during busy days, Versatile Use:This roll-on oil can also be used for general muscle discomfort, headache, migraine and joint pain providing a versatile solution for various types of physical discomfort, Carrier Oil Base:Enriched with a nourishing carrier oil, the formula helps ensure gentle absorption, leaving your skin feeling soft and hydrated while delivering the therapeutic benefits of the essential oils",As mentioned on the label or as advised by a healthcare professional,"Read the label carefully before use, Store in a cool and dry place, Keep it out of the reach of children"
https://www.1mg.com/otc/sloan-s-liniment-kills-pain-reduces-swelling-strengthens-muscles-ligaments-otc315107,Sloan's Liniment,Piramal Enterprises Ltd,,Oil,,
https://www.1mg.com/otc/jiva-pain-calm-oil-pain-reliever-for-joint-pain-back-pain-frozen-shoulder-sprain-muscle-soreness-otc329877,Jiva Pain Calm Oil,Jiva Ayurvedic Pharmacy Ltd,,,,
https://www.1mg.com/otc/bjain-calcarea-phosphorica-dilution-12c-otc436875,Bjain Calcarea Phosphorica Dilution,Bjain Pharmaceuticals Pvt. Ltd.,,,Take 3-5 drops of the dilution in 1 teaspoon of water twice a day or as directed by the physician.,
https://www.1mg.com/otc/himalaya-rumalaya-pain-relief-gel-quick-relief-from-body-pain-ayurvedic-gel-otc90714,Himalaya Rumalaya Gel,Himalaya Wellness Company,,"30 gm, Gel",Apply a small quantity of the gel to the tender area and lightly massage it in or as directed by the physician.,
https://www.1mg.com/otc/lp-232z-back-support-compression-top-large-otc331182,LP #232Z Back Support Compression Top,LP Support,"LP Back Support helps to correct shoulder movement patterns, allowing for an appropriate extension of the spine to level up accuracy and complete every upper body movement flawlessly",,Use as directed by the health-care professional.,"Read the label carefully before use, Keep out of reach of the children, Store in a cool dry place away"
https://www.1mg.com/otc/tynor-e-03-wrist-forearm-splint-small-left-otc345646,Tynor E 03 Wrist & Forearm Splint,Tynor Orthotics Pvt. Ltd.,It helps to maintain the wrist in the neutral/functional position.,,Use a directed by the health-care professional.,
https://www.1mg.com/otc/moov-cool-therapy-gel-otc964102,Moov Cool Therapy Gel,Reckitt Benckiser Healthcare Pvt. Ltd.,,"Each gram of gel contains: Pudina Satva (Mentha piperita) extract (Aerial parts of plant) 8.0% w/w, Preservative: Benzyl Alcohol IP, Colouring Agents: Brilliant Blue FCF, Tartrazine Yellow., Gel., 20g.",Apply a thin film of the gel to the affected area and massage gently. Repeat 3-4 times daily for best results.,
https://www.1mg.com/otc/apsara-roghan-sukoon-massage-oil-helps-relieve-sprain-headaches-back-pain-joint-pain-body-pain-otc398612,Apsara Roghan Sukoon Massage Oil,Apsara Herbals,,"Nigella Seeds, Alknet Roots, Menthol, Camphor, Thymol, Eucalyptus Oil, Roghan Panba Dana, It is used to treat stiff muscles and limbs, body aches, muscular pains, severe joint pain and swelling, It helps in stimulation of blood circulation and helps in relaxing the body, It has excellent spreadability and has quick absorption and helps in effective pain relief in chronic conditions, It has long lasting effects","Take sufficient quantity of Apsara Roghan Sukoon Massage Oil, apply on the affected part, massage gently to facilitate penetration. and leave it on for 2-3 hours","For external use only, Read the label carefully before use, Do not exceed the recommended dose, Keep out of the reach of children, Store at a temperature below 25-degree Celsius and 40% humidity in cool and dry place, Should be protected from direct light"
https://www.1mg.com/otc/sbl-calcarea-hypophosphorosa-dilution-200-ch-otc351514,SBL Calcarea Hypophosphorosa Dilution,SBL Pvt Ltd,,"It is primarily used for the treatment of weariness caused due to loss of bodily fluids, It is helpful in the treatment of anaemia, Extremely helpful in relieving conditions of complete loss of muscular power, Treats multiple abscesses over the body or around the joints, It can be used as a remedial measure for severe headache, Corrects issues caused due to profuse sweating such as weakness, debility and loss of strength, Helpful in restoring appetite in patients who suffer from weakness due to loss of appetite",Dosage should be directed by the physician.,"Read the label carefully before use, Do not exceed the recommended dosage, Keep out of the reach of children, Store in a cool dry place away from direct sunlight and heat"
https://www.1mg.com/otc/bjain-arnica-montana-dilution-6x-otc433388,Bjain Arnica Montana Dilution,Bjain Pharmaceuticals Pvt. Ltd.,,,"10 to 15 drops in ¼ cup of water, two times a day, 10 minutes before or after meals or as prescribed by the physician.",
https://www.1mg.com/otc/bakson-b67-herpes-drop-otc388123,Bakson B67 Herpes Drop,Bakson Drugs &  Pharmaceuticals Pvt. ltd.,,,,
https://www.1mg.com/otc/volini-maxx-pain-relief-spray-for-back-neck-joint-muscle-pain-bone-joint-muscle-care-otc457560,Volini Maxx Spray,Sun Pharmaceutical Industries Ltd,,"Diclofenac Diethylamine IP Equivalent to Dicoflenac Sodium, Methyl Salicylate IP, Menthol IP, Provides instant pain relief and supports bone, joint and muscle care, A unique formulation of 2% diclofenac makes it 100% stronger than other sprays, Provides effective relief from severe neck and back pain, Helps in relieving musculoskeletal and joint pain, Effective in healing pain due to strain and sprain, Useful in case of sports injuries, Has a unique 360-degree delivery mechanism that ensures standardised drug delivery, It provides instant and long-lasting pain relief from knee pain, joint pain, back pain, calf pain, and neck pain","Shake well before each use. Spray the contents from 5 cm distance on the affected areas 3-4 times in a day or, as directed by the physician.","Read the label carefully before use, Store in a cool and dry place away from direct sunlight, Keep out of reach of the children, Do not exceed the recommended dosage, For external use only, Should be applied only to intact skin surfaces and not to skin wounds and open injuries, Should not come into contact with eyes, mucous membranes and should not be ingested, Store in a cool and dry place"
https://www.1mg.com/otc/pankajakasthuri-orthoherb-ayurvedic-oil-with-amla-for-joint-pain-relief-otc356687,Pankajakasthuri Orthoherb Oil,Pankajakasthuri Herbals India (P) Ltd.,,"Vasa (Adhatoda vasica, Rt, Dct), Eranda (Ricinus communis, Rt, Dct), Bilwa (Aegle marmelos, Rt, Dct), Thwak (Cinnamomum zeylanicum, St. Bk, Dct), Maricha (Piper nigrum, Dr. Fr, Dct), Lavanga (Syzygium aromaticum, Dr. Fr, Dct), Jati (Myristica fragrans, Pp, Dct), Pata (Cyclea peltata, Rt, Dct), Nimba (Azadirachta indica, Rt, bk, Dct), Sahachara (Strobilanthes ciliatus, Rt, Dct), Nirgundi (Vitex negundo, Lf, Dct), Bala (Sida retusa, Rt, Dct), Punarnava (Boerhavia diffusa, Pl, Dct), Gunja (Abrus precatorius, Rt, Dct), Dusparsa (Tragia involucrata, Rt, Dct) 2 g each. Amalaki (Phyllanthus emblica, Dr. Fr, Pst), Manjishta (Rubia cordifolia, Rt, Pst), Guggulu (Balsamodendron mukul, Lx, Pst), Chitraka (Plumbago zeylanica, Rt, Pst) 2.5 g each. Kera thaila (Cocos nucifera, Oil) 27.50 ml, Eranda thaila (Ricinus communis, Oil) 82.50 ml, Eucalyptus Oil (Eucalyptus globulus, Oil), 100 ml, Liquid, The oil has anti-inflammatory and analgesic properties, It imparts muscle tone and lubricates the joints, It also imparts firmness to the limbs, It can help stimulate circulation, It helps the lymphatic functioning for detoxification",,"Read the label carefully before use, Store in a cool and dry place, Keep out of reach of children"
https://www.1mg.com/otc/millennium-herbal-care-antarth-soft-gelatin-capsule-30-each-otc636316,Millennium Herbal Care Antarth Soft Gelatin Capsule (30 Each),Millennium Herbal Care,,,1-2 capsules to be taken twice daily after meals for 8-12 weeks or as directed by the physician.,
https://www.1mg.com/otc/miduty-nerve-pain-relief-capsule-alpha-lipoic-acid-b-vitamins-neuropathy-support-otc918605,Miduty Nerve Pain Relief Capsule,Midvision Pvt Ltd,,,Use as directed on the label or as advised by your healthcare provider,
https://www.1mg.com/otc/allen-a28-rheumatism-drop-otc330402,Allen A28 Rheumatism Drop,Allen Homoeo & Herbal Products Ltd,,"Rhus toxicodendron 1x, Arnica montana 1x, Rutagravelens 1x, Gaultheria procumbans 1x, Hypericum perforatum 1x, Guaiacum 3x, Helpful in treating tennis elbow, sprains and strains, Effective in joint pains, muscular pains, and sciatica pains, Treats arthritis, gout and rheumatism, Provides relief during rigidity, stiffness, numbness and pain, Helps treat sore, bruised feeling all over the body, Alleviate pain in the tendons, appearing after an injury, pain due to a bruise on the lining of bones, Reduces pain in the shoulders with pressure along the ulnar side of the arm, lancinating pain in the upper and lower limbs","8 to 10 drops in half cup of water, 3 times a day before meals or as directed by the physician","Read the label carefully before use, Do not exceed the recommended dose, Keep out of the reach of children"
https://www.1mg.com/otc/flexnest-premium-german-designed-vibration-gun-massager-with-hot-cold-head-otc834697,Flexnest Premium German Designed Vibration Gun Massager with Hot & Cold Head,Melrose Brands Pvt. Ltd,The Flexnest massage gun is the ultimate massage gun for your muscle recovery.,"With hot/cold head: Massage gun that comes with a heated/cooled head for cryotherapy and thermotherapy for the ultimate massage relaxation, The game changer: Warm up and recover like the pros with the ultra-premium percussion device. It is strong, aesthetically sleek, and unbelievably quiet, Silicone Coated Heads: All attachments are coated with an ultra-premium silicone rubber, Recover anywhere: The Flexnest Massage Gun is your workout partner, giving you quality muscle treatment with unparalleled portability. Compact but powerful, it's the most agile massage device that goes wherever you do",Refer to the user manual.,"Read the label carefully, Store in a clean place, Keep away from rain or sunlight, Maintain hygiene"
https://www.1mg.com/otc/pravek-maha-balvardhak-oil-otc601978,Pravek Maha Balvardhak Oil,Pravek Kalp Private Limited,,,Massage adequate quantity of oil gently on the affected areas till it is absorbed. Use 2-3 times in a day for better results or as directed by the physician.,
https://www.1mg.com/otc/longlife-oct-007-ankle-support-large-blue-otc490864,Longlife OCT 007 Ankle Support,Veridicus Health Care Pvt Ltd,It is used to provide optimal comfort and a great fit to help reduce ankle pain.,,Apply the anklet in a way it comes exactly in the right position on the heel and then wrap the elastic in such a way that it is comfortable to wear.,"Read the label carefully before use, Keep out of reach of children, Keep away from physical damage"
https://www.1mg.com/otc/sbl-acid-oxalicum-dilution-30-ch-otc345635,SBL Acid Oxalicum Dilution,SBL Pvt Ltd,,"Oxalic Acid, 30ml, Liquid, This dilution can assist in easing nasal irritation and sneezing with a runny nose, This formula may help to support the body in maintaining digestive balance and reducing symptoms of gastrointestinal distress, It may help in soothing irritation, itching, and dryness in the nasal passages, This product may help to provide relief from occasional sharp stomach discomfort and cramping sensations, This formula may help reduce occasional sharp or cutting discomfort in the joints and limbs, It can be beneficial for promoting skin comfort and soothing sensitivity, soreness, and excessive sweating",,"Read the label carefully before use, Store in a cool and dry place, away from sunlight, Keep out of reach of children, Don’t exceed the recommended dosage, Use under medical supervision, Avoid any strong smells in the mouth such as garlic, onion, camphor, hing, etc., while taking the medicine, Keep at least half an hour gap between food, drink, and any other medicines, Protect from direct sunlight and moisture"
https://www.1mg.com/otc/jiva-pain-calm-oil-pain-reliever-for-joint-pain-back-pain-frozen-shoulder-sprain-muscle-soreness-with-knee-cap-free-otc651981,Jiva Pain Calm Oil,Jiva Ayurvedic Pharmacy Ltd,,,,
https://www.1mg.com/otc/nature-s-velvet-curcumin-pure-extract-500mg-capsule-otc366968,,Natures Velvet Lifecare,,,,
https://www.1mg.com/otc/lp-773-neoprene-sacro-lumbar-support-xl-otc331300,LP #773 Neoprene Sacro Lumbar Support,LP Support,It help prevents muscular atrophy and relieves lower back pain.,,Use as directed by the health-care professional and Make sure the support is measured accurately around the waist.,"Read the label carefully before use, Keep out of reach of the children, Store in a cool dry place"
https://www.1mg.com/otc/volini-maxx-pain-relief-spray-for-back-neck-joint-muscle-pain-bone-joint-muscle-care-otc457561,Volini Maxx Spray,Sun Pharmaceutical Industries Ltd,,"Diclofenac Diethylamine IP Equivalent to Dicoflenac Sodium, Methyl Salicylate IP, Menthol IP, Provides instant pain relief and supports bone, joint and muscle care, A unique formulation of 2% diclofenac makes it 100% stronger than other sprays, Provides effective relief from severe neck and back pain, Helps in relieving musculoskeletal and joint pain, Effective in healing pain due to strain and sprain, Useful in case of sports injuries, Has a unique 360-degree delivery mechanism that ensures standardised drug delivery, It provides instant and long-lasting pain relief from knee pain, joint pain, back pain, calf pain, and neck pain","Shake well before each use. Spray the contents from 5 cm distance on the affected areas 3-4 times in a day or, as directed by the physician.","Read the label carefully before use, Store in a cool and dry place away from direct sunlight, Keep out of reach of the children, Do not exceed the recommended dosage, For external use only, Should be applied only to intact skin surfaces and not to skin wounds and open injuries, Should not come into contact with eyes, mucous membranes and should not be ingested, Store in a cool and dry place"
https://www.1mg.com/otc/adel-china-dilution-30-otc326593,ADEL China Dilution,Adel Pekana Germany,,"Cinchona Officinalis, It may help in managing stomach-related concerns including nausea and vomiting, It may relieve pain in the lower abdomen and treats conditions associated with flatulence, It may help manage inflammation of the liver and can be used to cure jaundice, Cinchona is a powerful remedy to relieve pain in the liver associated with gallstones, It can help manage digestive concerns, including conditions of diarrhoea with bodily weakness, It may relieve concerns related to the menses, such as premature menses, It may provide relief from pain in the pelvis during menses and increases sexual desire, It may help in managing symptoms of hay fever with profuse sweating",Take 3-5 drops of dilution in half a cup of water three times a day or as directed by the physician.,"Read the label carefully before use, Do not exceed the recommended dosage, Keep out of the reach of children, Store in a cool, dry place away from direct sunlight and heat"
https://www.1mg.com/otc/tynor-e43-wrist-splint-ambidextrous-medium-otc346593,Tynor E-43 Wrist Splint Ambidextrous,Tynor Orthotics Pvt. Ltd.,"It is useful in the condition of Fracture, Post-surgical protection and rehabilitation, Rheumatic disease of the wrist and arthritic hand positioning, Bursitis, Tendonitis, Tenosynovitis, Psychological assurance, Post extensor tendon repair surgery, Conservative management of keinbock’s disease, Sprains and strains.",,Use as per requirement or as directed by the physician.,
https://www.1mg.com/otc/jiva-pain-calm-oil-pain-reliever-for-joint-pain-back-pain-frozen-shoulder-sprain-muscle-soreness-otc651626,Jiva Pain Calm Oil,Jiva Ayurvedic Pharmacy Ltd,,,,
https://www.1mg.com/otc/dr.-reckeweg-cocculus-indica-dilution-30-ch-otc326820,Dr. Reckeweg Cocculus Indica Dilution,Dr Reckeweg & Co,,"Cocculus natural extracts, 11 ml, Liquid, It is effective in managing vertigo and headaches while travelling, It helps in managing trembling and numbness of limbs, It reduces the cracking sound made by the knees while walking, It reduces pain as from sharp stones when walking",,"Do not exceed the recommended dosage, Read the label carefully before use, Store in a cool dry place away from direct sunlight, Keep out of reach of children, Avoid any strong smell in the mouth such as coffee, onion, hing, mint, camphor, garlic etc. while taking the medicine, Keep at least half an hour gap between food/drink/ any other medicines and allopathic medicine"
https://www.1mg.com/otc/deve-herbes-pure-tamanu-calophyllum-inophyllum-cold-pressed-oil-otc396991,Deve Herbes Pure Tamanu Oil,Deve Herbes,,"Tamanu oil has anti-inflammatory, anti-viral, anti-fungal and anti-oxidant properties, Helps in treating acne, eczema, psoriasis, strectc marks, skin rashes, aging and sunburns, It nourishes and rejuvenates the skin and also prevents premature signs of aging","Take few drops of pure tamanu oil directly by the glass dropper on your palm and massage directly on to face, hair or body.","To Increase the shelf life of oil keep it away from heat and light, Read the label carefully before use, Keep out of the reach of children, Should be protected from direct light, Avoid the contact with eyes, In case of contact with eyes, remove with water immediately"
https://www.1mg.com/otc/moov-pain-relief-ointment-for-back-pain-joint-pain-knee-pain-muscle-pain-otc377375,"Moov Pain Relief Ointment for Back Pain, Joint Pain, Knee Pain, Muscle Pain",Reckitt Benckiser Healthcare Pvt. Ltd.,,"Ointment, 30g",,
https://www.1mg.com/otc/jiva-anu-oil-otc330001,,Jiva Ayurvedic Pharmacy Ltd,,,,
https://www.1mg.com/otc/dr-willmar-schwabe-india-camphora-mother-tincture-q-otc390833,,Dr Willmar Schwabe India Pvt Ltd,,,,
https://www.1mg.com/otc/volini-pain-relief-gel-for-sprain-muscle-joint-neck-low-back-pain-bone-joint-muscle-care-otc138818,Volini Pain Relief Gel,Sun Pharmaceutical Industries Ltd,,"Diclofenac Diethylamine Equivalent to Diclofenac Sodium 1% w/w, Methyl Salicylate IP, Menthol IP, Virgin Linseed Oil BP, Preservative, Benzyl Alcohol IP, Gel Base, The spray can offer relief when in pain and supports bone, muscle and joint care., It is effective for pain in the joints, knees, back, shoulders, and neck, It can work great on sports injuries such as muscle pulls, sprains, and strain, It provides instant and long-lasting pain relief from knee pain, joint pain, back pain, calf pain, and neck pain","The Volini pain relief bottle should be shaken well before spraying, Hold the spray bottle at a 5cm distance from the affected area and spray, You can use the spray about three to four times daily or as recommened by your physician","Read the label carefully before use, Store in a cool and dry place, away from sunlight, Keep out of reach of children, The Volini pain relief spray is meant for external application only, Use Volini per the doctor’s guidance, and be careful not to use more than the given dosage, Do not use the spray on open wounds or surfaces of the skin that are ruptured, The spray should not be ingested or come in contact with the eyes and mucous membranes, Avoid using the spray near a naked flame, Do not burn or make a hole in the bottle even after the spray is over"
https://www.1mg.com/otc/sbl-beta-vulgaris-dilution-6-ch-otc351346,SBL Beta Vulgaris Dilution,SBL Pvt Ltd,,"Primarily used for children who are easily susceptible to cold, Provides relief from congestion in the chest, Effective in treatment of cough and breathing difficulties associated with it, Suitable for infantile respiratory problems and ailments associated with it, Helps in strengthening immunity and fights bacterial diseases especially in children",Take 2-3 drops 3-5 times a day or as directed by the physician.,"Read the label carefully before use, Do not exceed the recommended dosage, Keep out of the reach of children, Store in a cool dry place away from direct sunlight and heat"
https://www.1mg.com/otc/macgesia-oil-otc342681,Macgesia Oil,Macleods Pharmaceuticals Pvt Ltd,,"Gandhapura tel (Gaultheria fragrantissima) (Leaf) (Wintergreen Oil), Karpura (Cinnamomum camphora) (Camphor oil), Pudina (Mentha arvensis) (Peppermint Oil), Pudina Tel (Mentha arvensis) Leaf, Nilgiri Tel (Eucalyptus globulus) Leaf (Eucalyptus Oil), Cajuput Tel (Melaleuca leucadendron) Leaf (Tea tree oil), Lavang Tel (Syzygium aromaticum) Flower Bud (Clove oil), Dalchini Tel (Cinnamomum zeylanicum) Dried inner bark (Cinnamon oil), Lavender Tel (Lavandula stoechas) Flower (Lavender oil), Base q.s., It helps in the normal functioning of cells, nerves, muscles, bones, and the heart, It is a natural muscle relaxant and its applications to sore muscles and joints can also provide pain and ache relief, It has stress-relieving abilities, so can help to reduce stress-related skin irritations such as acne and rosacea, Reduces pain and inflammation while propagating quicker regeneration of tissues, Topical application of this oil increases flexibility, which helps avoid injury, Increases strength and endurance of the bones, Oil",Use as directed by the physician.,"Read the label carefully before use, Store in a cool and dry place away from direct sunlight, Keep it away from the reach of children"
https://www.1mg.com/otc/diclowin-knee-oil-pain-relief-from-knee-pain-joint-pain-otc635230,Diclowin Knee Oil,Wings Pharmaceuticals Pvt Ltd,,"Oil, 60 ml",,
https://www.1mg.com/otc/dr-willmar-schwabe-india-echinacea-angustifolia-dilution-200-ch-otc401854,,Dr Willmar Schwabe India Pvt Ltd,,,,
https://www.1mg.com/otc/tynor-d-07-knee-cap-with-patellar-ring-small-otc346196,Tynor D 07 Knee Cap with Patellar Ring,Tynor Orthotics Pvt. Ltd.,It is used to provide support to knee joint and ligaments.,,Use as per requirement or as directed by the physician.,
https://www.1mg.com/otc/relispray-natural-instant-pain-relief-spray-otc317410,Relispray Instant Pain Relief Spray,MidasCare Pharmaceuticals Pvt Ltd,,"Clove Oil, Peppermint oil, Camphor Oil, Eucalyptus Oil, Turpentine Oil, Wintergreen Oil, Cinnamon Oil, Clove oil contains eugenol, which has analgesic and anti-inflammatory properties. Eugenol blocks the pain receptors and reduces inflammation to help relieve joint pain, Peppermint oil contains menthol, which provides a cooling effect on the skin. Peppermint oil dilates the vessels causing a sensation of coldness followed by an analgesic effect when applied topically, Camphor oil is suitable for topical use to reduce pain and inflammation. It has sedative, cooling and stimulating properties that help relieve swelling, aches, and pain caused by arthritis, gout, osteoarthritis, and rheumatism, Eucalyptus oil is an anti-inflammatory substance that soothes and helps relax stiff muscles to ease muscle movement, Turpentine oil is obtained from pine trees and has warming properties that aid in regulating blood circulation to the affected area. When applied topically, it helps to warm up the muscle, regulate blood circulation and provide pain relief.It helps to relieve muscle pain, joint pain, and inflammation, Wintergreen oil induces an anaesthetic effect on the nerves and helps regulate blood circulation for warmth to the affected area. It contains methyl salicylate, which has analgesic and anti-inflammatory properties. Wintergreen oil is suitable for topical use to relieve muscle pain and joint pain, Cinnamon oil is an anti-inflammatory substance and helps minimise stiffness in muscles and joints. It contains cinnamaldehyde, which has analgesic properties and can relieve muscle and joint pain. It can be used topically or added to bath water to soothe sore muscles and joints, Spray","Shake well before each use, Spray the content from a 5 cm distance on the affected area, Cover the spray area with a cloth to improve effectiveness","Do not pierce or burn even when empty, Do not spray near eyes or face, Do not spray on open wounds or broken skin, Avoid direct inhalation, Read the label carefully before use, Store in a cool and dry place, away from sunlight, Keep out of reach of children"
https://www.1mg.com/otc/sbl-cholesterinum-dilution-6-ch-otc349123,SBL Cholesterinum Dilution,SBL Pvt Ltd,,"Cholesterinum is an effective remedy for the treatment of high cholesterol, Primarily used for the treatment of renal colic and effectively treats symptoms associated, Acts as a mild sedative and helps in the treatment of insomnia and other sleep disorders, Helps in reducing cholesterol, Cholesterinum is an excellent tonic for liver and relieves pain the liver region, Prevents the recurring attacks of gall stones and relives pain associated with it, Helps in reducing inflammation of pancreas, It can also be used for the treatment of nausea and vomiting",Take 3-5 drops of dilution in 1 teaspoon of water three times a day or as directed by the physician.,"Read the label carefully before use, Do not exceed the recommended dosage, Keep out of the reach of children, Store in a cool dry place away from sunlight and heat"
https://www.1mg.com/otc/sbl-tuberculinum-0-15-lm-otc362610,,SBL Pvt Ltd,,,,
https://www.1mg.com/otc/dr-willmar-schwabe-india-lachnanthes-tinctoria-dilution-30-ch-otc404714,,Dr Willmar Schwabe India Pvt Ltd,,,,
https://www.1mg.com/otc/hapdco-relaxomuv-ointment-otc357645,,HAPDCO,,,,
https://www.1mg.com/otc/sloan-s-liniment-kills-pain-reduces-swelling-strengthens-muscles-ligaments-otc315107,Sloan's Liniment,Piramal Enterprises Ltd,,Oil,,
https://www.1mg.com/otc/jiva-pain-calm-oil-pain-reliever-for-joint-pain-back-pain-frozen-shoulder-sprain-muscle-soreness-otc329877,Jiva Pain Calm Oil,Jiva Ayurvedic Pharmacy Ltd,,,,
https://www.1mg.com/otc/bjain-natrum-salicylicum-dilution-1000-ch-otc436622,Bjain Natrum Salicylicum Dilution,Bjain Pharmaceuticals Pvt. Ltd.,,Natrum Salicylicum,Take Bjain Natrum Salicylicum Dilution as directed by the physician.,
https://www.1mg.com/otc/himalaya-rumalaya-pain-relief-gel-quick-relief-from-body-pain-ayurvedic-gel-otc90714,Himalaya Rumalaya Gel,Himalaya Wellness Company,,"30 gm, Gel",Apply a small quantity of the gel to the tender area and lightly massage it in or as directed by the physician.,
https://www.1mg.com/otc/sbl-iridium-metallicum-dilution-6-ch-otc353671,SBL Iridium Metallicum Dilution,SBL Pvt Ltd,,"Helps in improving concentration, Useful in treating coryza, Effectvie in curing respiratory ailments such as cough and chronic discharge from throat, Helps in reducing pain in thighs and joints, Useful in conditions of rheumatism and gout, Helps in reducing weakness and exhaustion after illness",Dosage should be directed by the physician. It can be taken along with allopathic medicines.,"Read the label carefully before use, Keep out of the reach of children, Use under medical supervision, Do not exceed the recommended dosage, Maintain half an hour gap between food, drink and any other medicines and homoeopathic medicine, Avoid any strong smell in the mouth while taking medicine e.g. camphor, garlic, onion, coffee and hing, Store in a cool and dry place"
https://www.1mg.com/otc/vaidyaratnam-rheumacalm-tablet-otc377748,Vaidyaratnam Rheumacalm Tablet,Vaidyaratnam Oushadhasala Pvt Ltd,,,,
https://www.1mg.com/otc/moov-cool-therapy-gel-otc964102,Moov Cool Therapy Gel,Reckitt Benckiser Healthcare Pvt. Ltd.,,"Each gram of gel contains: Pudina Satva (Mentha piperita) extract (Aerial parts of plant) 8.0% w/w, Preservative: Benzyl Alcohol IP, Colouring Agents: Brilliant Blue FCF, Tartrazine Yellow., Gel., 20g.",Apply a thin film of the gel to the affected area and massage gently. Repeat 3-4 times daily for best results.,
https://www.1mg.com/otc/vissco-0705-knee-cap-small-beige-otc448648,Vissco 0705 Elastic Tubular Knee Cap,Vissco Rehabilitation Aids Pvt. Ltd.,"Generally used in cases of osteoarthritis knee and for post-surgery or post-arthroscopy muscle and ligament strains bursitis to improve blood flow and provide compression, support and stability to the knees reducing pain.","Helps stabilization of weak knees, increase of circulation, and reduction of pain in knees, Provides controlled mobility and bending flexion, Provides support and stability for medical and lateral ligaments",It is worn by a simple pull like socks with the broader end facing upwards.,"Read the label carefully before use, Hand wash with mild detergent and water at room temperature, Do not dry clean"
https://www.1mg.com/otc/volini-maxx-pain-relief-spray-for-back-neck-joint-muscle-pain-bone-joint-muscle-care-otc457560,Volini Maxx Spray,Sun Pharmaceutical Industries Ltd,,"Diclofenac Diethylamine IP Equivalent to Dicoflenac Sodium, Methyl Salicylate IP, Menthol IP, Provides instant pain relief and supports bone, joint and muscle care, A unique formulation of 2% diclofenac makes it 100% stronger than other sprays, Provides effective relief from severe neck and back pain, Helps in relieving musculoskeletal and joint pain, Effective in healing pain due to strain and sprain, Useful in case of sports injuries, Has a unique 360-degree delivery mechanism that ensures standardised drug delivery, It provides instant and long-lasting pain relief from knee pain, joint pain, back pain, calf pain, and neck pain","Shake well before each use. Spray the contents from 5 cm distance on the affected areas 3-4 times in a day or, as directed by the physician.","Read the label carefully before use, Store in a cool and dry place away from direct sunlight, Keep out of reach of the children, Do not exceed the recommended dosage, For external use only, Should be applied only to intact skin surfaces and not to skin wounds and open injuries, Should not come into contact with eyes, mucous membranes and should not be ingested, Store in a cool and dry place"
https://www.1mg.com/otc/sbl-melilotus-officinalis-mother-tincture-q-otc338663,SBL Melilotus Officinalis Mother Tincture Q,SBL Pvt Ltd,,"Melilotus Officinalis (Yellow Sweet Clover), 30 ml, Liquid, It may help to manage discomfort related to the nervous system, including feelings of restlessness and tension, The product may assist in relieving digestive discomfort, including a sense of pressure and constipation, It may be beneficial in supporting respiratory health and relieving associated discomfort, The formula may help in reducing discomfort in the head, supporting mental clarity, It can assist in managing specific concerns related to the muscular system, promoting overall well-being",,"Read the label carefully before use, Store in a cool and dry place, away from sunlight, Keep out of reach of children, Don’t exceed the recommended dosage, Maintain a half-hour gap between food/drink/any other medicines and homoeopathic medicine, Avoid any strong smell in the mouth while taking medicine, e.g., coffee, hing, garlic, onion, mint"
https://www.1mg.com/otc/dr-willmar-schwabe-india-spigelia-dilution-6-ch-otc392068,Dr Willmar Schwabe India Spigelia Dilution,Dr Willmar Schwabe India Pvt Ltd,,"Extract of spegelia plant, Ethanol, Water, It is an excellent remedy for angina, Cures dizziness and treats restlessness, Cures vertigo, nausea and headaches, Heals neuralgia of eyes, Reduces toothache, Cures sore throat, Treats urine with white sedimentation, Cures abdominal pains, Eases nerve pains",Dosage should be prescribed by the physician,"Read the label carefully, Self medication is not advised, Do not exceed the recommended dose, Keep out of the reach of children, Avoid any kind of strong smell in the mouth while taking the dose"
https://www.1mg.com/otc/pankajakasthuri-orthoherb-ayurvedic-oil-with-amla-for-joint-pain-relief-otc356687,Pankajakasthuri Orthoherb Oil,Pankajakasthuri Herbals India (P) Ltd.,,"Vasa (Adhatoda vasica, Rt, Dct), Eranda (Ricinus communis, Rt, Dct), Bilwa (Aegle marmelos, Rt, Dct), Thwak (Cinnamomum zeylanicum, St. Bk, Dct), Maricha (Piper nigrum, Dr. Fr, Dct), Lavanga (Syzygium aromaticum, Dr. Fr, Dct), Jati (Myristica fragrans, Pp, Dct), Pata (Cyclea peltata, Rt, Dct), Nimba (Azadirachta indica, Rt, bk, Dct), Sahachara (Strobilanthes ciliatus, Rt, Dct), Nirgundi (Vitex negundo, Lf, Dct), Bala (Sida retusa, Rt, Dct), Punarnava (Boerhavia diffusa, Pl, Dct), Gunja (Abrus precatorius, Rt, Dct), Dusparsa (Tragia involucrata, Rt, Dct) 2 g each. Amalaki (Phyllanthus emblica, Dr. Fr, Pst), Manjishta (Rubia cordifolia, Rt, Pst), Guggulu (Balsamodendron mukul, Lx, Pst), Chitraka (Plumbago zeylanica, Rt, Pst) 2.5 g each. Kera thaila (Cocos nucifera, Oil) 27.50 ml, Eranda thaila (Ricinus communis, Oil) 82.50 ml, Eucalyptus Oil (Eucalyptus globulus, Oil), 100 ml, Liquid, The oil has anti-inflammatory and analgesic properties, It imparts muscle tone and lubricates the joints, It also imparts firmness to the limbs, It can help stimulate circulation, It helps the lymphatic functioning for detoxification",,"Read the label carefully before use, Store in a cool and dry place, Keep out of reach of children"
https://www.1mg.com/otc/tynor-j-15-neoprene-hinged-knee-wrap-xl-otc344164,Tynor J-15 Knee Wrap Hinged (Neoprene),Tynor Orthotics Pvt. Ltd.,It is used to provide support to knee joint and ligaments.,"Ensures customized compression, Easy application, better sizing flexibility, and better fitting, Ensures longer life, appealing aesthetics, and color fastness, Better body heat retention increases blood circulation for faster healing",Use as per requirement or as directed by the physician.,"Read the label carefully before use, Keep out of the reach of children, Store in a cool and dry place"
https://www.1mg.com/otc/spol-kinematics-tex-sports-muscle-blue-tape-otc491840,,Dr. Sayani's Health Care Pvt. Ltd.,,,,
https://www.1mg.com/otc/miduty-nerve-pain-relief-capsule-alpha-lipoic-acid-b-vitamins-neuropathy-support-otc918605,Miduty Nerve Pain Relief Capsule,Midvision Pvt Ltd,,,Use as directed on the label or as advised by your healthcare provider,
https://www.1mg.com/otc/tynor-d-26-ankle-splint-universal-otc345583,Tynor D-26 Ankle Splint,Tynor Orthotics Pvt. Ltd.,It is used to gain relief from inflammatory conditions of the ankle joints which cause great pain and swelling.,,Measure the circumference approx 2 inches above the inner ankle joint.,"Read the label carefully before use, Keep out of reach of the children, Store in a cool dry place away"
https://www.1mg.com/otc/dr.-reckeweg-r81-analgesic-drop-otc327384,,Dr Reckeweg & Co,,,,
https://www.1mg.com/otc/pravek-maha-balvardhak-oil-otc601978,Pravek Maha Balvardhak Oil,Pravek Kalp Private Limited,,,Massage adequate quantity of oil gently on the affected areas till it is absorbed. Use 2-3 times in a day for better results or as directed by the physician.,
https://www.1mg.com/otc/dr-willmar-schwabe-india-vaccinotoxinum-dilution-1000-ch-otc406567,,Dr Willmar Schwabe India Pvt Ltd,,,,
https://www.1mg.com/otc/pravek-maha-balvardhak-oil-otc360415,Pravek Maha Balvardhak Oil,Pravek Kalp Private Limited,,,Massage adequate quantity of oil gently on the affected areas till it is absorbed. Use 2-3 times in a day for better results or as directed by the physician.,
https://www.1mg.com/otc/jiva-pain-calm-oil-pain-reliever-for-joint-pain-back-pain-frozen-shoulder-sprain-muscle-soreness-with-knee-cap-free-otc651981,Jiva Pain Calm Oil,Jiva Ayurvedic Pharmacy Ltd,,,,
https://www.1mg.com/otc/orwalk-silicon-spur-pad-otc491659,Orwalk silicon spur pad,Dr. Sayani's Health Care Pvt. Ltd.,Orwalk Silicon Spur Pad is used to provide support to the heel while walking.,"Orwalk Silicon Spur Pad is beneficial for supporting the heel and aids in relieving heel pain and inflammation, It is made from skin-friendly material and supports pressure distribution so that it doesn't cause pain in the heels, It is suitable for most shoe types, including sports, casuals, and formals",Use as directed on the label or as advised by your physician.,"Read the label carefully before use, Do not exceed the recommended dosage, Store in a cool and dry place away from direct sunlight, Keep out of reach of children"
https://www.1mg.com/otc/sbl-cholesterinum-dilution-200-ch-otc346160,SBL Cholesterinum Dilution,SBL Pvt Ltd,,"Cholesterinum is an effective remedy for the treatment of high cholesterol, Primarily used for the treatment of renal colic and effectively treats symptoms associated, Acts as a mild sedative and helps in the treatment of insomnia and other sleep disorders, Helps in reducing cholesterol, Cholesterinum is an excellent tonic for liver and relieves pain the liver region, Prevents the recurring attacks of gall stones and relives pain associated with it, Helps in reducing inflammation of pancreas, It can also be used for the treatment of nausea and vomiting",Take 3-5 drops of dilution in 1 teaspoon of water three times a day or as directed by the physician.,"Read the label carefully before use, Do not exceed the recommended dosage, Keep out of the reach of children, Store in a cool dry place away from sunlight and heat"
https://www.1mg.com/otc/volini-maxx-pain-relief-spray-for-back-neck-joint-muscle-pain-bone-joint-muscle-care-otc457561,Volini Maxx Spray,Sun Pharmaceutical Industries Ltd,,"Diclofenac Diethylamine IP Equivalent to Dicoflenac Sodium, Methyl Salicylate IP, Menthol IP, Provides instant pain relief and supports bone, joint and muscle care, A unique formulation of 2% diclofenac makes it 100% stronger than other sprays, Provides effective relief from severe neck and back pain, Helps in relieving musculoskeletal and joint pain, Effective in healing pain due to strain and sprain, Useful in case of sports injuries, Has a unique 360-degree delivery mechanism that ensures standardised drug delivery, It provides instant and long-lasting pain relief from knee pain, joint pain, back pain, calf pain, and neck pain","Shake well before each use. Spray the contents from 5 cm distance on the affected areas 3-4 times in a day or, as directed by the physician.","Read the label carefully before use, Store in a cool and dry place away from direct sunlight, Keep out of reach of the children, Do not exceed the recommended dosage, For external use only, Should be applied only to intact skin surfaces and not to skin wounds and open injuries, Should not come into contact with eyes, mucous membranes and should not be ingested, Store in a cool and dry place"
https://www.1mg.com/otc/vissco-0620-elbow-brace-xl-otc344535,Vissco 0620 Elbow Brace,Vissco Rehabilitation Aids Pvt. Ltd.,"It is useful in treating chronic postoperative and posttraumatic inflammation and prevent tennis elbow, golfer’s elbow and rower’s elbow.","It provides support to weak and strained muscles and targets compression enabling pain relief, It applies pressure on specific areas to relieve tension at the tendon inserts, It product is skin friendly, It is made using crochet technology that allows for an air permeable fabric that gives a ventilating effect and reduces sweat, Provides soft support to the body while still allowing it to move, Fabrics are tested for anti-fungal and anti-bacterial properties, Fabric can be stretched in any direction instead of the previous horizontal stretch for better comfort and support",Use as directed by the physician.,"Store in a cool and dry place, Keep out of the reach of children, Read the manual carefully"
https://www.1mg.com/otc/jiva-pain-calm-oil-pain-reliever-for-joint-pain-back-pain-frozen-shoulder-sprain-muscle-soreness-otc651626,Jiva Pain Calm Oil,Jiva Ayurvedic Pharmacy Ltd,,,,
https://www.1mg.com/otc/mcp-multi-purpose-heating-pad-otc537827,MCP Multi Purpose Heating Pad,MCP,"It gives relief from arthritis pain, rheumatic and back pain.","Heating Pad Medical:It has a built-in-snap on-off cut out which helps in maintaining the temperature of the heating pad, A washable cover with velcro is provided with the heating pad helps in keeping your pad neat and clean, An excellent substitute for hot water bags, Even the distribution of heat with a waterproof element, A dipole switch having the option of 0-1-2-3 is provided with the heating pad to regulate the flow of voltage",Insert the power cord on the product into the socket and connect the power,"Read the label carefully before use, Keep away from direct contact with sunlight, Do not pierce"
https://www.1mg.com/otc/wheezal-wl36-sciatica-slip-disc-drop-otc387916,Wheezal WL36 Sciatica and Slip Disc Drop,Wheezal Homoeo Pharma,,"Aconite Napellus, Arsenic, Colocynth, Gnaphalium Polycephalum, Kali Iodatum, Magnesium Phosphate, Tellurium",Take ten to fifteen drops of Wheezal WL36 Sciatica And Slip Disc Drops in 2 sips of water before every meal four to six times daily or as directed by the physician.,
https://www.1mg.com/otc/moov-pain-relief-ointment-for-back-pain-joint-pain-knee-pain-muscle-pain-otc377375,"Moov Pain Relief Ointment for Back Pain, Joint Pain, Knee Pain, Muscle Pain",Reckitt Benckiser Healthcare Pvt. Ltd.,,"Ointment, 30g",,
https://www.1mg.com/otc/dr.-johns-j-52-intercostal-drop-otc387672,Dr. Johns J-52 Intercostal Drop,Nanak Laboratories Pvt Ltd,,"Arsenicum Album, Colocynthis, Ranunculus Bulbosus, It helps to relieve pain and discomfort associated with intercostal neuralgia, It aids to reduce inflammation and swelling in the affected area, It helps promote healing and recovery, It is suitable for all ages and is safe for long-term use",Use as directed by a healthcare professional,"Store in cool and dry place, Keep away from the direct sunlight, Read the label carefully before use"
https://www.1mg.com/otc/dr-willmar-schwabe-india-luffa-operculata-dilution-200-ch-otc405102,,Dr Willmar Schwabe India Pvt Ltd,,,,
https://www.1mg.com/otc/volini-pain-relief-gel-for-sprain-muscle-joint-neck-low-back-pain-bone-joint-muscle-care-otc138818,Volini Pain Relief Gel,Sun Pharmaceutical Industries Ltd,,"Diclofenac Diethylamine Equivalent to Diclofenac Sodium 1% w/w, Methyl Salicylate IP, Menthol IP, Virgin Linseed Oil BP, Preservative, Benzyl Alcohol IP, Gel Base, The spray can offer relief when in pain and supports bone, muscle and joint care., It is effective for pain in the joints, knees, back, shoulders, and neck, It can work great on sports injuries such as muscle pulls, sprains, and strain, It provides instant and long-lasting pain relief from knee pain, joint pain, back pain, calf pain, and neck pain","The Volini pain relief bottle should be shaken well before spraying, Hold the spray bottle at a 5cm distance from the affected area and spray, You can use the spray about three to four times daily or as recommened by your physician","Read the label carefully before use, Store in a cool and dry place, away from sunlight, Keep out of reach of children, The Volini pain relief spray is meant for external application only, Use Volini per the doctor’s guidance, and be careful not to use more than the given dosage, Do not use the spray on open wounds or surfaces of the skin that are ruptured, The spray should not be ingested or come in contact with the eyes and mucous membranes, Avoid using the spray near a naked flame, Do not burn or make a hole in the bottle even after the spray is over"
https://www.1mg.com/otc/trexgen-tendotrex-forte-tendon-joint-ligament-care-tablet-otc707014,,Trexgen Pharmaceuticals Pvt Ltd,,,,
https://www.1mg.com/otc/sbl-rhus-toxicodendron-dilution-1000-ch-otc338183,SBL Rhus Toxicodendron Dilution,SBL Pvt Ltd,,,Take 3-5 drops of dilution in 1 teaspoon water thrice a day or as directed by the physician.,
https://www.1mg.com/otc/bjain-galium-aparine-dilution-6-ch-otc438741,Bjain Galium Aparine Dilution,Bjain Pharmaceuticals Pvt. Ltd.,,,Take 3-5 drops of the dilution in 1 teaspoon of water twice a day or as directed by the physician.,
https://www.1mg.com/otc/dr-willmar-schwabe-india-kali-iodatum-trituration-tablet-3x-otc400935,,Dr Willmar Schwabe India Pvt Ltd,,,,
https://www.1mg.com/otc/bjain-rhus-toxicodendron-dilution-6-ch-otc434351,Bjain Rhus Toxicodendron Dilution,Bjain Pharmaceuticals Pvt. Ltd.,,,Take 3-5 drops of the dilution in 1 teaspoon of water twice a day or as directed by the physician.,
https://www.1mg.com/otc/sbl-tabacum-dilution-30-ch-otc348822,,SBL Pvt Ltd,,,,
https://www.1mg.com/otc/dr-willmar-schwabe-india-naja-tripudians-dilution-10m-ch-otc394939,,Dr Willmar Schwabe India Pvt Ltd,,,,
https://www.1mg.com/otc/kairali-pinda-thailam-otc327495,Kairali Pinda Thailam,Kairali Ayurvedic Products Pvt. Ltd.,,"Tailam (Sesamum indicum), Ghritam (Cow Fat/Pure Fat), Eranda Tailam (Ricinus communis), Sariba (Hemidesmus indicus), Amalakanchikam (Rice(Oryza sativa) water), Manjistha (Rubia cordifolia), Sariba (Hemidesmus indicus), Sarjarasa (Shorea robusta), Madhoochishta (Beeswax), 200ml, Oil, Male/Female, A unique ayurvedic oil for joint pain which relieves burning sensation and redness at the site of inflammation, Painful and stiff joints, redness and swelling in the joints etc, common in acute infections are relieved with external application of pinda thailam, Pinda oil is a great pain reliever that treats excruciating pain in joints, stiffness, muscular spasm, burning sensation associated with varicose veins, This pain relief oil has fantastic anti-inflammatory properties that effectively reduce pain, redness, and joint swelling, External application of pinda thailam in the form of Abhyangam, Pichu and Local Vasti, improves the functional capacity of joints",Use as directed by the physician.,"Store in a cool and dry place away from direct sunlight, Read the product label carefully before use, Keep out of reach of children, For external use only"
https://www.1mg.com/otc/tynor-c-01-pouch-arm-sling-tropical-large-otc344167,Tynor C-01 Pouch Arm Sling (Tropical),Tynor Orthotics Pvt. Ltd.,"Sling provides support for sprained and dislocated shoulder while also helping in healing fractures of radius, humerous, ulna and scapula.","Does not cover the chest, Improves ventilation and comfort, Best suited for hot climates, It is wrinkle free and soft to feel, Easy application and removal, Adjustable to ease the point of maximum pressure, It is used to reduce thumb fatigue",Use as per requirement or as directed by the physician.,"Read the label carefully before use, Keep out of the reach of children, Store in a cool and dry place"
https://www.1mg.com/otc/bjain-lachesis-dilution-10m-ch-otc440172,Bjain Lachesis Dilution,Bjain Pharmaceuticals Pvt. Ltd.,,,Take 3-5 drops of the dilution in 1 teaspoon of water twice a day or as directed by the physician.,
https://www.1mg.com/otc/vissco-3d-knee-cap-knee-support-for-pain-relief-knee-injury-large-otc448660,Vissco 2704 Pro 3D Knee Cap:,Vissco Rehabilitation Aids Pvt. Ltd.,"Helpful in protecting and reducing pain and pressure in painful or injured or post-surgery knee joints, Helpful in treating muscle/ligament injury that may have occured during physical/sports activities, post surgery, and Osteoarthritis.","Made up of cotton elastic and a 4 way stretchable fabric, Provides perfect ergonomic fit, It is protects the knee joints, It has anti fungal properties",Slide the compression cap as you would wear socks so that the broader end is above the knee.,"Follow the instructions given on the pack, Keep away from the sharp objects"
https://www.1mg.com/otc/bjain-arnica-montana-dilution-30c-otc433354,Bjain Arnica Montana Dilution,Bjain Pharmaceuticals Pvt. Ltd.,,,"10 to 15 drops in ¼ cup of water, two times a day, 10 minutes before or after meals or as prescribed by the physician.",
https://www.1mg.com/otc/flamingo-premium-vein-stockings-medium-otc348766,Flamingo Premium Vein Stockings,Ascent Meditech Limited,"It is used to provide relief to tired, aching, tingling and burning, numb legs, feet and ankles.",,Use as directed on the label.,
https://www.1mg.com/otc/dr-willmar-schwabe-india-hedeoma-pulegioides-dilution-12-ch-otc403710,,Dr Willmar Schwabe India Pvt Ltd,,,,
https://www.1mg.com/otc/babuline-babtail-balm-oil-for-body-back-knee-legs-shoulder-and-muscle-relief-from-cold-cough-headache-blocked-nose-50ml-each-otc929685,"Babuline Babtail Balm Oil for Muscle Pain, Joint Pain, Cold and Cough",Babuline Pharma,,"Karpura, Pudina Sat, Cajuput Taila, Eucalyptus Taila, Gandhapura Patra Taila and Coconut Taila.",Gently roll on Babtail balm oil for about 5 minutes in the affected area.,
https://www.1mg.com/otc/sbl-cinchona-officinalis-trituration-tablet-3x-otc339012,,SBL Pvt Ltd,,,,
https://www.1mg.com/otc/sloan-s-liniment-kills-pain-reduces-swelling-strengthens-muscles-ligaments-otc315107,Sloan's Liniment,Piramal Enterprises Ltd,,Oil,,
https://www.1mg.com/otc/jiva-pain-calm-oil-pain-reliever-for-joint-pain-back-pain-frozen-shoulder-sprain-muscle-soreness-otc329877,Jiva Pain Calm Oil,Jiva Ayurvedic Pharmacy Ltd,,,,
https://www.1mg.com/otc/himalaya-rumalaya-pain-relief-gel-quick-relief-from-body-pain-ayurvedic-gel-otc90714,Himalaya Rumalaya Gel,Himalaya Wellness Company,,"30 gm, Gel",Apply a small quantity of the gel to the tender area and lightly massage it in or as directed by the physician.,
https://www.1mg.com/otc/sbl-sumbul-dilution-200-ch-otc358778,,SBL Pvt Ltd,,,,
https://www.1mg.com/otc/sbl-lycopersicum-esculentum-dilution-30-ch-otc354426,,SBL Pvt Ltd,,,,
https://www.1mg.com/otc/moov-cool-therapy-gel-otc964102,Moov Cool Therapy Gel,Reckitt Benckiser Healthcare Pvt. Ltd.,,"Each gram of gel contains: Pudina Satva (Mentha piperita) extract (Aerial parts of plant) 8.0% w/w, Preservative: Benzyl Alcohol IP, Colouring Agents: Brilliant Blue FCF, Tartrazine Yellow., Gel., 20g.",Apply a thin film of the gel to the affected area and massage gently. Repeat 3-4 times daily for best results.,
https://www.1mg.com/otc/omnigel-pain-relief-from-sprain-injury-back-pain-muscle-pain-body-pain-knee-pain-joint-pain-otc233947,Omnigel,Cipla Ltd,,"Linseed Oil BP, Diclofenac Diethylamine BP Equivalent to Diclofenac Sodium, Methyl Salicylate IP, Menthol IP, Benzyl Alcohol IP (As Preservative) in water-washable base, Linseed oil has anti-inflammatory properties and minimises inflammation and swelling, Diclofenac is an anti-inflammatory that inhibits the release of chemicals that are responsible for causing pain and inflammation, Methyl salicylate and menthol work topically to relieve pain, Gel",Use as directed by the healthcare professional.,"Read the label carefully before use, Store below 25C. Do not freeze, Keep out of reach of children"
https://www.1mg.com/otc/vissco-3d-knee-cap-with-donut-padding-knee-support-for-pain-relief-knee-injury-small-otc448663,Vissco 2705 Pro 3D Knee Cap with Donut Padding,Vissco Rehabilitation Aids Pvt. Ltd.,"Provides support for musculoskeletal health, vascular health and helps in pain management.","Fit:Ergonomic, Material:Cotton Elastic",Wear this compression sleeve as you would wear socks so that the broader end is above the knee.,"Read the label carefully before use, Keep out of the reach of children, Store in cool and dry place, Should be protected from sunlight"
https://www.1mg.com/otc/dr-willmar-schwabe-india-franciscea-uniflora-dilution-6-ch-otc403063,,Dr Willmar Schwabe India Pvt Ltd,,,,
https://www.1mg.com/otc/vissco-abdominal-belt-10-inches-pc-0512-large-otc344566,,Vissco Rehabilitation Aids Pvt. Ltd.,,,,
https://www.1mg.com/otc/volini-maxx-pain-relief-spray-for-back-neck-joint-muscle-pain-bone-joint-muscle-care-otc457560,Volini Maxx Spray,Sun Pharmaceutical Industries Ltd,,"Diclofenac Diethylamine IP Equivalent to Dicoflenac Sodium, Methyl Salicylate IP, Menthol IP, Provides instant pain relief and supports bone, joint and muscle care, A unique formulation of 2% diclofenac makes it 100% stronger than other sprays, Provides effective relief from severe neck and back pain, Helps in relieving musculoskeletal and joint pain, Effective in healing pain due to strain and sprain, Useful in case of sports injuries, Has a unique 360-degree delivery mechanism that ensures standardised drug delivery, It provides instant and long-lasting pain relief from knee pain, joint pain, back pain, calf pain, and neck pain","Shake well before each use. Spray the contents from 5 cm distance on the affected areas 3-4 times in a day or, as directed by the physician.","Read the label carefully before use, Store in a cool and dry place away from direct sunlight, Keep out of reach of the children, Do not exceed the recommended dosage, For external use only, Should be applied only to intact skin surfaces and not to skin wounds and open injuries, Should not come into contact with eyes, mucous membranes and should not be ingested, Store in a cool and dry place"
https://www.1mg.com/otc/medtex-class-1-thigh-length-imported-medical-cotton-compression-stocking-for-varicose-veins-large-beige-otc667372,,Medtex Healthcare,,,,
https://www.1mg.com/otc/tynor-e-10-tennis-elbow-support-small-otc345658,Tynor E-10 Tennis Elbow Support,Tynor Orthotics Pvt. Ltd.,,,Read the user manual/ instruction leaflet carefully,
https://www.1mg.com/otc/pankajakasthuri-orthoherb-ayurvedic-oil-with-amla-for-joint-pain-relief-otc356687,Pankajakasthuri Orthoherb Oil,Pankajakasthuri Herbals India (P) Ltd.,,"Vasa (Adhatoda vasica, Rt, Dct), Eranda (Ricinus communis, Rt, Dct), Bilwa (Aegle marmelos, Rt, Dct), Thwak (Cinnamomum zeylanicum, St. Bk, Dct), Maricha (Piper nigrum, Dr. Fr, Dct), Lavanga (Syzygium aromaticum, Dr. Fr, Dct), Jati (Myristica fragrans, Pp, Dct), Pata (Cyclea peltata, Rt, Dct), Nimba (Azadirachta indica, Rt, bk, Dct), Sahachara (Strobilanthes ciliatus, Rt, Dct), Nirgundi (Vitex negundo, Lf, Dct), Bala (Sida retusa, Rt, Dct), Punarnava (Boerhavia diffusa, Pl, Dct), Gunja (Abrus precatorius, Rt, Dct), Dusparsa (Tragia involucrata, Rt, Dct) 2 g each. Amalaki (Phyllanthus emblica, Dr. Fr, Pst), Manjishta (Rubia cordifolia, Rt, Pst), Guggulu (Balsamodendron mukul, Lx, Pst), Chitraka (Plumbago zeylanica, Rt, Pst) 2.5 g each. Kera thaila (Cocos nucifera, Oil) 27.50 ml, Eranda thaila (Ricinus communis, Oil) 82.50 ml, Eucalyptus Oil (Eucalyptus globulus, Oil), 100 ml, Liquid, The oil has anti-inflammatory and analgesic properties, It imparts muscle tone and lubricates the joints, It also imparts firmness to the limbs, It can help stimulate circulation, It helps the lymphatic functioning for detoxification",,"Read the label carefully before use, Store in a cool and dry place, Keep out of reach of children"
https://www.1mg.com/otc/bjain-terminalia-arjuna-mother-tincture-q-otc445318,Bjain Terminalia Arjuna Mother Tincture Q,Bjain Pharmaceuticals Pvt. Ltd.,,Terminiali Arjuna,Take 10-15 drops of mother tincture in half cup of water twice a day or as directed by the physician.,
https://www.1mg.com/otc/miduty-nerve-pain-relief-capsule-alpha-lipoic-acid-b-vitamins-neuropathy-support-otc918605,Miduty Nerve Pain Relief Capsule,Midvision Pvt Ltd,,,Use as directed on the label or as advised by your healthcare provider,
https://www.1mg.com/otc/axiom-shwasomrita-navel-ointment-otc424972,Axiom Shwasomrita Navel Ointment,Axiom Ayurveda,,"It is beneficial for cough, cold and fever, It is useful for managing lung infections, Helps manage asthma",Use as directed on the label or as health care professionals suggest,"Store in a cool and dry place away from direct sunlight, Read the label carefully, Keep out of reach of children"
https://www.1mg.com/otc/dr-willmar-schwabe-india-acetanilidum-dilution-6-ch-otc397326,,Dr Willmar Schwabe India Pvt Ltd,,,,
https://www.1mg.com/otc/pravek-maha-balvardhak-oil-otc601978,Pravek Maha Balvardhak Oil,Pravek Kalp Private Limited,,,Massage adequate quantity of oil gently on the affected areas till it is absorbed. Use 2-3 times in a day for better results or as directed by the physician.,
https://www.1mg.com/otc/tynor-a-11-chest-binder-large-otc345462,Tynor A-11 Chest Binder,Tynor Orthotics Pvt. Ltd.,To support the chest after traumatic injury.,"50 mm thick PUF pad hold and binds the fractured sternum without compromising on patient comfort, Strong elastic band gives good grip and helps in equidistribution of pressure, Reduces post-operative pain and discomfiture, Facilitates phlegm expulsion after cardio thoracic surgery",Use as per requirement or as directed by the physician.,"Read the label carefully before use, Keep out of the reach of children, Store in a cool and dry place"
https://www.1mg.com/otc/bjain-streptococcinum-dilution-1000-ch-otc432718,Bjain Streptococcinum Dilution,Bjain Pharmaceuticals Pvt. Ltd.,,Streptococcinum,"Take 3-5 drops of Bjain Streptococcinum Dilution, three times in a day or use it as directed by the physician.",
https://www.1mg.com/otc/jiva-pain-calm-oil-pain-reliever-for-joint-pain-back-pain-frozen-shoulder-sprain-muscle-soreness-with-knee-cap-free-otc651981,Jiva Pain Calm Oil,Jiva Ayurvedic Pharmacy Ltd,,,,
https://www.1mg.com/otc/tynor-d06-knee-cap-with-rigid-hinge-medium-otc345601,Tynor D06 Knee Cap (with Rigid Hinge),Tynor Orthotics Pvt. Ltd.,This device is used to provide support and stability to the knee joint.,"1 U, Bi-Layered Fabric Construction:The knee support is made with a dual-layered fabric system – soft cotton on the inside for enhanced comfort and moisture absorption, and durable nylon on the outside for long-lasting use, Rigid Hinges for Stabilisation:Integrated rigid hinges allow controlled movement while providing necessary knee support. The free flexion movement supports natural mobility without over-restraining motion, Anti-Tourniquet Effect:The specialised design ensures adequate blood circulation, preventing excessive pressure on the knee joint. This helps in reducing discomfort from prolonged wear, Contoured Fit for Maximum Comfort:The anatomical shape provides a snug fit, adapting to the knee structure for enhanced stability and ease of movement, Versatile Usage:Suitable for individuals engaged in sports, running, weight training, or those seeking additional knee support in daily activities, Easy to Wear and Adjust:The flexible design allows easy application, and the material ensures a comfortable, non-slip fit, Available in Multiple Sizes:The knee support comes in five sizes, accommodating a wide range of knee measurements for an optimal fit","Measure mid-thigh circumference before selecting a size, Wear the knee support snugly around the knee joint, Ensure proper fit to allow free movement while providing stability","Read the label carefully before use, Store in a dry place away from direct sunlight, Avoid excessive tightening to maintain proper blood circulation, Keep out of reach of children"
https://www.1mg.com/otc/bjain-magnesium-phosphoricum-dilution-12c-otc709181,Bjain Cucurbita Pepo Dilution,Bjain Pharmaceuticals Pvt. Ltd.,,,Take 3-5 drops of the dilution in 1 teaspoon of water twice a day or as directed by the physician.,
https://www.1mg.com/otc/volini-maxx-pain-relief-spray-for-back-neck-joint-muscle-pain-bone-joint-muscle-care-otc457561,Volini Maxx Spray,Sun Pharmaceutical Industries Ltd,,"Diclofenac Diethylamine IP Equivalent to Dicoflenac Sodium, Methyl Salicylate IP, Menthol IP, Provides instant pain relief and supports bone, joint and muscle care, A unique formulation of 2% diclofenac makes it 100% stronger than other sprays, Provides effective relief from severe neck and back pain, Helps in relieving musculoskeletal and joint pain, Effective in healing pain due to strain and sprain, Useful in case of sports injuries, Has a unique 360-degree delivery mechanism that ensures standardised drug delivery, It provides instant and long-lasting pain relief from knee pain, joint pain, back pain, calf pain, and neck pain","Shake well before each use. Spray the contents from 5 cm distance on the affected areas 3-4 times in a day or, as directed by the physician.","Read the label carefully before use, Store in a cool and dry place away from direct sunlight, Keep out of reach of the children, Do not exceed the recommended dosage, For external use only, Should be applied only to intact skin surfaces and not to skin wounds and open injuries, Should not come into contact with eyes, mucous membranes and should not be ingested, Store in a cool and dry place"
https://www.1mg.com/otc/sbl-zincum-sulphuricum-dilution-6-ch-otc358832,,SBL Pvt Ltd,,,,
https://www.1mg.com/otc/lp-906-cervical-collar-support-large-otc331417,LP #906 Cervical Collar Support,LP Support,Cervical strains and sprains,,"Read the user manual carefully, Hand wash with mild soap in cold water, Rinse thoroughly, Air dry at room temperature, Do not machine wash or dry",
https://www.1mg.com/otc/jiva-pain-calm-oil-pain-reliever-for-joint-pain-back-pain-frozen-shoulder-sprain-muscle-soreness-otc651626,Jiva Pain Calm Oil,Jiva Ayurvedic Pharmacy Ltd,,,,
https://www.1mg.com/otc/dr-willmar-schwabe-india-tylophora-indica-dilution-1000-ch-otc406473,,Dr Willmar Schwabe India Pvt Ltd,,,,
https://www.1mg.com/otc/kerala-ayurveda-myaxyl-capsule-otc368035,Kerala Ayurveda Myaxyl Capsule,Kerala Ayurveda Limited,,,1 to 2 capsules twice daily after food or as directed by the physician,
https://www.1mg.com/otc/moov-pain-relief-ointment-for-back-pain-joint-pain-knee-pain-muscle-pain-otc377375,"Moov Pain Relief Ointment for Back Pain, Joint Pain, Knee Pain, Muscle Pain",Reckitt Benckiser Healthcare Pvt. Ltd.,,"Ointment, 30g",,
https://www.1mg.com/otc/sbl-eupatorium-purpureum-dilution-12-ch-otc352697,SBL Eupatorium Purpureum Dilution,SBL Pvt Ltd,,"Plant extract of Joe-Pye weed, Ethanol, Effective in treating condition of albuminuria, Helps in reducing irritation in bladder, Helpful in condition of blood in urine, Useful in case of enlarged prostate, Cures impotency and sterility, Soothes headache with vertigo, Heals pain in the kidneys, Eases pain in the urethra on urinating, Cures sensation of heaviness in the back, Provides relief from pain around left ovary","Take 3-5 drops 2-3 times in a day or, as prescribed by a physician.","Read the label carefully, Self medication is not advised, Do not exceed the recommended dosage, Keep out of the reach of children"
https://www.1mg.com/otc/tata-1mg-knee-support-knee-cap-for-men-women-sports-pain-relief-comfort-xl-beige-otc728159,Tata 1mg Knee Support Pair of 2,Tata 1mg Healthcare Solutions Private Limited,,,,
https://www.1mg.com/otc/volini-pain-relief-gel-for-sprain-muscle-joint-neck-low-back-pain-bone-joint-muscle-care-otc138818,Volini Pain Relief Gel,Sun Pharmaceutical Industries Ltd,,"Diclofenac Diethylamine Equivalent to Diclofenac Sodium 1% w/w, Methyl Salicylate IP, Menthol IP, Virgin Linseed Oil BP, Preservative, Benzyl Alcohol IP, Gel Base, The spray can offer relief when in pain and supports bone, muscle and joint care., It is effective for pain in the joints, knees, back, shoulders, and neck, It can work great on sports injuries such as muscle pulls, sprains, and strain, It provides instant and long-lasting pain relief from knee pain, joint pain, back pain, calf pain, and neck pain","The Volini pain relief bottle should be shaken well before spraying, Hold the spray bottle at a 5cm distance from the affected area and spray, You can use the spray about three to four times daily or as recommened by your physician","Read the label carefully before use, Store in a cool and dry place, away from sunlight, Keep out of reach of children, The Volini pain relief spray is meant for external application only, Use Volini per the doctor’s guidance, and be careful not to use more than the given dosage, Do not use the spray on open wounds or surfaces of the skin that are ruptured, The spray should not be ingested or come in contact with the eyes and mucous membranes, Avoid using the spray near a naked flame, Do not burn or make a hole in the bottle even after the spray is over"
https://www.1mg.com/otc/crocin-baby-paracetamol-paediatric-drops-flavour-peppermint-otc328524,Crocin Baby Drops Peppermint,GlaxoSmithKline Consumer Healthcare,,"Paracetamol, It has a graduated measure dropper for correct measuring, Comes with a protective cap for the dropper to prevent contamination, Starts relieving fever within 15 minutes",Use as directed by the physician or refer to the product label for dosage instruction.,"Do not take more than 3 days without medical advice, Do not exceed the recommended dosage, Should not be used along with other paracetamol containing products, Do not use if allergic to paracetamol, any other ingredient in the product, aspirin/non-steroidal anti-inflammatory drugs, Taking more than max recommended daily dose of paracetamol may cause serious liver damage or allergic reactions"
https://www.1mg.com/otc/shenaro-lifestyle-s-cotton-organic-and-eco-friendly-pain-relief-wheat-bag-velvet-royal-blue-otc731229,Shenaro Lifestyle's Cotton Organic and Eco-Friendly Pain Relief Wheat Bag,Kamal International,"The wheat bag can be used for hot and cold therapy to reduce pain, sprains, cramps, or other bodily discomforts.","Ergonomic design:The bag is rectangular, providing full coverage. The bag moulds to the contour of the area that it is being applied to, Reusable and easy to clean:The outer cover is removable and can be washed in the washing machine, Aromatherapy:The bag comes with a fresh lavender aroma that helps to induce sleep and relaxation. The calming scent of lavender eases the mind, Organic pain and stress relief:The cellular structure of wheat provides insulation properties to reduce pain and stress, Heat therapy:Targets back pain, neck pain, muscle spasms, workout soreness, stiffness, etc., Cool therapy:Targets headaches, heat flashes, bruises, inflammation, burns, fever, etc., Contents:Inner bag with grains, Outer removable cover","For heat therapy, heat in the microwave for 3-5 minutes maximum, For cool therapy, refrigerate for 1-2 hours","Read the label carefully before use, Store in a cool and dry place, Keep out of reach of children, For external use only"
https://www.1mg.com/otc/prabhat-green-balm-otc508129,Prabhat Green Balm,Prabhat Ayurvedic Pharmacy,,"Camphor, This product may help reduce muscle aches and pains while stimulating circulation, It can also help diminish chronic muscle and joint pain over longer periods, It could aid in working against fungi that cause infections in the toenails",Use as directed on the label or as advised by your healthcare provider.,"Read the label carefully before use, Store in a cool and dry place away from direct sunlight, Keep out of reach of children"
https://www.1mg.com/otc/viaggi-memory-foam-travel-neck-pillow-grey-otc510362,Viaggi Memory Foam Travel Neck Pillow,Siddhivinayak Enterprises,The u shaped neck pillow helps to provide a more restful sleep pattern even during a long trip.,,Read the instructions manual for usage directions.,"Read the label carefully before use, Keep out of reach of the children, Store in a cool dry place away from use"
https://www.1mg.com/otc/dr-willmar-schwabe-india-pyrogenium-dilution-30-ch-otc393738,,Dr Willmar Schwabe India Pvt Ltd,,,,
https://www.1mg.com/otc/lp-763-neoprene-wrist-thumb-splint-support-xl-otc331322,LP #763 Neoprene Wrist/Thumb Splint Support,LP Support,"It helps to facilitate support and stability to the wrist and is useful for painful, swollen, or weak joints.",,Measure the circumference of your wrist and wear accordingly.,"Read the label carefully before use, Keep out of reach of the children, Store in a cool dry place"
https://www.1mg.com/otc/spol-kinematics-tex-sports-muscle-yellow-tape-otc491839,,Dr. Sayani's Health Care Pvt. Ltd.,,,,
https://www.1mg.com/otc/tolagin-gel-nano-emulsion-technology-for-faster-pain-relief-otc132535,,Pharmed Ltd,,,,
https://www.1mg.com/otc/sbl-cadmium-sulphuricum-dilution-30-ch-otc346059,SBL Cadmium Sulphuricum Dilution,SBL Pvt Ltd,,"Relieves, vertigo, head hammering and heated head conditions, Treats polyps and nose boils, Treats nasal bone ulcers, Treats opaque cornea and improves night visibility, Treats left side face paralysis, Relieves severe nausea, swallowing problem and chronic abdominal pain, Relieves sore throat and persistent sore tickling, Improves stool formation from black and foul smelling, Treats pus and blood mixed urine",Dosage should be directed by the physician,"Read the label carefully before use, Maintain 30 minutes gap between any food/ drink/any other medicine, Avoid any strong mouth smell during taking the medicine like garlic, coffee, camphor, etc, Do not exceed the recommended dose, Keep out of the reach of children"
https://www.1mg.com/otc/healthgenie-elbow-support-medium-grey-otc399472,,Healthgenie India Pvt Ltd,,,,
https://www.1mg.com/otc/viaggi-silicone-cooling-gel-neck-pillow-otc510336,Viaggi Silicone Cooling Gel Neck Pillow,Siddhivinayak Enterprises,"It is used to support the head, neck and shoulder for better comfort.",,Read the instructions manual for usage directions.,"Read the label carefully before use, Keep out of reach of the children, Keep the neck pillow in cool place to enhance the cooling effect, Avoid direct sun or hot temperature"
https://www.1mg.com/otc/sloan-s-liniment-kills-pain-reduces-swelling-strengthens-muscles-ligaments-otc315107,Sloan's Liniment,Piramal Enterprises Ltd,,Oil,,
https://www.1mg.com/otc/jiva-pain-calm-oil-pain-reliever-for-joint-pain-back-pain-frozen-shoulder-sprain-muscle-soreness-otc329877,Jiva Pain Calm Oil,Jiva Ayurvedic Pharmacy Ltd,,,,
https://www.1mg.com/otc/dr.-johns-j-35-migrane-drop-otc387630,,Nanak Laboratories Pvt Ltd,,,,
https://www.1mg.com/otc/himalaya-rumalaya-pain-relief-gel-quick-relief-from-body-pain-ayurvedic-gel-otc90714,Himalaya Rumalaya Gel,Himalaya Wellness Company,,"30 gm, Gel",Apply a small quantity of the gel to the tender area and lightly massage it in or as directed by the physician.,
https://www.1mg.com/otc/bjain-eupatorium-perfoliatum-dilution-200c-otc438836,Bjain Eupatorium Perfoliatum Dilution,Bjain Pharmaceuticals Pvt. Ltd.,,,,
https://www.1mg.com/otc/sbl-calcarea-carbonica-0-12-lm-otc361655,,SBL Pvt Ltd,,,,
https://www.1mg.com/otc/moov-cool-therapy-gel-otc964102,Moov Cool Therapy Gel,Reckitt Benckiser Healthcare Pvt. Ltd.,,"Each gram of gel contains: Pudina Satva (Mentha piperita) extract (Aerial parts of plant) 8.0% w/w, Preservative: Benzyl Alcohol IP, Colouring Agents: Brilliant Blue FCF, Tartrazine Yellow., Gel., 20g.",Apply a thin film of the gel to the affected area and massage gently. Repeat 3-4 times daily for best results.,
https://www.1mg.com/otc/tynor-d-28-knee-immobilizer-22-xxl-otc345629,"Tynor D-28 Knee Immobilizer 22""",Tynor Orthotics Pvt. Ltd.,It provides support for injured or post-operative knees and ensures immobilization and proper grip for the knees.,,Use a directed by the health-care professional.,"Read the label carefully before use, Keep out of reach of the children, Store in a cool dry place"
https://www.1mg.com/otc/migranta-riboflavin-b2-magnesium-co-q10-for-sensitivity-migraine-headache-supplement-tablet-otc647111,"Migranta Riboflavin, Magnesium & Co-Enzyme Q10 Support Migraine & Headache Tablet",Leewell Pharmaceuticals Pvt Ltd,,"Riboflavin, Magnesium, Coenzyme Q10, These tablets are a blend of riboflavin, magnesium and coenzyme Q10 that helps with migraine and headache, It is effective against intolerance to loud noise, eye, neck and head pain and lightheadedness, A nutritional supplement that can aid in addressing nutritional deficiencies and may reduce migraine frequency and migraine attacks, Riboflavin plays a crucial role in metabolising food into energy and may help in cellular respiration and aids in normal cell growth and function, Magnesium is a mineral that is essential for nerve functions and helps muscles and neurons work normally",Use as directed on the label or as prescribed by the physician.,"Store in a cool and dry place, Keep away from the eyes, Keep out of the reach of children, Do not use if the seal is missing or damaged"
https://www.1mg.com/otc/hapdco-mtc-74-migraine-headache-drop-otc370851,,HAPDCO,,,,
https://www.1mg.com/otc/volini-maxx-pain-relief-spray-for-back-neck-joint-muscle-pain-bone-joint-muscle-care-otc457560,Volini Maxx Spray,Sun Pharmaceutical Industries Ltd,,"Diclofenac Diethylamine IP Equivalent to Dicoflenac Sodium, Methyl Salicylate IP, Menthol IP, Provides instant pain relief and supports bone, joint and muscle care, A unique formulation of 2% diclofenac makes it 100% stronger than other sprays, Provides effective relief from severe neck and back pain, Helps in relieving musculoskeletal and joint pain, Effective in healing pain due to strain and sprain, Useful in case of sports injuries, Has a unique 360-degree delivery mechanism that ensures standardised drug delivery, It provides instant and long-lasting pain relief from knee pain, joint pain, back pain, calf pain, and neck pain","Shake well before each use. Spray the contents from 5 cm distance on the affected areas 3-4 times in a day or, as directed by the physician.","Read the label carefully before use, Store in a cool and dry place away from direct sunlight, Keep out of reach of the children, Do not exceed the recommended dosage, For external use only, Should be applied only to intact skin surfaces and not to skin wounds and open injuries, Should not come into contact with eyes, mucous membranes and should not be ingested, Store in a cool and dry place"
https://www.1mg.com/otc/comprezon-cotton-varicose-vein-stockings-class-2-below-knee-1-pair-xxl-beige-otc390228,Comprezon Cotton Varicose Vein Stockings Class 2 Below Knee (1 Pair),Dynamic Techno Medicals Pvt. Ltd.,It is specially designed to help increase the bloodflow to capillaries in order to prevent venous disorders.,,,"Read the manual carefully before use, Keep out of reach of the children, Store in a cool and dry place"
https://www.1mg.com/otc/sbl-chlorinum-dilution-12-ch-otc351852,,SBL Pvt Ltd,,,,
https://www.1mg.com/otc/pankajakasthuri-orthoherb-ayurvedic-oil-with-amla-for-joint-pain-relief-otc356687,Pankajakasthuri Orthoherb Oil,Pankajakasthuri Herbals India (P) Ltd.,,"Vasa (Adhatoda vasica, Rt, Dct), Eranda (Ricinus communis, Rt, Dct), Bilwa (Aegle marmelos, Rt, Dct), Thwak (Cinnamomum zeylanicum, St. Bk, Dct), Maricha (Piper nigrum, Dr. Fr, Dct), Lavanga (Syzygium aromaticum, Dr. Fr, Dct), Jati (Myristica fragrans, Pp, Dct), Pata (Cyclea peltata, Rt, Dct), Nimba (Azadirachta indica, Rt, bk, Dct), Sahachara (Strobilanthes ciliatus, Rt, Dct), Nirgundi (Vitex negundo, Lf, Dct), Bala (Sida retusa, Rt, Dct), Punarnava (Boerhavia diffusa, Pl, Dct), Gunja (Abrus precatorius, Rt, Dct), Dusparsa (Tragia involucrata, Rt, Dct) 2 g each. Amalaki (Phyllanthus emblica, Dr. Fr, Pst), Manjishta (Rubia cordifolia, Rt, Pst), Guggulu (Balsamodendron mukul, Lx, Pst), Chitraka (Plumbago zeylanica, Rt, Pst) 2.5 g each. Kera thaila (Cocos nucifera, Oil) 27.50 ml, Eranda thaila (Ricinus communis, Oil) 82.50 ml, Eucalyptus Oil (Eucalyptus globulus, Oil), 100 ml, Liquid, The oil has anti-inflammatory and analgesic properties, It imparts muscle tone and lubricates the joints, It also imparts firmness to the limbs, It can help stimulate circulation, It helps the lymphatic functioning for detoxification",,"Read the label carefully before use, Store in a cool and dry place, Keep out of reach of children"
https://www.1mg.com/otc/adel-eupatorium-perfoliatum-dilution-200-otc335316,,Adel Pekana Germany,,,,
https://www.1mg.com/otc/sbl-ferrum-phosphoricum-dilution-1000-ch-otc346589,,SBL Pvt Ltd,,,,
https://www.1mg.com/otc/miduty-nerve-pain-relief-capsule-alpha-lipoic-acid-b-vitamins-neuropathy-support-otc918605,Miduty Nerve Pain Relief Capsule,Midvision Pvt Ltd,,,Use as directed on the label or as advised by your healthcare provider,
https://www.1mg.com/otc/tynor-a-15-lumbo-support-uni-special-otc345477,,Tynor Orthotics Pvt. Ltd.,,,,
https://www.1mg.com/otc/dr-willmar-schwabe-india-echinacea-purpurea-dilution-200-ch-otc401868,,Dr Willmar Schwabe India Pvt Ltd,,,,
https://www.1mg.com/otc/pravek-maha-balvardhak-oil-otc601978,Pravek Maha Balvardhak Oil,Pravek Kalp Private Limited,,,Massage adequate quantity of oil gently on the affected areas till it is absorbed. Use 2-3 times in a day for better results or as directed by the physician.,
https://www.1mg.com/otc/sbl-vipera-torva-dilution-30-ch-otc348888,,SBL Pvt Ltd,,,,
https://www.1mg.com/otc/jiva-pain-calm-oil-pain-reliever-for-joint-pain-back-pain-frozen-shoulder-sprain-muscle-soreness-with-knee-cap-free-otc651981,Jiva Pain Calm Oil,Jiva Ayurvedic Pharmacy Ltd,,,,
https://www.1mg.com/otc/dr.-reckeweg-aranea-diad-dilution-200-ch-otc335911,Dr. Reckeweg Aranea Diad Dilution,Dr Reckeweg & Co,,"Papal-cross spider, 11ml, Liquid dilution, It effectively alleviates sensations of swelling, particularly experienced during the wet or rainy season, providing comfort and ease, It provides relief from severe pain, redness, and tenderness in joints, improving mobility and enhancing overall comfort, It is helpful for parasitic infections transmitted by infected mosquito bites, addressing symptoms such as high body temperature, chills, and limb pain for comprehensive healing, It relieves pain caused by excessive bleeding during coughing, menstruation, or passing stool, along with stomach pain, promoting a better quality of life, It helps check high body temperatue and chills associated with various conditions",,"Do not exceed the recommended dosage, Read the label carefully before use, Store in a cool dry place away from direct sunlight, Keep out of reach of children, Avoid any strong smell in the mouth such as coffee, onion, hing, mint, camphor, garlic etc. while taking the medicine, Keep at least half an hour gap between food/drink/ any other medicines and allopathic medicine"
https://www.1mg.com/otc/dr-willmar-schwabe-india-argentum-metallicum-dilution-6-ch-otc396483,Dr Willmar Schwabe India Argentum Metallicum Dilution,Dr Willmar Schwabe India Pvt Ltd,,"Argentum Metallicum (silver), Treats eye dimness, Helps in sore throat, Relieves pain in facial muscles, Helps in frequent urge to urinate in diabetes patients, Helps with twitching and pulsation, Relieves severe pain in the head, Relives symptoms of epilapsy",Use as directed by the physcian,"For internal use only, Avoid direct contact with eyes, Store in cool and dry place, Keep out of the reach of children, Avoid exposure to direct sunlight, Read the label carefully before use"
https://www.1mg.com/otc/volini-maxx-pain-relief-spray-for-back-neck-joint-muscle-pain-bone-joint-muscle-care-otc457561,Volini Maxx Spray,Sun Pharmaceutical Industries Ltd,,"Diclofenac Diethylamine IP Equivalent to Dicoflenac Sodium, Methyl Salicylate IP, Menthol IP, Provides instant pain relief and supports bone, joint and muscle care, A unique formulation of 2% diclofenac makes it 100% stronger than other sprays, Provides effective relief from severe neck and back pain, Helps in relieving musculoskeletal and joint pain, Effective in healing pain due to strain and sprain, Useful in case of sports injuries, Has a unique 360-degree delivery mechanism that ensures standardised drug delivery, It provides instant and long-lasting pain relief from knee pain, joint pain, back pain, calf pain, and neck pain","Shake well before each use. Spray the contents from 5 cm distance on the affected areas 3-4 times in a day or, as directed by the physician.","Read the label carefully before use, Store in a cool and dry place away from direct sunlight, Keep out of reach of the children, Do not exceed the recommended dosage, For external use only, Should be applied only to intact skin surfaces and not to skin wounds and open injuries, Should not come into contact with eyes, mucous membranes and should not be ingested, Store in a cool and dry place"
https://www.1mg.com/otc/vissco-0620-elbow-brace-xxl-otc344536,Vissco 0620 Elbow Brace,Vissco Rehabilitation Aids Pvt. Ltd.,"It is useful in treating chronic postoperative and posttraumatic inflammation and prevent tennis elbow, golfer’s elbow and rower’s elbow.","It provides support to weak and strained muscles and targets compression enabling pain relief, It applies pressure on specific areas to relieve tension at the tendon inserts, It product is skin friendly, It is made using crochet technology that allows for an air permeable fabric that gives a ventilating effect and reduces sweat, Provides soft support to the body while still allowing it to move, Fabrics are tested for anti-fungal and anti-bacterial properties, Fabric can be stretched in any direction instead of the previous horizontal stretch for better comfort and support",Use as directed by the physician.,"Store in a cool and dry place, Keep out of the reach of children, Read the manual carefully"
https://www.1mg.com/otc/sbl-camphora-0-18-lm-otc361876,,SBL Pvt Ltd,,,,
https://www.1mg.com/otc/jiva-pain-calm-oil-pain-reliever-for-joint-pain-back-pain-frozen-shoulder-sprain-muscle-soreness-otc651626,Jiva Pain Calm Oil,Jiva Ayurvedic Pharmacy Ltd,,,,
https://www.1mg.com/otc/kerala-ayurveda-patolakatukurohinyadi-kwath-otc360778,,Kerala Ayurveda Limited,,,,
https://www.1mg.com/otc/vissco-core-0304-cervical-collar-soft-medium-otc344526,Vissco Core 0304 Cervical Collar (Soft),Vissco Rehabilitation Aids Pvt. Ltd.,It has been designed to support the chin and cervical spine and helps to relieve the pain.,,Use as directed by the physician.,
https://www.1mg.com/otc/moov-pain-relief-ointment-for-back-pain-joint-pain-knee-pain-muscle-pain-otc377375,"Moov Pain Relief Ointment for Back Pain, Joint Pain, Knee Pain, Muscle Pain",Reckitt Benckiser Healthcare Pvt. Ltd.,,"Ointment, 30g",,
https://www.1mg.com/otc/bjain-galium-aparine-dilution-6c-otc438755,Bjain Galium Aparine Dilution,Bjain Pharmaceuticals Pvt. Ltd.,,,Take 3-5 drops of the dilution in 1 teaspoon of water twice a day or as directed by the physician.,
https://www.1mg.com/otc/dr-willmar-schwabe-india-amoora-rohituka-dilution-200-ch-otc395938,,Dr Willmar Schwabe India Pvt Ltd,,,,
https://www.1mg.com/otc/volini-pain-relief-gel-for-sprain-muscle-joint-neck-low-back-pain-bone-joint-muscle-care-otc138818,Volini Pain Relief Gel,Sun Pharmaceutical Industries Ltd,,"Diclofenac Diethylamine Equivalent to Diclofenac Sodium 1% w/w, Methyl Salicylate IP, Menthol IP, Virgin Linseed Oil BP, Preservative, Benzyl Alcohol IP, Gel Base, The spray can offer relief when in pain and supports bone, muscle and joint care., It is effective for pain in the joints, knees, back, shoulders, and neck, It can work great on sports injuries such as muscle pulls, sprains, and strain, It provides instant and long-lasting pain relief from knee pain, joint pain, back pain, calf pain, and neck pain","The Volini pain relief bottle should be shaken well before spraying, Hold the spray bottle at a 5cm distance from the affected area and spray, You can use the spray about three to four times daily or as recommened by your physician","Read the label carefully before use, Store in a cool and dry place, away from sunlight, Keep out of reach of children, The Volini pain relief spray is meant for external application only, Use Volini per the doctor’s guidance, and be careful not to use more than the given dosage, Do not use the spray on open wounds or surfaces of the skin that are ruptured, The spray should not be ingested or come in contact with the eyes and mucous membranes, Avoid using the spray near a naked flame, Do not burn or make a hole in the bottle even after the spray is over"
https://www.1mg.com/otc/tynor-d06-knee-cap-with-rigid-hinge-small-otc345600,Tynor D06 Knee Cap (with Rigid Hinge),Tynor Orthotics Pvt. Ltd.,This device is used to provide support and stability to the knee joint.,"1 U, Bi-Layered Fabric Construction:The knee support is made with a dual-layered fabric system – soft cotton on the inside for enhanced comfort and moisture absorption, and durable nylon on the outside for long-lasting use, Rigid Hinges for Stabilisation:Integrated rigid hinges allow controlled movement while providing necessary knee support. The free flexion movement supports natural mobility without over-restraining motion, Anti-Tourniquet Effect:The specialised design ensures adequate blood circulation, preventing excessive pressure on the knee joint. This helps in reducing discomfort from prolonged wear, Contoured Fit for Maximum Comfort:The anatomical shape provides a snug fit, adapting to the knee structure for enhanced stability and ease of movement, Versatile Usage:Suitable for individuals engaged in sports, running, weight training, or those seeking additional knee support in daily activities, Easy to Wear and Adjust:The flexible design allows easy application, and the material ensures a comfortable, non-slip fit, Available in Multiple Sizes:The knee support comes in five sizes, accommodating a wide range of knee measurements for an optimal fit","Measure mid-thigh circumference before selecting a size, Wear the knee support snugly around the knee joint, Ensure proper fit to allow free movement while providing stability","Read the label carefully before use, Store in a dry place away from direct sunlight, Avoid excessive tightening to maintain proper blood circulation, Keep out of reach of children"
https://www.1mg.com/otc/dr-willmar-schwabe-india-kali-iodatum-dilution-200-ch-otc404488,,Dr Willmar Schwabe India Pvt Ltd,,,,
https://www.1mg.com/otc/dr.-reckeweg-pothos-foetida-dilution-30-ch-otc326479,,Dr Reckeweg & Co,,,,
https://www.1mg.com/otc/bjain-arnica-montana-dilution-200c-otc433349,Bjain Arnica Montana Dilution,Bjain Pharmaceuticals Pvt. Ltd.,,,"10 to 15 drops in ¼ cup of water, two times a day, 10 minutes before or after meals or as prescribed by the physician.",
https://www.1mg.com/otc/dr-willmar-schwabe-india-ilex-aquifolium-dilution-30-ch-otc404117,Dr Willmar Schwabe India Ilex Aquifolium Dilution,Dr Willmar Schwabe India Pvt Ltd,,"Ilex Aquifolium, Useful in case of irregular fevers, Reduces inflammation and redness in the eye, Relieves joint and abdominal pain and aids in better digestion, Reduces water retention in the body",Use as directed by the physician.,"Read the label carefully before use, Do not exceed the recommended dose, Keep out of the reach of children, Store in a cool dry place away from direct sunlight"
https://www.1mg.com/otc/yuvika-beej-sambhalu-nirgundi-seeds-vitex-negundo-otc520151,,DKC AGROTECH PVT. LTD.,,,,
https://www.1mg.com/otc/livebasil-instant-heating-pad-otc482127,Livebasil Instant Heating Pad,Livebasil Overseas Pvt Ltd,"The hot and cold gel pack is primarily used for sports injuries, arthritis pain, joint pain, back pain, sore neck, menstrual cramps, toothaches, hypothermia, growing pains, and sprains","Contains a metal disk that heats the pad to a safe preset temperature, The gel pack can be useful for swelling, pain, sore muscles, and body stiffness, Reusable:The gel pack is reusable and can be used multiple times alternatively, Safety:The pack is durable, burst, and puncture-resistant, Free from harmful chemicals:Making it safe for use",,"The pack is durable, burst, and puncture-resistant, Read the label carefully before use, Store in a cool and dry place, Keep away from sharp edges to avoid puncture and leaking, Keep out of reach of children"
https://www.1mg.com/otc/dr.-reckeweg-acid-mur-dilution-6-ch-otc372736,Dr. Reckeweg Acid Mur Dilution,Dr Reckeweg & Co,,"Acidum muriaticum, Liquid dilution, It can help to get relief from symptoms of digestive disorders including acid reflux, bloating, and indigestion, It is effective in managing symptoms of chronic fatigue and general weakness, It may help to get relief from skin conditions like ulcers and eruptions, It supports overall digestive health, promoting better digestion and nutrient absorption, It is beneficial for alleviating symptoms associated with haemorrhoids and anal fissures",,"Store in a cool and dry place, Keep away from the direct sunlight, Keep out of the reach of children"
https://www.1mg.com/otc/kairali-balaguluchyadi-kera-thailam-otc327554,Kairali Balaguluchyadi Kera Thailam,Kairali Ayurvedic Products Pvt. Ltd.,,"Kera Thailam, Cocus nucifera, Kr.Ol, Bala, Sida cordfolia, Rt, Guduchi, Tinospora cordifolia, St, Surapada, Cedrus deodara, Ht Wd, Jata, Nardostachys jatamansi, Rt, Amaya, Sausurea lappa, Rt, Chandana, Pterocarpus santalinus, Ht Wd, Kunthurushka, Boswellia serrata, Exd, Nata, Valeriana wallichii, Rt, Aswagandha, Withania somnifera, Rt, Sarala, Punus roxburghii, Ht Wd, Rasna, Alpinia galanga, Oil, Relieves from joint pains:Kairali Balaguluchyadi Kera Thailam is highly effective in providing relief from joint pains, making it a suitable solution for those suffering from concerns associated with arthritis, Effective for rheumatoid arthritis:This ayurvedic oil is specifically tailored to address the discomfort associated with rheumatoid arthritis, offering respite to individuals afflicted by this condition, Reduces swelling and burning sensation:The oil is known for its ability to reduce swelling and alleviate the burning sensation often experienced in painful joint conditions, Manages gout and frozen shoulder:Beyond arthritis, Balaguluchyadi Kera Thailam is a versatile remedy that also aids in the management of gout and frozen shoulder, making it a suitable addition to ayurvedic solutions for various joint-related issues",,"Read the label carefully before use, Store in a cool and dry place, away from sunlight, Keep out of reach of children"
https://www.1mg.com/otc/sbl-natrum-cacodylicum-dilution-12-ch-otc354936,SBL Natrum Cacodylicum Dilution,SBL Pvt Ltd,,"Natrum Cacodylicum, Helps in improving the breath leaving the mouth fresh and odorless, Dry dermatitis of the skin of abdomen is treated with natrul cacodylicum, Helps in treating the uncontrollable malignant growths, Increase number of red blood corpuscles to double",Use as directed by the physician.,"Read the label carefully before use, Avoid eating tobacco or drinking alcohol during the course, Keep out of the reach of children, Use under medical supervision, Avoid any strong smell in the mouth such as coffee, onion, hing, mint, camphor, garlic etc while taking the medicine, Keep at least half an hour gap between food/drink/ any other medicines and allopathic medicine"
https://www.1mg.com/otc/yuvika-koshiya-lakdi-madhumeh-lakdi-quassia-wood-otc520328,,DKC AGROTECH PVT. LTD.,,,,
https://www.1mg.com/otc/deve-herbes-pure-tamanu-calophyllum-inophyllum-cold-pressed-oil-otc396990,Deve Herbes Pure Tamanu Oil,Deve Herbes,,"Tamanu oil has anti-inflammatory, anti-viral, anti-fungal and anti-oxidant properties, Helps in treating acne, eczema, psoriasis, strectc marks, skin rashes, aging and sunburns, It nourishes and rejuvenates the skin and also prevents premature signs of aging","Take few drops of pure tamanu oil directly by the glass dropper on your palm and massage directly on to face, hair or body.","To Increase the shelf life of oil keep it away from heat and light, Read the label carefully before use, Keep out of the reach of children, Should be protected from direct light, Avoid the contact with eyes, In case of contact with eyes, remove with water immediately"
https://www.1mg.com/otc/dr.-reckeweg-acid-nitricum-dilution-30-ch-otc326835,Dr. Reckeweg Acid Nitricum Dilution,Dr Reckeweg & Co,,"Acidum Nitricum, Mind:Helps deal with irritability, anger, and aggression due to sleep deprivation, Head:It helps manage headaches which are triggered by hat pressure, resulting in a full feeling, Nose:It helps manage nasal symptoms include sneezing, allergies, a runny nose, and recurrent colds and coughs, along with nosebleeds, Mouth:This dilution helps deal with bleeding gums, excessive saliva production with blood, and a clean tongue with loose gums, Abdomen:It helps manage a burning sensation in the stomach and an increased appetite, particularly for fatty foods and salt, Rectum:It eases rectal problems including constipation, Urine:It helps manage urinary issues comprising reduced urine output and a burning sensation during urination, Skin:It promotes skin health",,"Read the label carefully before use, Store in a cool and dry place, away from sunlight, Keep out of reach of children, Don’t exceed the recommended dosage, Avoid any strong smell in the mouth, such as coffee, onion, hing, mint, camphor, garlic etc., while taking medicine, Avoid eating tobacco or drinking alcohol during the course, Maintain half an hour gap between food/drink/any other medicines and homoeopathic medicine"
https://www.1mg.com/otc/tynor-k-02-heel-cushion-silicone-pair-small-otc336617,Tynor K-02 Heel Cushion Silicon (Pair),Tynor Orthotics Pvt. Ltd.,"Anatomically designed for better comfort and fitting, it provides even pressure distribution throughout.",,Use as per requirement or as directed by the physician.,
https://www.1mg.com/otc/sloan-s-liniment-kills-pain-reduces-swelling-strengthens-muscles-ligaments-otc315107,Sloan's Liniment,Piramal Enterprises Ltd,,Oil,,
https://www.1mg.com/otc/jiva-pain-calm-oil-pain-reliever-for-joint-pain-back-pain-frozen-shoulder-sprain-muscle-soreness-otc329877,Jiva Pain Calm Oil,Jiva Ayurvedic Pharmacy Ltd,,,,
https://www.1mg.com/otc/dr.-reckeweg-cocculus-indica-dilution-200-ch-otc335480,Dr. Reckeweg Cocculus Indica Dilution,Dr Reckeweg & Co,,"Cocculus natural extracts, 11 ml, Liquid, It is effective in managing vertigo and headaches while travelling, It helps in managing trembling and numbness of limbs, It reduces the cracking sound made by the knees while walking, It reduces pain as from sharp stones when walking",,"Do not exceed the recommended dosage, Read the label carefully before use, Store in a cool dry place away from direct sunlight, Keep out of reach of children, Avoid any strong smell in the mouth such as coffee, onion, hing, mint, camphor, garlic etc. while taking the medicine, Keep at least half an hour gap between food/drink/ any other medicines and allopathic medicine"
https://www.1mg.com/otc/himalaya-rumalaya-pain-relief-gel-quick-relief-from-body-pain-ayurvedic-gel-otc90714,Himalaya Rumalaya Gel,Himalaya Wellness Company,,"30 gm, Gel",Apply a small quantity of the gel to the tender area and lightly massage it in or as directed by the physician.,
https://www.1mg.com/otc/sbl-hypericum-perforatum-dilution-1000-ch-otc347948,SBL Hypericum Perforatum Dilution,SBL Pvt Ltd,,"30 ml, Liquid, Men and Women",Use as directed by the physician.,
https://www.1mg.com/otc/moov-cool-therapy-gel-otc964102,Moov Cool Therapy Gel,Reckitt Benckiser Healthcare Pvt. Ltd.,,"Each gram of gel contains: Pudina Satva (Mentha piperita) extract (Aerial parts of plant) 8.0% w/w, Preservative: Benzyl Alcohol IP, Colouring Agents: Brilliant Blue FCF, Tartrazine Yellow., Gel., 20g.",Apply a thin film of the gel to the affected area and massage gently. Repeat 3-4 times daily for best results.,
https://www.1mg.com/otc/bjain-calcarea-phosphorica-dilution-200c-otc436877,Bjain Calcarea Phosphorica Dilution,Bjain Pharmaceuticals Pvt. Ltd.,,,Take 3-5 drops of the dilution in 1 teaspoon of water twice a day or as directed by the physician.,
https://www.1mg.com/otc/aurthot-abdominal-belt-tummy-tucker-xl-otc389302,Aurthot Abdominal Belt/Tummy Tucker,Aurthot Surgicals (OPC) Private Limited,"It is used for figure maintenance, post-surgical support and back pain relief.","Available in sizes medium, large, XL and XXL, Extra strong highly porous three-panel elastic webbing for improved ventilation and comfort:The belt is designed with a three-panel elastic webbing that is both extra strong and highly porous. This design allows for improved ventilation and comfort during use, Hook loop closures for a perfect fitting:The belt features hook loop closures, which provide a secure and adjustable fit around the waist. This ensures that the belt fits snugly and comfortably, Made of flexible nylon splints to manage wrinkles, buckling, and rolling over:The belt is constructed with flexible nylon splints. This design feature helps to manage the belt from wrinkling, buckling, or rolling over during use, ensuring a smooth and comfortable fit, Highly porous orthopaedic panel elastic webbing:The belt utilizes highly porous orthopaedic panel elastic webbing, which further enhances ventilation and breathability","Wrap the belt around the waist, Connect the two ends, Adjust accordingly for perfect fitting","Read the manual carefully before use, Keep out of reach of the children, Hand wash with mild detergent, Do not dry clean, iron and bleach"
https://www.1mg.com/otc/volini-maxx-pain-relief-spray-for-back-neck-joint-muscle-pain-bone-joint-muscle-care-otc457560,Volini Maxx Spray,Sun Pharmaceutical Industries Ltd,,"Diclofenac Diethylamine IP Equivalent to Dicoflenac Sodium, Methyl Salicylate IP, Menthol IP, Provides instant pain relief and supports bone, joint and muscle care, A unique formulation of 2% diclofenac makes it 100% stronger than other sprays, Provides effective relief from severe neck and back pain, Helps in relieving musculoskeletal and joint pain, Effective in healing pain due to strain and sprain, Useful in case of sports injuries, Has a unique 360-degree delivery mechanism that ensures standardised drug delivery, It provides instant and long-lasting pain relief from knee pain, joint pain, back pain, calf pain, and neck pain","Shake well before each use. Spray the contents from 5 cm distance on the affected areas 3-4 times in a day or, as directed by the physician.","Read the label carefully before use, Store in a cool and dry place away from direct sunlight, Keep out of reach of the children, Do not exceed the recommended dosage, For external use only, Should be applied only to intact skin surfaces and not to skin wounds and open injuries, Should not come into contact with eyes, mucous membranes and should not be ingested, Store in a cool and dry place"
https://www.1mg.com/otc/bjain-prunus-spinosa-mother-tincture-q-otc444767,,Bjain Pharmaceuticals Pvt. Ltd.,,,,
https://www.1mg.com/otc/medtex-thigh-length-anti-embolism-dvt-stocking-xl-beige-otc667531,,Medtex Healthcare,,,,
https://www.1mg.com/otc/jiva-pain-calm-oil-pain-reliever-for-joint-pain-back-pain-frozen-shoulder-sprain-muscle-soreness-with-knee-cap-free-otc651981,Jiva Pain Calm Oil,Jiva Ayurvedic Pharmacy Ltd,,,,
https://www.1mg.com/otc/dr.-reckeweg-cadmium-sulf-dilution-30-ch-otc326877,Dr. Reckeweg Cadmium Sulf Dilution,Dr Reckeweg & Co,,"Cadmium sulphuricum with alcohol, Liquid, The dilution may help in relieving vertigo, head hammering and heated head conditions, Regular consumption can help in managing polyps and nose boils, This dilution can help in managing nasal bone ulcers, It can help relieve severe nausea, swallowing, and abdominal pain, Dr. Reckeweg Cadmium Sulf Dilution can help relieve sore throat and persistent sore tickling, This formulation can help manage stool formation from black and foul-smelling, It may help in managing pus and blood-mixed urine",,"Read the label carefully before use, Store in a cool and dry place, away from sunlight, Keep out of reach of children, Don’t exceed the recommended dosage"
https://www.1mg.com/otc/volini-maxx-pain-relief-spray-for-back-neck-joint-muscle-pain-bone-joint-muscle-care-otc457561,Volini Maxx Spray,Sun Pharmaceutical Industries Ltd,,"Diclofenac Diethylamine IP Equivalent to Dicoflenac Sodium, Methyl Salicylate IP, Menthol IP, Provides instant pain relief and supports bone, joint and muscle care, A unique formulation of 2% diclofenac makes it 100% stronger than other sprays, Provides effective relief from severe neck and back pain, Helps in relieving musculoskeletal and joint pain, Effective in healing pain due to strain and sprain, Useful in case of sports injuries, Has a unique 360-degree delivery mechanism that ensures standardised drug delivery, It provides instant and long-lasting pain relief from knee pain, joint pain, back pain, calf pain, and neck pain","Shake well before each use. Spray the contents from 5 cm distance on the affected areas 3-4 times in a day or, as directed by the physician.","Read the label carefully before use, Store in a cool and dry place away from direct sunlight, Keep out of reach of the children, Do not exceed the recommended dosage, For external use only, Should be applied only to intact skin surfaces and not to skin wounds and open injuries, Should not come into contact with eyes, mucous membranes and should not be ingested, Store in a cool and dry place"
https://www.1mg.com/otc/sbl-natrum-chloricum-dilution-200-ch-otc354974,SBL Natrum Chloricum Dilution,SBL Pvt Ltd,,"Natrum Chloricum, Helpful in improving mood, Helps to relieve sore gums, swollen tongue and cough, Helps to relieve burning sensation during urination, Helps to relieve irritable sore spots",Use as directed by the physician,"Store in a cool and dry place away from direct sunlight, Read the product label carefully before use, Keep out of reach of children, Do not exceed the recommended dosage"
https://www.1mg.com/otc/deve-herbes-pure-arnica-arnica-montana-oil-otc394798,,Deve Herbes,,,,
https://www.1mg.com/otc/jiva-pain-calm-oil-pain-reliever-for-joint-pain-back-pain-frozen-shoulder-sprain-muscle-soreness-otc651626,Jiva Pain Calm Oil,Jiva Ayurvedic Pharmacy Ltd,,,,
https://www.1mg.com/otc/microgesic-gel-for-pain-relief-otc805186,Microgesic Gel,Micron Pharmaceuticals,,"Nimesulide, Methyl Salicylate, Menthol, Capsaicin, Microgesic Gel contains nimesulide as well as methyl salicylate, which help in controlling inflammation, thereby reducing redness and swelling and relieving pain, Capsaicin in Microgesic Gel desensitises the nerve endings and reduces shooting or burning pain in the nerves, Menthol provides a cooling sensation when applied to the skin, which helps relieve pain in the tissues underneath the skin, Microgesic Gel is highly effective in muscle pain, sprains, strains or spasms due to musculoskeletal and joint disorders, Microgesic Gel is the treatment of choice for backaches, neck pain, shoulder pain, and knee pain",Use as directed on the label or as suggested by health care professionals.,"Store in a cool and dry place away from direct sunlight, Read the label carefully, Keep out of reach of children"
https://www.1mg.com/otc/babuline-babtail-balm-oil-for-body-back-knee-legs-shoulder-and-muscle-relief-from-cold-cough-headache-blocked-nose-50ml-each-otc929690,"Babuline Babtail Balm Oil for Muscle Pain, Joint Pain, Cold and Cough",Babuline Pharma,,"Karpura, Pudina Sat, Cajuput Taila, Eucalyptus Taila, Gandhapura Patra Taila and Coconut Taila.",Gently roll on Babtail balm oil for about 5 minutes in the affected area.,
https://www.1mg.com/otc/pankajakasthuri-orthoherb-ayurvedic-oil-with-amla-for-joint-pain-relief-otc356687,Pankajakasthuri Orthoherb Oil,Pankajakasthuri Herbals India (P) Ltd.,,"Vasa (Adhatoda vasica, Rt, Dct), Eranda (Ricinus communis, Rt, Dct), Bilwa (Aegle marmelos, Rt, Dct), Thwak (Cinnamomum zeylanicum, St. Bk, Dct), Maricha (Piper nigrum, Dr. Fr, Dct), Lavanga (Syzygium aromaticum, Dr. Fr, Dct), Jati (Myristica fragrans, Pp, Dct), Pata (Cyclea peltata, Rt, Dct), Nimba (Azadirachta indica, Rt, bk, Dct), Sahachara (Strobilanthes ciliatus, Rt, Dct), Nirgundi (Vitex negundo, Lf, Dct), Bala (Sida retusa, Rt, Dct), Punarnava (Boerhavia diffusa, Pl, Dct), Gunja (Abrus precatorius, Rt, Dct), Dusparsa (Tragia involucrata, Rt, Dct) 2 g each. Amalaki (Phyllanthus emblica, Dr. Fr, Pst), Manjishta (Rubia cordifolia, Rt, Pst), Guggulu (Balsamodendron mukul, Lx, Pst), Chitraka (Plumbago zeylanica, Rt, Pst) 2.5 g each. Kera thaila (Cocos nucifera, Oil) 27.50 ml, Eranda thaila (Ricinus communis, Oil) 82.50 ml, Eucalyptus Oil (Eucalyptus globulus, Oil), 100 ml, Liquid, The oil has anti-inflammatory and analgesic properties, It imparts muscle tone and lubricates the joints, It also imparts firmness to the limbs, It can help stimulate circulation, It helps the lymphatic functioning for detoxification",,"Read the label carefully before use, Store in a cool and dry place, Keep out of reach of children"
https://www.1mg.com/otc/dr-willmar-schwabe-india-allium-cepa-mother-tincture-q-otc390638,,Dr Willmar Schwabe India Pvt Ltd,,,,
https://www.1mg.com/otc/vissco-0101-sacro-lumber-belt-xxl-beige-otc344513,Vissco 0101 Sacro Lumber Belt,Vissco Rehabilitation Aids Pvt. Ltd.,"It is useful to help support and provide relief to the lumbar region. It aids treatment and relieves pain due to Osteochondrosis, Spondylosis , Facet Syndrome, slipped disc,, Osteoporosis and post surgical lumbo-sacral immobilization.","The fabric that it is made up of has antibacterial and anti fungal properties, They provide noticeable therapeutic relief for the lumbar spine, It is useful in supporting the back, It uses loop elastic technology, It promotes good posture and even helps reduce pelvic anterotation, This product gives soft support to the body while still allowing it to move, It is made up of breathable fabric",Use as directed by the physician.,"Store in a cool and dry place, Keep out of the reach of children, Read the manual carefully"
https://www.1mg.com/otc/moov-pain-relief-ointment-for-back-pain-joint-pain-knee-pain-muscle-pain-otc377375,"Moov Pain Relief Ointment for Back Pain, Joint Pain, Knee Pain, Muscle Pain",Reckitt Benckiser Healthcare Pvt. Ltd.,,"Ointment, 30g",,
https://www.1mg.com/otc/sbl-kali-carbonicum-dilution-10m-ch-otc385258,SBL Kali Carbonicum Dilution,SBL Pvt Ltd,,"30 ml, Liquid",,
https://www.1mg.com/otc/miduty-nerve-pain-relief-capsule-alpha-lipoic-acid-b-vitamins-neuropathy-support-otc918605,Miduty Nerve Pain Relief Capsule,Midvision Pvt Ltd,,,Use as directed on the label or as advised by your healthcare provider,
https://www.1mg.com/otc/bjain-aesculus-hippocastanum-dilution-200c-otc429223,Bjain Aesculus Hippocastanum Dilution,Bjain Pharmaceuticals Pvt. Ltd.,,,As directed by the physician,
https://www.1mg.com/otc/dr-willmar-schwabe-india-hypericum-perforatum-mother-tincture-q-otc391076,,Dr Willmar Schwabe India Pvt Ltd,,,,
https://www.1mg.com/otc/pravek-maha-balvardhak-oil-otc601978,Pravek Maha Balvardhak Oil,Pravek Kalp Private Limited,,,Massage adequate quantity of oil gently on the affected areas till it is absorbed. Use 2-3 times in a day for better results or as directed by the physician.,
https://www.1mg.com/otc/bjain-aesculus-hippocastanum-dilution-3x-otc429232,Bjain Aesculus Hippocastanum Dilution,Bjain Pharmaceuticals Pvt. Ltd.,,,As directed by the physician,
https://www.1mg.com/otc/volini-pain-relief-gel-for-sprain-muscle-joint-neck-low-back-pain-bone-joint-muscle-care-otc138818,Volini Pain Relief Gel,Sun Pharmaceutical Industries Ltd,,"Diclofenac Diethylamine Equivalent to Diclofenac Sodium 1% w/w, Methyl Salicylate IP, Menthol IP, Virgin Linseed Oil BP, Preservative, Benzyl Alcohol IP, Gel Base, The spray can offer relief when in pain and supports bone, muscle and joint care., It is effective for pain in the joints, knees, back, shoulders, and neck, It can work great on sports injuries such as muscle pulls, sprains, and strain, It provides instant and long-lasting pain relief from knee pain, joint pain, back pain, calf pain, and neck pain","The Volini pain relief bottle should be shaken well before spraying, Hold the spray bottle at a 5cm distance from the affected area and spray, You can use the spray about three to four times daily or as recommened by your physician","Read the label carefully before use, Store in a cool and dry place, away from sunlight, Keep out of reach of children, The Volini pain relief spray is meant for external application only, Use Volini per the doctor’s guidance, and be careful not to use more than the given dosage, Do not use the spray on open wounds or surfaces of the skin that are ruptured, The spray should not be ingested or come in contact with the eyes and mucous membranes, Avoid using the spray near a naked flame, Do not burn or make a hole in the bottle even after the spray is over"
https://www.1mg.com/otc/sbl-sabadilla-dilution-cm-ch-otc385322,SBL Sabadilla Dilution,SBL Pvt Ltd,,"30 ml, Liquid",,
https://www.1mg.com/otc/bjain-capsicum-annuum-mother-tincture-q-otc445136,,Bjain Pharmaceuticals Pvt. Ltd.,,,,
https://www.1mg.com/otc/eastern-herbal-company-r3-forte-capsule-otc945479,Eastern Herbal Company R3 Forte Capsule,Eastern Herbal Company,,"Suranian Shirin, Khulanian, Nakchikni, Mugil, Jund Bedastar, Malkanganj, Mastagi rumi, Asgand nagori, Post halela zard, Agargarha, Turbad safed, The formulation supports joint and bone health and reduces discomfort and pain, The capsule possesses anti-inflammatory properties that relieve joint discomfort, The ingredients contribute to increased joint mobility, promoting ease of movement, This capsule supports the maintenance of healthy cartilage and joint structure",Take a capsule in the morning and evening on an empty stomach with plain water or milk,"Keep out of reach of children, Store in a cool and dry place, Read the label before use, Self-medication is not advisable, Do not exceed the recommended dosage"
https://www.1mg.com/otc/sri-sri-tattva-narayana-taila-manages-vata-dosha-fatigue-otc330750,Sri Sri Tattva Narayana Taila,Sriveda Sattva Pvt Ltd,,"100 ml, Liquid",Use as directed by the healthcare professional.,
https://www.1mg.com/otc/vissco-core-0716-medical-compression-stockings-medium-below-knee-otc507606,,Vissco Rehabilitation Aids Pvt. Ltd.,,,,
https://www.1mg.com/otc/dr.-reckeweg-helleborus-niger-dilution-30-ch-otc326739,,Dr Reckeweg & Co,,,,
https://www.1mg.com/otc/doliosis-d10-verticin-liquid-complex-otc392474,Doliosis D10 Verticin Drops,Doliosis Holistic Medicine and Foods Pvt. Ltd.,,"Gelsemium Sempervirens 12x 0.02%, Cocculus Indicus 8x 0.02%, Phosphorus 10x 0.02%, Glonoinum 8x 0.02%, Agaricus Muscarius 10x 0.02%, Alcohol Content: 30% v/v, 30 ml, Liquid, Can support the body’s natural processes to address dizziness and feelings of imbalance, promoting steadiness and overall well-being, May help provide relief from discomfort such as headaches or pressure sensations commonly linked to vertigo episodes, Encourages natural responses within the body to manage light-headedness and improve the sense of stability, Promotes neurological comfort by supporting balance and reducing sensations of spinning or swaying, Offers a holistic approach to addressing vertigo symptoms, helping improve quality of life during episodes of discomfort, Gently works to support individuals experiencing vertigo, improving their ability to manage symptoms naturally over time",,"Read the label carefully before use, Keep out of reach of children, Store in a cool, dry place away from direct sunlight and strong odors, Do not exceed the recommended dosage"
https://www.1mg.com/otc/sbl-triple-o-massage-oil-otc330963,SBL Triple-O Massage Oil,SBL Pvt Ltd,,"Berberis Aristata (Daru Haldi, Root/Stem Wood), Curcuma Longa (Haridra, Rhizome), Rubia cordifolia (Manjistha, Root) Each BPN 0.0025gm, Cinnamomum Camphora (Kapoor, Wood Extract) API 0.0025gm, Terminalia Arjuna (Arjun Bark) BPN 0.0010gm, Light Liquid Paraffin I.P. 4.613ml, Arachis Hypogaea (Groundnut Oil, Seed (Oil) 0.25ml, Olive Europaea (Olive Oil), Fruit (Oil) Prunus Amygdalus (Almond Oil, Seed (Oil) Each BPN 0.005ml, Isopropyl Myristate I.P. 0.005ml, Ocimum Sanctum (Base Oil, Leaves (Oil) API 0.0025ml, Santalum Album (Sandalwood Oil, Heartwood (Oil) BPN 0.0005ml, Perfume and Preservatives q.s., Oil, Effectively alleviates pain and tension in the muscles, promoting relaxation, Provides a soothing effect on the nerves, contributing to overall stress relief, Enhances blood circulation, promoting better oxygen and nutrient supply to the tissues, Vitamin E is a skin-friendly nutrient that combats dryness and sun damage, Olive oil is a great source of vitamin E, Almond oil is easily absorbed and rich in vitamin E, making it excellent for skin toning and achieving a healthy facial glow, When applied to hair, it promotes growth and revitalises hair follicles, Sandalwood and basil oils are natural ingredients known for their skin-enhancing properties",,"Read the label carefully before use, Store in a cool and dry place, away from sunlight, Keep out of reach of children, For external use only"
https://www.1mg.com/otc/sbl-anagallis-arvensis-mother-tincture-q-otc338830,,SBL Pvt Ltd,,,,
https://www.1mg.com/otc/sbl-arnica-montana-0-12-lm-otc360836,,SBL Pvt Ltd,,,,
https://www.1mg.com/otc/kairali-murivenna-oil-otc326331,Kairali Murivenna Oil,Kairali Ayurvedic Products Pvt. Ltd.,,"Grihakanya, Tambula, Sigrupatram, Paribhadram, Karanjam, Palandu, Koradusha, Sathavari, Narekela, Arikadi, Oil, Injury relief:It is particularly effective for addressing injuries, providing support in the recovery process and offering relief from pain and discomfort, Joint pain resolution:This product is beneficial in resolving joint pains, making it a useful remedy for individuals dealing with joint-related discomfort, Sprain and cramp relief:It is also effective in alleviating the discomfort associated with sprains and muscle cramps, promoting faster recovery, Wound healing enhancement:Additionally, it enhances the speed of wound healing, ensuring that wounds and injuries heal more efficiently, which is vital for overall health and recovery",,"Read the label carefully before use, Store in a cool and dry place, away from sunlight, Keep out of reach of children, Don’t exceed the recommended dosage, Avoid any strong smell in the mouth, such as coffee, onion, hing, mint, camphor, garlic etc., while taking medicine, Avoid eating tobacco or drinking alcohol during the course"
https://www.1mg.com/otc/healwell-pyrex-plus-drop-otc399891,Healwell Pyrex Plus Drop,Healwell International Limited,,"As mentioned on the label, This drop mainly helps in lowering high temperatures, It addresses flue-like symptoms like runny nose, headaches along with sneezing and bodyache, It is a good source of antioxidants and may have anti-viral properties in it, It helps in giving relief from sore throat, cold and cough","10 to 20 drops diluted with some water thrice daily, Or as advised by your healthcare practitioner","Read the label carefully before use, Store in a cool and dry place, away from sunlight, Keep out of reach of children"
https://www.1mg.com/otc/sumo-spray-otc698243,,Alkem Laboratories Ltd,,,,
https://www.1mg.com/otc/bjain-syphillinum-dilution-200-ch-otc700191,Ortho-Aid Capsule,Bjain Pharmaceuticals Pvt. Ltd.,,,,
https://www.1mg.com/otc/dr-willmar-schwabe-india-salolum-trituration-tablet-6x-otc401526,,Dr Willmar Schwabe India Pvt Ltd,,,,
https://www.1mg.com/otc/dr-willmar-schwabe-india-cassia-fistula-dilution-12-ch-otc398756,,Dr Willmar Schwabe India Pvt Ltd,,,,
https://www.1mg.com/otc/dr.-reckeweg-echinacea-ang-dilution-6-ch-otc373692,,Dr Reckeweg & Co,,,,
https://www.1mg.com/otc/sbl-lachnanthes-tinctoria-dilution-6-ch-otc354049,SBL Lachnanthes Tinctoria Dilution,SBL Pvt Ltd,,"30 ml, Liquid",,
https://www.1mg.com/otc/sloan-s-liniment-kills-pain-reduces-swelling-strengthens-muscles-ligaments-otc315107,Sloan's Liniment,Piramal Enterprises Ltd,,Oil,,
https://www.1mg.com/otc/jiva-pain-calm-oil-pain-reliever-for-joint-pain-back-pain-frozen-shoulder-sprain-muscle-soreness-otc329877,Jiva Pain Calm Oil,Jiva Ayurvedic Pharmacy Ltd,,,,
https://www.1mg.com/otc/wheezal-embrocation-massage-oil-otc339184,Wheezal Embrocation Massage Oil,Wheezal Homoeo Pharma,,"Belladonna Q, Bryonia Alba Q, Arnica Mont. Q, Rhus Tox. Q., Liquid, Wheezal Embrocation Massage Oil is indicated for the management of muscular and joint pains, including conditions such as gout, lumbago, myalgia, bursitis, sciatica, and sprains, This massage oil is mentioned to provide relief from muscle spasms, It can help relieve inflammation and immobility of joints, Shake well and apply on the affected part, rub in gently and then cover it, Continue this process 2 to 3 times a day or as directed by a healthcare professional",,"Read the label carefully before use, Store in a cool and dark place, Keep out of reach of children"
https://www.1mg.com/otc/himalaya-rumalaya-pain-relief-gel-quick-relief-from-body-pain-ayurvedic-gel-otc90714,Himalaya Rumalaya Gel,Himalaya Wellness Company,,"30 gm, Gel",Apply a small quantity of the gel to the tender area and lightly massage it in or as directed by the physician.,
https://www.1mg.com/otc/renewa-acupressure-kit-otc491719,Renewa Acupressure Kit,Dr. Sayani's Health Care Pvt. Ltd.,"Targets pressure points to help alleviate stress and induce relaxation, Helps in managing various pains including headaches, backaches, and joint discomfort, Aids in better sleep by promoting relaxation and easing insomnia symptoms, Stimulates blood flow, enhancing overall circulation in the body, Balances the body's energy flow, revitalising and restoring balance",Male/Female,Use as directed on the product leaflet or as advised by the healthcare professional,"Store in a cool and dry place away from direct sunlight, Read the product label carefully before use, Keep out of reach of children"
https://www.1mg.com/otc/dr-willmar-schwabe-india-andrographis-paniculata-dilution-1000-ch-otc396198,,Dr Willmar Schwabe India Pvt Ltd,,,,
https://www.1mg.com/otc/moov-cool-therapy-gel-otc964102,Moov Cool Therapy Gel,Reckitt Benckiser Healthcare Pvt. Ltd.,,"Each gram of gel contains: Pudina Satva (Mentha piperita) extract (Aerial parts of plant) 8.0% w/w, Preservative: Benzyl Alcohol IP, Colouring Agents: Brilliant Blue FCF, Tartrazine Yellow., Gel., 20g.",Apply a thin film of the gel to the affected area and massage gently. Repeat 3-4 times daily for best results.,
https://www.1mg.com/otc/diclogel-pain-relief-gel-for-lower-back-pain-joint-pain-muscular-pain-sprain-otc153201,Diclogel Gel,Hegde and Hegde Pharmaceutica LLP,,"Diclofenac (1.16% w/w), Linseed oil (3% w/w), Methyl salicylate (14% w/w), and Menthol (5% w/w), Diclofenac in Diclogel Gel is an NSAID that helps reduce pain and inflammation associated with recent muscle or joint injuries such as sprains and strains, Diclofenac in Diclogel Gel also helps reduce swelling and inflammation in the affected area, which in turn can reduce pain and discomfort, Linseed oil in Diclogel Gel helps soothe muscles and joints, reducing soreness and stiffness, Methyl salicylate and menthol in Diclogel Gel have a cooling effect that can help reduce pain and discomfort, Gel",Use as directed on the label.,"Read the label carefully before use, Keep out of the reach of children, Store in a cool and dry place, at a temperature not exceeding 25C, Do not freeze"
https://www.1mg.com/otc/volini-maxx-pain-relief-spray-for-back-neck-joint-muscle-pain-bone-joint-muscle-care-otc457560,Volini Maxx Spray,Sun Pharmaceutical Industries Ltd,,"Diclofenac Diethylamine IP Equivalent to Dicoflenac Sodium, Methyl Salicylate IP, Menthol IP, Provides instant pain relief and supports bone, joint and muscle care, A unique formulation of 2% diclofenac makes it 100% stronger than other sprays, Provides effective relief from severe neck and back pain, Helps in relieving musculoskeletal and joint pain, Effective in healing pain due to strain and sprain, Useful in case of sports injuries, Has a unique 360-degree delivery mechanism that ensures standardised drug delivery, It provides instant and long-lasting pain relief from knee pain, joint pain, back pain, calf pain, and neck pain","Shake well before each use. Spray the contents from 5 cm distance on the affected areas 3-4 times in a day or, as directed by the physician.","Read the label carefully before use, Store in a cool and dry place away from direct sunlight, Keep out of reach of the children, Do not exceed the recommended dosage, For external use only, Should be applied only to intact skin surfaces and not to skin wounds and open injuries, Should not come into contact with eyes, mucous membranes and should not be ingested, Store in a cool and dry place"
https://www.1mg.com/otc/sbl-baptisia-tinctoria-dilution-1000-ch-otc346000,SBL Baptisia Tinctoria Dilution,SBL Pvt Ltd,,,Take 3-5 drops of dilution in 1 teaspoon of water thrice a day or as directed by the physician.,
https://www.1mg.com/otc/pankajakasthuri-orthoherb-ayurvedic-oil-with-amla-for-joint-pain-relief-otc356687,Pankajakasthuri Orthoherb Oil,Pankajakasthuri Herbals India (P) Ltd.,,"Vasa (Adhatoda vasica, Rt, Dct), Eranda (Ricinus communis, Rt, Dct), Bilwa (Aegle marmelos, Rt, Dct), Thwak (Cinnamomum zeylanicum, St. Bk, Dct), Maricha (Piper nigrum, Dr. Fr, Dct), Lavanga (Syzygium aromaticum, Dr. Fr, Dct), Jati (Myristica fragrans, Pp, Dct), Pata (Cyclea peltata, Rt, Dct), Nimba (Azadirachta indica, Rt, bk, Dct), Sahachara (Strobilanthes ciliatus, Rt, Dct), Nirgundi (Vitex negundo, Lf, Dct), Bala (Sida retusa, Rt, Dct), Punarnava (Boerhavia diffusa, Pl, Dct), Gunja (Abrus precatorius, Rt, Dct), Dusparsa (Tragia involucrata, Rt, Dct) 2 g each. Amalaki (Phyllanthus emblica, Dr. Fr, Pst), Manjishta (Rubia cordifolia, Rt, Pst), Guggulu (Balsamodendron mukul, Lx, Pst), Chitraka (Plumbago zeylanica, Rt, Pst) 2.5 g each. Kera thaila (Cocos nucifera, Oil) 27.50 ml, Eranda thaila (Ricinus communis, Oil) 82.50 ml, Eucalyptus Oil (Eucalyptus globulus, Oil), 100 ml, Liquid, The oil has anti-inflammatory and analgesic properties, It imparts muscle tone and lubricates the joints, It also imparts firmness to the limbs, It can help stimulate circulation, It helps the lymphatic functioning for detoxification",,"Read the label carefully before use, Store in a cool and dry place, Keep out of reach of children"
https://www.1mg.com/otc/dr.-reckeweg-valeriana-officinalis-dilution-200-ch-otc331527,Dr Reckeweg Valeriana Officinalis Dilution,Dr Reckeweg & Co,,"Helpful in treating the irregularity in the menstrual cycle, Relieves back pain as well as abdominal side pain that presents itself at the time of menstruation, Useful in the treatment of late and scanty menses",,"Read the label carefully before use, Store in a cool and dry place, away from sunlight, Avoid eating tobacco or drinking alcohol during the course, Keep out of the reach of children, Use under medical supervision, Avoid any strong smell in the mouth such as coffee, onion, hing, mint, camphor, garlic, etc while taking the medicine, Keep at least half an hour gap between food/drink/ any other medicines and allopathic medicine"
https://www.1mg.com/otc/miduty-nerve-pain-relief-capsule-alpha-lipoic-acid-b-vitamins-neuropathy-support-otc918605,Miduty Nerve Pain Relief Capsule,Midvision Pvt Ltd,,,Use as directed on the label or as advised by your healthcare provider,
https://www.1mg.com/otc/sbl-viola-odorata-dilution-12-ch-otc358954,,SBL Pvt Ltd,,,,
https://www.1mg.com/otc/pravek-maha-balvardhak-oil-otc601978,Pravek Maha Balvardhak Oil,Pravek Kalp Private Limited,,,Massage adequate quantity of oil gently on the affected areas till it is absorbed. Use 2-3 times in a day for better results or as directed by the physician.,
https://www.1mg.com/otc/adel-anti-sciatica-combo-adel-39-magnesium-phosphoricum-biochemic-tablet-otc385054,ADEL 39 Apo-Sciatica Drop,Adel Pekana Germany,,,,
https://www.1mg.com/otc/bjain-kali-carbonicum-dilution-6-ch-otc440623,Bjain Kali Carbonicum Dilution,Bjain Pharmaceuticals Pvt. Ltd.,,,,
https://www.1mg.com/otc/jiva-pain-calm-oil-pain-reliever-for-joint-pain-back-pain-frozen-shoulder-sprain-muscle-soreness-with-knee-cap-free-otc651981,Jiva Pain Calm Oil,Jiva Ayurvedic Pharmacy Ltd,,,,
https://www.1mg.com/otc/dr-willmar-schwabe-india-calcarea-arsenicosa-trituration-tablet-6x-otc401635,,Dr Willmar Schwabe India Pvt Ltd,,,,
https://www.1mg.com/otc/kairali-balaswagandhadi-thailam-otc352157,Kairali Balaswagandhadi Thailam,Kairali Ayurvedic Products Pvt. Ltd.,,"Tailam (Sesamum indicum), Bala (Sida cordifolia), Ashwagandha (Withania somnifera), Laksha (Laccifer lacca), Rasna (Alpinia calcarata), Chandana (Santalum album), Manjishta (Rubia cordifolia), Durva (Cynodon dactylon), Liquid, Balaswagandhadi Thailam, when lightly massaged over the affected area, helps provide relief from joint pains, This oil is known to be effective in improving muscular strength, Balaswagandhadi Thailam helps provide relief from issues related to neurological problems, It is beneficial in cases of emaciation, muscle wasting, and lack of strength in joints, muscles, and bones","Can be directly massaged on the body, Works best if applied lukewarm or as directed by the healthcare professional","Read the label carefully before use, Store in a cool and dry place, Keep out of reach of children"
https://www.1mg.com/otc/volini-maxx-pain-relief-spray-for-back-neck-joint-muscle-pain-bone-joint-muscle-care-otc457561,Volini Maxx Spray,Sun Pharmaceutical Industries Ltd,,"Diclofenac Diethylamine IP Equivalent to Dicoflenac Sodium, Methyl Salicylate IP, Menthol IP, Provides instant pain relief and supports bone, joint and muscle care, A unique formulation of 2% diclofenac makes it 100% stronger than other sprays, Provides effective relief from severe neck and back pain, Helps in relieving musculoskeletal and joint pain, Effective in healing pain due to strain and sprain, Useful in case of sports injuries, Has a unique 360-degree delivery mechanism that ensures standardised drug delivery, It provides instant and long-lasting pain relief from knee pain, joint pain, back pain, calf pain, and neck pain","Shake well before each use. Spray the contents from 5 cm distance on the affected areas 3-4 times in a day or, as directed by the physician.","Read the label carefully before use, Store in a cool and dry place away from direct sunlight, Keep out of reach of the children, Do not exceed the recommended dosage, For external use only, Should be applied only to intact skin surfaces and not to skin wounds and open injuries, Should not come into contact with eyes, mucous membranes and should not be ingested, Store in a cool and dry place"
https://www.1mg.com/otc/dr-willmar-schwabe-india-ptelea-trifoliata-dilution-12-ch-otc393783,,Dr Willmar Schwabe India Pvt Ltd,,,,
https://www.1mg.com/otc/lp-943-elbow-support-single-small-otc331374,LP #943 Elbow Support,LP Support,It is used to provide elbow pain relief by giving stable compression during your entire day of daily activity.,,Measure around the elbow joint and wear accordingly.,"Read the label carefully before use, Keep out of reach of the children, Store in a cool dry place"
https://www.1mg.com/otc/jiva-pain-calm-oil-pain-reliever-for-joint-pain-back-pain-frozen-shoulder-sprain-muscle-soreness-otc651626,Jiva Pain Calm Oil,Jiva Ayurvedic Pharmacy Ltd,,,,
https://www.1mg.com/otc/sallaki-600mg-tablet-otc393442,,Gufic Bioscience Ltd,,,,
https://www.1mg.com/otc/lord-s-l-143-measles-drop-otc449132,Lord's L 143 Measles Drop,Lord's Homoeopathic Laboratory Pvt Ltd,,"Pulsatilla Nigricans, Belladonna, Arum trip, Ferrum phos, Merc sol, It is beneficial for measles and fever, It helps to reduce mild to high temperatures, It is beneficial for cough, blisters, watery nose, and eyes",10-15 drops in 1/4th cup of water every 4 hours.,"Store in a cool and dry place away from direct sunlight, Read the label carefully, Keep out of reach of children"
https://www.1mg.com/otc/moov-pain-relief-ointment-for-back-pain-joint-pain-knee-pain-muscle-pain-otc377375,"Moov Pain Relief Ointment for Back Pain, Joint Pain, Knee Pain, Muscle Pain",Reckitt Benckiser Healthcare Pvt. Ltd.,,"Ointment, 30g",,
https://www.1mg.com/otc/dr-willmar-schwabe-india-alpha-cf-tablet-otc326048,Dr Willmar Schwabe India Alpha - CF Tablet,Dr Willmar Schwabe India Pvt Ltd,,,Use as directed by the healthcare professional.,
https://www.1mg.com/otc/volini-pain-relief-gel-for-sprain-muscle-joint-neck-low-back-pain-bone-joint-muscle-care-otc138818,Volini Pain Relief Gel,Sun Pharmaceutical Industries Ltd,,"Diclofenac Diethylamine Equivalent to Diclofenac Sodium 1% w/w, Methyl Salicylate IP, Menthol IP, Virgin Linseed Oil BP, Preservative, Benzyl Alcohol IP, Gel Base, The spray can offer relief when in pain and supports bone, muscle and joint care., It is effective for pain in the joints, knees, back, shoulders, and neck, It can work great on sports injuries such as muscle pulls, sprains, and strain, It provides instant and long-lasting pain relief from knee pain, joint pain, back pain, calf pain, and neck pain","The Volini pain relief bottle should be shaken well before spraying, Hold the spray bottle at a 5cm distance from the affected area and spray, You can use the spray about three to four times daily or as recommened by your physician","Read the label carefully before use, Store in a cool and dry place, away from sunlight, Keep out of reach of children, The Volini pain relief spray is meant for external application only, Use Volini per the doctor’s guidance, and be careful not to use more than the given dosage, Do not use the spray on open wounds or surfaces of the skin that are ruptured, The spray should not be ingested or come in contact with the eyes and mucous membranes, Avoid using the spray near a naked flame, Do not burn or make a hole in the bottle even after the spray is over"
https://www.1mg.com/otc/medigrip-ayurvedic-pain-relief-patch-large-brown-otc831135,Medigrip Ayurvedic Pain Relief Patch,Precision Coatings Pvt Ltd,,"Gandpura talia, Pudina salva, Karpura, It helps provide relief from muscular and skeletal pain, It may reduce irritation and itching, Pudina helps induce a cooling effect","Clean aching part, Dry the area, Remove the release paper, Apply patch","Read the label carefully before use, Store in a cool and dry place away from direct sunlight, Keep it out of the reach of children, Apply only on uncut skin"
https://www.1mg.com/otc/himalaya-wellness-pain-relief-oil-otc326444,Himalaya Wellness Pain Relief Oil,Himalaya Wellness Company,,"100 ml, Liquid",Apply all over the body and gently massage if necessary. Follow with a warm shower.,
https://www.1mg.com/otc/bjain-galium-aparine-mother-tincture-q-otc445392,,Bjain Pharmaceuticals Pvt. Ltd.,,,,
https://www.1mg.com/otc/biohome-joint-relief-oral-drop-drop-otc361362,Biohome Joint Relief Oral Drop Drop,Bio Home Pharmacy,,"Each 30 ml contains: Gelsemium Q HPI 2%, Gaultheria Q HPI 2%, Cimcifuga Q HPI 2%, Kalmia Lat Q HPI 2%, Urtica Urens Q HPI 2%, Benzoic Acid 6 HPI 2%, Colchicum 6 HPI 2%, Actea Spicata 6 HPI 2%, Aqua Distilled Q.S., 30 ml., Oral drops., May help in supporting joint health and managing discomfort associated with joint pain and inflammatory conditions affecting joints, Gelsemium and Gaultheria are traditionally used for their calming effects on pain and inflammation, Urtica Urens and Colchicum may help support the body in dealing with gout and related conditions, Alcohol-free formulation ensures it is gentle and safe for long-term use, Designed to support overall joint mobility and comfort through natural homeopathic remedies",,"Do not exceed the recommended dosage, Read the label carefully before use, Store in a cool, dry, and dark place away from direct sunlight, Keep out of reach of children, Maintain at least a half-hour gap between food, drink, or other medicines, Avoid any strong odors such as coffee, onion, hing, mint, camphor, garlic, etc., while taking the medicine"
https://www.1mg.com/otc/dr-willmar-schwabe-india-ficus-religiosa-mother-tincture-q-otc390981,,Dr Willmar Schwabe India Pvt Ltd,,,,
https://www.1mg.com/otc/bjain-rhus-toxicodendron-dilution-50m-ch-otc434332,Bjain Rhus Toxicodendron Dilution,Bjain Pharmaceuticals Pvt. Ltd.,,,Take 3-5 drops of the dilution in 1 teaspoon of water twice a day or as directed by the physician.,
https://www.1mg.com/otc/zerub-gel-otc237263,,Seagull Laboratories (I) Pvt Ltd,,,,
https://www.1mg.com/otc/bjain-scutellaria-dilution-200-ch-otc433616,,Bjain Pharmaceuticals Pvt. Ltd.,,,,
https://www.1mg.com/otc/lp-773-neoprene-sacro-lumbar-support-small-otc331296,LP #773 Neoprene Sacro Lumbar Support,LP Support,It help prevents muscular atrophy and relieves lower back pain.,,Use as directed by the health-care professional and Make sure the support is measured accurately around the waist.,"Read the label carefully before use, Keep out of reach of the children, Store in a cool dry place"
https://www.1mg.com/otc/dr.-reckeweg-cocculus-indica-dilution-10m-ch-otc373425,Dr. Reckeweg Cocculus Indica Dilution,Dr Reckeweg & Co,,"Cocculus natural extracts, 11 ml, Liquid, It is effective in managing vertigo and headaches while travelling, It helps in managing trembling and numbness of limbs, It reduces the cracking sound made by the knees while walking, It reduces pain as from sharp stones when walking",,"Do not exceed the recommended dosage, Read the label carefully before use, Store in a cool dry place away from direct sunlight, Keep out of reach of children, Avoid any strong smell in the mouth such as coffee, onion, hing, mint, camphor, garlic etc. while taking the medicine, Keep at least half an hour gap between food/drink/ any other medicines and allopathic medicine"
https://www.1mg.com/otc/tynor-d-09-functional-knee-support-small-otc335708,Tynor D-09 Functional Knee Support,Tynor Orthotics Pvt. Ltd.,It allows normal flexion and free movement of the knee joint.,,Use as per requirement or as directed by the physician.,
https://www.1mg.com/otc/sbl-baptisia-tinctoria-dilution-12-ch-otc351287,SBL Baptisia Tinctoria Dilution,SBL Pvt Ltd,,,Take 3-5 drops of dilution in 1 teaspoon of water thrice a day or as directed by the physician.,
https://www.1mg.com/otc/dr-willmar-schwabe-india-stannum-metallicum-dilution-50m-ch-otc405947,,Dr Willmar Schwabe India Pvt Ltd,,,,
https://www.1mg.com/otc/tynor-b-08-cervical-pillow-regular-universal-otc335726,Tynor B-08 Cervical Pillow (Regular) Universal,Tynor Orthotics Pvt. Ltd.,It is designed in a manner that keeps the neck in hyperextension position thus helping them get a good night's sleep.,,Use as per requirement or as directed by the physician.,
https://www.1mg.com/otc/sbl-granatum-mother-tincture-q-otc338721,,SBL Pvt Ltd,,,,
https://www.1mg.com/otc/samson-ca0105-cervical-pillow-round-universal-grey-otc487747,Samson CA-0105 Cervical Pillow (Round) Universal Grey,Samson Scientifics & Surgicals,"It is used to support the head, neck and shoulder for better comfort.",,Read the instructions manual for usage directions.,"Read the label carefully before use, Keep out of reach of the children, Store in a cool dry place away from use"
https://www.1mg.com/otc/sloan-s-liniment-kills-pain-reduces-swelling-strengthens-muscles-ligaments-otc315107,Sloan's Liniment,Piramal Enterprises Ltd,,Oil,,
https://www.1mg.com/otc/jiva-pain-calm-oil-pain-reliever-for-joint-pain-back-pain-frozen-shoulder-sprain-muscle-soreness-otc329877,Jiva Pain Calm Oil,Jiva Ayurvedic Pharmacy Ltd,,,,
https://www.1mg.com/otc/leewell-variclose-varicose-veins-phyto-oil-restless-leg-pain-cramps-swelling-poor-blood-circulation-support-otc862046,LeeWell Variclose Oil,Leewell Pharmaceuticals Pvt Ltd,,,,
https://www.1mg.com/otc/himalaya-rumalaya-pain-relief-gel-quick-relief-from-body-pain-ayurvedic-gel-otc90714,Himalaya Rumalaya Gel,Himalaya Wellness Company,,"30 gm, Gel",Apply a small quantity of the gel to the tender area and lightly massage it in or as directed by the physician.,
https://www.1mg.com/otc/dr.-reckeweg-sempervivum-mother-tincture-q-otc327304,Dr. Reckeweg Sempervivum Mother Tincture Q,Dr Reckeweg & Co,,"Sempervivum tectorum with alcohol, 20 ml, Liquid, Effective in the management of skin issues like warts, corns, and aphthae with flushed surfaces and stinging pains, It can help in the management of haemorrhoids, The tincture is useful for mouth ulcers that bled easily, especially at night with significant soreness and stabbing pains, It can help in providing relief from ringworm",,"Read the label carefully before use, Store in a cool and dry place, Protect from direct sunlight"
https://www.1mg.com/otc/vissco-spro-knee-cap-plus-knee-support-for-joint-pain-relief-sports-football-large-otc448749,Vissco 2700 Pro Spro Knee Cap Plus,Vissco Rehabilitation Aids Pvt. Ltd.,It is primarily used to give support and stability to the knee.,,Use as per requirement or as directed by the physician.,"Read the label carefully before use, Store in a cool dry place away from direct sunlight, Keep out of reach of the children, Avoid physical damage"
https://www.1mg.com/otc/moov-cool-therapy-gel-otc964102,Moov Cool Therapy Gel,Reckitt Benckiser Healthcare Pvt. Ltd.,,"Each gram of gel contains: Pudina Satva (Mentha piperita) extract (Aerial parts of plant) 8.0% w/w, Preservative: Benzyl Alcohol IP, Colouring Agents: Brilliant Blue FCF, Tartrazine Yellow., Gel., 20g.",Apply a thin film of the gel to the affected area and massage gently. Repeat 3-4 times daily for best results.,
https://www.1mg.com/otc/bjain-aesculus-hippocastanum-dilution-10m-ch-otc429210,Bjain Aesculus Hippocastanum Dilution,Bjain Pharmaceuticals Pvt. Ltd.,,,As directed by the physician,
https://www.1mg.com/otc/sbl-arnica-montana-0-10-lm-otc360834,,SBL Pvt Ltd,,,,
https://www.1mg.com/otc/rejoint-uc-undenatured-type-ii-collagen-capsule-otc342208,Rejoint UC Capsule,Abbott,,"Undenatured Type-Il Collagen, Bulking agent {Micro Crystalline Cellulose (INS460 (i))}, Glidant {Stearic Acid (INS 470 (i))}, Capsule shell{Gelatin (INS 428)}, Preservatives {Methyl Paraben Sodium (INS 219) & Propyl paraben Sodium (INS217)}, A peptide and component of joint cartilage, Oral ingestion appears to reduce autoimmunity to the body's own UC-II, resulting in less inflammation in instances of osteoarthritis and rheumatism, Benefits to joint health, Natural ingredient derived from chicken sternum cartilage containing a glycosylated",As directed by the physician,"Read the label carefully before use, Do not exceed the recommended dose, Keep out of reach and sight of children, Store the formulation in cool and dry place"
https://www.1mg.com/otc/aushadhi-rapidcool-gel-for-fast-acting-pain-relief-for-muscle-back-joint-knee-pain-with-cooling-effect-otc618271,Aushadhi Rapidcool Gel,Aushadhi Wellness Pvt Ltd,,"Shallaki Exudate Liquid Extract (Boswellia Serrata) - 8.00% w/w, Aloevera Leaves Liquid Extract (Aloe barbadensis) - 6.00% w/w, Gandhapura Leaves Oil (Gaultheria Fragrantissima) - 5.00% w/w, Menthol Crystal (Mentha species) - 3.00% w/w, Camphor Crystal (Cinnamomum camphora) - 1.00% w/w, Niligiri Leaves Oil (Eucalyptus globulus) - 1.00% w/w, Gel, Comprehensive Pain Relief:Effectively alleviates muscle, back, joint, knee, ankle pain, and more, Cooling Effect:Soothes pain with a cooling sensation that manages blood circulation, Fast-Acting Formula:Provides rapid relief from pain and discomfort, Natural Ingredients:Made with a blend of natural ingredients, safe for daily use, Versatile Application:Manages backache, sprains, arthritis, bruises, neck pain, lower back pain, sprains, and other associated conditions",,"Do not use on wounds or damaged skin, Ask a doctor before use if you have redness over the affected area, Keep out of reach of children, Store in a cool and dry place, Keep away from direct sunlight, For external use only"
https://www.1mg.com/otc/volini-maxx-pain-relief-spray-for-back-neck-joint-muscle-pain-bone-joint-muscle-care-otc457560,Volini Maxx Spray,Sun Pharmaceutical Industries Ltd,,"Diclofenac Diethylamine IP Equivalent to Dicoflenac Sodium, Methyl Salicylate IP, Menthol IP, Provides instant pain relief and supports bone, joint and muscle care, A unique formulation of 2% diclofenac makes it 100% stronger than other sprays, Provides effective relief from severe neck and back pain, Helps in relieving musculoskeletal and joint pain, Effective in healing pain due to strain and sprain, Useful in case of sports injuries, Has a unique 360-degree delivery mechanism that ensures standardised drug delivery, It provides instant and long-lasting pain relief from knee pain, joint pain, back pain, calf pain, and neck pain","Shake well before each use. Spray the contents from 5 cm distance on the affected areas 3-4 times in a day or, as directed by the physician.","Read the label carefully before use, Store in a cool and dry place away from direct sunlight, Keep out of reach of the children, Do not exceed the recommended dosage, For external use only, Should be applied only to intact skin surfaces and not to skin wounds and open injuries, Should not come into contact with eyes, mucous membranes and should not be ingested, Store in a cool and dry place"
https://www.1mg.com/otc/pankajakasthuri-orthoherb-ayurvedic-oil-with-amla-for-joint-pain-relief-otc356687,Pankajakasthuri Orthoherb Oil,Pankajakasthuri Herbals India (P) Ltd.,,"Vasa (Adhatoda vasica, Rt, Dct), Eranda (Ricinus communis, Rt, Dct), Bilwa (Aegle marmelos, Rt, Dct), Thwak (Cinnamomum zeylanicum, St. Bk, Dct), Maricha (Piper nigrum, Dr. Fr, Dct), Lavanga (Syzygium aromaticum, Dr. Fr, Dct), Jati (Myristica fragrans, Pp, Dct), Pata (Cyclea peltata, Rt, Dct), Nimba (Azadirachta indica, Rt, bk, Dct), Sahachara (Strobilanthes ciliatus, Rt, Dct), Nirgundi (Vitex negundo, Lf, Dct), Bala (Sida retusa, Rt, Dct), Punarnava (Boerhavia diffusa, Pl, Dct), Gunja (Abrus precatorius, Rt, Dct), Dusparsa (Tragia involucrata, Rt, Dct) 2 g each. Amalaki (Phyllanthus emblica, Dr. Fr, Pst), Manjishta (Rubia cordifolia, Rt, Pst), Guggulu (Balsamodendron mukul, Lx, Pst), Chitraka (Plumbago zeylanica, Rt, Pst) 2.5 g each. Kera thaila (Cocos nucifera, Oil) 27.50 ml, Eranda thaila (Ricinus communis, Oil) 82.50 ml, Eucalyptus Oil (Eucalyptus globulus, Oil), 100 ml, Liquid, The oil has anti-inflammatory and analgesic properties, It imparts muscle tone and lubricates the joints, It also imparts firmness to the limbs, It can help stimulate circulation, It helps the lymphatic functioning for detoxification",,"Read the label carefully before use, Store in a cool and dry place, Keep out of reach of children"
https://www.1mg.com/otc/dr-willmar-schwabe-india-prunus-spinosa-mother-tincture-q-otc391526,,Dr Willmar Schwabe India Pvt Ltd,,,,
https://www.1mg.com/otc/sbl-conium-maculatum-dilution-3-ch-otc352112,SBL Conium Maculatum Dilution,SBL Pvt Ltd,,,"Dosage should be directed by the physician.Maintain 30 minutes gap between drink, food or any other medication.Avoid strong smell in the mouth before taking a dose.",
https://www.1mg.com/otc/miduty-nerve-pain-relief-capsule-alpha-lipoic-acid-b-vitamins-neuropathy-support-otc918605,Miduty Nerve Pain Relief Capsule,Midvision Pvt Ltd,,,Use as directed on the label or as advised by your healthcare provider,
https://www.1mg.com/otc/axiom-jeevan-ras-flu-treat-immunity-booster-juice-otc424433,,Axiom Ayurveda,,,,
https://www.1mg.com/otc/medvision-hot-water-bottle-otc570021,Medvision Hot Water Bottle,Isha Surgical,"It is a hot water bottle made from natural rubber that provides comfort and warmth and helps relieve muscle pains, cramps and aches","Package dimensions: ‎ 30 x 22 x 5 cm; 350 grams, Soft and comfortable to touch, Retains heat for a long time, Ribbed outer surface helps maintain liquid temperature","Allow boiled water to stand for a few minutes, Fill the bottle slowly while holding it by the neck in an upright position, Only fill up to a maximum of two-thirds capacity","Read the label carefully before use, Do not use boiling water, Expel air from the bottle before filling it with hot water, Avoid prolonged direct contact with the skin"
https://www.1mg.com/otc/pravek-maha-balvardhak-oil-otc601978,Pravek Maha Balvardhak Oil,Pravek Kalp Private Limited,,,Massage adequate quantity of oil gently on the affected areas till it is absorbed. Use 2-3 times in a day for better results or as directed by the physician.,
https://www.1mg.com/otc/sbl-acetanilidum-dilution-12-ch-otc350845,SBL Acetanilidum Dilution,SBL Pvt Ltd,,"Rejuvenates livid skin, Helps in reducing body temperature in fever, Helps in preventing cold and fainting, Helps in treating headache, Improves upon weak and irregular pulse, Relieves feet and ankle swelling, Useful in pupil dilation, retina vessel shrinkage and many eye ailments",Dosage should be directed by the physician.,"Read the label carefully before use, Maintain 15 minutes gap between any food,drink and meal, Pregnant and breastfeeding mothers should consult a homeopathic practitioner before using it, Avoid tobacco and alcohol during the treatment, Do not exceed the recommended dose, Keep out of the reach of children"
https://www.1mg.com/otc/jiva-pain-calm-oil-pain-reliever-for-joint-pain-back-pain-frozen-shoulder-sprain-muscle-soreness-with-knee-cap-free-otc651981,Jiva Pain Calm Oil,Jiva Ayurvedic Pharmacy Ltd,,,,
https://www.1mg.com/otc/dr.-reckeweg-baptisia-tinctoria-dilution-cm-ch-otc373055,Dr. Reckeweg Baptisia Tinctoria Dilution,Dr Reckeweg & Co,,"It is primarily effective in the treatment of high fever, malarial poisoning and issues associated with influenza, Useful in the treatment of thyroid fever at all stages and corrects vital fluid decomposition and rapid disintegration, Has properties that forms anti-bodies which helps the body resist the invasion of bacillary intoxication that causes typhoid, Highly effective remedy for the treatment of grade fevers accompanied by nervousness, chilliness and pain in head, back and limbs, Effective in treatment of diarrhoea and flatulence in stomach",Take 3-5 drops of dilution in 1/4th cup of water thrice a day or as directed by the physician.,"Read the label carefully before use, Do not exceed the recommended dosage, Keep out of the reach of children, Store in a cool dry place away from direct sunlight and heat"
https://www.1mg.com/otc/st.-george-s-rheu-mix-painkiller-oil-otc388508,,St. George’s Homoeopathy,,,,
https://www.1mg.com/otc/volini-maxx-pain-relief-spray-for-back-neck-joint-muscle-pain-bone-joint-muscle-care-otc457561,Volini Maxx Spray,Sun Pharmaceutical Industries Ltd,,"Diclofenac Diethylamine IP Equivalent to Dicoflenac Sodium, Methyl Salicylate IP, Menthol IP, Provides instant pain relief and supports bone, joint and muscle care, A unique formulation of 2% diclofenac makes it 100% stronger than other sprays, Provides effective relief from severe neck and back pain, Helps in relieving musculoskeletal and joint pain, Effective in healing pain due to strain and sprain, Useful in case of sports injuries, Has a unique 360-degree delivery mechanism that ensures standardised drug delivery, It provides instant and long-lasting pain relief from knee pain, joint pain, back pain, calf pain, and neck pain","Shake well before each use. Spray the contents from 5 cm distance on the affected areas 3-4 times in a day or, as directed by the physician.","Read the label carefully before use, Store in a cool and dry place away from direct sunlight, Keep out of reach of the children, Do not exceed the recommended dosage, For external use only, Should be applied only to intact skin surfaces and not to skin wounds and open injuries, Should not come into contact with eyes, mucous membranes and should not be ingested, Store in a cool and dry place"
https://www.1mg.com/otc/deve-herbes-pure-malkangani-celastrus-paniculatus-oil-otc396731,Deve Herbes Pure Malkangani Oil,Deve Herbes,,"Celastrus Paniculatus, Has expectorant properties and used to treat cough and asthma, Has Anti-arthritic, analgesic and anti-inflammatory properties, Improves digestive function and appetite, Facilitates blood circulation and gives relief in headache, stress, anxiety and insomnia",Use Deve Herbes Pure Malkangani Oil as prescribed by the physician.,"A dietary nutritional supplement not for medicinal use, Read the label carefully before use, Do not exceed the recommended dose, Keep out of the reach of children, Store at a temperature below 25-degree Celsius and 40 % humidity in cool and dry place, Should be protected from direct light, Avoid any strong smell in the mouth such as coffee, onion, hing, mint, camphor, garlic etc while taking the medicine, Keep at least half an hour gap between food/drink/ any other medicines and allopathic medicine"
https://www.1mg.com/otc/sbl-chininum-sulphuricum-dilution-30-ch-otc346153,SBL Chininum Sulphuricum Dilution,SBL Pvt Ltd,,,Take 3-5 drops of dilution in 1 teaspoon of water three times a day or as directed by the physician.,
https://www.1mg.com/otc/jiva-pain-calm-oil-pain-reliever-for-joint-pain-back-pain-frozen-shoulder-sprain-muscle-soreness-otc651626,Jiva Pain Calm Oil,Jiva Ayurvedic Pharmacy Ltd,,,,
https://www.1mg.com/otc/dr.-reckeweg-natrum-salicy-dilution-1000-ch-otc331822,,Dr Reckeweg & Co,,,,
https://www.1mg.com/otc/moov-pain-relief-ointment-for-back-pain-joint-pain-knee-pain-muscle-pain-otc377375,"Moov Pain Relief Ointment for Back Pain, Joint Pain, Knee Pain, Muscle Pain",Reckitt Benckiser Healthcare Pvt. Ltd.,,"Ointment, 30g",,
https://www.1mg.com/otc/adel-magnesia-phosphoricum-biochemic-tablet-6x-otc329087,ADEL Magnesia Phosphoricum Biochemic Tablet 6X,Adel Pekana Germany,,"Magnesium Phosphoricum 6X, 20 gm, Tablet, This product may help in relieving headaches, especially those worsened by mental pressure, cold, or exposure to cold water, It may help to assist in managing neuralgic pain, particularly around the ears, and vertigo, providing comfort during such episodes, This medicine may help to support dental health by alleviating toothache, especially when relieved by heat and hot fluids, and is beneficial during teething in children, It may also help in the relief of abdominal pain associated with flatulence, particularly when the pain is managed by rubbing, warmth, or pressure, This formula can be useful for managing colic pains, It may also help in reducing muscle spasms and cramps, particularly in the legs and fingers, promoting overall muscle health",,"Read the label carefully before use, Maintain a half-hour gap between food, drink, and any other medicines and homoeopathic medicine, Avoid any strong smell in the mouth while taking medicine, such as camphor, garlic, onion, coffee, or hing, Store in a cool and dry place, Keep out of reach of children"
https://www.1mg.com/otc/dr-willmar-schwabe-india-colocynthis-mother-tincture-q-otc390887,,Dr Willmar Schwabe India Pvt Ltd,,,,
https://www.1mg.com/otc/volini-pain-relief-gel-for-sprain-muscle-joint-neck-low-back-pain-bone-joint-muscle-care-otc138818,Volini Pain Relief Gel,Sun Pharmaceutical Industries Ltd,,"Diclofenac Diethylamine Equivalent to Diclofenac Sodium 1% w/w, Methyl Salicylate IP, Menthol IP, Virgin Linseed Oil BP, Preservative, Benzyl Alcohol IP, Gel Base, The spray can offer relief when in pain and supports bone, muscle and joint care., It is effective for pain in the joints, knees, back, shoulders, and neck, It can work great on sports injuries such as muscle pulls, sprains, and strain, It provides instant and long-lasting pain relief from knee pain, joint pain, back pain, calf pain, and neck pain","The Volini pain relief bottle should be shaken well before spraying, Hold the spray bottle at a 5cm distance from the affected area and spray, You can use the spray about three to four times daily or as recommened by your physician","Read the label carefully before use, Store in a cool and dry place, away from sunlight, Keep out of reach of children, The Volini pain relief spray is meant for external application only, Use Volini per the doctor’s guidance, and be careful not to use more than the given dosage, Do not use the spray on open wounds or surfaces of the skin that are ruptured, The spray should not be ingested or come in contact with the eyes and mucous membranes, Avoid using the spray near a naked flame, Do not burn or make a hole in the bottle even after the spray is over"
https://www.1mg.com/otc/amrutanjan-advanced-joint-muscle-spray-otc872820,Amrutanjan Advanced Joint Muscle + Spray,Amrutanjan Health Care Ltd,,"Spray, 30 gm, Male/Female",,
https://www.1mg.com/otc/sbl-aconitum-napellus-dilution-50m-ch-otc385108,SBL Aconitum Napellus Dilution,SBL Pvt Ltd,,,Dosage should be prescribed by the physician.,
https://www.1mg.com/otc/lord-s-l-138-joint-drop-otc449090,,Lord's Homoeopathic Laboratory Pvt Ltd,,,,
https://www.1mg.com/otc/vovedic-plus-gel-otc254526,,Leeford Healthcare Ltd,,,,
https://www.1mg.com/otc/biohome-pain-off-drop-otc330154,,Bio Home Pharmacy,,,,
https://www.1mg.com/otc/vrinda-body-pain-relief-aromatic-therapeutic-oil-roll-on-otc535447,Vrinda Body Pain Relief Aromatic & Therapeutic Oil Roll On,Vrindaam Organics Private Limited,,,,
https://www.1mg.com/otc/zandu-fast-pain-relief-ayurvedic-ointment-otc389395,Zandu Fast Relief Ointment,Emami Ltd,,"Gaultheria fragrantissima, Mentha, Cinnamomum camphora, Trachyspermum ammi, Eucalyptus globulus, Pinus longifolia, Roamarinus officinalis, Boswellia serrata, Syzygium aromaticum, Capsicum annum, Base q.s., Ointment, 23 ml, Male/Female",Apply generously in a thin layer on the affected area and massage gently until ointment disappears. Repeat if necessary.,
https://www.1mg.com/otc/sbl-bromium-dilution-1000-ch-otc346049,SBL Bromium Dilution 6 CH,SBL Pvt Ltd,,,Take as directed by the physician and can be used with allopathic medicines.,
https://www.1mg.com/otc/dr-willmar-schwabe-india-kali-iodatum-dilution-30-ch-otc404489,,Dr Willmar Schwabe India Pvt Ltd,,,,
https://www.1mg.com/otc/bjain-kali-chloricum-dilution-200-ch-otc440811,Bjain Kali Chloricum Dilution,Bjain Pharmaceuticals Pvt. Ltd.,,Kali Chloricum,,
https://www.1mg.com/otc/sbl-arsenicum-album-0-9-lm-otc360870,,SBL Pvt Ltd,,,,
https://www.1mg.com/otc/jain-pain-off-oil-otc347255,"Kabiron Kab-Cast Fiber Glass Casting Tape 3"" x 4yrds 7.5cm x 3.6m",Sri Jain Ayurvedic Pharmacy,,,,
https://www.1mg.com/otc/tynor-j-15-neoprene-hinged-knee-wrap-xxl-otc346222,Tynor J-15 Knee Wrap Hinged (Neoprene),Tynor Orthotics Pvt. Ltd.,It is used to provide support to knee joint and ligaments.,"Ensures customized compression, Easy application, better sizing flexibility, and better fitting, Ensures longer life, appealing aesthetics, and color fastness, Better body heat retention increases blood circulation for faster healing",Use as per requirement or as directed by the physician.,"Read the label carefully before use, Keep out of the reach of children, Store in a cool and dry place"
https://www.1mg.com/otc/flamingo-lumbar-sacro-belt-for-pain-relief-supports-waist-back-otc397976,Flamingo Lumbar Sacro Belt Small,Ascent Meditech Limited,It is used to provide support to the lower spine area and also helps in reducing back pain.,,Read the label carefully before use.,
https://www.1mg.com/otc/sbl-kali-carbonicum-dilution-1000-ch-otc348864,SBL Kali Carbonicum Dilution,SBL Pvt Ltd,,"30 ml, Liquid",,
https://www.1mg.com/otc/sloan-s-liniment-kills-pain-reduces-swelling-strengthens-muscles-ligaments-otc315107,Sloan's Liniment,Piramal Enterprises Ltd,,Oil,,
https://www.1mg.com/otc/jiva-pain-calm-oil-pain-reliever-for-joint-pain-back-pain-frozen-shoulder-sprain-muscle-soreness-otc329877,Jiva Pain Calm Oil,Jiva Ayurvedic Pharmacy Ltd,,,,
https://www.1mg.com/otc/himalaya-rumalaya-pain-relief-gel-quick-relief-from-body-pain-ayurvedic-gel-otc90714,Himalaya Rumalaya Gel,Himalaya Wellness Company,,"30 gm, Gel",Apply a small quantity of the gel to the tender area and lightly massage it in or as directed by the physician.,
https://www.1mg.com/otc/rahat-nurament-oil-otc333426,Rahat Nurament Oil,Rahat Herbal Indutries,,"Nirgundi, Maidalakri, Sonth, Amba, Haldi, Kuchla, Neem, Ajwain, Majeeth, Taj, Narkachur, Lehsun, Methi, Loban, Aroma Colour, Ratanjot and Vegetable Oil, 50 ml, Liquid, Rahat Nurament Oil is known for its fast-acting properties, providing quick relief from muscular pain, pain in joints, neck stiffness, sprains, cuts, burns, backache, sciatica, and other related conditions, It is effective in providing relief from muscle and joint pain, making it beneficial for conditions such as arthritis, sprains, and strains, Rahat Nurament Oil has a soothing and cooling effect on the affected area, which can help reduce inflammation and discomfort, The oil is considered a natural pain reliever, providing relief from various types of pain without the use of harsh chemicals or synthetic ingredients",,"Read the label carefully before use, For external use only, Use under medical supervision"
https://www.1mg.com/otc/herb-essential-arthr-ease-oil-otc509006,Herb Essential Arthr-Ease Oil,Jain Lifesciences Pvt. Ltd.,,"Gandha purka tail, Nilgiri tail, Gandha biroja tail, Kapoor tail, Pudina tail, Twak tail, Ajamoda tail, Jayaphal tail, Lashun, Shunti, Ark, Dhattura, Sitab, Eranda, Nirgundi, The oil improves the strength of muscles, ligaments, tendons and other tissues in the body, It is known to be beneficial in pacifying degenerative conditions caused by vata and post-traumatic conditions, It is also an analgesic and helps provide relief to pain and inflammation found in joints, bones, tendons and cartilage, It can be considered one of the best massage oils made from natural ingredients, It pacifies vata aggression and is known to benefit the neurological and musculoskeletal systems",Use as directed on the label or as advised by your healthcare provider.,"Read the label carefully before use, Store in a cool and dry place away from direct sunlight, Keep out of reach of children"
https://www.1mg.com/otc/moov-cool-therapy-gel-otc964102,Moov Cool Therapy Gel,Reckitt Benckiser Healthcare Pvt. Ltd.,,"Each gram of gel contains: Pudina Satva (Mentha piperita) extract (Aerial parts of plant) 8.0% w/w, Preservative: Benzyl Alcohol IP, Colouring Agents: Brilliant Blue FCF, Tartrazine Yellow., Gel., 20g.",Apply a thin film of the gel to the affected area and massage gently. Repeat 3-4 times daily for best results.,
https://www.1mg.com/otc/bjain-camphora-dilution-30c-otc437361,Bjain Magnesium Phosphoricum Dilution,Bjain Pharmaceuticals Pvt. Ltd.,,Magnesium Phosphoricum,,
https://www.1mg.com/otc/dr-willmar-schwabe-india-capsicum-annuum-dilution-200-ch-otc398617,,Dr Willmar Schwabe India Pvt Ltd,,,,
https://www.1mg.com/otc/tynor-c-02-universal-shoulder-immobilizer-universal-otc346190,Tynor C-02 Universal Shoulder Immobiliser,Tynor Orthotics Pvt. Ltd.,It is used to provide support and stability to the dislocated shoulder.,"It offers better immobilization, Has easy application and removal, Durable and non –tearable, Provides warmth and is wrinkle free",Use as per requirement or as directed by the physician.,"Read the label carefully before use, Store in a cool dry place away from direct sunlight, Keep out of reach of the children, Avoid physical damage"
https://www.1mg.com/otc/deve-herbes-pure-arnica-arnica-montana-oil-otc394797,,Deve Herbes,,,,
https://www.1mg.com/otc/volini-maxx-pain-relief-spray-for-back-neck-joint-muscle-pain-bone-joint-muscle-care-otc457560,Volini Maxx Spray,Sun Pharmaceutical Industries Ltd,,"Diclofenac Diethylamine IP Equivalent to Dicoflenac Sodium, Methyl Salicylate IP, Menthol IP, Provides instant pain relief and supports bone, joint and muscle care, A unique formulation of 2% diclofenac makes it 100% stronger than other sprays, Provides effective relief from severe neck and back pain, Helps in relieving musculoskeletal and joint pain, Effective in healing pain due to strain and sprain, Useful in case of sports injuries, Has a unique 360-degree delivery mechanism that ensures standardised drug delivery, It provides instant and long-lasting pain relief from knee pain, joint pain, back pain, calf pain, and neck pain","Shake well before each use. Spray the contents from 5 cm distance on the affected areas 3-4 times in a day or, as directed by the physician.","Read the label carefully before use, Store in a cool and dry place away from direct sunlight, Keep out of reach of the children, Do not exceed the recommended dosage, For external use only, Should be applied only to intact skin surfaces and not to skin wounds and open injuries, Should not come into contact with eyes, mucous membranes and should not be ingested, Store in a cool and dry place"
https://www.1mg.com/otc/pankajakasthuri-orthoherb-ayurvedic-oil-with-amla-for-joint-pain-relief-otc356687,Pankajakasthuri Orthoherb Oil,Pankajakasthuri Herbals India (P) Ltd.,,"Vasa (Adhatoda vasica, Rt, Dct), Eranda (Ricinus communis, Rt, Dct), Bilwa (Aegle marmelos, Rt, Dct), Thwak (Cinnamomum zeylanicum, St. Bk, Dct), Maricha (Piper nigrum, Dr. Fr, Dct), Lavanga (Syzygium aromaticum, Dr. Fr, Dct), Jati (Myristica fragrans, Pp, Dct), Pata (Cyclea peltata, Rt, Dct), Nimba (Azadirachta indica, Rt, bk, Dct), Sahachara (Strobilanthes ciliatus, Rt, Dct), Nirgundi (Vitex negundo, Lf, Dct), Bala (Sida retusa, Rt, Dct), Punarnava (Boerhavia diffusa, Pl, Dct), Gunja (Abrus precatorius, Rt, Dct), Dusparsa (Tragia involucrata, Rt, Dct) 2 g each. Amalaki (Phyllanthus emblica, Dr. Fr, Pst), Manjishta (Rubia cordifolia, Rt, Pst), Guggulu (Balsamodendron mukul, Lx, Pst), Chitraka (Plumbago zeylanica, Rt, Pst) 2.5 g each. Kera thaila (Cocos nucifera, Oil) 27.50 ml, Eranda thaila (Ricinus communis, Oil) 82.50 ml, Eucalyptus Oil (Eucalyptus globulus, Oil), 100 ml, Liquid, The oil has anti-inflammatory and analgesic properties, It imparts muscle tone and lubricates the joints, It also imparts firmness to the limbs, It can help stimulate circulation, It helps the lymphatic functioning for detoxification",,"Read the label carefully before use, Store in a cool and dry place, Keep out of reach of children"
https://www.1mg.com/otc/sbl-bellis-perennis-dilution-6-ch-otc351301,SBL Bellis Perennis Dilution,SBL Pvt Ltd,,"It is primarily used for the treatment of injuries to soft tissue such as breasts and abdomen, Highly effective in the treatment of injuries to bones or sprains in the muscle tissue, It also helps in treating conditions related to internal bleeding during pregnancy, Effective in the treatment of varicose veins with bruises on the external surface, It helps in treating problems associated with pregnancy such as the inability to walk properly due to varicose veins",Take 3-5 drops in 1 teaspoon of water thrice a day or as directed by the physician.,"Read the label carefully before use, Do not exceed the recommended dose, Keep out of the reach of children, Use under medical supervision, Store in a cool dry place away from direct sunlight and heat"
https://www.1mg.com/otc/adel-gentiana-lut-mother-tincture-q-otc327669,,Adel Pekana Germany,,,,
https://www.1mg.com/otc/miduty-nerve-pain-relief-capsule-alpha-lipoic-acid-b-vitamins-neuropathy-support-otc918605,Miduty Nerve Pain Relief Capsule,Midvision Pvt Ltd,,,Use as directed on the label or as advised by your healthcare provider,
https://www.1mg.com/otc/bjain-aesculus-hippocastanum-dilution-10m-ch-otc718182,Bjain Aesculus Hippocastanum Dilution,Bjain Pharmaceuticals Pvt. Ltd.,,,As directed by the physician,
https://www.1mg.com/otc/dr.-reckeweg-bromium-dilution-1000-ch-otc335843,Dr. Reckeweg Bromium Dilution,Dr Reckeweg & Co,,"Bromine, Ethanol, Water, Liquid, The dilution may help in managing dry cough with hoarseness and burning pain behind the sternum, It reduces sweating, maintains strength and reduces sore discharges, It can help regulate temperature and not get hot which is worse in the evening till midnight, It may help in relieving pain in the headaches caused by sun heat and rapid movements, This dilution can help in managing nasal discharge with blockage of the right nostril, Dr. Reckeweg Bromium Dilution can help reduce the tonsil pain when any food or liquid is swallowed, This formulation may help manage pain behind the chest region with a lot of dry cough and hoarseness, It can help in reducing pus-filled pimples",,"Read the label carefully before use, Store in a cool and dry place, away from sunlight, Keep out of reach of children, Don’t exceed the recommended dosage"
https://www.1mg.com/otc/pravek-maha-balvardhak-oil-otc601978,Pravek Maha Balvardhak Oil,Pravek Kalp Private Limited,,,Massage adequate quantity of oil gently on the affected areas till it is absorbed. Use 2-3 times in a day for better results or as directed by the physician.,
https://www.1mg.com/otc/boroline-penorub-red-super-fast-pain-relief-otc800071,Boroline Penorub Red Super Fast Liquid Pain Reliever,G D Pharmaceuticals Pvt Ltd,,,,
https://www.1mg.com/otc/lp-773-neoprene-sacro-lumbar-support-medium-otc331297,LP #773 Neoprene Sacro Lumbar Support,LP Support,It help prevents muscular atrophy and relieves lower back pain.,,Use as directed by the health-care professional and Make sure the support is measured accurately around the waist.,"Read the label carefully before use, Keep out of reach of the children, Store in a cool dry place"
https://www.1mg.com/otc/jiva-pain-calm-oil-pain-reliever-for-joint-pain-back-pain-frozen-shoulder-sprain-muscle-soreness-with-knee-cap-free-otc651981,Jiva Pain Calm Oil,Jiva Ayurvedic Pharmacy Ltd,,,,
https://www.1mg.com/otc/tynor-j-12-ankle-support-neoprene-universal-otc345772,Tynor J-12 Ankle Support (Neoprene) Universal,Tynor Orthotics Pvt. Ltd.,"It can be used in high impact, sporting activities or by individuals where repetitive ankle injuries are common.","Provides more compression, more comfort, better grip and more durability, It also helps in faster healing and better pain relief because of heat retention, Ensures easy application and removal, Can be used during exercise or sporting activity, Prevents slippage and makes the product aesthetically appealing, The stabilizing splint supports the ankle where it is most needed, to prevent an ankle injury, It also helps to control swelling, oedema or sprains and rollovers of the ankle",Use as directed on the label or as directed by the physician,"Read the label carefully before use, Keep it out of reach of the children, Store in a cool and dry place away from direct sunlight"
https://www.1mg.com/otc/volini-maxx-pain-relief-spray-for-back-neck-joint-muscle-pain-bone-joint-muscle-care-otc457561,Volini Maxx Spray,Sun Pharmaceutical Industries Ltd,,"Diclofenac Diethylamine IP Equivalent to Dicoflenac Sodium, Methyl Salicylate IP, Menthol IP, Provides instant pain relief and supports bone, joint and muscle care, A unique formulation of 2% diclofenac makes it 100% stronger than other sprays, Provides effective relief from severe neck and back pain, Helps in relieving musculoskeletal and joint pain, Effective in healing pain due to strain and sprain, Useful in case of sports injuries, Has a unique 360-degree delivery mechanism that ensures standardised drug delivery, It provides instant and long-lasting pain relief from knee pain, joint pain, back pain, calf pain, and neck pain","Shake well before each use. Spray the contents from 5 cm distance on the affected areas 3-4 times in a day or, as directed by the physician.","Read the label carefully before use, Store in a cool and dry place away from direct sunlight, Keep out of reach of the children, Do not exceed the recommended dosage, For external use only, Should be applied only to intact skin surfaces and not to skin wounds and open injuries, Should not come into contact with eyes, mucous membranes and should not be ingested, Store in a cool and dry place"
https://www.1mg.com/otc/bjain-galium-aparine-dilution-30c-otc711241,Bjain Galium Aparine Dilution,Bjain Pharmaceuticals Pvt. Ltd.,,,Take 3-5 drops of the dilution in 1 teaspoon of water twice a day or as directed by the physician.,
https://www.1mg.com/otc/yuvika-khus-root-vetiveria-zizanioides-otc520142,Yuvika Khus Root - Vetiveria Zizanioides,DKC AGROTECH PVT. LTD.,,Pure Khus(Vetiver) Powder,Consume or use as directed by the physician.,
https://www.1mg.com/otc/jiva-pain-calm-oil-pain-reliever-for-joint-pain-back-pain-frozen-shoulder-sprain-muscle-soreness-otc651626,Jiva Pain Calm Oil,Jiva Ayurvedic Pharmacy Ltd,,,,
https://www.1mg.com/otc/zixa-strong-fast-acting-pain-relief-spray-dual-action-heals-back-pain-muscle-pain-knee-pain-joint-pain-75ml-each-otc818705,"ZIXA Strong Fast Acting Pain Relief Spray, Dual action, Heals Back Pain, Muscle Pain, Knee Pain, Joint Pain",Jenburkt Pharmaceuticals Ltd,,"Gandhapura patra tail, pudina satva, nilgiri tail, camphor, thymol",Spray on the affected area.,
https://www.1mg.com/otc/bjain-arnica-montana-dilution-10m-ch-otc433263,Bjain Arnica Montana Dilution,Bjain Pharmaceuticals Pvt. Ltd.,,,"10 to 15 drops in ¼ cup of water, two times a day, 10 minutes before or after meals or as prescribed by the physician.",
https://www.1mg.com/otc/moov-pain-relief-ointment-for-back-pain-joint-pain-knee-pain-muscle-pain-otc377375,"Moov Pain Relief Ointment for Back Pain, Joint Pain, Knee Pain, Muscle Pain",Reckitt Benckiser Healthcare Pvt. Ltd.,,"Ointment, 30g",,
https://www.1mg.com/otc/bjain-arnica-montana-dilution-6-ch-otc433362,Bjain Arnica Montana Dilution,Bjain Pharmaceuticals Pvt. Ltd.,,,"10 to 15 drops in ¼ cup of water, two times a day, 10 minutes before or after meals or as prescribed by the physician.",
https://www.1mg.com/otc/medigrip-ayurvedic-pain-relief-patch-large-brown-otc831132,Medigrip Ayurvedic Pain Relief Patch,Precision Coatings Pvt Ltd,,"Gandpura talia, Pudina salva, Karpura, It helps provide relief from muscular and skeletal pain, It may reduce irritation and itching, Pudina helps induce a cooling effect","Clean aching part, Dry the area, Remove the release paper, Apply patch","Read the label carefully before use, Store in a cool and dry place away from direct sunlight, Keep it out of the reach of children, Apply only on uncut skin"
https://www.1mg.com/otc/volini-pain-relief-gel-for-sprain-muscle-joint-neck-low-back-pain-bone-joint-muscle-care-otc138818,Volini Pain Relief Gel,Sun Pharmaceutical Industries Ltd,,"Diclofenac Diethylamine Equivalent to Diclofenac Sodium 1% w/w, Methyl Salicylate IP, Menthol IP, Virgin Linseed Oil BP, Preservative, Benzyl Alcohol IP, Gel Base, The spray can offer relief when in pain and supports bone, muscle and joint care., It is effective for pain in the joints, knees, back, shoulders, and neck, It can work great on sports injuries such as muscle pulls, sprains, and strain, It provides instant and long-lasting pain relief from knee pain, joint pain, back pain, calf pain, and neck pain","The Volini pain relief bottle should be shaken well before spraying, Hold the spray bottle at a 5cm distance from the affected area and spray, You can use the spray about three to four times daily or as recommened by your physician","Read the label carefully before use, Store in a cool and dry place, away from sunlight, Keep out of reach of children, The Volini pain relief spray is meant for external application only, Use Volini per the doctor’s guidance, and be careful not to use more than the given dosage, Do not use the spray on open wounds or surfaces of the skin that are ruptured, The spray should not be ingested or come in contact with the eyes and mucous membranes, Avoid using the spray near a naked flame, Do not burn or make a hole in the bottle even after the spray is over"
https://www.1mg.com/otc/sbl-pothos-foetidus-dilution-200-ch-otc348549,,SBL Pvt Ltd,,,,
https://www.1mg.com/otc/dr-willmar-schwabe-india-epiphagus-virginiana-dilution-1000-ch-otc401953,,Dr Willmar Schwabe India Pvt Ltd,,,,
https://www.1mg.com/otc/vissco-2-in-1-anklet-binder-to-support-stability-to-the-ankle-sprain-swelling-muscle-xxl-otc448850,Vissco 2708 Pro Ankler,Vissco Rehabilitation Aids Pvt. Ltd.,Used to provide stability to the ankle joint.,,Wear this compression sleeve as you would wear shocks.,
https://www.1mg.com/otc/bjain-magnesium-phosphoricum-dilution-200c-otc709177,Bjain Cucurbita Pepo Dilution,Bjain Pharmaceuticals Pvt. Ltd.,,,Take 3-5 drops of the dilution in 1 teaspoon of water twice a day or as directed by the physician.,
https://www.1mg.com/otc/basic-ayurveda-shadang-juice-otc449753,Basic Ayurveda Shadang Juice,Basic Ayurveda,,,Take Basic Ayurveda Shadang Juice as directed by the physician.,
https://www.1mg.com/otc/enzoswift-tablet-otc849803,Enzoswift Tablet,Pinklabs Biosciences Pvt Ltd,,"Bromelain, Trypsin, Rutoside, The tablets have anti-inflammatory properties that may help to soothe inflammation, The tablet helps to manage febrile conditions and lowers high body temperatures, They relieve menstrual pain and cramps and prevent headaches and toothaches",Use as directed by the physician,"Keep out of reach of children, Store in a cool and dry place, Read the label before use, Self-medication is not advisable, Do not exceed the recommended dosage"
https://www.1mg.com/otc/repl-dr.-advice-no.67-meningovit-drop-otc339402,,Renovision Exports Pvt Ltd,,,,
https://www.1mg.com/otc/doliosis-d82-hang-o-liquid-complex-otc392621,Doliosis D82 Hang-O Drop,Doliosis Holistic Medicine and Foods Pvt. Ltd.,,,As directed by your physician.,
https://www.1mg.com/otc/aksobha-long-herbal-hot-cold-therapy-pack-with-elastic-belt-otc828844,Aksobha Long Herbal Hot & Cold Therapy Pack with Elastic Belt,Aksobha,"It can be used as a hot and cold pack and an aromatherapy pack. People commonly use it as a hot pack for spine discomfort, elbow pain, knee pain, shoulder pain relief, stiff neck aid, and upper backaches remedy, It reduces swelling and muscle stiffness and promotes muscle relaxation","Aksobha’s Herbal Packs can be used for hot therapy, The heat of the packs reduces muscle spasms, relaxes tense muscles, relieves pain, and helps with movement, Applying heat to your tissues increases blood circulation, Hot therapy is commonly used to manage discomforts such as the stiff neck, muscle tension, muscle strains, sprains, and more, Aksobha’s Herbal Packs can also be used for cold therapy, Applying cold to your tissue results in the narrowing of your blood vessels, Slowing the blood flow and other fluids into the injured tissue reduces swelling, muscle spasms, pain, and inflammation, Cold therapy is commonly used to manage discomforts such as joint sprains, headaches, bruises, black and blue marks, swelling, fever, sunburns, and more, It helps reduce swelling and oedema at the site of injury, is Ideal for reducing pain / orthopaedic cases / post-operation and manages injuries, It relieves sore muscles and joints pain around your neck area with a neck pack, It’s reusable and can be used for hot therapy as well as for cold therapy",,"If the pack gets dirty, wipe it with a damp cloth and dry, Do not immerse in water or wash the pack, Heat the packs and use them frequently, Do not heat pack for longer than 2 mins or as directed, The pack can be put in a cloth bag and stored in the freezer if not used for long, Read the label carefully before use, Keep it out of the reach of children"
https://www.1mg.com/otc/renewa-grip-exerciser-v-type-otc506182,,Dr. Sayani's Health Care Pvt. Ltd.,,,,
https://www.1mg.com/otc/dr-willmar-schwabe-india-lupulinum-dilution-200-ch-otc405115,Dr Willmar Schwabe India Lupulinum Dilution,Dr Willmar Schwabe India Pvt Ltd,,"Willmar schwabe lupulinum, Lupulinum is useful in conditions of the nervous system attended with nausea, dizziness, and headache, It is beneficial for drawing and twitching in almost every muscle, For genito-urinary irritations, and irritation of the bladder, Lupulinum is effective",Use as directed on the label or as suggested by health care professionals.,"Store in a cool and dry place away from direct sunlight, Read the label carefully, Keep out of reach of children"
https://www.1mg.com/otc/sbl-melilotus-officinalis-dilution-12-ch-otc354548,,SBL Pvt Ltd,,,,
https://www.1mg.com/otc/bjain-aesculus-hippocastanum-dilution-6c-otc718158,Bjain Aesculus Hippocastanum Dilution,Bjain Pharmaceuticals Pvt. Ltd.,,,As directed by the physician,
https://www.1mg.com/otc/sloan-s-liniment-kills-pain-reduces-swelling-strengthens-muscles-ligaments-otc315107,Sloan's Liniment,Piramal Enterprises Ltd,,Oil,,
https://www.1mg.com/otc/jiva-pain-calm-oil-pain-reliever-for-joint-pain-back-pain-frozen-shoulder-sprain-muscle-soreness-otc329877,Jiva Pain Calm Oil,Jiva Ayurvedic Pharmacy Ltd,,,,
https://www.1mg.com/otc/himalaya-rumalaya-pain-relief-gel-quick-relief-from-body-pain-ayurvedic-gel-otc90714,Himalaya Rumalaya Gel,Himalaya Wellness Company,,"30 gm, Gel",Apply a small quantity of the gel to the tender area and lightly massage it in or as directed by the physician.,
https://www.1mg.com/otc/baidyanath-kam-dudha-ras-m.yu.-tablet-otc401648,Baidyanath Kam Dudha Ras (M.YU.) Tablet,Shree Baidyanath Ayurved Bhawan Pvt Ltd,,"Mukta pisti, Praval pishti, Mukta sukti pisti, Kapardika bhasma, Sankha bhasma, Swarna gairika and Amrita satva Kamdudha Ras., Tablet, Male/Female, Praval pishti and swarna gairika help provide relief from heartburn and gastritis by neutralising stomach acid, Sankha bhasma helps support digestive health, alleviating symptoms of indigestion and enhancing nutrient absorption, Mukta pisti and kapardika bhasma possesses anti-inflammatory properties which help reduce inflammation in the gastrointestinal tract, Amrita satva, derived from giloy, is a powerful immunomodulator that may help strengthen the immune system, Swarna Gairika helps in detoxification by eliminating toxins from the body and improving metabolic processes, The combination of cooling and soothing herbs helps to balance excess pitta in the body",Use as directed by the physician.,"Store in a cool and dry place away from direct sunlight, Read the product label carefully before use, Keep out of reach of children, Do not exceed the recommended dosage"
https://www.1mg.com/otc/dyna-knee-cap-large-otc518278,Dyna Knee Cap,Dynamic Techno Medicals Pvt. Ltd.,It is primarily used to give support and stability to the knee.,,Use as per requirement or as directed by the physician.,"Read the label carefully before use, Store in a cool dry place away from direct sunlight, Keep out of reach of the children, Avoid physical damage"
https://www.1mg.com/otc/moov-cool-therapy-gel-otc964102,Moov Cool Therapy Gel,Reckitt Benckiser Healthcare Pvt. Ltd.,,"Each gram of gel contains: Pudina Satva (Mentha piperita) extract (Aerial parts of plant) 8.0% w/w, Preservative: Benzyl Alcohol IP, Colouring Agents: Brilliant Blue FCF, Tartrazine Yellow., Gel., 20g.",Apply a thin film of the gel to the affected area and massage gently. Repeat 3-4 times daily for best results.,
https://www.1mg.com/otc/dr.-reckeweg-cedron-dilution-30-ch-otc326844,Dr. Reckeweg Cedron Dilution,Dr Reckeweg & Co,,"Simaruba Ferroginea (Cedron), Liquid dilution, The dilution provides relief from severe neuralgic pain, especially around the eyes and face, It helps in reducing inflammation and discomfort from insect bites and stings, It helps to reduce symptoms of malaria and other fever-related conditions, It supports overall nerve health and reduces the frequency of nerve-related pain",,"Store in a cool and dry place, Keep away from the direct sunlight, Keep out of the reach of children"
https://www.1mg.com/otc/lord-s-l-107-arthralgia-drop-otc448778,,Lord's Homoeopathic Laboratory Pvt Ltd,,,,
https://www.1mg.com/otc/bjain-kali-carbonicum-dilution-30-ch-otc440614,Bjain Kali Carbonicum Dilution,Bjain Pharmaceuticals Pvt. Ltd.,,,,
https://www.1mg.com/otc/bjain-magnesium-phosphoricum-dilution-10m-ch-otc438499,Bjain Cucurbita Pepo Dilution,Bjain Pharmaceuticals Pvt. Ltd.,,,Take 3-5 drops of the dilution in 1 teaspoon of water twice a day or as directed by the physician.,
https://www.1mg.com/otc/volini-maxx-pain-relief-spray-for-back-neck-joint-muscle-pain-bone-joint-muscle-care-otc457560,Volini Maxx Spray,Sun Pharmaceutical Industries Ltd,,"Diclofenac Diethylamine IP Equivalent to Dicoflenac Sodium, Methyl Salicylate IP, Menthol IP, Provides instant pain relief and supports bone, joint and muscle care, A unique formulation of 2% diclofenac makes it 100% stronger than other sprays, Provides effective relief from severe neck and back pain, Helps in relieving musculoskeletal and joint pain, Effective in healing pain due to strain and sprain, Useful in case of sports injuries, Has a unique 360-degree delivery mechanism that ensures standardised drug delivery, It provides instant and long-lasting pain relief from knee pain, joint pain, back pain, calf pain, and neck pain","Shake well before each use. Spray the contents from 5 cm distance on the affected areas 3-4 times in a day or, as directed by the physician.","Read the label carefully before use, Store in a cool and dry place away from direct sunlight, Keep out of reach of the children, Do not exceed the recommended dosage, For external use only, Should be applied only to intact skin surfaces and not to skin wounds and open injuries, Should not come into contact with eyes, mucous membranes and should not be ingested, Store in a cool and dry place"
https://www.1mg.com/otc/lord-s-l-156-rheuma-drop-otc449172,,Lord's Homoeopathic Laboratory Pvt Ltd,,,,
https://www.1mg.com/otc/adel-rhus-tox-dilution-200-otc334318,ADEL Rhus Tox Dilution,Adel Pekana Germany,,"Rhus toxicodendron., It may provide effective management for eczema and relieves conditions of itchiness and rashes, It may help in managing conditions associated with herpes, It may help in managing pains related to arthritis and rheumatism, It may relieve symptoms associated with flu and viral infections, It can help in managing sore, dry throat, and excessive cough, It may help in managing prolonged menses with heavy discharge accompanied by abdominal pain, It may help manage psychological issues such as depression and anxiety",Take 3-5 drops of Rhus Toxicodendron Dilution in half cup water thrice a day or as directed by the physician.,"Read the label carefully before use, Do not exceed the recommended dose, Keep out of the reach of children, Use under medical supervision, Store in a cool, dry place away from direct sunlight and heat"
https://www.1mg.com/otc/pankajakasthuri-orthoherb-ayurvedic-oil-with-amla-for-joint-pain-relief-otc356687,Pankajakasthuri Orthoherb Oil,Pankajakasthuri Herbals India (P) Ltd.,,"Vasa (Adhatoda vasica, Rt, Dct), Eranda (Ricinus communis, Rt, Dct), Bilwa (Aegle marmelos, Rt, Dct), Thwak (Cinnamomum zeylanicum, St. Bk, Dct), Maricha (Piper nigrum, Dr. Fr, Dct), Lavanga (Syzygium aromaticum, Dr. Fr, Dct), Jati (Myristica fragrans, Pp, Dct), Pata (Cyclea peltata, Rt, Dct), Nimba (Azadirachta indica, Rt, bk, Dct), Sahachara (Strobilanthes ciliatus, Rt, Dct), Nirgundi (Vitex negundo, Lf, Dct), Bala (Sida retusa, Rt, Dct), Punarnava (Boerhavia diffusa, Pl, Dct), Gunja (Abrus precatorius, Rt, Dct), Dusparsa (Tragia involucrata, Rt, Dct) 2 g each. Amalaki (Phyllanthus emblica, Dr. Fr, Pst), Manjishta (Rubia cordifolia, Rt, Pst), Guggulu (Balsamodendron mukul, Lx, Pst), Chitraka (Plumbago zeylanica, Rt, Pst) 2.5 g each. Kera thaila (Cocos nucifera, Oil) 27.50 ml, Eranda thaila (Ricinus communis, Oil) 82.50 ml, Eucalyptus Oil (Eucalyptus globulus, Oil), 100 ml, Liquid, The oil has anti-inflammatory and analgesic properties, It imparts muscle tone and lubricates the joints, It also imparts firmness to the limbs, It can help stimulate circulation, It helps the lymphatic functioning for detoxification",,"Read the label carefully before use, Store in a cool and dry place, Keep out of reach of children"
https://www.1mg.com/otc/wheezal-wl27-osteorthritis-drop-otc387898,Wheezal WL27 Osteoarthritis Drop,Wheezal Homoeo Pharma,,"Arnica Mont, Cimicifuga Rac, Kalmia Lat, Terebinth, Ledum Pal, Ruta, Hekla. Lava, Bryonia Alba, It helps improve joint health and flexibility, promoting mobility and reducing stiffness associated with conditions such as osteoarthritis and rheumatoid arthritis, It helps in building knee synovial fluid, which lubricates and cushions the joints, thereby improving joint function and reducing friction, It provides relief from joint aches and discomfort associated with various bone-related conditions, helping individuals manage symptoms and improve their quality of life, It is formulated with natural ingredients such as Arnica Mont, Cimicifuga Rac, Kalmia Lat, and others, known for their therapeutic properties in supporting joint health and alleviating symptoms of arthritis and other joint disorders, It can be used as per the advice of healthcare practitioners, ensuring safe and effective management of joint-related issues without causing adverse effects",10 to 15 drops in little water before every meal four times a day or as prescribed by the physician,"Read the label carefully before use, Store in a cool and dry place, away from sunlight, Keep out of reach of children"
https://www.1mg.com/otc/miduty-nerve-pain-relief-capsule-alpha-lipoic-acid-b-vitamins-neuropathy-support-otc918605,Miduty Nerve Pain Relief Capsule,Midvision Pvt Ltd,,,Use as directed on the label or as advised by your healthcare provider,
https://www.1mg.com/otc/bjain-arnica-montana-dilution-12c-otc433306,Bjain Arnica Montana Dilution,Bjain Pharmaceuticals Pvt. Ltd.,,,"10 to 15 drops in ¼ cup of water, two times a day, 10 minutes before or after meals or as prescribed by the physician.",
https://www.1mg.com/otc/millennium-herbal-care-antarth-plus-softgel-capsule-20-each-for-joint-health-support-otc636311,Millennium Herbal Care Antarth Plus Softgel Capsule,Millennium Herbal Care,,,1-2 capsules to be taken twice daily after meals for 8-12 weeks or as directed by the physician.,
https://www.1mg.com/otc/pravek-maha-balvardhak-oil-otc601978,Pravek Maha Balvardhak Oil,Pravek Kalp Private Limited,,,Massage adequate quantity of oil gently on the affected areas till it is absorbed. Use 2-3 times in a day for better results or as directed by the physician.,
https://www.1mg.com/otc/kairali-prasarani-thailam-otc352308,Kairali Prasarini Thailam,Kairali Ayurvedic Products Pvt. Ltd.,,"Thaila	Sesame indicum, Prasarni Merremia tridentata, Sahacara Barleria prionitis, 	Sathavari Asparagus racemosus, Bala	Sida cordifolia,	Atmagupta Mucuna pruriens, Ketaki	Pandanus odoratissimus,Ashwagandha Withania somnifera, Paya Milk, Dadhi Curd, Mastu Whey, Sukta	Sour gruel, Mamsa rasa,  Tagara Valeriana jatamansi, Madana Randia dumetorum, Kusta	Sassurea lappa, Kesera Mesua ferrea, Mustaka Cyperus rotundus, Twak Cinnamomum verum, Rasna	Alpinia galanga, SaindavaRock salt, Pippali Piper longum, Pippali mula Piper longum, MamsiNardostachys jatamansi, Manjista Rubia cordifolia, Yastika Glycyrrhiza glabra, 	Dwimeda Asparagus racemosus(sub), Dwijivaka Pueraria tuberosa(sub), Satapushba	Anethum graveolens, Vyaghranakha	shell, Sunthi	Zingiber officinale, Devahwa Cedrus deodara, Dwikakoli Withania somnifera(sub), Vacha Acorus calamus, Bhallataka Semicarpus anacardium, 200 ml, Liquid, Prasarani Thailam is specifically formulated to provide relief from joint pain, including conditions like Rheumatoid Arthritis and other joint-related pains, Being an Ayurvedic oil, Prasarani Thailam is prepared using various herbs and ingredients known for their therapeutic properties, Prasarani Thailam may also be used in the treatment of neurological disorders affecting the neck, shoulder, and arm",,"Read the label carefully before use, Store in a cool and dry place, Keep out of reach of children"
https://www.1mg.com/otc/jiva-pain-calm-oil-pain-reliever-for-joint-pain-back-pain-frozen-shoulder-sprain-muscle-soreness-with-knee-cap-free-otc651981,Jiva Pain Calm Oil,Jiva Ayurvedic Pharmacy Ltd,,,,
https://www.1mg.com/otc/pankajakasthuri-orthoherb-ayurvedic-oil-with-amla-for-joint-pain-relief-otc356687,Pankajakasthuri Orthoherb Oil,Pankajakasthuri Herbals India (P) Ltd.,,"Vasa (Adhatoda vasica, Rt, Dct), Eranda (Ricinus communis, Rt, Dct), Bilwa (Aegle marmelos, Rt, Dct), Thwak (Cinnamomum zeylanicum, St. Bk, Dct), Maricha (Piper nigrum, Dr. Fr, Dct), Lavanga (Syzygium aromaticum, Dr. Fr, Dct), Jati (Myristica fragrans, Pp, Dct), Pata (Cyclea peltata, Rt, Dct), Nimba (Azadirachta indica, Rt, bk, Dct), Sahachara (Strobilanthes ciliatus, Rt, Dct), Nirgundi (Vitex negundo, Lf, Dct), Bala (Sida retusa, Rt, Dct), Punarnava (Boerhavia diffusa, Pl, Dct), Gunja (Abrus precatorius, Rt, Dct), Dusparsa (Tragia involucrata, Rt, Dct) 2 g each. Amalaki (Phyllanthus emblica, Dr. Fr, Pst), Manjishta (Rubia cordifolia, Rt, Pst), Guggulu (Balsamodendron mukul, Lx, Pst), Chitraka (Plumbago zeylanica, Rt, Pst) 2.5 g each. Kera thaila (Cocos nucifera, Oil) 27.50 ml, Eranda thaila (Ricinus communis, Oil) 82.50 ml, Eucalyptus Oil (Eucalyptus globulus, Oil), 100 ml, Liquid, The oil has anti-inflammatory and analgesic properties, It imparts muscle tone and lubricates the joints, It also imparts firmness to the limbs, It can help stimulate circulation, It helps the lymphatic functioning for detoxification",,"Read the label carefully before use, Store in a cool and dry place, Keep out of reach of children"
https://www.1mg.com/otc/snec-30-liquid-turmeric-curcumin-capsule-us-patent-supports-joint-heart-brain-health-otc638980,Snec 30 Liquid Turmeric Curcumin Capsule US Patent,Arbro Pharmaceuticals Pvt Ltd,,,Use as directed by a healthcare professional,
https://www.1mg.com/otc/volini-maxx-pain-relief-spray-for-back-neck-joint-muscle-pain-bone-joint-muscle-care-otc457561,Volini Maxx Spray,Sun Pharmaceutical Industries Ltd,,"Diclofenac Diethylamine IP Equivalent to Dicoflenac Sodium, Methyl Salicylate IP, Menthol IP, Provides instant pain relief and supports bone, joint and muscle care, A unique formulation of 2% diclofenac makes it 100% stronger than other sprays, Provides effective relief from severe neck and back pain, Helps in relieving musculoskeletal and joint pain, Effective in healing pain due to strain and sprain, Useful in case of sports injuries, Has a unique 360-degree delivery mechanism that ensures standardised drug delivery, It provides instant and long-lasting pain relief from knee pain, joint pain, back pain, calf pain, and neck pain","Shake well before each use. Spray the contents from 5 cm distance on the affected areas 3-4 times in a day or, as directed by the physician.","Read the label carefully before use, Store in a cool and dry place away from direct sunlight, Keep out of reach of the children, Do not exceed the recommended dosage, For external use only, Should be applied only to intact skin surfaces and not to skin wounds and open injuries, Should not come into contact with eyes, mucous membranes and should not be ingested, Store in a cool and dry place"
https://www.1mg.com/otc/zandu-ultra-power-balm-for-pain-relief-from-strong-headache-bodyaches-cold-bone-joint-muscle-care-otc854335,,Zandu Pharmaceutical Works Ltd,,,,
https://www.1mg.com/otc/dr.-reckeweg-eupatorium-purpureum-dilution-30-ch-otc326778,Dr. Reckeweg Eupatorium Purpureum Dilution,Dr Reckeweg & Co,,"Plant extract of Joe-Pye weed, Ethanol, Effective in managing the condition of albuminuria, Helps reduce irritation in the bladder, Helpful in the condition of blood in urine, Useful in case of enlarged prostate, Relieves impotency and sterility, Soothes headaches with vertigo, May relieve pain in the kidneys, Eases pain in the urethra on urinating, Relieves sensation of heaviness in the back, Provides relief from pain around the left ovary, 10 ML, Liquid dilution","Take 3-5 drops 2-3 times in a day or, as prescribed by a physician.","Use under medical supervision, Store in a cool and dry place, away from direct sunlight, Consult a doctor before use, especially for individuals with specific medical conditions, Keep out of the reach of children"
https://www.1mg.com/otc/jiva-pain-calm-oil-pain-reliever-for-joint-pain-back-pain-frozen-shoulder-sprain-muscle-soreness-otc651626,Jiva Pain Calm Oil,Jiva Ayurvedic Pharmacy Ltd,,,,
https://www.1mg.com/otc/basic-ayurveda-brihat-kasturi-bhairav-ras-with-gold-otc450536,,Basic Ayurveda,,,,
https://www.1mg.com/otc/bjain-pyrogenium-dilution-1000-ch-otc434811,Bjain Pyrogenium Dilution,Bjain Pharmaceuticals Pvt. Ltd.,,,Take 5 drops in half cup water 3 times a day or as directed by the physician.,
https://www.1mg.com/otc/moov-pain-relief-ointment-for-back-pain-joint-pain-knee-pain-muscle-pain-otc377375,"Moov Pain Relief Ointment for Back Pain, Joint Pain, Knee Pain, Muscle Pain",Reckitt Benckiser Healthcare Pvt. Ltd.,,"Ointment, 30g",,
https://www.1mg.com/otc/sbl-natrum-sulphuricum-0-24-lm-otc366295,,SBL Pvt Ltd,,,,
https://www.1mg.com/otc/volini-pain-relief-gel-for-sprain-muscle-joint-neck-low-back-pain-bone-joint-muscle-care-otc138818,Volini Pain Relief Gel,Sun Pharmaceutical Industries Ltd,,"Diclofenac Diethylamine Equivalent to Diclofenac Sodium 1% w/w, Methyl Salicylate IP, Menthol IP, Virgin Linseed Oil BP, Preservative, Benzyl Alcohol IP, Gel Base, The spray can offer relief when in pain and supports bone, muscle and joint care., It is effective for pain in the joints, knees, back, shoulders, and neck, It can work great on sports injuries such as muscle pulls, sprains, and strain, It provides instant and long-lasting pain relief from knee pain, joint pain, back pain, calf pain, and neck pain","The Volini pain relief bottle should be shaken well before spraying, Hold the spray bottle at a 5cm distance from the affected area and spray, You can use the spray about three to four times daily or as recommened by your physician","Read the label carefully before use, Store in a cool and dry place, away from sunlight, Keep out of reach of children, The Volini pain relief spray is meant for external application only, Use Volini per the doctor’s guidance, and be careful not to use more than the given dosage, Do not use the spray on open wounds or surfaces of the skin that are ruptured, The spray should not be ingested or come in contact with the eyes and mucous membranes, Avoid using the spray near a naked flame, Do not burn or make a hole in the bottle even after the spray is over"
https://www.1mg.com/otc/sbl-cinchona-officinalis-dilution-12-ch-otc351894,SBL Cinchona Officinalis Dilution,SBL Pvt Ltd,,Cinchona Officinalis,Take 3-5 drops of dilution in 1 teaspoon of water three times a day or as directed by the physician.,
https://www.1mg.com/otc/repl-dr.-advice-no.18-backache-drop-otc339346,,Renovision Exports Pvt Ltd,,,,
https://www.1mg.com/otc/sbl-relaxhed-tablet-otc330969,SBL Relaxed Tablet,SBL Pvt Ltd,,,Take the SBL Relaxed Tablet as directed by the physician.,
https://www.1mg.com/otc/dr.-reckeweg-r32-excessive-perspiration-drop-otc327463,,Dr Reckeweg & Co,,,,
https://www.1mg.com/otc/bakson-b11-pain-drop-otc388020,Bakson's B11 Pain Drop,Bakson Drugs &  Pharmaceuticals Pvt. ltd.,,,Ideal dosage for B11 Drops:,
https://www.1mg.com/otc/sri-sri-tattva-amrutadi-vati-500mg-otc330688,Sri Sri Tattva Amrutadi Vati 500mg,Sriveda Sattva Pvt Ltd,,,Take 1 tablet thrice a day or as directed by the physician.,
https://www.1mg.com/otc/medilexicon-ortholex-ultimate-sciatica-drop-otc402438,,Medilexicon,,,,
https://www.1mg.com/otc/scortis-health-care-volitis-balm-otc856414,Scortis Health Care Balm Volitis,Scortis Lab Pvt Ltd,,"Nilgiri Oil (Eucalyptus), Dalchini Oil, Pudina Phool, Kapoor, Gandhtram Oil, Nilgiri Oil (eucalyptus) provides relief from joint pain, muscle pain, and headache, Pudina phool provides a cooling effect and helps to soothe the affected area, It provides effective relief from cough and cold, It helps soothe headaches and body aches, It can help relieve nasal and chest congestion",Massage gently on the affected area or as directed by a healthcare professional,"Read the label carefully before use, Store in a cool and dry place, away from sunlight, Keep out of reach of children"
https://www.1mg.com/otc/basic-ayurveda-guduchi-ghana-vati-otc595508,Guduchi Ghan Vati (Samsamani Vati),Basic Ayurveda,,"Guduchi (Giloy), Help reduce mental stress as well as anxiety, It helps get rid of toxins, boosts the memory, calms you down and makes for an excellent health tonic, Giloy is known for its anti-inflammatory benefits and helps reduce respiratory problems like frequent cough, cold, tonsils, Giloy contains anti-inflammatory and anti-arthritic properties that help treat arthritis and its several symptoms",Use as directed.,"Read the label carefully before use, Store in a cool dry place away from direct sunlight, Keep out of reach of the children"
https://www.1mg.com/otc/t-heal-muco-polysaccharide-collagen-type-i-vitamin-c-capsule-for-pain-relief-otc900965,T-Heal,Alkem Laboratories Ltd,,"Mucopolysaccharides, Collagen Type I, Vitamin C, Other Ingredients: Bulking Agent (Microcrystalline Cellulose, Anti-caking agent (Talc), Amorphous Silicon Dioxide, Mucopolysaccharides has lubricating and shock-absorbing properties, Collagen can help in the regeneration of cartilage and provide strength to the bones and improve joint flexibility, Vitamin C acts as an antioxidant that can help with iron absorption, synthesis of new collagen fibres, and promote healing at the joint site, Capsules",,"Read the label carefully before use, Store below 25C in a dry place, protected from direct sunlight, Keep out of reach of children, Not to exceed the stated recommended daily usage, Consult a healthcare professional if pregnant, lactating, or taking any medication, This product is not intended to diagnose, treat, cure, or prevent any disease"
https://www.1mg.com/otc/deve-herbes-pure-malkangani-celastrus-paniculatus-oil-otc396722,Deve Herbes Pure Malkangani Oil,Deve Herbes,,"Celastrus Paniculatus, Has expectorant properties and used to treat cough and asthma, Has Anti-arthritic, analgesic and anti-inflammatory properties, Improves digestive function and appetite, Facilitates blood circulation and gives relief in headache, stress, anxiety and insomnia",Use Deve Herbes Pure Malkangani Oil as prescribed by the physician.,"A dietary nutritional supplement not for medicinal use, Read the label carefully before use, Do not exceed the recommended dose, Keep out of the reach of children, Store at a temperature below 25-degree Celsius and 40 % humidity in cool and dry place, Should be protected from direct light, Avoid any strong smell in the mouth such as coffee, onion, hing, mint, camphor, garlic etc while taking the medicine, Keep at least half an hour gap between food/drink/ any other medicines and allopathic medicine"
https://www.1mg.com/otc/lp-641-knee-support-elastic-single-large-black-otc331170,LP #641 Knee Support Elastic,LP Support,These supports are used to prevent knee ache and it helps to treat knee injuries.,,"Sit comfortably on a chair and apply the support on the affected area, Make sure they are not tight, you should not feel any numbness and walk around and smooth the knee support to eliminate the wrinkles","Hand wash in cold water with mild soap. Rinse thoroughly, Air dry at room temperature. Do not machine wash and dry, Should a rash or irritation occur, discontinue use and consult your physician"
https://www.1mg.com/otc/sloan-s-liniment-kills-pain-reduces-swelling-strengthens-muscles-ligaments-otc315107,Sloan's Liniment,Piramal Enterprises Ltd,,Oil,,
https://www.1mg.com/otc/jiva-pain-calm-oil-pain-reliever-for-joint-pain-back-pain-frozen-shoulder-sprain-muscle-soreness-otc329877,Jiva Pain Calm Oil,Jiva Ayurvedic Pharmacy Ltd,,,,
https://www.1mg.com/otc/dr-willmar-schwabe-india-luffa-operculata-dilution-1000-ch-otc405104,,Dr Willmar Schwabe India Pvt Ltd,,,,
https://www.1mg.com/otc/himalaya-rumalaya-pain-relief-gel-quick-relief-from-body-pain-ayurvedic-gel-otc90714,Himalaya Rumalaya Gel,Himalaya Wellness Company,,"30 gm, Gel",Apply a small quantity of the gel to the tender area and lightly massage it in or as directed by the physician.,
https://www.1mg.com/otc/bjain-rhus-toxicodendron-dilution-10m-ch-otc434326,Bjain Rhus Toxicodendron Dilution,Bjain Pharmaceuticals Pvt. Ltd.,,,Take 3-5 drops of the dilution in 1 teaspoon of water twice a day or as directed by the physician.,
https://www.1mg.com/otc/sbl-taraxacum-dilution-200-ch-otc348832,,SBL Pvt Ltd,,,,
https://www.1mg.com/otc/moov-cool-therapy-gel-otc964102,Moov Cool Therapy Gel,Reckitt Benckiser Healthcare Pvt. Ltd.,,"Each gram of gel contains: Pudina Satva (Mentha piperita) extract (Aerial parts of plant) 8.0% w/w, Preservative: Benzyl Alcohol IP, Colouring Agents: Brilliant Blue FCF, Tartrazine Yellow., Gel., 20g.",Apply a thin film of the gel to the affected area and massage gently. Repeat 3-4 times daily for best results.,
https://www.1mg.com/otc/sbl-kali-carbonicum-dilution-50m-ch-otc385259,SBL Kali Carbonicum Dilution,SBL Pvt Ltd,,"30 ml, Liquid",,
https://www.1mg.com/otc/adel-agaricus-mus.-dilution-1m-otc332625,ADEL Agaricus M Dilution,Adel Pekana Germany,,"Agaricus Muscarius, Highly useful in managing conditions associated with delirium, Relieves painful headache and ailments related to it such as dizziness and vertigo, Pain in the eyeballs and difficulty reading, itchiness and irritation is effectively treated, Relieves burning and itching of the ears with twitching of the muscles around the ears, Treats irritation of the nose with spasmodic sneezing with nose bleeds, Provides effective relief from facial neuralgia, Treats vesicular eruptions on the lips with ulcers of the mouth, It can be used for treating conditions of frequent urination with burning pain in the urethra, In females it helps in dealing with premature menses with spasmodic pains in the genitals and the back, Irregular pulse with the sensation of oppression in the cardiac region is effectively managed, It can also be used for managing skin disorders such as fever, sleeplessness and itchy eruptions",Take 2-3 drops 3-5 times a day or as directed by the physician.,"Read the label carefully before use, Do not exceed the recommended dosage, Keep out of the reach of children, Store in a cool dry place away from direct sunlight and heat"
https://www.1mg.com/otc/sbl-tabacum-dilution-1000-ch-otc348821,,SBL Pvt Ltd,,,,
https://www.1mg.com/otc/volini-maxx-pain-relief-spray-for-back-neck-joint-muscle-pain-bone-joint-muscle-care-otc457560,Volini Maxx Spray,Sun Pharmaceutical Industries Ltd,,"Diclofenac Diethylamine IP Equivalent to Dicoflenac Sodium, Methyl Salicylate IP, Menthol IP, Provides instant pain relief and supports bone, joint and muscle care, A unique formulation of 2% diclofenac makes it 100% stronger than other sprays, Provides effective relief from severe neck and back pain, Helps in relieving musculoskeletal and joint pain, Effective in healing pain due to strain and sprain, Useful in case of sports injuries, Has a unique 360-degree delivery mechanism that ensures standardised drug delivery, It provides instant and long-lasting pain relief from knee pain, joint pain, back pain, calf pain, and neck pain","Shake well before each use. Spray the contents from 5 cm distance on the affected areas 3-4 times in a day or, as directed by the physician.","Read the label carefully before use, Store in a cool and dry place away from direct sunlight, Keep out of reach of the children, Do not exceed the recommended dosage, For external use only, Should be applied only to intact skin surfaces and not to skin wounds and open injuries, Should not come into contact with eyes, mucous membranes and should not be ingested, Store in a cool and dry place"
https://www.1mg.com/otc/bjain-magnesium-phosphoricum-dilution-10m-ch-otc697229,Bjain Cucurbita Pepo Dilution,Bjain Pharmaceuticals Pvt. Ltd.,,,Take 3-5 drops of the dilution in 1 teaspoon of water twice a day or as directed by the physician.,
https://www.1mg.com/otc/pankajakasthuri-orthoherb-ayurvedic-oil-with-amla-for-joint-pain-relief-otc356687,Pankajakasthuri Orthoherb Oil,Pankajakasthuri Herbals India (P) Ltd.,,"Vasa (Adhatoda vasica, Rt, Dct), Eranda (Ricinus communis, Rt, Dct), Bilwa (Aegle marmelos, Rt, Dct), Thwak (Cinnamomum zeylanicum, St. Bk, Dct), Maricha (Piper nigrum, Dr. Fr, Dct), Lavanga (Syzygium aromaticum, Dr. Fr, Dct), Jati (Myristica fragrans, Pp, Dct), Pata (Cyclea peltata, Rt, Dct), Nimba (Azadirachta indica, Rt, bk, Dct), Sahachara (Strobilanthes ciliatus, Rt, Dct), Nirgundi (Vitex negundo, Lf, Dct), Bala (Sida retusa, Rt, Dct), Punarnava (Boerhavia diffusa, Pl, Dct), Gunja (Abrus precatorius, Rt, Dct), Dusparsa (Tragia involucrata, Rt, Dct) 2 g each. Amalaki (Phyllanthus emblica, Dr. Fr, Pst), Manjishta (Rubia cordifolia, Rt, Pst), Guggulu (Balsamodendron mukul, Lx, Pst), Chitraka (Plumbago zeylanica, Rt, Pst) 2.5 g each. Kera thaila (Cocos nucifera, Oil) 27.50 ml, Eranda thaila (Ricinus communis, Oil) 82.50 ml, Eucalyptus Oil (Eucalyptus globulus, Oil), 100 ml, Liquid, The oil has anti-inflammatory and analgesic properties, It imparts muscle tone and lubricates the joints, It also imparts firmness to the limbs, It can help stimulate circulation, It helps the lymphatic functioning for detoxification",,"Read the label carefully before use, Store in a cool and dry place, Keep out of reach of children"
https://www.1mg.com/otc/menthodex-strong-pain-balm-100gm-each-otc978663,Menthodex Strong Pain Balm,Doshi Laboratories,,,Use as directed on the label or as suggested by a healthcare practitioner.,
https://www.1mg.com/otc/sbl-aconitum-napellus-dilution-10m-ch-otc385105,SBL Aconitum Napellus Dilution,SBL Pvt Ltd,,,Dosage should be prescribed by the physician.,
https://www.1mg.com/otc/miduty-nerve-pain-relief-capsule-alpha-lipoic-acid-b-vitamins-neuropathy-support-otc918605,Miduty Nerve Pain Relief Capsule,Midvision Pvt Ltd,,,Use as directed on the label or as advised by your healthcare provider,
https://www.1mg.com/otc/bjain-lobelia-inflata-mother-tincture-q-otc445566,Bjain Lobelia Inflata Mother Tincture,Bjain Pharmaceuticals Pvt. Ltd.,,,Take 10-15 drops of mother tincture in half cup of water twice a day or as directed by the physician.,
https://www.1mg.com/otc/doliosis-d73-heatintol-liquid-complex-otc392607,Dolisos Heatintol D73 Drop,Doliosis Holistic Medicine and Foods Pvt. Ltd.,,"30 ml, Liquid",,
https://www.1mg.com/otc/pravek-maha-balvardhak-oil-otc601978,Pravek Maha Balvardhak Oil,Pravek Kalp Private Limited,,,Massage adequate quantity of oil gently on the affected areas till it is absorbed. Use 2-3 times in a day for better results or as directed by the physician.,
https://www.1mg.com/otc/tynor-f-02-finger-cot-splint-medium-otc344146,Tynor F-02 Finger Cot Splint,Tynor Orthotics Pvt. Ltd.,High patient compliance allows and free movement of the joint.,,Use as per requirement or as directed by the physician.,
https://www.1mg.com/otc/jiva-pain-calm-oil-pain-reliever-for-joint-pain-back-pain-frozen-shoulder-sprain-muscle-soreness-with-knee-cap-free-otc651981,Jiva Pain Calm Oil,Jiva Ayurvedic Pharmacy Ltd,,,,
https://www.1mg.com/otc/dr-willmar-schwabe-india-lobelia-inflata-dilution-30-ch-otc405050,,Dr Willmar Schwabe India Pvt Ltd,,,,
https://www.1mg.com/otc/sbl-helleborus-niger-dilution-6-ch-otc353399,SBL Helleborus Niger Dilution 200 CH,SBL Pvt Ltd,,"Provides relief from chronic headache, Reduces excessive salivation and bad breath, Helps in treating skin disorders such as itching and edema, Relieves pain in arms and legs, Helps in reducing depression and melancholic weeping, Reduces frequent urge to urinate",Dosage should be directed by the physician. It can be safely taken along with other allopathic medicines,"Read the label carefully before use, Keep out of the reach of children, Use under medical supervision, Do not exceed the recommended dosage, Maintain half an hour gap between food, drink and any other homoeopathic medicine, Avoid any strong smell in the mouth while taking medicine e.g. camphor, garlic, onion, coffee and hing, Store in a cool and dry place"
https://www.1mg.com/otc/volini-maxx-pain-relief-spray-for-back-neck-joint-muscle-pain-bone-joint-muscle-care-otc457561,Volini Maxx Spray,Sun Pharmaceutical Industries Ltd,,"Diclofenac Diethylamine IP Equivalent to Dicoflenac Sodium, Methyl Salicylate IP, Menthol IP, Provides instant pain relief and supports bone, joint and muscle care, A unique formulation of 2% diclofenac makes it 100% stronger than other sprays, Provides effective relief from severe neck and back pain, Helps in relieving musculoskeletal and joint pain, Effective in healing pain due to strain and sprain, Useful in case of sports injuries, Has a unique 360-degree delivery mechanism that ensures standardised drug delivery, It provides instant and long-lasting pain relief from knee pain, joint pain, back pain, calf pain, and neck pain","Shake well before each use. Spray the contents from 5 cm distance on the affected areas 3-4 times in a day or, as directed by the physician.","Read the label carefully before use, Store in a cool and dry place away from direct sunlight, Keep out of reach of the children, Do not exceed the recommended dosage, For external use only, Should be applied only to intact skin surfaces and not to skin wounds and open injuries, Should not come into contact with eyes, mucous membranes and should not be ingested, Store in a cool and dry place"
https://www.1mg.com/otc/snec-30-liquid-turmeric-curcumin-capsule-us-patent-supports-joint-heart-brain-health-otc337867,Snec 30 Liquid Turmeric Curcumin Capsule US Patent,Arbro Pharmaceuticals Pvt Ltd,,,Use as directed by a healthcare professional,
https://www.1mg.com/otc/dominion-care-magic-massager-otc492076,Dominion Care Magic Massager,Kapil Plastic Mould,Designed to help massage different areas of the body,"A complete body massager that helps in relieving pain across the body, Contains seven massage heads and has a motor DC, Helps in stimulating acupuncture points in the body, It helps remove fat from stubborn areas like the thighs, belly, waist and shoulder, Stimulating acupuncture points in the body and helps in removing fat",Read the instruction manual carefully and thoroughly before using this product,"Read the label carefully before use, Store in a cool and dry place, away from sunlight, Keep out of reach of children"
https://www.1mg.com/otc/jiva-pain-calm-oil-pain-reliever-for-joint-pain-back-pain-frozen-shoulder-sprain-muscle-soreness-otc651626,Jiva Pain Calm Oil,Jiva Ayurvedic Pharmacy Ltd,,,,
https://www.1mg.com/otc/comprezon-classic-varicose-vein-stockings-class-1-below-knee-xl-beige-otc390138,Comprezon Classic Varicose Vein Stockings Class 1 Below Knee,Dynamic Techno Medicals Pvt. Ltd.,It is primarily used to assist patients suffering from varicose veins and prevents pooling of blood.,,Use as per requirement or as directed by the physician.,
https://www.1mg.com/otc/moov-pain-relief-ointment-for-back-pain-joint-pain-knee-pain-muscle-pain-otc377375,"Moov Pain Relief Ointment for Back Pain, Joint Pain, Knee Pain, Muscle Pain",Reckitt Benckiser Healthcare Pvt. Ltd.,,"Ointment, 30g",,
https://www.1mg.com/otc/volini-pain-relief-gel-for-sprain-muscle-joint-neck-low-back-pain-bone-joint-muscle-care-otc138818,Volini Pain Relief Gel,Sun Pharmaceutical Industries Ltd,,"Diclofenac Diethylamine Equivalent to Diclofenac Sodium 1% w/w, Methyl Salicylate IP, Menthol IP, Virgin Linseed Oil BP, Preservative, Benzyl Alcohol IP, Gel Base, The spray can offer relief when in pain and supports bone, muscle and joint care., It is effective for pain in the joints, knees, back, shoulders, and neck, It can work great on sports injuries such as muscle pulls, sprains, and strain, It provides instant and long-lasting pain relief from knee pain, joint pain, back pain, calf pain, and neck pain","The Volini pain relief bottle should be shaken well before spraying, Hold the spray bottle at a 5cm distance from the affected area and spray, You can use the spray about three to four times daily or as recommened by your physician","Read the label carefully before use, Store in a cool and dry place, away from sunlight, Keep out of reach of children, The Volini pain relief spray is meant for external application only, Use Volini per the doctor’s guidance, and be careful not to use more than the given dosage, Do not use the spray on open wounds or surfaces of the skin that are ruptured, The spray should not be ingested or come in contact with the eyes and mucous membranes, Avoid using the spray near a naked flame, Do not burn or make a hole in the bottle even after the spray is over"
https://www.1mg.com/otc/dr-willmar-schwabe-india-aranea-diadema-dilution-200-ch-otc396433,,Dr Willmar Schwabe India Pvt Ltd,,,,
https://www.1mg.com/otc/bjain-agaricus-muscarius-dilution-3x-otc429366,Bjain Agaricus Muscarius Dilution,Bjain Pharmaceuticals Pvt. Ltd.,,,Bjain Agaricus Muscarius Dilution should be taken 3-5 drops in 1 teaspoon of water three times a day or as directed by the physician.,
https://www.1mg.com/otc/tynor-l-06-oac-knee-cap-pair-small-otc345815,Tynor L-06 Knee Cap Oac (Pair),Tynor Orthotics Pvt. Ltd.,It is primarily used to provide support and stability to an injured knee.,"Comes with two layers of enclose air space which retains body heat effectively, Gives better sweat absorption and better comfort, Has better patient compliance, Gives no allergies or rash, Provides effective compression, No vaso constriction, Available sizes: S (14.8""-17.2""), M (17.2""-19.6""), L (19.6""-22""), XL (22""-24.4""), XXL (24.4""-26.8"")",Use as per requirement or as directed by the physician.,"Read the label carefully before use, Store in a cool dry place away from direct sunlight, Keep out of reach of the children, Avoid physical damage"
https://www.1mg.com/otc/bjain-natrum-salicylicum-dilution-6c-otc436620,Bjain Natrum Salicylicum Dilution,Bjain Pharmaceuticals Pvt. Ltd.,,Natrum Salicylicum,Take Bjain Natrum Salicylicum Dilution as directed by the physician.,
https://www.1mg.com/otc/sbl-kali-carbonicum-dilution-200-ch-otc348866,SBL Kali Carbonicum Dilution,SBL Pvt Ltd,,"30 ml, Liquid",,
https://www.1mg.com/otc/vissco-5602-platinum-wrist-splint-binder-with-silicone-pressure-pad-xxl-right-otc448730,Vissco 5602 Platinum Wrist Splint Binder with Silicone Pressure Pad,Vissco Rehabilitation Aids Pvt. Ltd.,"It helps to facilitate support and stability to the wrist and is useful for painful, swollen, or weak joints.",,Use as per requirement or as directed by the physician.,"Read the label carefully before use, Store in a cool dry place away from direct sunlight, Keep out of reach of the children, Avoid physical damage"
https://www.1mg.com/otc/zedo-roll-on-otc528744,Zedo Roll On,Gms Biomax Medicare Pvt Ltd,,"Didofenac diethylamine, Linseed oil, Menthol gel, It is a topical pain relieving roll that provides longer-lasting results, It is made up of optimized, fast-acting proprietary formula, It can be used to allay pain associated with Arthritis, Sprain and Backache, It is travel friendly and can be used in the gym, at home or while travelling",Read the label carefully before use,"Do not exceed the recommended dosage, Store in a cool and dry place away from direct sunlight, Keep out of reach of children"
https://www.1mg.com/otc/tynor-e-01-elastic-wrist-splint-medium-grey-right-otc345632,,Tynor Orthotics Pvt. Ltd.,,,,
https://www.1mg.com/otc/baidyanath-jhansi-shirahshuladiwajra-ras-tablet-otc624479,Baidyanath (Jhansi) Shirahshuladiwajra Ras Tablet,Shree Baidyanath Ayurved Bhawan (P)Limited (Jhansi),,,Use as directed by the physician.,
https://www.1mg.com/otc/vissco-core-pc-0310-firm-cervical-collar-with-chin-support-xl-otc344628,,Vissco Rehabilitation Aids Pvt. Ltd.,,,,
https://www.1mg.com/otc/tynor-i-70-medical-compression-stocking-mid-thigh-large-otc345884,Tynor I-70 Medical Compression Stocking Mid Thigh Class 2,Tynor Orthotics Pvt. Ltd.,It is primarily used to provide relief in all forms of venous disease including blood pools or congests in legs.,,Use as per requirement or as directed by the physician.,
https://www.1mg.com/otc/broncho-rub-pain-relief-balm-extra-strength-otc685271,Broncho Rub Pain Relief Balm Extra Strength,IPI India Pvt Ltd,,"Menthol 18g, Methyl salicylate 26g, Camphor 5g, Eucalyptus oil 0.8g, Capsicum oleoresin0.02g, It is a fast-absorbing balm that provides instant relief, It has powerful pain-relieving action that provides long-lasting relief, It gives relief from all kinds of muscle, joint and back pain, It provides a cooling effect to the affected area",Apply thick and evenly to be affected areas of the body up to 3-4 times per day. Do not apply to broken or inflamed skin,"Avoid contact with mouth, eyes and mucous membranes, Keep away from children, If pregnant or breastfeeding, consult a healthcare practitioner before use, For external use only"
https://www.1mg.com/otc/anju-pain-cure-ointment-otc506684,Anju Pain Cure Ointment,Anju Pharmaceuticals,,"Sat Pudina, Kapoor, Gandhepure, Turpentine, Nilgiri, Cajuputi, Mustard, Lemon Grass, While specially designed for four joint and muscle problems, it is still suitable and helpful for over 12 daily troubles, It gives relief from rheumatic symptoms, spondylitis and arthralgia, Provides comfort and relieve joint and muscular pains, Important for healing backaches, muscle discomfort, joint problems, oedema and the common cold",Take the capsule as directed by the physician.,"Read the label carefully before use, Keep out of reach of the children, Store in a cool dry place"
https://www.1mg.com/otc/haslab-drox-34-febro-drop-otc339534,,HASLAB,,,,
https://www.1mg.com/otc/bjain-arnica-montana-dilution-1000-ch-otc433310,Bjain Arnica Montana Dilution,Bjain Pharmaceuticals Pvt. Ltd.,,,"10 to 15 drops in ¼ cup of water, two times a day, 10 minutes before or after meals or as prescribed by the physician.",
https://www.1mg.com/otc/sloan-s-liniment-kills-pain-reduces-swelling-strengthens-muscles-ligaments-otc315107,Sloan's Liniment,Piramal Enterprises Ltd,,Oil,,
https://www.1mg.com/otc/jiva-pain-calm-oil-pain-reliever-for-joint-pain-back-pain-frozen-shoulder-sprain-muscle-soreness-otc329877,Jiva Pain Calm Oil,Jiva Ayurvedic Pharmacy Ltd,,,,
https://www.1mg.com/otc/comprezon-classic-varicose-vein-stockings-class-1-below-knee-medium-beige-otc390135,Comprezon Classic Varicose Vein Stockings Class 1 Below Knee,Dynamic Techno Medicals Pvt. Ltd.,It is primarily used to assist patients suffering from varicose veins and prevents pooling of blood.,,Use as per requirement or as directed by the physician.,
https://www.1mg.com/otc/himalaya-rumalaya-pain-relief-gel-quick-relief-from-body-pain-ayurvedic-gel-otc90714,Himalaya Rumalaya Gel,Himalaya Wellness Company,,"30 gm, Gel",Apply a small quantity of the gel to the tender area and lightly massage it in or as directed by the physician.,
https://www.1mg.com/otc/dr.-reckeweg-r1-inflammation-drop-oral-drops-otc327511,Dr. Reckeweg R1 Inflammation Drop,Dr Reckeweg & Co,,"Apis melifica, Barium chloratum, Belladona, Calcium jodatum, Hepar sulfuris, Kalium bichromicum, Marum verum, Mercurius sublimatus corrosivus, Phytolacca, 22 ML, Liquid, Apis melifica can help reduce inflammatory infiltrations and edematous swellings, Barium chloratum may be beneficial for chronic diseases with swelling and suppuration of the glands in scrofulous affections of children, Belladona might aid in inflammatory hyperemia of skin, mucous membranes, and glands, Calcium jodatum can help alleviate tonsillitis in children and scrofulous increase of lymph nodes on neck and nape, Hepar sulfuris may aid in reducing inflammaitons, Kalium bichromicum helps with plastic exudation of mucous membranes in the nose, pharyngeal cavity, and pharynx, Marum verum may be helpful in case of chronic catarrh of the postnasal space, Mercurius sublimatus corrosivus can help reduce acute inflammations of the mucosa involving the glands, Phytolacca may aid in minimising the swelling and dark reddening of the pharynx and tonsils",,"Read the label carefully before use, Store in a cool and dry place, Keep out of reach of children"
https://www.1mg.com/otc/tynor-c-01-pouch-arm-sling-tropical-child-otc346184,Tynor C-01 Pouch Arm Sling (Tropical),Tynor Orthotics Pvt. Ltd.,"Sling provides support for sprained and dislocated shoulder while also helping in healing fractures of radius, humerous, ulna and scapula.","Does not cover the chest, Improves ventilation and comfort, Best suited for hot climates, It is wrinkle free and soft to feel, Easy application and removal, Adjustable to ease the point of maximum pressure, It is used to reduce thumb fatigue",Use as per requirement or as directed by the physician.,"Read the label carefully before use, Keep out of the reach of children, Store in a cool and dry place"
https://www.1mg.com/otc/moov-cool-therapy-gel-otc964102,Moov Cool Therapy Gel,Reckitt Benckiser Healthcare Pvt. Ltd.,,"Each gram of gel contains: Pudina Satva (Mentha piperita) extract (Aerial parts of plant) 8.0% w/w, Preservative: Benzyl Alcohol IP, Colouring Agents: Brilliant Blue FCF, Tartrazine Yellow., Gel., 20g.",Apply a thin film of the gel to the affected area and massage gently. Repeat 3-4 times daily for best results.,
https://www.1mg.com/otc/newnik-ic900-ice-bag-blue-otc348525,Newnik IC900 Ice Bag,Newnik Lifecare Pvt. Ltd,"It gives immediate relief for back pain, joint pain, shoulder pain, and ankle pain.","Soft fabric provides comfort and coverage of injured area, Has a large cap for ice cubes and long-lasting coolness, It reaches all contours of the body, Relieves pain and swelling, Comfortable, soft, and durable water-repellent outer cover, High-quality engineering plastic neck fitting, Cold therapy for back pain, sports injuries, sprains and strains, post-surgical recovery, inflammatory arthritis, tendonitis, migraine headaches as well as heat exhaustion, Colours:Blue and Maroon","Open the lid in a counter-clockwise direction, Fill the bag with ice till ⅔ of the level. Do not use hot water, as it may destroy the bag, Tighten the lid in a clockwise direction, It can be used for 15 to 20 minutes, Place the ice bag on the affected areas, After use, hang the bag downwards for drying. Do not dry in direct sunlight","Read the label carefully before use, Keep the bag away from direct contact with sunlight, Do not use hot water, as it may destroy the bag, Keep out of reach of children"
https://www.1mg.com/otc/dominion-care-acupressure-6-star-magnet-otc495818,,Kapil Plastic Mould,,,,
https://www.1mg.com/otc/rsg-painshhut-balm-otc496204,,RSG Herbal House,,,,
https://www.1mg.com/otc/sbl-mygale-dilution-30-ch-otc354824,,SBL Pvt Ltd,,,,
https://www.1mg.com/otc/volini-maxx-pain-relief-spray-for-back-neck-joint-muscle-pain-bone-joint-muscle-care-otc457560,Volini Maxx Spray,Sun Pharmaceutical Industries Ltd,,"Diclofenac Diethylamine IP Equivalent to Dicoflenac Sodium, Methyl Salicylate IP, Menthol IP, Provides instant pain relief and supports bone, joint and muscle care, A unique formulation of 2% diclofenac makes it 100% stronger than other sprays, Provides effective relief from severe neck and back pain, Helps in relieving musculoskeletal and joint pain, Effective in healing pain due to strain and sprain, Useful in case of sports injuries, Has a unique 360-degree delivery mechanism that ensures standardised drug delivery, It provides instant and long-lasting pain relief from knee pain, joint pain, back pain, calf pain, and neck pain","Shake well before each use. Spray the contents from 5 cm distance on the affected areas 3-4 times in a day or, as directed by the physician.","Read the label carefully before use, Store in a cool and dry place away from direct sunlight, Keep out of reach of the children, Do not exceed the recommended dosage, For external use only, Should be applied only to intact skin surfaces and not to skin wounds and open injuries, Should not come into contact with eyes, mucous membranes and should not be ingested, Store in a cool and dry place"
https://www.1mg.com/otc/dr.-reckeweg-agaricus-mus-mother-tincture-q-otc327812,,Dr Reckeweg & Co,,,,
https://www.1mg.com/otc/sbl-tuberculinum-0-9-lm-otc362604,,SBL Pvt Ltd,,,,
https://www.1mg.com/otc/pankajakasthuri-orthoherb-ayurvedic-oil-with-amla-for-joint-pain-relief-otc356687,Pankajakasthuri Orthoherb Oil,Pankajakasthuri Herbals India (P) Ltd.,,"Vasa (Adhatoda vasica, Rt, Dct), Eranda (Ricinus communis, Rt, Dct), Bilwa (Aegle marmelos, Rt, Dct), Thwak (Cinnamomum zeylanicum, St. Bk, Dct), Maricha (Piper nigrum, Dr. Fr, Dct), Lavanga (Syzygium aromaticum, Dr. Fr, Dct), Jati (Myristica fragrans, Pp, Dct), Pata (Cyclea peltata, Rt, Dct), Nimba (Azadirachta indica, Rt, bk, Dct), Sahachara (Strobilanthes ciliatus, Rt, Dct), Nirgundi (Vitex negundo, Lf, Dct), Bala (Sida retusa, Rt, Dct), Punarnava (Boerhavia diffusa, Pl, Dct), Gunja (Abrus precatorius, Rt, Dct), Dusparsa (Tragia involucrata, Rt, Dct) 2 g each. Amalaki (Phyllanthus emblica, Dr. Fr, Pst), Manjishta (Rubia cordifolia, Rt, Pst), Guggulu (Balsamodendron mukul, Lx, Pst), Chitraka (Plumbago zeylanica, Rt, Pst) 2.5 g each. Kera thaila (Cocos nucifera, Oil) 27.50 ml, Eranda thaila (Ricinus communis, Oil) 82.50 ml, Eucalyptus Oil (Eucalyptus globulus, Oil), 100 ml, Liquid, The oil has anti-inflammatory and analgesic properties, It imparts muscle tone and lubricates the joints, It also imparts firmness to the limbs, It can help stimulate circulation, It helps the lymphatic functioning for detoxification",,"Read the label carefully before use, Store in a cool and dry place, Keep out of reach of children"
https://www.1mg.com/otc/bjain-galium-aparine-dilution-200c-otc438752,Bjain Galium Aparine Dilution,Bjain Pharmaceuticals Pvt. Ltd.,,,Take 3-5 drops of the dilution in 1 teaspoon of water twice a day or as directed by the physician.,
https://www.1mg.com/otc/medtex-class-1-thigh-length-imported-medical-cotton-compression-stocking-for-varicose-veins-small-beige-otc667370,,Medtex Healthcare,,,,
https://www.1mg.com/otc/miduty-nerve-pain-relief-capsule-alpha-lipoic-acid-b-vitamins-neuropathy-support-otc918605,Miduty Nerve Pain Relief Capsule,Midvision Pvt Ltd,,,Use as directed on the label or as advised by your healthcare provider,
https://www.1mg.com/otc/dr-willmar-schwabe-india-eupatorium-perfoliatum-dilution-3x-otc406927,Dr. Willmar Schwabe India Eupatorium Perfoliatum Dilution,Dr Willmar Schwabe India Pvt Ltd,,"Eupatorium Perfoliatum, It is useful in the treatment of bone-pain, Eupatorium Perfoliatum is indicated for the sluggishness of all organs and functions, It assists in the treatment of herpes, ringworm, wounds, gout, The dilution acts as an immune-stimulant",,"Read the label carefully before use, Store in a cool and dry place, away from sunlight, Avoid eating tobacco or drinking alcohol during the course, Keep out of the reach of children, Use under medical supervision, Avoid any strong smell in the mouth such as coffee, onion, hing, mint, camphor, garlic, etc while taking the medicine, Keep at least half an hour gap between food/drink/ any other medicines and allopathic medicine"
https://www.1mg.com/otc/disprin-regular-325mg-effervescent-tablet-for-fast-relief-from-pain-headaches-migraines-otc543020,,Reckitt Benckiser,,,,
https://www.1mg.com/otc/pravek-maha-balvardhak-oil-otc601978,Pravek Maha Balvardhak Oil,Pravek Kalp Private Limited,,,Massage adequate quantity of oil gently on the affected areas till it is absorbed. Use 2-3 times in a day for better results or as directed by the physician.,
https://www.1mg.com/otc/bjain-ratanhia-dilution-12-ch-otc434497,Bjain Ratanhia Dilution,Bjain Pharmaceuticals Pvt. Ltd.,,Rhatany root,Take 5 drops in half cup of water three times a day or medicate the globules and take 3 times a day or as prescribed by the homeopathic practitioner.,
https://www.1mg.com/otc/vissco-3d-ankle-support-stretchable-ankle-support-for-injured-ankles-arthritic-pain-swelling-medium-otc448804,Vissco 2709 Pro 3D Ankle Support,Vissco Rehabilitation Aids Pvt. Ltd.,Primarily used to gain relief from inflammatory conditions of the ankle joints which cause great pain and swelling.,"It relieves arthritic pains and keeps joints and muscle flexible, Its rubber ring helps guide the patella position, Provides better support to the knees for side to side movement and even during normal walking, Proper use of this product protects the knees and joints from any injury causing incident",Read the instruction manual for detailed use or as directed by the physician.,"Read the instruction manual carefully before use, Keep out of the reach of children, Do not wash or bleach"
https://www.1mg.com/otc/jiva-pain-calm-oil-pain-reliever-for-joint-pain-back-pain-frozen-shoulder-sprain-muscle-soreness-with-knee-cap-free-otc651981,Jiva Pain Calm Oil,Jiva Ayurvedic Pharmacy Ltd,,,,
https://www.1mg.com/otc/sbl-calcarea-carbonica-0-5-lm-otc361648,,SBL Pvt Ltd,,,,
https://www.1mg.com/otc/doliosis-d68-malarin-liquid-complex-otc392598,Doliosis D68 Malarin Drop,Doliosis Holistic Medicine and Foods Pvt. Ltd.,,,As prescribed by your doctor,
https://www.1mg.com/otc/volini-maxx-pain-relief-spray-for-back-neck-joint-muscle-pain-bone-joint-muscle-care-otc457561,Volini Maxx Spray,Sun Pharmaceutical Industries Ltd,,"Diclofenac Diethylamine IP Equivalent to Dicoflenac Sodium, Methyl Salicylate IP, Menthol IP, Provides instant pain relief and supports bone, joint and muscle care, A unique formulation of 2% diclofenac makes it 100% stronger than other sprays, Provides effective relief from severe neck and back pain, Helps in relieving musculoskeletal and joint pain, Effective in healing pain due to strain and sprain, Useful in case of sports injuries, Has a unique 360-degree delivery mechanism that ensures standardised drug delivery, It provides instant and long-lasting pain relief from knee pain, joint pain, back pain, calf pain, and neck pain","Shake well before each use. Spray the contents from 5 cm distance on the affected areas 3-4 times in a day or, as directed by the physician.","Read the label carefully before use, Store in a cool and dry place away from direct sunlight, Keep out of reach of the children, Do not exceed the recommended dosage, For external use only, Should be applied only to intact skin surfaces and not to skin wounds and open injuries, Should not come into contact with eyes, mucous membranes and should not be ingested, Store in a cool and dry place"
https://www.1mg.com/otc/sbl-calcarea-silicate-dilution-200-ch-otc346080,SBL Calcarea Silicate Dilution 200 CH,SBL Pvt Ltd,,"Effective in treating corneal affection of eyes, Useful in treating growth related disorders, Supports proper functioning of lymph nodes, Useful in treating abnormal loss of physical strength, Helps in reducing sensitivity to cold weather",Dosage should be directed by the physician. It can be safely taken along with other allopathic medicines.,"Read the label carefully before use, Keep out of the reach of children, Use under medical supervision, Do not exceed the recommended dosage, Maintain half an hour gap between food, drink and any other homoeopathic medicine, Avoid any strong smell in the mouth while taking medicine e.g. camphor, garlic, onion, coffee and hing, Store in a cool and dry place"
https://www.1mg.com/otc/bjain-argemone-maxicana-mother-tincture-q-otc444396,,Bjain Pharmaceuticals Pvt. Ltd.,,,,
https://www.1mg.com/otc/jiva-pain-calm-oil-pain-reliever-for-joint-pain-back-pain-frozen-shoulder-sprain-muscle-soreness-otc651626,Jiva Pain Calm Oil,Jiva Ayurvedic Pharmacy Ltd,,,,
https://www.1mg.com/otc/sbl-aurum-sulphuratum-dilution-12-ch-otc351252,Dr Willmar Schwabe India Aurum Sulphuratum Dilution,SBL Pvt Ltd,,"Aurum sulphuratum with alcohol, Relieves tremendous pain at the back side of the head, Relieves pain from redness and swelling of nose, Relieves swollen breasts and treats cracked nipples, Helps in stopping thick and yellow vaginal discharge in women, Curbs mental agony and suicidal tendencies, Rush of blood and hair fall is prevented by it, Stops soreness of mouth and gum bleeding, Prevents involuntary urination during night, Helps to stop fearful dreams",Take the medicine under a doctor's guidance.,"Read the label carefully before use, Do not exceed the recommended dose, Keep out of the reach of children, Store in a cool and dry place"
https://www.1mg.com/otc/comprezon-cotton-varicose-vein-stockings-class-2-below-knee-1-pair-medium-beige-otc390222,Comprezon Cotton Varicose Vein Stockings Class 2 Below Knee (1 Pair),Dynamic Techno Medicals Pvt. Ltd.,It is specially designed to help increase the bloodflow to capillaries in order to prevent venous disorders.,,,"Read the manual carefully before use, Keep out of reach of the children, Store in a cool and dry place"
https://www.1mg.com/otc/moov-pain-relief-ointment-for-back-pain-joint-pain-knee-pain-muscle-pain-otc377375,"Moov Pain Relief Ointment for Back Pain, Joint Pain, Knee Pain, Muscle Pain",Reckitt Benckiser Healthcare Pvt. Ltd.,,"Ointment, 30g",,
https://www.1mg.com/otc/kerala-ayurveda-mahanarayana-thailam-for-muscle-recovery-joint-health-otc361221,Kerala Ayurveda Murivenna Thailam,Kerala Ayurveda Limited,,"200 ml, Oil",,
https://www.1mg.com/otc/volini-pain-relief-gel-for-sprain-muscle-joint-neck-low-back-pain-bone-joint-muscle-care-otc138818,Volini Pain Relief Gel,Sun Pharmaceutical Industries Ltd,,"Diclofenac Diethylamine Equivalent to Diclofenac Sodium 1% w/w, Methyl Salicylate IP, Menthol IP, Virgin Linseed Oil BP, Preservative, Benzyl Alcohol IP, Gel Base, The spray can offer relief when in pain and supports bone, muscle and joint care., It is effective for pain in the joints, knees, back, shoulders, and neck, It can work great on sports injuries such as muscle pulls, sprains, and strain, It provides instant and long-lasting pain relief from knee pain, joint pain, back pain, calf pain, and neck pain","The Volini pain relief bottle should be shaken well before spraying, Hold the spray bottle at a 5cm distance from the affected area and spray, You can use the spray about three to four times daily or as recommened by your physician","Read the label carefully before use, Store in a cool and dry place, away from sunlight, Keep out of reach of children, The Volini pain relief spray is meant for external application only, Use Volini per the doctor’s guidance, and be careful not to use more than the given dosage, Do not use the spray on open wounds or surfaces of the skin that are ruptured, The spray should not be ingested or come in contact with the eyes and mucous membranes, Avoid using the spray near a naked flame, Do not burn or make a hole in the bottle even after the spray is over"
https://www.1mg.com/otc/lp-763-neoprene-wrist-thumb-splint-support-medium-otc331319,LP #763 Neoprene Wrist/Thumb Splint Support,LP Support,"It helps to facilitate support and stability to the wrist and is useful for painful, swollen, or weak joints.",,Measure the circumference of your wrist and wear accordingly.,"Read the label carefully before use, Keep out of reach of the children, Store in a cool dry place"
https://www.1mg.com/otc/bjain-carica-papaya-dilution-6x-otc438344,Bjain Carica Papaya Dilution,Bjain Pharmaceuticals Pvt. Ltd.,,,Bjain Carica Papaya Dilution should be taken 3-5 drops in half cup of water three times a day or as directed by the physician.,
https://www.1mg.com/otc/yuvika-khus-root-vetiveria-zizanioides-otc520140,Yuvika Khus Root - Vetiveria Zizanioides,DKC AGROTECH PVT. LTD.,,Pure Khus(Vetiver) Powder,Consume or use as directed by the physician.,
https://www.1mg.com/otc/doliosis-d28-after-antibiotics-liquid-complex-otc392522,Doliosis D28 After Antibiotics Drops,Doliosis Holistic Medicine and Foods Pvt. Ltd.,,"Avena Sativa 8x 0.02%, Berberis Vulgaris 6x 0.02%, Croton Tiglium 10x 0.02%, Echinacea Rudbeckia 10x 0.02%, Nux Vomica 12x 0.02%, Alcohol Content: 30% v/v, 30 ml, Liquid",,
https://www.1mg.com/otc/vrinda-headache-relief-aromatic-therapeutic-oil-roll-on-otc433137,Vrinda Headache Relief Aromatic & Therapeutic Oil Roll On,Vrindaam Organics Private Limited,,,,
https://www.1mg.com/otc/adel-bellis-per.-dilution-30-otc326644,ADEL Bellis Perennis Dilution,Adel Pekana Germany,,"It is primarily used for the treatment of injuries to soft tissue such as breasts and abdomen, Highly effective in the treatment of injuries to bones or sprains in the muscle tissue, It also helps in treating conditions related to internal bleeding during pregnancy, Effective in the treatment of varicose veins with bruises on the external surface, It helps in treating problems associated with pregnancy such as the inability to walk properly due to varicose veins",Take 3-5 drops in 1 teaspoon of water thrice a day or as directed by the physician.,"Read the label carefully before use, Do not exceed the recommended dose, Keep out of the reach of children, Use under medical supervision, Store in a cool dry place away from direct sunlight and heat"
https://www.1mg.com/otc/dr-willmar-schwabe-india-rhus-toxicodendron-dilution-200-ch-otc393451,Dr Willmar Schwabe India Rhus Toxicodendron Dilution,Dr Willmar Schwabe India Pvt Ltd,,"Rhus Toxicodendron, It is helpful in case of eczema and helps relieve conditions of itchiness and rashes, It is helpful in the management of conditions associated with herpes, It is helpful in the management of pains associated with arthritis and rheumatism, It helps in relieving symptoms associated with flu and viral infections, It is helpful in the management of sore, dry throat and excessive cough, It is also helpful in case of prolonged menses with heavy discharge accompanied by abdominal pain, It is also helpful to deal with psychological issues such as depression and anxiety",Take 3-5 drops of Dr Willmar Schwabe India Rhus Toxicodendron Dilution in half cup water thrice a day or as directed by the physician,"Read the label carefully before use, Do not exceed the recommended dose, Keep out of the reach of children, Store in a cool dry place away from direct sunlight and heat"
https://www.1mg.com/otc/dr-willmar-schwabe-india-rhus-toxicodendron-dilution-30-ch-otc393454,Dr Willmar Schwabe India Rhus Toxicodendron Dilution,Dr Willmar Schwabe India Pvt Ltd,,"Rhus Toxicodendron, It is helpful in case of eczema and helps relieve conditions of itchiness and rashes, It is helpful in the management of conditions associated with herpes, It is helpful in the management of pains associated with arthritis and rheumatism, It helps in relieving symptoms associated with flu and viral infections, It is helpful in the management of sore, dry throat and excessive cough, It is also helpful in case of prolonged menses with heavy discharge accompanied by abdominal pain, It is also helpful to deal with psychological issues such as depression and anxiety",Take 3-5 drops of Dr Willmar Schwabe India Rhus Toxicodendron Dilution in half cup water thrice a day or as directed by the physician,"Read the label carefully before use, Do not exceed the recommended dose, Keep out of the reach of children, Store in a cool dry place away from direct sunlight and heat"
https://www.1mg.com/otc/adel-87-apo-infekt-drop-otc326051,,Adel Pekana Germany,,,,
https://www.1mg.com/otc/sbl-mercurialis-perennis-dilution-30-ch-otc354588,,SBL Pvt Ltd,,,,
https://www.1mg.com/otc/sbl-physalis-alkekengi-dilution-3-ch-otc356015,,SBL Pvt Ltd,,,,
https://www.1mg.com/otc/flamingo-orthopaedic-heating-belt-regular-otc348755,Flamingo Orthopaedic Heating Belt,Ascent Meditech Limited,"It can be used as heating therapy for back pain, period cramps, pain relief, etc.",,,The Flamingo heating pad has four layers of insulation on either side for complete comfort
https://www.1mg.com/otc/dr-willmar-schwabe-india-pyrogenium-dilution-10m-ch-otc393735,,Dr Willmar Schwabe India Pvt Ltd,,,,
https://www.1mg.com/otc/haslab-rhustee-oil-spray-otc339480,Haslab Rhustee Oil Spray,HASLAB,,"Arnica Q, Cantharis Q, Gaultheria Q, Turpentine Oil & Linseed Oil, Oil, Primarily used for the treatment of pains associated with rheumatism and arthritis, Relieves pain the joints and effectively treats backache, It can also be used to treat sprain caused due to an injury",,"Read the label carefully before use, Store in a cool dry place away from direct sunlight, Keep out of reach of children, For external use only"
https://www.1mg.com/otc/zandu-fast-pain-relief-ayurvedic-ointment-otc498787,Zandu Fast Relief Ointment,Emami Ltd,,"Gaultheria fragrantissima, Mentha, Cinnamomum camphora, Trachyspermum ammi, Eucalyptus globulus, Pinus longifolia, Roamarinus officinalis, Boswellia serrata, Syzygium aromaticum, Capsicum annum, Base q.s., Ointment, 23 ml, Male/Female",Apply generously in a thin layer on the affected area and massage gently until ointment disappears. Repeat if necessary.,
https://www.1mg.com/otc/sloan-s-liniment-kills-pain-reduces-swelling-strengthens-muscles-ligaments-otc315107,Sloan's Liniment,Piramal Enterprises Ltd,,Oil,,
https://www.1mg.com/otc/jiva-pain-calm-oil-pain-reliever-for-joint-pain-back-pain-frozen-shoulder-sprain-muscle-soreness-otc329877,Jiva Pain Calm Oil,Jiva Ayurvedic Pharmacy Ltd,,,,
https://www.1mg.com/otc/tynor-i-70-medical-compression-stocking-mid-thigh-xl-otc345885,Tynor I-70 Medical Compression Stocking Mid Thigh Class 2,Tynor Orthotics Pvt. Ltd.,It is primarily used to provide relief in all forms of venous disease including blood pools or congests in legs.,,Use as per requirement or as directed by the physician.,
https://www.1mg.com/otc/himalaya-rumalaya-pain-relief-gel-quick-relief-from-body-pain-ayurvedic-gel-otc90714,Himalaya Rumalaya Gel,Himalaya Wellness Company,,"30 gm, Gel",Apply a small quantity of the gel to the tender area and lightly massage it in or as directed by the physician.,
https://www.1mg.com/otc/basic-ayurveda-sarva-jwarhar-loh-with-gold-otc450477,,Basic Ayurveda,,,,
https://www.1mg.com/otc/yuvika-samunder-fan-samunder-jhaag-sepiae-os-otc520299,Yuvika Samunder Fan - Samunder Jhaag - Sepiae Os,DKC AGROTECH PVT. LTD.,,"Samudri jhaag, It helps in rejuvenating your health and makes your bones stronger, It is beneficial for your skin as it makes it soft and healthy, It caters to digestive issues and promotes a healthy gut, It helps eliminate gas accumulation in the body",As mentioned on the label or as advised by your healthcare practitioner,"Read the label carefully before use, Store in a cool and dry place, away from sunlight, Keep out of reach of children"
https://www.1mg.com/otc/moov-cool-therapy-gel-otc964102,Moov Cool Therapy Gel,Reckitt Benckiser Healthcare Pvt. Ltd.,,"Each gram of gel contains: Pudina Satva (Mentha piperita) extract (Aerial parts of plant) 8.0% w/w, Preservative: Benzyl Alcohol IP, Colouring Agents: Brilliant Blue FCF, Tartrazine Yellow., Gel., 20g.",Apply a thin film of the gel to the affected area and massage gently. Repeat 3-4 times daily for best results.,
https://www.1mg.com/otc/aurthot-anklete-with-binder-xl-otc389278,,Aurthot Surgicals (OPC) Private Limited,,,,
https://www.1mg.com/otc/lord-s-l-137-intercostal-drop-otc449088,,Lord's Homoeopathic Laboratory Pvt Ltd,,,,
https://www.1mg.com/otc/sbl-acidum-nitricum-mother-tincture-q-otc338872,,SBL Pvt Ltd,,,,
https://www.1mg.com/otc/welme-period-pain-relief-electrical-device-relief-from-menstrual-cramps-back-pain-reusable-clinically-tested-drug-free-otc767936,Welme Period Pain Relief Device,Camex Wellness Limited,This device can help relieve cramps and discomforts.,,,
https://www.1mg.com/otc/volini-maxx-pain-relief-spray-for-back-neck-joint-muscle-pain-bone-joint-muscle-care-otc457560,Volini Maxx Spray,Sun Pharmaceutical Industries Ltd,,"Diclofenac Diethylamine IP Equivalent to Dicoflenac Sodium, Methyl Salicylate IP, Menthol IP, Provides instant pain relief and supports bone, joint and muscle care, A unique formulation of 2% diclofenac makes it 100% stronger than other sprays, Provides effective relief from severe neck and back pain, Helps in relieving musculoskeletal and joint pain, Effective in healing pain due to strain and sprain, Useful in case of sports injuries, Has a unique 360-degree delivery mechanism that ensures standardised drug delivery, It provides instant and long-lasting pain relief from knee pain, joint pain, back pain, calf pain, and neck pain","Shake well before each use. Spray the contents from 5 cm distance on the affected areas 3-4 times in a day or, as directed by the physician.","Read the label carefully before use, Store in a cool and dry place away from direct sunlight, Keep out of reach of the children, Do not exceed the recommended dosage, For external use only, Should be applied only to intact skin surfaces and not to skin wounds and open injuries, Should not come into contact with eyes, mucous membranes and should not be ingested, Store in a cool and dry place"
https://www.1mg.com/otc/medtex-class-1-thigh-length-imported-medical-cotton-compression-stocking-for-varicose-veins-xxl-beige-otc667374,,Medtex Healthcare,,,,
https://www.1mg.com/otc/pankajakasthuri-orthoherb-ayurvedic-oil-with-amla-for-joint-pain-relief-otc356687,Pankajakasthuri Orthoherb Oil,Pankajakasthuri Herbals India (P) Ltd.,,"Vasa (Adhatoda vasica, Rt, Dct), Eranda (Ricinus communis, Rt, Dct), Bilwa (Aegle marmelos, Rt, Dct), Thwak (Cinnamomum zeylanicum, St. Bk, Dct), Maricha (Piper nigrum, Dr. Fr, Dct), Lavanga (Syzygium aromaticum, Dr. Fr, Dct), Jati (Myristica fragrans, Pp, Dct), Pata (Cyclea peltata, Rt, Dct), Nimba (Azadirachta indica, Rt, bk, Dct), Sahachara (Strobilanthes ciliatus, Rt, Dct), Nirgundi (Vitex negundo, Lf, Dct), Bala (Sida retusa, Rt, Dct), Punarnava (Boerhavia diffusa, Pl, Dct), Gunja (Abrus precatorius, Rt, Dct), Dusparsa (Tragia involucrata, Rt, Dct) 2 g each. Amalaki (Phyllanthus emblica, Dr. Fr, Pst), Manjishta (Rubia cordifolia, Rt, Pst), Guggulu (Balsamodendron mukul, Lx, Pst), Chitraka (Plumbago zeylanica, Rt, Pst) 2.5 g each. Kera thaila (Cocos nucifera, Oil) 27.50 ml, Eranda thaila (Ricinus communis, Oil) 82.50 ml, Eucalyptus Oil (Eucalyptus globulus, Oil), 100 ml, Liquid, The oil has anti-inflammatory and analgesic properties, It imparts muscle tone and lubricates the joints, It also imparts firmness to the limbs, It can help stimulate circulation, It helps the lymphatic functioning for detoxification",,"Read the label carefully before use, Store in a cool and dry place, Keep out of reach of children"
https://www.1mg.com/otc/sbl-cinchona-officinalis-mother-tincture-q-otc338498,SBL Cinchona Officinalis Mother Tincture,SBL Pvt Ltd,,Cinchona Officinalis,Take 3-5 drops in half cup of water three times a day or as directed by the physician.,
https://www.1mg.com/otc/flamingo-lumbar-sacro-belt-for-pain-relief-supports-waist-back-belt-medium-otc397972,Flamingo Lumbar Sacro Belt Small,Ascent Meditech Limited,It is used to provide support to the lower spine area and also helps in reducing back pain.,,Read the label carefully before use.,
https://www.1mg.com/otc/miduty-nerve-pain-relief-capsule-alpha-lipoic-acid-b-vitamins-neuropathy-support-otc918605,Miduty Nerve Pain Relief Capsule,Midvision Pvt Ltd,,,Use as directed on the label or as advised by your healthcare provider,
https://www.1mg.com/otc/vissco-0709-elastic-tubular-anklet-large-otc344575,,Vissco Rehabilitation Aids Pvt. Ltd.,,,,
https://www.1mg.com/otc/pravek-maha-balvardhak-oil-otc601978,Pravek Maha Balvardhak Oil,Pravek Kalp Private Limited,,,Massage adequate quantity of oil gently on the affected areas till it is absorbed. Use 2-3 times in a day for better results or as directed by the physician.,
https://www.1mg.com/otc/jiva-pain-calm-oil-pain-reliever-for-joint-pain-back-pain-frozen-shoulder-sprain-muscle-soreness-with-knee-cap-free-otc651981,Jiva Pain Calm Oil,Jiva Ayurvedic Pharmacy Ltd,,,,
https://www.1mg.com/otc/dr.-reckeweg-syphilinum-dilution-1000-ch-otc331610,Dr. Reckeweg Syphilinum Dilution,Dr Reckeweg & Co,,"Syphilinum, 10ml, Dilution, It provides relief from shifting rheumatic pains and severe pain in long bones and muscles, It is effective in managing ulcerations in the mouth, nose, genitals, and skin, reducing burning sensations, It alleviates symptoms of dry, hard coughs, especially at night, It helps with conditions like rectal strictures, painful enemas, and fissures, improving overall rectal health",,"Do not exceed the recommended dosage, Read the label carefully before use, Store in a cool dry place away from direct sunlight, Keep out of reach of children, Avoid any strong smell in the mouth such as coffee, onion, hing, mint, camphor, garlic etc. while taking the medicine, Keep at least half an hour gap between food/drink/ any other medicines and allopathic medicine"
https://www.1mg.com/otc/volini-maxx-pain-relief-spray-for-back-neck-joint-muscle-pain-bone-joint-muscle-care-otc457561,Volini Maxx Spray,Sun Pharmaceutical Industries Ltd,,"Diclofenac Diethylamine IP Equivalent to Dicoflenac Sodium, Methyl Salicylate IP, Menthol IP, Provides instant pain relief and supports bone, joint and muscle care, A unique formulation of 2% diclofenac makes it 100% stronger than other sprays, Provides effective relief from severe neck and back pain, Helps in relieving musculoskeletal and joint pain, Effective in healing pain due to strain and sprain, Useful in case of sports injuries, Has a unique 360-degree delivery mechanism that ensures standardised drug delivery, It provides instant and long-lasting pain relief from knee pain, joint pain, back pain, calf pain, and neck pain","Shake well before each use. Spray the contents from 5 cm distance on the affected areas 3-4 times in a day or, as directed by the physician.","Read the label carefully before use, Store in a cool and dry place away from direct sunlight, Keep out of reach of the children, Do not exceed the recommended dosage, For external use only, Should be applied only to intact skin surfaces and not to skin wounds and open injuries, Should not come into contact with eyes, mucous membranes and should not be ingested, Store in a cool and dry place"
https://www.1mg.com/otc/viaggi-u-shape-memory-foam-neck-pillow-brown-otc510280,Viaggi U Shape Memory Foam Neck Pillow,Siddhivinayak Enterprises,It is constructed to provide support and comfort to the head and neck. It is highly effective for a comfortable sleep during traveling.,,Read the instructions manual for usage directions.,"Read the label carefully before use, Store in a cool dry place away from direct sunlight, Keep out of reach of the children, Avoid any physical damage"
https://www.1mg.com/otc/patanjali-divya-ajmodadi-churna-otc387758,Divya Ajmodadi Churna,Patanjali Divya Pharmacy,,,Take 2-5g twice daily after meals with lukewarm water or as directed by the physician,"- Read the label carefully before use, - Do not exceed the recommended dose, - Keep out of the reach and sight of children"
https://www.1mg.com/otc/jiva-pain-calm-oil-pain-reliever-for-joint-pain-back-pain-frozen-shoulder-sprain-muscle-soreness-otc651626,Jiva Pain Calm Oil,Jiva Ayurvedic Pharmacy Ltd,,,,
https://www.1mg.com/otc/dominion-care-combo-pack-of-accu-paduka-accupressure-massage-slipper-and-hot-water-bottle-otc516287,Dominion Care Combo Pack of Accu Paduka Accupressure Massage Slipper and Hot Water Bottle,Kapil Plastic Mould,"Accu Paduka Accupressure Massage Slipper is constructed to provide accupressure therapy, magnetic therapy and reflexology. Hot Water Bottle helps in providing relief from muscular pain.",,,"Read the label carefully before use, Keep out of the reach of children, Store in a cool dry place away from direct sunlight"
https://www.1mg.com/otc/moov-pain-relief-ointment-for-back-pain-joint-pain-knee-pain-muscle-pain-otc377375,"Moov Pain Relief Ointment for Back Pain, Joint Pain, Knee Pain, Muscle Pain",Reckitt Benckiser Healthcare Pvt. Ltd.,,"Ointment, 30g",,
https://www.1mg.com/otc/bjain-camphora-dilution-6x-otc437372,Bjain Magnesium Phosphoricum Dilution,Bjain Pharmaceuticals Pvt. Ltd.,,Magnesium Phosphoricum,,
https://www.1mg.com/otc/sbl-orthomuv-gel-otc331002,SBL Orthomuv Gel,SBL Pvt Ltd,,"Rhus toxicodendron, Ruta graveolens, Ledum palustre, The gel may help to deal with the tenderness of the knee joint, It may reduce hot and painful swelling of joints, It helps to deal with tearing pain in tendons, ligaments and joints, The formula may prevent numbness after overwork and exposure, It helps to reduce pain and stiffness in wrists, hands, feet and ankles",Apply the gel on the affected area two times a day or as prescribed by the physician,"Keep out of reach of children, Store in a cool and dry place, For external usage only, Read the label before use"
https://www.1mg.com/otc/volini-pain-relief-gel-for-sprain-muscle-joint-neck-low-back-pain-bone-joint-muscle-care-otc138818,Volini Pain Relief Gel,Sun Pharmaceutical Industries Ltd,,"Diclofenac Diethylamine Equivalent to Diclofenac Sodium 1% w/w, Methyl Salicylate IP, Menthol IP, Virgin Linseed Oil BP, Preservative, Benzyl Alcohol IP, Gel Base, The spray can offer relief when in pain and supports bone, muscle and joint care., It is effective for pain in the joints, knees, back, shoulders, and neck, It can work great on sports injuries such as muscle pulls, sprains, and strain, It provides instant and long-lasting pain relief from knee pain, joint pain, back pain, calf pain, and neck pain","The Volini pain relief bottle should be shaken well before spraying, Hold the spray bottle at a 5cm distance from the affected area and spray, You can use the spray about three to four times daily or as recommened by your physician","Read the label carefully before use, Store in a cool and dry place, away from sunlight, Keep out of reach of children, The Volini pain relief spray is meant for external application only, Use Volini per the doctor’s guidance, and be careful not to use more than the given dosage, Do not use the spray on open wounds or surfaces of the skin that are ruptured, The spray should not be ingested or come in contact with the eyes and mucous membranes, Avoid using the spray near a naked flame, Do not burn or make a hole in the bottle even after the spray is over"
https://www.1mg.com/otc/jain-mahanarayan-oil-otc347368,Jain Mahanarayan Oil,Sri Jain Ayurvedic Pharmacy,,"Sesame Seed Oil (Sesamum Indicum) Processed with decoction of: Ashwagandha (Withania Somnifera) Root, Gokhru (Tribulus Terrestris) Plant, Shyonak (Oroxylum Indicum) Root, Bala (Sida Cordifolia) Plant, Paribhadra (Erythrina Indica) Plant, Kantakari (Solanum Xanthocarpum) Plant, Punarnava (Boerhavia Diffusa) Root, Atibalaa (Abutilon Indicum) Plant, Arani (Premna Integrifolia) Root, Patala (Stereospermum Suaveolens) Flower, Shatavari (Asparagus Racemosus) Root, Rasna (Pluchea Lanceolata) Leaf, Saunf (Foeniculum Vulgare) Fruit, Jeevanti (Leptadenia Reticulata) Stem, Puvnagah (Sarcostemma Kleinii) Leaf, Shalaparni (Hedysarum Gangeticum) Plant, Prishni (Parni Uraria Picta) Plant, Mudgaparni (Phaseolus Trilobus) Plant, Mashparni (Teramnus Labialis) Plant, Nagkesar (Mesua Ferrea) Flower, Saindhava (Rock Salt), Amahaldi (Curcuma Amada) Rhizome, Haldi (Curcuma Longa) Rhizome, Haritaki (Terminalia Chebula) Fruit, Shallaki (Boswellia) Gum Resin, Cardamomum (Elettaria Cardamomum) Seed, Manjistha Rubia Cordifolia, Yastimadhu (Glycyrrhiza Glabra) Root, Nagar Monthan (Cyperus Rotundus) Tuber, Tejpatra (Cinnamomum Cassia) Leaf, Bhingraj (Eclipta Alba) Plant, Clove (Syzygium Aromaticum) Buds, Palash (Butea Frondosa) Stem, Karpura (Camphora Officinarum) Leaf, Dalchini (Cinnamomum Cassia) Stem, Kesar (Crocus Sativus) Flower, Satva Ajowain (Carum Couticum) Seed, Satv Podina (Mentha Pipperata) Leaf, Euclyptus (Eucalyptus) Leaf., 60 ml & 1 Litre, Oil, Calm the mind and nervous system:Dasamoola used in the formulation helps soothe the mind and nerves, Rejuvenates the body:Jeevanti and other ingredients in the jeevaniya gana helps replenish the body cells, Reduce the pain in joints and muscles and swelling of joints:The anti-inflammatory properties of shallaki helps relieve oedema and inflammation in the joints, Helps to improve proper blood circulation:Manjistha, yashtimadhu helps improve blood circulation and replenishes the skin, Also, helps to reduce the stiffness of neck & reduce a headache or vertigo like problems",,"Do not consume or ingest the oil, Keep out of reach of children, For external use only, Store in a cool, dry place, away from direct sunlight"
https://www.1mg.com/otc/bjain-kali-carbonicum-dilution-10m-ch-otc440624,Bjain Kali Carbonicum Dilution,Bjain Pharmaceuticals Pvt. Ltd.,,,,
https://www.1mg.com/otc/painodil-ayurvedic-pain-relief-oil-100ml-each-otc938233,Painodil Oil,Sabchar Sales Corporation,,"Painodil oil, Painodil oil is a herbal pain relief oil, formulated to reduce pain, whether it's muscular, joint, or related to specific conditions like chronic arthritis, It is typically easy to apply, allowing users to target specific areas of discomfort directly, Painodil oil is formulated to be non-greasy and easily absorbed into the skin, allowing for convenient application without leaving a sticky residue, Apply Painodil oil directly to the affected area, providing targeted relief without affecting the entire body, Effective in arthritis, neuralgia, paralysis, sprains, sciatica, lumbago etc",Apply 5 to 6 drops of oil on the affected parts and massage from lower to upper part of the body twice daily or As directed by the physician.,"Read the label carefully before use, Keep out of reach of children, Store in cool and dry place"
https://www.1mg.com/otc/sbl-conium-maculatum-dilution-30-ch-otc338338,SBL Conium Maculatum Dilution,SBL Pvt Ltd,,,"Dosage should be directed by the physician.Maintain 30 minutes gap between drink, food or any other medication.Avoid strong smell in the mouth before taking a dose.",
https://www.1mg.com/otc/lp-330-heelcare-cushion-cups-pair-medium-otc331574,LP #330 Heelcare Cushion Cups,LP Support,It is used to reduce the pain in heels while walking or performing any sports activity.,,Use as directed by the physician.,"Read the label carefully before use, Keep out of reach of the children, Store in a cool dry place"
https://www.1mg.com/otc/medigrip-ayurvedic-pain-relief-patch-medium-brown-otc831129,Medigrip Ayurvedic Pain Relief Patch,Precision Coatings Pvt Ltd,,"Gandpura talia, Pudina salva, Karpura, It helps provide relief from muscular and skeletal pain, It may reduce irritation and itching, Pudina helps induce a cooling effect","Clean aching part, Dry the area, Remove the release paper, Apply patch","Read the label carefully before use, Store in a cool and dry place away from direct sunlight, Keep it out of the reach of children, Apply only on uncut skin"
https://www.1mg.com/otc/sbl-physalis-alkekengi-mother-tincture-q-otc338637,,SBL Pvt Ltd,,,,
https://www.1mg.com/otc/dr-willmar-schwabe-india-cadmium-sulphuricum-dilution-200-ch-otc398145,,Dr Willmar Schwabe India Pvt Ltd,,,,
https://www.1mg.com/otc/bjain-eupatorium-perfoliatum-dilution-200-ch-otc438822,Bjain Eupatorium Perfoliatum Dilution,Bjain Pharmaceuticals Pvt. Ltd.,,,,
https://www.1mg.com/otc/bjain-taxus-baccatta-dilution-6x-otc432216,Bjain Taxus Baccatta Dilution,Bjain Pharmaceuticals Pvt. Ltd.,,,,
https://www.1mg.com/otc/bjain-camphora-dilution-3x-otc437354,Bjain Magnesium Phosphoricum Dilution,Bjain Pharmaceuticals Pvt. Ltd.,,Magnesium Phosphoricum,,
https://www.1mg.com/otc/similia-camphorhus-oil-otc503516,,Similia Homoeo Laboratory,,,,
https://www.1mg.com/otc/tynor-c-08-cast-shoe-medium-otc335718,,Tynor Orthotics Pvt. Ltd.,,,,
https://www.1mg.com/otc/comprezon-classic-varicose-vein-stockings-class-2-below-knee-1-pair-small-beige-otc389314,Comprezon Classic Varicose Vein Stockings Class 2 Below Knee (1 Pair),Dynamic Techno Medicals Pvt. Ltd.,It is primarily used to assist patients suffering from varicose veins and prevents pooling of blood.,"Prevents blood pooling: Applies graduated compression or high pressure at the ankle, medium pressure at the thigh which allows blood to flow back up to the leg, Quality Assurance: It is the only brand manufactured in India which meets international specifications for varicose vein stockings, Economical Price: It is an economical alternative to imported brands and is exported to more than 40 countries, High Quality Design: Manufactured using German Machinery and imported raw materials to provide accurate pressure for each indication of varicose veins, Toe Style: Peep hole",Use as per requirement or as directed by the healthcare physician.,"Read the label carefully before use, Store in a cool dry place away from direct sunlight, Keep out of reach of the children, Avoid physical damage"
https://www.1mg.com/otc/sloan-s-liniment-kills-pain-reduces-swelling-strengthens-muscles-ligaments-otc315107,Sloan's Liniment,Piramal Enterprises Ltd,,Oil,,
https://www.1mg.com/otc/jiva-pain-calm-oil-pain-reliever-for-joint-pain-back-pain-frozen-shoulder-sprain-muscle-soreness-otc329877,Jiva Pain Calm Oil,Jiva Ayurvedic Pharmacy Ltd,,,,
https://www.1mg.com/otc/vissco-2617-pro-tennis-elbow-support-universal-otc448562,Vissco 2617 Pro Tennis Elbow Support,Vissco Rehabilitation Aids Pvt. Ltd.,It is primarily used in the condition of tendonitis (lateral epicondylitis).,,Use as per requirement or as directed by the physician.,"Read the label carefully before use, Store in a cool dry place away from direct sunlight, Keep out of reach of the children, Avoid physical damage"
https://www.1mg.com/otc/himalaya-rumalaya-pain-relief-gel-quick-relief-from-body-pain-ayurvedic-gel-otc90714,Himalaya Rumalaya Gel,Himalaya Wellness Company,,"30 gm, Gel",Apply a small quantity of the gel to the tender area and lightly massage it in or as directed by the physician.,
https://www.1mg.com/otc/dominion-care-combo-pack-of-accu-paduka-accupressure-massage-slipper-and-double-dolphin-massager-otc516252,,Kapil Plastic Mould,,,,
https://www.1mg.com/otc/adel-1-apo-dolor-drop-otc326144,,Adel Pekana Germany,,,,
https://www.1mg.com/otc/moov-cool-therapy-gel-otc964102,Moov Cool Therapy Gel,Reckitt Benckiser Healthcare Pvt. Ltd.,,"Each gram of gel contains: Pudina Satva (Mentha piperita) extract (Aerial parts of plant) 8.0% w/w, Preservative: Benzyl Alcohol IP, Colouring Agents: Brilliant Blue FCF, Tartrazine Yellow., Gel., 20g.",Apply a thin film of the gel to the affected area and massage gently. Repeat 3-4 times daily for best results.,
https://www.1mg.com/otc/lp-271z-thigh-compression-sleeve-large-otc331443,Uses:,LP Support,"It is used to enhance the explosive strength of thigh muscles, improving kicking and jumping.",,Use as directed by the health-care professional and Make sure the power band is positioned around the knee.,"Read the label carefully before use, Keep out of reach of the children, Store in a cool dry place"
https://www.1mg.com/otc/sbl-conium-maculatum-dilution-200-ch-otc346425,SBL Conium Maculatum Dilution,SBL Pvt Ltd,,,"Dosage should be directed by the physician.Maintain 30 minutes gap between drink, food or any other medication.Avoid strong smell in the mouth before taking a dose.",
https://www.1mg.com/otc/tynor-j-09-knee-support-sportif-neoprene-large-otc345768,Bjain Chionanthus Virginica Mother Tincture,Tynor Orthotics Pvt. Ltd.,,Chionanthus Virginica,Take Bjain Chionanthus Virginica Mother Tincture as directed by the physician.,
https://www.1mg.com/otc/dr-willmar-schwabe-india-lycopersicum-esculentum-dilution-6-ch-otc405132,,Dr Willmar Schwabe India Pvt Ltd,,,,
https://www.1mg.com/otc/volini-maxx-pain-relief-spray-for-back-neck-joint-muscle-pain-bone-joint-muscle-care-otc457560,Volini Maxx Spray,Sun Pharmaceutical Industries Ltd,,"Diclofenac Diethylamine IP Equivalent to Dicoflenac Sodium, Methyl Salicylate IP, Menthol IP, Provides instant pain relief and supports bone, joint and muscle care, A unique formulation of 2% diclofenac makes it 100% stronger than other sprays, Provides effective relief from severe neck and back pain, Helps in relieving musculoskeletal and joint pain, Effective in healing pain due to strain and sprain, Useful in case of sports injuries, Has a unique 360-degree delivery mechanism that ensures standardised drug delivery, It provides instant and long-lasting pain relief from knee pain, joint pain, back pain, calf pain, and neck pain","Shake well before each use. Spray the contents from 5 cm distance on the affected areas 3-4 times in a day or, as directed by the physician.","Read the label carefully before use, Store in a cool and dry place away from direct sunlight, Keep out of reach of the children, Do not exceed the recommended dosage, For external use only, Should be applied only to intact skin surfaces and not to skin wounds and open injuries, Should not come into contact with eyes, mucous membranes and should not be ingested, Store in a cool and dry place"
https://www.1mg.com/otc/renewa-orthopaedic-lumbo-back-rest-cushion-memory-foam-chair-cushion-for-sciatica-back-pain-otc491876,Renewa Orthopaedic Back Support Memory Foam Cushion,Dr. Sayani's Health Care Pvt. Ltd.,It is designed to help provide support to the back and ease pain. It helps in correcting posture.,"It helps in improving blood circulation, Has absorbent fabric and a memory foam, It has removable and washable cover, Has breathable mesh and has no chemical smell, It has an adjustable strap",Use as directed on the manual.,"Read the label carefully before use, Store in a cool dry place away from direct sunlight, Keep out of reach of the children"
https://www.1mg.com/otc/sbl-arnica-act-spray-otc329036,,SBL Pvt Ltd,,,,
https://www.1mg.com/otc/pankajakasthuri-orthoherb-ayurvedic-oil-with-amla-for-joint-pain-relief-otc356687,Pankajakasthuri Orthoherb Oil,Pankajakasthuri Herbals India (P) Ltd.,,"Vasa (Adhatoda vasica, Rt, Dct), Eranda (Ricinus communis, Rt, Dct), Bilwa (Aegle marmelos, Rt, Dct), Thwak (Cinnamomum zeylanicum, St. Bk, Dct), Maricha (Piper nigrum, Dr. Fr, Dct), Lavanga (Syzygium aromaticum, Dr. Fr, Dct), Jati (Myristica fragrans, Pp, Dct), Pata (Cyclea peltata, Rt, Dct), Nimba (Azadirachta indica, Rt, bk, Dct), Sahachara (Strobilanthes ciliatus, Rt, Dct), Nirgundi (Vitex negundo, Lf, Dct), Bala (Sida retusa, Rt, Dct), Punarnava (Boerhavia diffusa, Pl, Dct), Gunja (Abrus precatorius, Rt, Dct), Dusparsa (Tragia involucrata, Rt, Dct) 2 g each. Amalaki (Phyllanthus emblica, Dr. Fr, Pst), Manjishta (Rubia cordifolia, Rt, Pst), Guggulu (Balsamodendron mukul, Lx, Pst), Chitraka (Plumbago zeylanica, Rt, Pst) 2.5 g each. Kera thaila (Cocos nucifera, Oil) 27.50 ml, Eranda thaila (Ricinus communis, Oil) 82.50 ml, Eucalyptus Oil (Eucalyptus globulus, Oil), 100 ml, Liquid, The oil has anti-inflammatory and analgesic properties, It imparts muscle tone and lubricates the joints, It also imparts firmness to the limbs, It can help stimulate circulation, It helps the lymphatic functioning for detoxification",,"Read the label carefully before use, Store in a cool and dry place, Keep out of reach of children"
https://www.1mg.com/otc/dr-willmar-schwabe-india-onosmodium-virginianum-dilution-12-ch-otc394550,,Dr Willmar Schwabe India Pvt Ltd,,,,
https://www.1mg.com/otc/sbl-pancreatinum-dilution-30-ch-otc348476,,SBL Pvt Ltd,,,,
https://www.1mg.com/otc/miduty-nerve-pain-relief-capsule-alpha-lipoic-acid-b-vitamins-neuropathy-support-otc918605,Miduty Nerve Pain Relief Capsule,Midvision Pvt Ltd,,,Use as directed on the label or as advised by your healthcare provider,
https://www.1mg.com/otc/sbl-scorpion-dilution-200-ch-otc359434,SBL Scorpion Dilution,SBL Pvt Ltd,,"Same as on the label, It helps to manage strabismus, It helps to prevent excess sneezing, It helps to prevent sleeplessness, It helps to improve the functioning of the salivary gland and the mucus membrane of the nose, It supports nervous system health",Do as directed by the physician,"Keep out of reach of children, Store in a cool and dry place, Self-medication is not advisable, Do not exceed the recommended dosage, Read label before use"
https://www.1mg.com/otc/bjain-kali-carbonicum-dilution-10m-ch-otc440617,Bjain Kali Carbonicum Dilution,Bjain Pharmaceuticals Pvt. Ltd.,,,,
https://www.1mg.com/otc/pravek-maha-balvardhak-oil-otc601978,Pravek Maha Balvardhak Oil,Pravek Kalp Private Limited,,,Massage adequate quantity of oil gently on the affected areas till it is absorbed. Use 2-3 times in a day for better results or as directed by the physician.,
https://www.1mg.com/otc/dr.-reckeweg-naja-trip-dilution-1000-ch-otc331858,,Dr Reckeweg & Co,,,,
https://www.1mg.com/otc/fleximuv-pain-reliever-otc404776,Fleximuv Pain Reliever,Cadila Pharmaceuticals Ltd,,"Cedrus deodara leaves, Camphora officinarum (Camphor powder), Mentha piperita (Mint), Capsicum annum (Capsicum), 25 gm, Cream, It may provide fast relief from painful muscle spasms, Helps relieve back pain, sprains and sciatica, Effective against fibrositis, swelling and neuralgia, It may also help in fast absorption in the skin",Apply the ointment on the affected and massage with gentle hands until absorbed by the skin.,"Read the label carefully before use, Keep out of the reach of children, Store in a cool and dry place"
https://www.1mg.com/otc/jiva-pain-calm-oil-pain-reliever-for-joint-pain-back-pain-frozen-shoulder-sprain-muscle-soreness-with-knee-cap-free-otc651981,Jiva Pain Calm Oil,Jiva Ayurvedic Pharmacy Ltd,,,,
https://www.1mg.com/otc/tata-1mg-ankle-binder-ankle-support-for-pain-relief-injuries-and-inflammation-ankle-protection-guard-post-cast-care-and-post-operation-xl-otc811799,Tata 1mg Ankle Binder,Tata 1mg Healthcare Solutions Private Limited,"It is helpful for post-cast care, sports injuries (muscle, tendon, and ligament Injuries), and post-operations.",,,
https://www.1mg.com/otc/equinox-hot-water-bottle-with-cover-eq-ht-01-c-otc349239,Equinox Hot Water Bottle with Cover EQ-HT-01 C,Equinox Overseas Pvt Ltd,The hot water bottle is used to help provide relief from aches and pains.,,,
https://www.1mg.com/otc/volini-maxx-pain-relief-spray-for-back-neck-joint-muscle-pain-bone-joint-muscle-care-otc457561,Volini Maxx Spray,Sun Pharmaceutical Industries Ltd,,"Diclofenac Diethylamine IP Equivalent to Dicoflenac Sodium, Methyl Salicylate IP, Menthol IP, Provides instant pain relief and supports bone, joint and muscle care, A unique formulation of 2% diclofenac makes it 100% stronger than other sprays, Provides effective relief from severe neck and back pain, Helps in relieving musculoskeletal and joint pain, Effective in healing pain due to strain and sprain, Useful in case of sports injuries, Has a unique 360-degree delivery mechanism that ensures standardised drug delivery, It provides instant and long-lasting pain relief from knee pain, joint pain, back pain, calf pain, and neck pain","Shake well before each use. Spray the contents from 5 cm distance on the affected areas 3-4 times in a day or, as directed by the physician.","Read the label carefully before use, Store in a cool and dry place away from direct sunlight, Keep out of reach of the children, Do not exceed the recommended dosage, For external use only, Should be applied only to intact skin surfaces and not to skin wounds and open injuries, Should not come into contact with eyes, mucous membranes and should not be ingested, Store in a cool and dry place"
https://www.1mg.com/otc/tynor-a-13-brace-long-type-universal-otc345474,,Tynor Orthotics Pvt. Ltd.,,,,
https://www.1mg.com/otc/dr.-morepen-pain-bye-ortho-oil-otc829285,Dr. Morepen Pain Bye Ortho Oil,Dr. Morepen Limited,,,Apply 5-10 ml to the affected area and massage gently.,
https://www.1mg.com/otc/jiva-pain-calm-oil-pain-reliever-for-joint-pain-back-pain-frozen-shoulder-sprain-muscle-soreness-otc651626,Jiva Pain Calm Oil,Jiva Ayurvedic Pharmacy Ltd,,,,
https://www.1mg.com/otc/dr-willmar-schwabe-india-hedeoma-pulegioides-dilution-30-ch-otc403713,,Dr Willmar Schwabe India Pvt Ltd,,,,
https://www.1mg.com/otc/sbl-mercurialis-perennis-dilution-6-ch-otc354586,,SBL Pvt Ltd,,,,
https://www.1mg.com/otc/moov-pain-relief-ointment-for-back-pain-joint-pain-knee-pain-muscle-pain-otc377375,"Moov Pain Relief Ointment for Back Pain, Joint Pain, Knee Pain, Muscle Pain",Reckitt Benckiser Healthcare Pvt. Ltd.,,"Ointment, 30g",,
https://www.1mg.com/otc/bjain-aesculus-hippocastanum-dilution-1000-ch-otc429150,Bjain Aesculus Hippocastanum Dilution,Bjain Pharmaceuticals Pvt. Ltd.,,,As directed by the physician,
https://www.1mg.com/otc/bjain-camphora-dilution-3x-otc437370,Bjain Magnesium Phosphoricum Dilution,Bjain Pharmaceuticals Pvt. Ltd.,,Magnesium Phosphoricum,,
https://www.1mg.com/otc/volini-pain-relief-gel-for-sprain-muscle-joint-neck-low-back-pain-bone-joint-muscle-care-otc138818,Volini Pain Relief Gel,Sun Pharmaceutical Industries Ltd,,"Diclofenac Diethylamine Equivalent to Diclofenac Sodium 1% w/w, Methyl Salicylate IP, Menthol IP, Virgin Linseed Oil BP, Preservative, Benzyl Alcohol IP, Gel Base, The spray can offer relief when in pain and supports bone, muscle and joint care., It is effective for pain in the joints, knees, back, shoulders, and neck, It can work great on sports injuries such as muscle pulls, sprains, and strain, It provides instant and long-lasting pain relief from knee pain, joint pain, back pain, calf pain, and neck pain","The Volini pain relief bottle should be shaken well before spraying, Hold the spray bottle at a 5cm distance from the affected area and spray, You can use the spray about three to four times daily or as recommened by your physician","Read the label carefully before use, Store in a cool and dry place, away from sunlight, Keep out of reach of children, The Volini pain relief spray is meant for external application only, Use Volini per the doctor’s guidance, and be careful not to use more than the given dosage, Do not use the spray on open wounds or surfaces of the skin that are ruptured, The spray should not be ingested or come in contact with the eyes and mucous membranes, Avoid using the spray near a naked flame, Do not burn or make a hole in the bottle even after the spray is over"
https://www.1mg.com/otc/sbl-lecithinum-trituration-tablet-3x-otc338981,SBL Lecithinum Trituration Tablet,SBL Pvt Ltd,,,"Take 4 tablets twice daily, or as prescribed by a physician",
https://www.1mg.com/otc/aushadhi-jointjod-oil-ayurvedic-pain-relief-for-knee-pain-instant-relief-joint-care-oil-otc665449,Aushadhi Jointjod Oil,Aushadhi Wellness Pvt Ltd,,"Shallaki Exudate Dry Extract (Boswellia serrata) - 2.00% w/v, Ashwagandha Root Dry Extract (Withania somnifera) - 1.00% w/v, Hadjod Arial Part Dry Extract (Cissus quadrangularis) - 1.00% w/v, Nirgundi Leaf Dry Extract (Vitex negundo) - 1.00% w/v, Sunthi Rhizome Dry Extract (Zingiber officinale) - 1.00% w/v, Camphor (Cinnamomum camphora) - 3.00% w/v, Mahanarayan Oil (Sesamum indicum) - 5.00% w/v, Nilgiri Leaf Oil (Eucalyptus globulus) - 10.00% w/v, Gandhapura Oil (Gaultheria fragrantissima) - 10.00% w/v, Til Oil (Sesamum indicum) - q.s, 60ml, Oil, Comprehensive Joint Pain Relief:This joint pain oil helps provide effective relief from joint pain and stiffness, improving overall joint health, Supports Blood Circulation:Facilitates easy penetration and improves blood circulation, reducing pain and inflammation, May Provide instant and Long-Lasting Relief:Offers immediate relief from pain, making it an ideal pain relief oil for quick and sustained results, Versatile Application:Suitable for knee pain, ankle pain, and other joint discomforts, this pain relief oil is ideal for all types of joint pain relief needs",,"Keep out of reach of children, Store in a cool, dry place away from direct sunlight, Do not refrigerate, For external use only"
https://www.1mg.com/otc/aurthot-ankle-support-pair-large-otc389273,,Aurthot Surgicals (OPC) Private Limited,,,,
https://www.1mg.com/otc/comprezon-classic-varicose-vein-stockings-class-2-above-knee-1-pair-xxl-beige-otc390193,Comprezon Classic Varicose Vein Stockings Class 2 Above Knee (1 Pair),Dynamic Techno Medicals Pvt. Ltd.,Boost flow of blood back from legs to heart. Prevents the pooling of blood in the legs which is the main cause of varicose veins,,As described by your physician,"Read the label carefully before use, Store in a cool, dry place away from direct sunlight, Keep out of reach of children, Avoid physical damage"
https://www.1mg.com/otc/bjain-quercus-glandium-spiritus-dilution-6x-otc434683,,Bjain Pharmaceuticals Pvt. Ltd.,,,,
https://www.1mg.com/otc/tynor-a-07-contoured-l.s.-support-xxl-otc335687,Tynor A-07 Contoured L.S. Support,Tynor Orthotics Pvt. Ltd.,It is specially contoured in a way that is used to give support and immobilization to the lumbar and sacral regions. It also helps to provide relief from lower back pain.,,Use as per requirement or as directed by the physician.,
https://www.1mg.com/otc/aurthot-hinged-knee-support-brace-large-otc389309,,Aurthot Surgicals (OPC) Private Limited,,,,
https://www.1mg.com/otc/yuvika-karanjwa-sagar-goti-pongamia-pinnata-caesalpinia-bonducella-fever-nuts-otc520552,,DKC AGROTECH PVT. LTD.,,,,
https://www.1mg.com/otc/bjain-scutellaria-dilution-6x-otc433620,,Bjain Pharmaceuticals Pvt. Ltd.,,,,
https://www.1mg.com/otc/vissco-0603-wrist-binder-double-lock-xxl-otc448552,Vissco 0603 Wrist Binder Double Lock,Vissco Rehabilitation Aids Pvt. Ltd.,Primarily used during injury to wrist or during sprains. Beneficial for patients suffering from osteoarthritis and for the prevention of sports injury.,"Skin Friendly:It uses skin friendly material which prevents irritation and itchy sensation, Easy to breathe:Uses light-weight material which does not lead to stiffness and does not affect mobility, Soft Support:It offers soft support to people who are using to treat an injury or pains related to osteoarthritis, Double Locking:Ensure close grip fit which does not become loose upon long time use",Wrap the binder around the area of the wrist. Hook and loop fasteners are provided to lock.,"Read the user manual carefully before use, Keep out of the reach of children"
https://www.1mg.com/otc/dr-willmar-schwabe-india-magnesia-phosphoricum-biochemic-tablet-6x-otc448614,Dr Willmar Schwabe India Magnesia Phosphoricum Biochemic Tablet,Dr Willmar Schwabe India Pvt Ltd,,,,
https://www.1mg.com/otc/sloan-s-liniment-kills-pain-reduces-swelling-strengthens-muscles-ligaments-otc315107,Sloan's Liniment,Piramal Enterprises Ltd,,Oil,,
https://www.1mg.com/otc/jiva-pain-calm-oil-pain-reliever-for-joint-pain-back-pain-frozen-shoulder-sprain-muscle-soreness-otc329877,Jiva Pain Calm Oil,Jiva Ayurvedic Pharmacy Ltd,,,,
https://www.1mg.com/otc/samson-cervical-collar-hard-adjustable-medium-white-otc487966,Samson CA-0104 Cervical Collar (Hard Adjustable),Samson Scientifics & Surgicals,It has been designed to support the chin and cervical spine and helps to relieve the pain.,,Use as directed on the manual.,
https://www.1mg.com/otc/himalaya-rumalaya-pain-relief-gel-quick-relief-from-body-pain-ayurvedic-gel-otc90714,Himalaya Rumalaya Gel,Himalaya Wellness Company,,"30 gm, Gel",Apply a small quantity of the gel to the tender area and lightly massage it in or as directed by the physician.,
https://www.1mg.com/otc/dr.-reckeweg-tellurium-metallicum-dilution-cm-ch-otc375380,Dr. Reckeweg Tellurium Metallicum Dilution,Dr Reckeweg & Co,,"Tellurium Metallicum, 11ml, Dilution, This formula is primarily used for the management of skin ailments such as acne, pimple eruptions, dry skin and scars, It is also useful in managing severe headaches and related symptoms such as dizziness, and nausea and promotes better sleep, This dilution may help to relieve the burning sensation and itchiness in the eyes and restrict the discharge of pus from the eye, It may help to manage conditions associated with ears such as the presence of abscess behind the ears, discharge of pus, itching and inflammation of the ear, deafness and sensation of tremor in the ears, It can also be extremely helpful in the management of pain below the spinal cord",,"Read the label carefully before use, Store in a cool and dry place, Keep out of reach of children, Do not exceed the recommended dose, Self-medication is not advised"
https://www.1mg.com/otc/tynor-e-10-tennis-elbow-support-medium-otc345659,Tynor E-10 Tennis Elbow Support,Tynor Orthotics Pvt. Ltd.,,,Read the user manual/ instruction leaflet carefully,
https://www.1mg.com/otc/moov-cool-therapy-gel-otc964102,Moov Cool Therapy Gel,Reckitt Benckiser Healthcare Pvt. Ltd.,,"Each gram of gel contains: Pudina Satva (Mentha piperita) extract (Aerial parts of plant) 8.0% w/w, Preservative: Benzyl Alcohol IP, Colouring Agents: Brilliant Blue FCF, Tartrazine Yellow., Gel., 20g.",Apply a thin film of the gel to the affected area and massage gently. Repeat 3-4 times daily for best results.,
https://www.1mg.com/otc/bjain-rhus-toxicodendron-dilution-30-ch-otc434348,Bjain Rhus Toxicodendron Dilution,Bjain Pharmaceuticals Pvt. Ltd.,,,Take 3-5 drops of the dilution in 1 teaspoon of water twice a day or as directed by the physician.,
https://www.1mg.com/otc/comprezon-classic-varicose-vein-stockings-class-2-below-knee-1-pair-medium-beige-otc389316,Comprezon Classic Varicose Vein Stockings Class 2 Below Knee (1 Pair),Dynamic Techno Medicals Pvt. Ltd.,It is primarily used to assist patients suffering from varicose veins and prevents pooling of blood.,"Prevents blood pooling: Applies graduated compression or high pressure at the ankle, medium pressure at the thigh which allows blood to flow back up to the leg, Quality Assurance: It is the only brand manufactured in India which meets international specifications for varicose vein stockings, Economical Price: It is an economical alternative to imported brands and is exported to more than 40 countries, High Quality Design: Manufactured using German Machinery and imported raw materials to provide accurate pressure for each indication of varicose veins, Toe Style: Peep hole",Use as per requirement or as directed by the healthcare physician.,"Read the label carefully before use, Store in a cool dry place away from direct sunlight, Keep out of reach of the children, Avoid physical damage"
https://www.1mg.com/otc/sbl-ficus-religiosa-dilution-12-ch-otc352926,SBL Ficus Religiosa Dilution,SBL Pvt Ltd,,"Helps in reducing pain abdomen, Useful in treating dysentery accompanied with abnormal menstrual discharge, Provides effective relief from breathing difficulties and chronic cough, Helps in curing haemorrhages of different types, Effective in treating epistaxis, Useful in curing headache accompanied with vertigo, Useful in conditions of blood in urine and stool",Dosage should be directed by the physician. It can be safely taken along with other allopathic medicines.,"Read the label carefully before use, Keep out of the reach of children, Use under medical supervision, Do not exceed the recommended dosage, Maintain half an hour gap between food, drink and any other homoeopathic medicine, Avoid any strong smell in the mouth while taking medicine e.g. camphor, garlic, onion, coffee and hing, Store in a cool and dry place"
https://www.1mg.com/otc/volini-maxx-pain-relief-spray-for-back-neck-joint-muscle-pain-bone-joint-muscle-care-otc457560,Volini Maxx Spray,Sun Pharmaceutical Industries Ltd,,"Diclofenac Diethylamine IP Equivalent to Dicoflenac Sodium, Methyl Salicylate IP, Menthol IP, Provides instant pain relief and supports bone, joint and muscle care, A unique formulation of 2% diclofenac makes it 100% stronger than other sprays, Provides effective relief from severe neck and back pain, Helps in relieving musculoskeletal and joint pain, Effective in healing pain due to strain and sprain, Useful in case of sports injuries, Has a unique 360-degree delivery mechanism that ensures standardised drug delivery, It provides instant and long-lasting pain relief from knee pain, joint pain, back pain, calf pain, and neck pain","Shake well before each use. Spray the contents from 5 cm distance on the affected areas 3-4 times in a day or, as directed by the physician.","Read the label carefully before use, Store in a cool and dry place away from direct sunlight, Keep out of reach of the children, Do not exceed the recommended dosage, For external use only, Should be applied only to intact skin surfaces and not to skin wounds and open injuries, Should not come into contact with eyes, mucous membranes and should not be ingested, Store in a cool and dry place"
https://www.1mg.com/otc/bjain-natrum-salicylicum-dilution-200c-otc702831,Bjain Natrum Salicylicum Dilution,Bjain Pharmaceuticals Pvt. Ltd.,,Natrum Salicylicum,Take Bjain Natrum Salicylicum Dilution as directed by the physician.,
https://www.1mg.com/otc/pankajakasthuri-orthoherb-ayurvedic-oil-with-amla-for-joint-pain-relief-otc356687,Pankajakasthuri Orthoherb Oil,Pankajakasthuri Herbals India (P) Ltd.,,"Vasa (Adhatoda vasica, Rt, Dct), Eranda (Ricinus communis, Rt, Dct), Bilwa (Aegle marmelos, Rt, Dct), Thwak (Cinnamomum zeylanicum, St. Bk, Dct), Maricha (Piper nigrum, Dr. Fr, Dct), Lavanga (Syzygium aromaticum, Dr. Fr, Dct), Jati (Myristica fragrans, Pp, Dct), Pata (Cyclea peltata, Rt, Dct), Nimba (Azadirachta indica, Rt, bk, Dct), Sahachara (Strobilanthes ciliatus, Rt, Dct), Nirgundi (Vitex negundo, Lf, Dct), Bala (Sida retusa, Rt, Dct), Punarnava (Boerhavia diffusa, Pl, Dct), Gunja (Abrus precatorius, Rt, Dct), Dusparsa (Tragia involucrata, Rt, Dct) 2 g each. Amalaki (Phyllanthus emblica, Dr. Fr, Pst), Manjishta (Rubia cordifolia, Rt, Pst), Guggulu (Balsamodendron mukul, Lx, Pst), Chitraka (Plumbago zeylanica, Rt, Pst) 2.5 g each. Kera thaila (Cocos nucifera, Oil) 27.50 ml, Eranda thaila (Ricinus communis, Oil) 82.50 ml, Eucalyptus Oil (Eucalyptus globulus, Oil), 100 ml, Liquid, The oil has anti-inflammatory and analgesic properties, It imparts muscle tone and lubricates the joints, It also imparts firmness to the limbs, It can help stimulate circulation, It helps the lymphatic functioning for detoxification",,"Read the label carefully before use, Store in a cool and dry place, Keep out of reach of children"
https://www.1mg.com/otc/nanofast-1-fast-pain-relieving-gel-otc319461,,Pharmed Ltd,,,,
https://www.1mg.com/otc/bakson-b69-sciatica-drop-otc388126,Bakson's B69 Sciatica Drop,Bakson Drugs &  Pharmaceuticals Pvt. ltd.,,,As directed by your healthcare professional.,
https://www.1mg.com/otc/miduty-nerve-pain-relief-capsule-alpha-lipoic-acid-b-vitamins-neuropathy-support-otc918605,Miduty Nerve Pain Relief Capsule,Midvision Pvt Ltd,,,Use as directed on the label or as advised by your healthcare provider,
https://www.1mg.com/otc/deve-herbes-pure-black-seed-nigella-sativa-cold-pressed-oil-otc396406,Deve Herbes Pure Black Seed Oil,Deve Herbes,,"Pure Black Cumin Seed Essential Oil 5ml (Nigella sativa), It is an effective anti-oxidant, anti-bacterial, and anti-inflammatory, It can boost your immune system, It can also be used topically as a chest rub for respiratory problems, It helps to prevent both damage and disease, It decreases the elevated serum glucose, It helps to prevent both type 1 and type 2 diabetes","Do not apply directly to skin, always dilute with carrier oil","Read the label carefully before use, Keep it out of reach of the children, Store in a cool and dry place away from direct sunlight, Use under medical supervision"
https://www.1mg.com/otc/m-orthoveer-roll-on-otc869949,M-Orthoveer Roll On,Mahaveer & Mahaveer,,"Mahanarayan Tail, Ashwagandha, Methi, Amba Haldi, Nirgundi Tail, Wintergreen Tail, Nilgiri Oil, Turpentine Oil, Lavang Tail, Karpoor, Pudina Phool, This roll-on can help relieve joint pain, muscular pain, and inflammation, It may be effective in lower back pain, It might alleviate frozen shoulder and knee pain, It can help ease sprains and strains, It may reduce morning stiffness and joint stiffness",Roll directly onto the affected area,"Read the label carefully before use, Store in a cool and dry place, away from sunlight, Keep out of reach of children"
https://www.1mg.com/otc/pravek-maha-balvardhak-oil-otc601978,Pravek Maha Balvardhak Oil,Pravek Kalp Private Limited,,,Massage adequate quantity of oil gently on the affected areas till it is absorbed. Use 2-3 times in a day for better results or as directed by the physician.,
https://www.1mg.com/otc/medigrip-ayurvedic-pain-relief-patch-medium-brown-otc831131,Medigrip Ayurvedic Pain Relief Patch,Precision Coatings Pvt Ltd,,"Gandpura talia, Pudina salva, Karpura, It helps provide relief from muscular and skeletal pain, It may reduce irritation and itching, Pudina helps induce a cooling effect","Clean aching part, Dry the area, Remove the release paper, Apply patch","Read the label carefully before use, Store in a cool and dry place away from direct sunlight, Keep it out of the reach of children, Apply only on uncut skin"
https://www.1mg.com/otc/dr-willmar-schwabe-india-granatum-mother-tincture-q-otc391018,,Dr Willmar Schwabe India Pvt Ltd,,,,
https://www.1mg.com/otc/jiva-pain-calm-oil-pain-reliever-for-joint-pain-back-pain-frozen-shoulder-sprain-muscle-soreness-with-knee-cap-free-otc651981,Jiva Pain Calm Oil,Jiva Ayurvedic Pharmacy Ltd,,,,
https://www.1mg.com/otc/patanjali-divya-mukta-shukti-bhasma-otc387922,,Patanjali Divya Pharmacy,,,,
https://www.1mg.com/otc/dr.-reckeweg-calcarea-phosphorica-biochemic-tablet-6x-supports-strong-teeth-bones-for-pain-relief-otc325463,Dr. Reckeweg Calcarea Phosphorica Biochemic Tablet,Dr Reckeweg & Co,,"Calcarea Phosphorica, Patients who have a vulnerability to glandular and bone diseases, in teenagers who have less height, problems that arise due to inappropriate intake of calcium, milk or diet can be benefited after taking calcarea phosphorica, Benefits children with the slow development of teeth, having a tendency to form curves of the bones, spinal curvature where development of spine is slow and the child needs support while sitting, Used to prevent teething problems in infants, Helps to prevent difficulties related to teething like diarrhoea, loss of appetite, low-grade fever, irritability and biting, It supports pain relief and helps in recovery from fracture, anaemia, and calcium-related deficiencies",,"Do not exceed the recommended dosage, Read the label carefully before use, Store in a cool, dry place away from direct sunlight, Keep out of reach of children, Avoid any strong smell in the mouth such as coffee, onion, hing, mint, camphor, garlic etc. while taking the medicine, Keep at least half an hour gap between food/drink/ any other medicines and allopathic medicine"
https://www.1mg.com/otc/volini-maxx-pain-relief-spray-for-back-neck-joint-muscle-pain-bone-joint-muscle-care-otc457561,Volini Maxx Spray,Sun Pharmaceutical Industries Ltd,,"Diclofenac Diethylamine IP Equivalent to Dicoflenac Sodium, Methyl Salicylate IP, Menthol IP, Provides instant pain relief and supports bone, joint and muscle care, A unique formulation of 2% diclofenac makes it 100% stronger than other sprays, Provides effective relief from severe neck and back pain, Helps in relieving musculoskeletal and joint pain, Effective in healing pain due to strain and sprain, Useful in case of sports injuries, Has a unique 360-degree delivery mechanism that ensures standardised drug delivery, It provides instant and long-lasting pain relief from knee pain, joint pain, back pain, calf pain, and neck pain","Shake well before each use. Spray the contents from 5 cm distance on the affected areas 3-4 times in a day or, as directed by the physician.","Read the label carefully before use, Store in a cool and dry place away from direct sunlight, Keep out of reach of the children, Do not exceed the recommended dosage, For external use only, Should be applied only to intact skin surfaces and not to skin wounds and open injuries, Should not come into contact with eyes, mucous membranes and should not be ingested, Store in a cool and dry place"
https://www.1mg.com/otc/vrinda-body-pain-relief-therapeutic-aromatic-essential-oil-otc535442,,Vrindaam Organics Private Limited,,,,
https://www.1mg.com/otc/bjain-lycopersicum-esculentum-mother-tincture-q-otc445115,Bjain Lycopersicum Esculentum Mother Tincture,Bjain Pharmaceuticals Pvt. Ltd.,,,"Take 10-15 drops in half cup water, 2-3 times a day or as directed by the physician.",
https://www.1mg.com/otc/jiva-pain-calm-oil-pain-reliever-for-joint-pain-back-pain-frozen-shoulder-sprain-muscle-soreness-otc651626,Jiva Pain Calm Oil,Jiva Ayurvedic Pharmacy Ltd,,,,
https://www.1mg.com/otc/dr.-reckeweg-hydrophobinum-dilution-cm-ch-otc374064,,Dr Reckeweg & Co,,,,
https://www.1mg.com/otc/comprezon-classic-varicose-vein-stockings-class-2-above-knee-1-pair-xl-beige-otc390191,Comprezon Classic Varicose Vein Stockings Class 2 Above Knee (1 Pair),Dynamic Techno Medicals Pvt. Ltd.,Boost flow of blood back from legs to heart. Prevents the pooling of blood in the legs which is the main cause of varicose veins,,As described by your physician,"Read the label carefully before use, Store in a cool, dry place away from direct sunlight, Keep out of reach of children, Avoid physical damage"
https://www.1mg.com/otc/moov-pain-relief-ointment-for-back-pain-joint-pain-knee-pain-muscle-pain-otc377375,"Moov Pain Relief Ointment for Back Pain, Joint Pain, Knee Pain, Muscle Pain",Reckitt Benckiser Healthcare Pvt. Ltd.,,"Ointment, 30g",,
https://www.1mg.com/otc/dr.-reckeweg-eupatorium-perf-dilution-30-ch-otc326776,Dr. Reckeweg Eupatorium Perf Dilution 30 CH,Dr Reckeweg & Co,,"Extract of Common boneset plant, Liquid, Provides relief from throbbing pain in the head, Helpful in severe bone pains and cachexia, Useful in vertigo, headaches and vomiting, Effective in reducing soreness and helps in easing constipation and sore liver, Manages coryza, cough and soreness in the chest, Also helps manage gout",Take 3-5 drops 2-3 times in a day or as directed by the physician.,"Do not exceed the recommended dosage, Read the label carefully before use, Store in a cool dry place away from direct sunlight, Keep out of reach of children, Avoid any strong smell in the mouth such as coffee, onion, hing, mint, camphor, garlic etc. while taking the medicine, Keep at least half an hour gap between food/drink/ any other medicines and allopathic medicine"
https://www.1mg.com/otc/kerala-ayurveda-murivenna-oil-relieves-inflammation-joint-pain-otc361222,Kerala Ayurveda Murivenna Thailam,Kerala Ayurveda Limited,,"200 ml, Oil",,
https://www.1mg.com/otc/volini-pain-relief-gel-for-sprain-muscle-joint-neck-low-back-pain-bone-joint-muscle-care-otc138818,Volini Pain Relief Gel,Sun Pharmaceutical Industries Ltd,,"Diclofenac Diethylamine Equivalent to Diclofenac Sodium 1% w/w, Methyl Salicylate IP, Menthol IP, Virgin Linseed Oil BP, Preservative, Benzyl Alcohol IP, Gel Base, The spray can offer relief when in pain and supports bone, muscle and joint care., It is effective for pain in the joints, knees, back, shoulders, and neck, It can work great on sports injuries such as muscle pulls, sprains, and strain, It provides instant and long-lasting pain relief from knee pain, joint pain, back pain, calf pain, and neck pain","The Volini pain relief bottle should be shaken well before spraying, Hold the spray bottle at a 5cm distance from the affected area and spray, You can use the spray about three to four times daily or as recommened by your physician","Read the label carefully before use, Store in a cool and dry place, away from sunlight, Keep out of reach of children, The Volini pain relief spray is meant for external application only, Use Volini per the doctor’s guidance, and be careful not to use more than the given dosage, Do not use the spray on open wounds or surfaces of the skin that are ruptured, The spray should not be ingested or come in contact with the eyes and mucous membranes, Avoid using the spray near a naked flame, Do not burn or make a hole in the bottle even after the spray is over"
https://www.1mg.com/otc/tynor-a-07-contoured-l.s.-support-medium-otc335680,Tynor A-07 Contoured L.S. Support,Tynor Orthotics Pvt. Ltd.,It is specially contoured in a way that is used to give support and immobilization to the lumbar and sacral regions. It also helps to provide relief from lower back pain.,,Use as per requirement or as directed by the physician.,
https://www.1mg.com/otc/viaggi-cervical-memory-foam-pillow-otc510094,Viaggi Cervical Memory Foam Pillow,Siddhivinayak Enterprises,It has been designed to support the chin and cervical spine and helps to relieve the pain.,,Use as directed in the user manual.,"Read the label carefully before use, Store in a cool dry place away from direct sunlight, Avoid physical damage"
https://www.1mg.com/otc/dr.-reckeweg-syphilinum-dilution-cm-ch-otc375328,Dr. Reckeweg Syphilinum Dilution,Dr Reckeweg & Co,,"Syphilinum, 10ml, Dilution, It provides relief from shifting rheumatic pains and severe pain in long bones and muscles, It is effective in managing ulcerations in the mouth, nose, genitals, and skin, reducing burning sensations, It alleviates symptoms of dry, hard coughs, especially at night, It helps with conditions like rectal strictures, painful enemas, and fissures, improving overall rectal health",,"Do not exceed the recommended dosage, Read the label carefully before use, Store in a cool dry place away from direct sunlight, Keep out of reach of children, Avoid any strong smell in the mouth such as coffee, onion, hing, mint, camphor, garlic etc. while taking the medicine, Keep at least half an hour gap between food/drink/ any other medicines and allopathic medicine"
https://www.1mg.com/otc/vissco-tennis-elbow-support-0605-medium-otc344538,,Vissco Rehabilitation Aids Pvt. Ltd.,,,,
https://www.1mg.com/otc/bjain-arnica-montana-dilution-6x-otc433272,Bjain Arnica Montana Dilution,Bjain Pharmaceuticals Pvt. Ltd.,,,"10 to 15 drops in ¼ cup of water, two times a day, 10 minutes before or after meals or as prescribed by the physician.",
https://www.1mg.com/otc/tynor-k-02-heel-cushion-silicone-pair-xl-otc656100,Tynor K-02 Heel Cushion Silicon (Pair),Tynor Orthotics Pvt. Ltd.,"Anatomically designed for better comfort and fitting, it provides even pressure distribution throughout.",,Use as per requirement or as directed by the physician.,
https://www.1mg.com/otc/elcon-glucosamine-500mg-capsule-otc675475,Elcon Glucosamine 500mg Capsule,Elcon Drugs & Formulations Ltd,,"Glucosamine 500 mg, May help ease joint pain, Promotes mobility and flexibility for comfortable joint movement, Glucosamine may also help people with skin orders",Use as directed.,"Read the label carefully before use, Store in a cool dry place away from direct sunlight, Keep out of reach of the children"
https://www.1mg.com/otc/millennium-herbal-care-antarth-topical-anti-arthritic-ointment-25gm-each-otc636308,Millennium Herbal Care Antarth Topical Anti Arthritic Ointment,Millennium Herbal Care,,,A sufficient quantity of ointment should be taken and gently massage over the affected area. It can be applied two to three times a day based on the severity of pain.,
https://www.1mg.com/otc/bjain-aesculus-hippocastanum-dilution-6x-otc718153,Bjain Aesculus Hippocastanum Dilution,Bjain Pharmaceuticals Pvt. Ltd.,,,As directed by the physician,
https://www.1mg.com/otc/shivalik-herbals-varikostop-cream-otc386996,Shivalik Herbals Varikostop Cream,Shivalik Herbals,,"Peppermint, Marigold, Nagarmotha, Salai Guggul, Haridra, Ginger, Lemon, Ajwain, Black Pepper, Lavender, Cream Base, Colour, Fragrance, 50 gm, Cream, Varikostop Cream is suggested to help with venous problems, which may include conditions related to varicose veins, The cream is mentioned to help prevent the recurrence of veins, potentially aiding in the management of varicose veins, Varikostop Cream is suggested to improve blood circulation, which may be beneficial for individuals with varicose veins","Clean the affected area, Apply cream on the affected area till it gets absorbed, Do not wash the area just after applying the cream, For best results, apply twice a day","Read the label carefully before use, Store in a cool and dry place, Keep out of reach of children, For external use only"
https://www.1mg.com/otc/tynor-j-01-neoprene-hinged-knee-support-xxl-otc346217,Tynor J01 Knee Support Hinged (Neoprene),Tynor Orthotics Pvt. Ltd.,It is used to provide support to knee joint and ligaments.,,Use as per requirement or as directed by the physician.,
https://www.1mg.com/otc/adel-75-inflamyar-ointment-otc327721,ADEL 75 Inflamyar Ointment,Adel Pekana Germany,,"Arnica Montana 12x, Bellis Perennis 8x, Bryonia Cretica 4x, Guajacum Officinale 4x, Ledum Palustre 4x, Rhus Toxicodendron 12x, Ruta Graveolens 6x, Viscum Album 4x, It relieves hematoma, and has been used successfully to treat muscle and joint rheumatism and bursitis, It helps heal contusions and hematoma resulting from injuries and improves circulation to speed the healing process, It addresses tearing and stabbing-type pains, and is indicated in joint and muscle rheumatism, It also is an excellent therapeutic substance for relieving Polyarthritis rheumatica, It combats rheumatic pain, stiffness when exposed to cold, numbness when at rest, and gout symptoms such as swollen and inflamed balls of the feet, It improves circulation in the afflicted areas and eliminates venous blockage",Read the label carefully before use.,"Read the label carefully before use, Store in a cool and dry place away from direct sunlight, Keep out of reach of children"
https://www.1mg.com/otc/sbl-hypericum-perforatum-dilution-200-ch-otc347950,SBL Hypericum Perforatum Dilution,SBL Pvt Ltd,,"30 ml, Liquid, Men and Women",Use as directed by the physician.,
https://www.1mg.com/otc/r3set-ultra-potent-gel-otc970540,R3SET Ultra Potent Gel,Venus Remedies Ltd,,Gel,,
https://www.1mg.com/otc/dr.-reckeweg-acidum-phosph-dilution-1000-ch-otc335562,Dr. Reckeweg Acidum Phosphoricum Dilution,Dr Reckeweg & Co,,"Treats complications associated with mental as well as emotional trauma, Provides relief from headache due to exhaustion and mental weakness, Helps improve concentration, focus and memory and improves general mood, Improves physical and mental stress and corrects negative thinking patterns, It can be used to treat soreness of the eyes that leads to irritated and itchy eyes, Helps in relieving distension, nausea and vomiting in stomach, Improves digestion and stimulates appetite, Acts as a mild sedative and treats insomnia caused due to anxiety, Corrects sexual disorders in men and increases libido, Prevents premature greying of hair",Take 3-5 drops of dilution in a half cup of water thrice a day or as directed by the physician.,"Read the label carefully before use, Do not exceed the recommended dosage, Keep out of the reach of children, Store in a cool dry place away from direct sunlight and heat"
https://www.1mg.com/otc/sloan-s-liniment-kills-pain-reduces-swelling-strengthens-muscles-ligaments-otc315107,Sloan's Liniment,Piramal Enterprises Ltd,,Oil,,
https://www.1mg.com/otc/jiva-pain-calm-oil-pain-reliever-for-joint-pain-back-pain-frozen-shoulder-sprain-muscle-soreness-otc329877,Jiva Pain Calm Oil,Jiva Ayurvedic Pharmacy Ltd,,,,
https://www.1mg.com/otc/baidyanath-nagpur-maharasnadi-kadha-with-guggulu-for-joint-pain-backache-muscular-pain-otc627598,Baidyanath (Nagpur) Maharasnadi Kadha (with Guggulu),Shree Baidyanath Ayurved Bhawan (P)Limited (Nagpur),,"Rasna, Dhai Phool, Pipal, Babul chhal (acacia nilotica) herb, Munakka, Gud, Ashwagandha, Erand mool/ panchang, Vach (goodvach), Saunf, Adusa patti/panchang (vasa), Piyavasa panchang (sahachar), Guggul, Dhania, Atish meetha, Shatavari, Giloy sukhi(guduchi), Chavya, Kachoor, Deodar guliya, Kateri badi, kateri chhoti (kantkari), Harad badi (haritaki), Gokharum, Vidhara, Punarnava mool, Nagarmotha, South, Bala(khareti)/nagbala, Amaltash phali, Liquid, Rasna has anti-inflammatory and analgesic properties and is beneficial for managing arthritis as it reduces inflammation and joint pain, Guggulu is effective for all types of pain and vat disorders like sciatica, knee stiffness, and pain in the lumbosacral region, Guggulu also relieves neck stiffness and cervical pain",,"Read the label carefully before use, Store in a cool and dry place, Keep out of reach of children"
https://www.1mg.com/otc/himalaya-rumalaya-pain-relief-gel-quick-relief-from-body-pain-ayurvedic-gel-otc90714,Himalaya Rumalaya Gel,Himalaya Wellness Company,,"30 gm, Gel",Apply a small quantity of the gel to the tender area and lightly massage it in or as directed by the physician.,
https://www.1mg.com/otc/sbl-apium-graveolens-dilution-200-ch-otc351054,SBL Apium Graveolens Dilution,SBL Pvt Ltd,,"Helpful in reducing swelling from face, throat, and hands, Helpful in reducing menstrual cramps, Helpful in rheumatic pain in muscles, Helpful in heartburn, Helpful in obstinate retention of urine",As directed by the physician,"Read the label carefully before use, Do not exceed the recommended dose, Keep out of reach and sight of children, Store the formulation in cool and dry place"
https://www.1mg.com/otc/tynor-e-03-wrist-forearm-splint-xl-left-otc345649,Tynor E 03 Wrist & Forearm Splint,Tynor Orthotics Pvt. Ltd.,It helps to maintain the wrist in the neutral/functional position.,,Use a directed by the health-care professional.,
https://www.1mg.com/otc/moov-cool-therapy-gel-otc964102,Moov Cool Therapy Gel,Reckitt Benckiser Healthcare Pvt. Ltd.,,"Each gram of gel contains: Pudina Satva (Mentha piperita) extract (Aerial parts of plant) 8.0% w/w, Preservative: Benzyl Alcohol IP, Colouring Agents: Brilliant Blue FCF, Tartrazine Yellow., Gel., 20g.",Apply a thin film of the gel to the affected area and massage gently. Repeat 3-4 times daily for best results.,
https://www.1mg.com/otc/sbl-aconitum-napellus-dilution-3-ch-otc359542,SBL Aconitum Napellus Dilution,SBL Pvt Ltd,,,Dosage should be prescribed by the physician.,
https://www.1mg.com/otc/sbl-allium-cepa-mother-tincture-q-otc338848,,SBL Pvt Ltd,,,,
https://www.1mg.com/otc/omnigel-spray-from-cipla-for-fast-relief-from-pain-sprain-and-strain-otc342285,Omnigel Spray,Cipla Ltd,,"Diclofenac, Linseed Oil, Diclofenac Diethylamine, Menthol and Methyl Salicylate, Contains Diclofenac and Linseed Oil that help in reducing inflammation and redness, Methyl Salicylate and Menthol penetrate deep into the affected area and act as mild analgesics, Menthol provides a soothing and cooling sensation and gives immediate relief, The spray goes deep into the site of joint and muscle pain to ensure quick and effective relief from pain","Shake well before each use, Spray the contents from a 5cm distance on the affected areas 3 -4 times a day, Do not spray on open wounds","Read the label carefully before use, Store in a cool and dry place and do not expose to heat or direct sunlight, Do not pierce or burn the container, and do not spray on a naked flame or incandescent material, Do not spray near the eyes or face and avoid direct inhalation, Not meant for veterinary use, Do not exceed the recommended dose, Keep out of the reach and sight of children"
https://www.1mg.com/otc/comprezon-cotton-varicose-vein-stockings-class-1-below-knee-1-pair-large-beige-otc390199,Comprezon Cotton Varicose Vein Stockings Class 1 Below Knee (1 Pair),Dynamic Techno Medicals Pvt. Ltd.,To support the abdomen.,"Comfortable and non-restricting, Early varicose in pregnancy, Available in the following sizes:, X-Small (17-19), Small (19-23), Medium (23-26), Large (26-29), X-Large (29-31), XX-Large (31-34)",,"Read the manual carefully before use, Keep out of reach of the children"
https://www.1mg.com/otc/volini-maxx-pain-relief-spray-for-back-neck-joint-muscle-pain-bone-joint-muscle-care-otc457560,Volini Maxx Spray,Sun Pharmaceutical Industries Ltd,,"Diclofenac Diethylamine IP Equivalent to Dicoflenac Sodium, Methyl Salicylate IP, Menthol IP, Provides instant pain relief and supports bone, joint and muscle care, A unique formulation of 2% diclofenac makes it 100% stronger than other sprays, Provides effective relief from severe neck and back pain, Helps in relieving musculoskeletal and joint pain, Effective in healing pain due to strain and sprain, Useful in case of sports injuries, Has a unique 360-degree delivery mechanism that ensures standardised drug delivery, It provides instant and long-lasting pain relief from knee pain, joint pain, back pain, calf pain, and neck pain","Shake well before each use. Spray the contents from 5 cm distance on the affected areas 3-4 times in a day or, as directed by the physician.","Read the label carefully before use, Store in a cool and dry place away from direct sunlight, Keep out of reach of the children, Do not exceed the recommended dosage, For external use only, Should be applied only to intact skin surfaces and not to skin wounds and open injuries, Should not come into contact with eyes, mucous membranes and should not be ingested, Store in a cool and dry place"
https://www.1mg.com/otc/sbl-sabadilla-dilution-200-ch-otc348623,SBL Sabadilla Dilution,SBL Pvt Ltd,,"30 ml, Liquid",,
https://www.1mg.com/otc/bjain-galium-aparine-dilution-1000-ch-otc711247,Bjain Galium Aparine Dilution,Bjain Pharmaceuticals Pvt. Ltd.,,,Take 3-5 drops of the dilution in 1 teaspoon of water twice a day or as directed by the physician.,
https://www.1mg.com/otc/pankajakasthuri-orthoherb-ayurvedic-oil-with-amla-for-joint-pain-relief-otc356687,Pankajakasthuri Orthoherb Oil,Pankajakasthuri Herbals India (P) Ltd.,,"Vasa (Adhatoda vasica, Rt, Dct), Eranda (Ricinus communis, Rt, Dct), Bilwa (Aegle marmelos, Rt, Dct), Thwak (Cinnamomum zeylanicum, St. Bk, Dct), Maricha (Piper nigrum, Dr. Fr, Dct), Lavanga (Syzygium aromaticum, Dr. Fr, Dct), Jati (Myristica fragrans, Pp, Dct), Pata (Cyclea peltata, Rt, Dct), Nimba (Azadirachta indica, Rt, bk, Dct), Sahachara (Strobilanthes ciliatus, Rt, Dct), Nirgundi (Vitex negundo, Lf, Dct), Bala (Sida retusa, Rt, Dct), Punarnava (Boerhavia diffusa, Pl, Dct), Gunja (Abrus precatorius, Rt, Dct), Dusparsa (Tragia involucrata, Rt, Dct) 2 g each. Amalaki (Phyllanthus emblica, Dr. Fr, Pst), Manjishta (Rubia cordifolia, Rt, Pst), Guggulu (Balsamodendron mukul, Lx, Pst), Chitraka (Plumbago zeylanica, Rt, Pst) 2.5 g each. Kera thaila (Cocos nucifera, Oil) 27.50 ml, Eranda thaila (Ricinus communis, Oil) 82.50 ml, Eucalyptus Oil (Eucalyptus globulus, Oil), 100 ml, Liquid, The oil has anti-inflammatory and analgesic properties, It imparts muscle tone and lubricates the joints, It also imparts firmness to the limbs, It can help stimulate circulation, It helps the lymphatic functioning for detoxification",,"Read the label carefully before use, Store in a cool and dry place, Keep out of reach of children"
https://www.1mg.com/otc/kairali-dhanwanthram-thailam-otc327491,Kairali Dhanwanthram Thailam,Kairali Ayurvedic Products Pvt. Ltd.,,"Tailam (Sesamum indicum), Bala (Sida cordifolia), Yava (Hordeum vulgare), Kola (Ziziphus mauritiana), Kulatha (Dolichos biflorus), Dasamoola (each) [Sadaphala (Aegle marmelos), Kashmarya (Gmelina arborea), Takkari (Premna serratifolia), Patala (Steriospermum coalis), Dunduka (Oroxylum indicum), Brihati (Solanum anguivi), Kandakari (Solanum xanthocarpum), Prsniparni (Desmodium gangeticum), Salaparni (Pseudarthria viscida), Gokshura (Tribulus terrestris)], Dvimeda (each) [Meda (Polygonatum cirrhifolium), Mahameda (Polygonatum verticillatum)], Devadaru (Cedrus deodara), Manjishta (Rubia cordifolia), Kakolidwaya (each) [Kakoli (Fritillaria roylei), Ksheerakakoli (Lilium polyphyllum)], Srikhandam (Santalum album), Sariba (Hemidesmus indicus), Kashmeeraja (Saussurea lappa), Thagara (Valeriana wallichii), Jeevaka (Microstylis wallichi), Rishabhaka (Microstylis uscifera), Saindhava lavana (Sodium chloride), Kalanusari (Valeriana wallichii), Saileya (Parmelia perlata), Vacha (Acorus calamus), Punarnava (Boerhaavia diffusa), Aswagandha (Withania somnifera), Satavari (Asparagus recemosus), Ksheerasukla (Ipomoea paniculata), Madhuka (Glycyrrhiza glabra), Triphala (each) [Abhaya (Terminalia chebula), Amalaki (Phyllanthus emblica), Vibhitaki (Terminalia bellirica)], Rasa (Commiphora myrrha), Sathahwa (Anethum graveolens), Soopyaparni (each) [Mashaparni (Vigna radiata), Mudgaparni (Vigna trilobata)], Ela (Elettaria cardamomum), Twak (Cinnamomum zeylanicum), Patra (Cinnamomum tamala), Paya Cow Milk., 200 ml, Oil, It is helpful in providing relief to pain and inflammation found in joints and bones, It helps in de-stressing the body and improves the mobility of the joints and reduces inflammation, It helps in nourishing the body and helps to resolve various pain issues arising in the body like neck pain, shoulder pain and neuro-related issues, Useful in cases associated with chronic rheumatic and nervous disorders, Also helpful for for women during pregnancy and puerperium (post delivery period)",Use as directed by the physician.,"Store in a cool and dry place away from direct sunlight, Read the product label carefully before use, Keep out of reach of children, For external use only"
https://www.1mg.com/otc/vissco-0101-sacro-lumber-belt-xl-beige-otc344512,Vissco 0101 Sacro Lumber Belt,Vissco Rehabilitation Aids Pvt. Ltd.,"It is useful to help support and provide relief to the lumbar region. It aids treatment and relieves pain due to Osteochondrosis, Spondylosis , Facet Syndrome, slipped disc,, Osteoporosis and post surgical lumbo-sacral immobilization.","The fabric that it is made up of has antibacterial and anti fungal properties, They provide noticeable therapeutic relief for the lumbar spine, It is useful in supporting the back, It uses loop elastic technology, It promotes good posture and even helps reduce pelvic anterotation, This product gives soft support to the body while still allowing it to move, It is made up of breathable fabric",Use as directed by the physician.,"Store in a cool and dry place, Keep out of the reach of children, Read the manual carefully"
https://www.1mg.com/otc/miduty-nerve-pain-relief-capsule-alpha-lipoic-acid-b-vitamins-neuropathy-support-otc918605,Miduty Nerve Pain Relief Capsule,Midvision Pvt Ltd,,,Use as directed on the label or as advised by your healthcare provider,
https://www.1mg.com/otc/pravek-maha-balvardhak-oil-otc601978,Pravek Maha Balvardhak Oil,Pravek Kalp Private Limited,,,Massage adequate quantity of oil gently on the affected areas till it is absorbed. Use 2-3 times in a day for better results or as directed by the physician.,
https://www.1mg.com/otc/moov-cool-therapy-gel-otc964102,Moov Cool Therapy Gel,Reckitt Benckiser Healthcare Pvt. Ltd.,,"Each gram of gel contains: Pudina Satva (Mentha piperita) extract (Aerial parts of plant) 8.0% w/w, Preservative: Benzyl Alcohol IP, Colouring Agents: Brilliant Blue FCF, Tartrazine Yellow., Gel., 20g.",Apply a thin film of the gel to the affected area and massage gently. Repeat 3-4 times daily for best results.,
https://www.1mg.com/otc/jiva-pain-calm-oil-pain-reliever-for-joint-pain-back-pain-frozen-shoulder-sprain-muscle-soreness-with-knee-cap-free-otc651981,Jiva Pain Calm Oil,Jiva Ayurvedic Pharmacy Ltd,,,,
https://www.1mg.com/otc/kalor-rechargeable-electric-hot-water-bag-with-gel-and-pocket-multicolor-otc492128,Kalor Rechargeable Electric Hot Water Bag with Gel Multicolor,Kalor Trading Company,It is a rechargeable gel hot water bag used as a hot compress to soothe muscle aches and discomfort.,,,
https://www.1mg.com/otc/dr-willmar-schwabe-india-stannum-metallicum-dilution-10m-ch-otc405946,,Dr Willmar Schwabe India Pvt Ltd,,,,
https://www.1mg.com/otc/volini-maxx-pain-relief-spray-for-back-neck-joint-muscle-pain-bone-joint-muscle-care-otc457561,Volini Maxx Spray,Sun Pharmaceutical Industries Ltd,,"Diclofenac Diethylamine IP Equivalent to Dicoflenac Sodium, Methyl Salicylate IP, Menthol IP, Provides instant pain relief and supports bone, joint and muscle care, A unique formulation of 2% diclofenac makes it 100% stronger than other sprays, Provides effective relief from severe neck and back pain, Helps in relieving musculoskeletal and joint pain, Effective in healing pain due to strain and sprain, Useful in case of sports injuries, Has a unique 360-degree delivery mechanism that ensures standardised drug delivery, It provides instant and long-lasting pain relief from knee pain, joint pain, back pain, calf pain, and neck pain","Shake well before each use. Spray the contents from 5 cm distance on the affected areas 3-4 times in a day or, as directed by the physician.","Read the label carefully before use, Store in a cool and dry place away from direct sunlight, Keep out of reach of the children, Do not exceed the recommended dosage, For external use only, Should be applied only to intact skin surfaces and not to skin wounds and open injuries, Should not come into contact with eyes, mucous membranes and should not be ingested, Store in a cool and dry place"
https://www.1mg.com/otc/bjain-magnesium-phosphoricum-dilution-10m-ch-otc438487,Bjain Cucurbita Pepo Dilution,Bjain Pharmaceuticals Pvt. Ltd.,,,Take 3-5 drops of the dilution in 1 teaspoon of water twice a day or as directed by the physician.,
https://www.1mg.com/otc/bjain-galium-aparine-dilution-3x-otc438754,Bjain Galium Aparine Dilution,Bjain Pharmaceuticals Pvt. Ltd.,,,Take 3-5 drops of the dilution in 1 teaspoon of water twice a day or as directed by the physician.,
https://www.1mg.com/otc/jiva-pain-calm-oil-pain-reliever-for-joint-pain-back-pain-frozen-shoulder-sprain-muscle-soreness-otc651626,Jiva Pain Calm Oil,Jiva Ayurvedic Pharmacy Ltd,,,,
https://www.1mg.com/otc/tynor-a-07-contoured-l.s.-support-small-otc335678,Tynor A-07 Contoured L.S. Support,Tynor Orthotics Pvt. Ltd.,It is specially contoured in a way that is used to give support and immobilization to the lumbar and sacral regions. It also helps to provide relief from lower back pain.,,Use as per requirement or as directed by the physician.,
https://www.1mg.com/otc/bjain-camphora-dilution-200c-otc437360,Bjain Magnesium Phosphoricum Dilution,Bjain Pharmaceuticals Pvt. Ltd.,,Magnesium Phosphoricum,,
https://www.1mg.com/otc/moov-pain-relief-ointment-for-back-pain-joint-pain-knee-pain-muscle-pain-otc377375,"Moov Pain Relief Ointment for Back Pain, Joint Pain, Knee Pain, Muscle Pain",Reckitt Benckiser Healthcare Pvt. Ltd.,,"Ointment, 30g",,
https://www.1mg.com/otc/dr.-reckeweg-bellis-per-dilution-10m-ch-otc373083,Dr. Reckeweg Bellis Per Dilution,Dr Reckeweg & Co,,"Bellis Perennis, Liquid, This dilution can help manage injuries to soft tissue such as abdomen, Dr. Reckeweg Bellis Per Dilution can help manage injuries to bones or sprains in the muscle tissue, It may help in managing concerns associated with varicose veins with bruises on the external surface",,"Read the label carefully before use, Store in a cool and dry place, away from sunlight, Keep out of reach of children, Don’t exceed the recommended dosage"
https://www.1mg.com/otc/volini-pain-relief-gel-for-sprain-muscle-joint-neck-low-back-pain-bone-joint-muscle-care-otc138818,Volini Pain Relief Gel,Sun Pharmaceutical Industries Ltd,,"Diclofenac Diethylamine Equivalent to Diclofenac Sodium 1% w/w, Methyl Salicylate IP, Menthol IP, Virgin Linseed Oil BP, Preservative, Benzyl Alcohol IP, Gel Base, The spray can offer relief when in pain and supports bone, muscle and joint care., It is effective for pain in the joints, knees, back, shoulders, and neck, It can work great on sports injuries such as muscle pulls, sprains, and strain, It provides instant and long-lasting pain relief from knee pain, joint pain, back pain, calf pain, and neck pain","The Volini pain relief bottle should be shaken well before spraying, Hold the spray bottle at a 5cm distance from the affected area and spray, You can use the spray about three to four times daily or as recommened by your physician","Read the label carefully before use, Store in a cool and dry place, away from sunlight, Keep out of reach of children, The Volini pain relief spray is meant for external application only, Use Volini per the doctor’s guidance, and be careful not to use more than the given dosage, Do not use the spray on open wounds or surfaces of the skin that are ruptured, The spray should not be ingested or come in contact with the eyes and mucous membranes, Avoid using the spray near a naked flame, Do not burn or make a hole in the bottle even after the spray is over"
https://www.1mg.com/otc/tynor-a-11-chest-binder-medium-otc345461,Tynor A-11 Chest Binder,Tynor Orthotics Pvt. Ltd.,To support the chest after traumatic injury.,"50 mm thick PUF pad hold and binds the fractured sternum without compromising on patient comfort, Strong elastic band gives good grip and helps in equidistribution of pressure, Reduces post-operative pain and discomfiture, Facilitates phlegm expulsion after cardio thoracic surgery",Use as per requirement or as directed by the physician.,"Read the label carefully before use, Keep out of the reach of children, Store in a cool and dry place"
https://www.1mg.com/otc/bjain-calcarea-phosphorica-dilution-30c-otc715216,Bjain Calcarea Phosphorica Dilution,Bjain Pharmaceuticals Pvt. Ltd.,,,Take 3-5 drops of the dilution in 1 teaspoon of water twice a day or as directed by the physician.,
https://www.1mg.com/otc/bjain-rhus-toxicodendron-dilution-200-ch-otc434347,Bjain Rhus Toxicodendron Dilution,Bjain Pharmaceuticals Pvt. Ltd.,,,Take 3-5 drops of the dilution in 1 teaspoon of water twice a day or as directed by the physician.,
https://www.1mg.com/otc/dr.-wellmans-whl-rheumasol-massage-oil-otc652612,Wellmans WHL Rheumasol Massage Oil,Dr. Wellmans Homoeopathic Laboratory India Pvt Limited,,"Arnica Montana, Sesame oil, Methyl Sallicylate, Made with powerful ingredients, Specially formulated for pain and rheumatism, Helps with acute and chronic muscular pain, lumbago, arthritis, injury to tendon and ligaments",Apply a sufficient quantity of massage oil gently on the affected area 2-3 times daily or as directed by the physician.,"Read the label carefully before use, Store in a cool and dry place away from direct sunlight, Keep out of reach of the children"
https://www.1mg.com/otc/dr-willmar-schwabe-india-formalinum-dilution-30-ch-otc403040,,Dr Willmar Schwabe India Pvt Ltd,,,,
https://www.1mg.com/otc/presens-hot-and-cold-pack-medium-otc569827,Presens Hot and Cold Pack Large,Presens Healthcare,The hot and cold pack helps provide relief from pain or swelling.,"All-around use:Ideal for clinical, home, office, school, and sports use, First aid essential:Provides efficient hot and cold therapy, For all ages:For adult’s and children’s relief, Post-surgery use:Can be used after wisdom tooth operation, cosmetic procedure, etc., Fast relief:Store it in a freeze for quick use as needed, Portable:Small and lightweight design make it easy to be carried around, Contents:CMC. Sugar, Water",,"It is advisable to check that the temperature is not too extreme against the skin, It is recommended that the gel pack is wrapped in cloth before applying it to the skin, Read the label carefully before use, Store in a cool and dry place, Keep out of reach of children"
https://www.1mg.com/otc/bjain-camphora-dilution-3x-otc714991,Bjain Magnesium Phosphoricum Dilution,Bjain Pharmaceuticals Pvt. Ltd.,,Magnesium Phosphoricum,,
https://www.1mg.com/otc/wheezal-wl05-cervical-spondylitis-drop-otc387859,Wheezal WL05 Cervical Spondylitis Drop,Wheezal Homoeo Pharma,,"Hypericum perforatum, It reduces the pain, numbness, stiffness and stretching sensations on the nape of the neck, followed by the arms, It might reduce the cramps, jerking, twitching and shortening of muscles, Reduces the cramps, jerking, twitching and shortening of muscles",Use as directed on the label or as advised by your healthcare provider.,"Read the label carefully before use, Store in a cool and dry place away from direct sunlight, Keep out of reach of children"
https://www.1mg.com/otc/lp-650-ankle-sleeve-single-large-blue-otc331155,LP #650 Ankle Sleeve,LP Support,It is used to reduce joint pain and muscle swelling.,,Measure the circumference of the ankle and wear accordingly.,"Read the label carefully before use, Keep out of reach of the children, Store in a cool dry place"
https://www.1mg.com/otc/vashisht-symphytum-off-1x-gel-otc412004,,Vashisht Homoeopathic Pharmaceuticals,,,,
https://www.1mg.com/otc/jeevan-ras-dhania-panchang-juice-otc424421,,Axiom Ayurveda,,,,
https://www.1mg.com/otc/tynor-d-01-ankle-binder-small-otc344132,Tynor D-01 Ankle Binder,Tynor Orthotics Pvt. Ltd.,"It is useful in the case of muscle, tendon, and ligament injuries and inflammation.",,Use as per requirement or as directed by the physician.,
https://www.1mg.com/otc/sloan-s-liniment-kills-pain-reduces-swelling-strengthens-muscles-ligaments-otc315107,Sloan's Liniment,Piramal Enterprises Ltd,,Oil,,
https://www.1mg.com/otc/jiva-pain-calm-oil-pain-reliever-for-joint-pain-back-pain-frozen-shoulder-sprain-muscle-soreness-otc329877,Jiva Pain Calm Oil,Jiva Ayurvedic Pharmacy Ltd,,,,
https://www.1mg.com/otc/dr.-reckeweg-thalaspi-b-p-dilution-30-ch-otc376134,,Dr Reckeweg & Co,,,,
https://www.1mg.com/otc/himalaya-rumalaya-pain-relief-gel-quick-relief-from-body-pain-ayurvedic-gel-otc90714,Himalaya Rumalaya Gel,Himalaya Wellness Company,,"30 gm, Gel",Apply a small quantity of the gel to the tender area and lightly massage it in or as directed by the physician.,
https://www.1mg.com/otc/aurthot-ls-belt-contoured-xl-otc389246,Synergy LS Belt (Contoured),Aurthot Surgicals (OPC) Private Limited,It facilitates support to the lumbar spine.,,Use as per requirement or as directed by the healthcare physician.,
https://www.1mg.com/otc/bjain-aesculus-hippocastanum-dilution-3x-otc429194,Bjain Aesculus Hippocastanum Dilution,Bjain Pharmaceuticals Pvt. Ltd.,,,As directed by the physician,
https://www.1mg.com/otc/moov-cool-therapy-gel-otc964102,Moov Cool Therapy Gel,Reckitt Benckiser Healthcare Pvt. Ltd.,,"Each gram of gel contains: Pudina Satva (Mentha piperita) extract (Aerial parts of plant) 8.0% w/w, Preservative: Benzyl Alcohol IP, Colouring Agents: Brilliant Blue FCF, Tartrazine Yellow., Gel., 20g.",Apply a thin film of the gel to the affected area and massage gently. Repeat 3-4 times daily for best results.,
https://www.1mg.com/otc/renewa-ankle-support-otc491907,,Dr. Sayani's Health Care Pvt. Ltd.,,,,
https://www.1mg.com/otc/sbl-eupatorium-perfoliatum-dilution-6-ch-otc349107,SBL Eupatorium Perfoliatum Dilution,SBL Pvt Ltd,,"Extract of Common boneset plant, Ethanol, 30 ml, Liquid, Men and Women, Provides relief from throbbing pain in the head and helps in alleviating influenza and malaria, Helpful in severe bone pains and is useful in conditions associated with cachexia, Useful in vertigo, headaches and vomiting and is effective in reducing soreness, Helps in easing constipation, sore liver, coryza, cough and soreness in the chest",Use as directed by the physician.,"Store in a cool and dry place away from direct sunlight, Read the product label carefully before use, Keep out of reach of children, Do not exceed the recommended dosage"
https://www.1mg.com/otc/sbl-arsenicum-album-0-20-lm-otc360881,,SBL Pvt Ltd,,,,
https://www.1mg.com/otc/sbl-niccolum-metallicum-dilution-30-ch-otc355124,,SBL Pvt Ltd,,,,
https://www.1mg.com/otc/volini-maxx-pain-relief-spray-for-back-neck-joint-muscle-pain-bone-joint-muscle-care-otc457560,Volini Maxx Spray,Sun Pharmaceutical Industries Ltd,,"Diclofenac Diethylamine IP Equivalent to Dicoflenac Sodium, Methyl Salicylate IP, Menthol IP, Provides instant pain relief and supports bone, joint and muscle care, A unique formulation of 2% diclofenac makes it 100% stronger than other sprays, Provides effective relief from severe neck and back pain, Helps in relieving musculoskeletal and joint pain, Effective in healing pain due to strain and sprain, Useful in case of sports injuries, Has a unique 360-degree delivery mechanism that ensures standardised drug delivery, It provides instant and long-lasting pain relief from knee pain, joint pain, back pain, calf pain, and neck pain","Shake well before each use. Spray the contents from 5 cm distance on the affected areas 3-4 times in a day or, as directed by the physician.","Read the label carefully before use, Store in a cool and dry place away from direct sunlight, Keep out of reach of the children, Do not exceed the recommended dosage, For external use only, Should be applied only to intact skin surfaces and not to skin wounds and open injuries, Should not come into contact with eyes, mucous membranes and should not be ingested, Store in a cool and dry place"
https://www.1mg.com/otc/dr.-jrk-dolowhite-emulsion-fast-acting-emulsion-for-muscle-joint-pain-relief-otc367993,,Dr. JRK‘s Research and  Pharmaceuticals Pvt Ltd,,,,
https://www.1mg.com/otc/omnigel-pain-relief-from-sprain-injury-back-pain-muscle-pain-body-pain-knee-pain-joint-pain-otc243444,Omnigel,Cipla Ltd,,"Linseed Oil BP, Diclofenac Diethylamine BP Equivalent to Diclofenac Sodium, Methyl Salicylate IP, Menthol IP, Benzyl Alcohol IP (As Preservative) in water-washable base, Linseed oil has anti-inflammatory properties and minimises inflammation and swelling, Diclofenac is an anti-inflammatory that inhibits the release of chemicals that are responsible for causing pain and inflammation, Methyl salicylate and menthol work topically to relieve pain, Gel",Use as directed by the healthcare professional.,"Read the label carefully before use, Store below 25C. Do not freeze, Keep out of reach of children"
https://www.1mg.com/otc/pankajakasthuri-orthoherb-ayurvedic-oil-with-amla-for-joint-pain-relief-otc356687,Pankajakasthuri Orthoherb Oil,Pankajakasthuri Herbals India (P) Ltd.,,"Vasa (Adhatoda vasica, Rt, Dct), Eranda (Ricinus communis, Rt, Dct), Bilwa (Aegle marmelos, Rt, Dct), Thwak (Cinnamomum zeylanicum, St. Bk, Dct), Maricha (Piper nigrum, Dr. Fr, Dct), Lavanga (Syzygium aromaticum, Dr. Fr, Dct), Jati (Myristica fragrans, Pp, Dct), Pata (Cyclea peltata, Rt, Dct), Nimba (Azadirachta indica, Rt, bk, Dct), Sahachara (Strobilanthes ciliatus, Rt, Dct), Nirgundi (Vitex negundo, Lf, Dct), Bala (Sida retusa, Rt, Dct), Punarnava (Boerhavia diffusa, Pl, Dct), Gunja (Abrus precatorius, Rt, Dct), Dusparsa (Tragia involucrata, Rt, Dct) 2 g each. Amalaki (Phyllanthus emblica, Dr. Fr, Pst), Manjishta (Rubia cordifolia, Rt, Pst), Guggulu (Balsamodendron mukul, Lx, Pst), Chitraka (Plumbago zeylanica, Rt, Pst) 2.5 g each. Kera thaila (Cocos nucifera, Oil) 27.50 ml, Eranda thaila (Ricinus communis, Oil) 82.50 ml, Eucalyptus Oil (Eucalyptus globulus, Oil), 100 ml, Liquid, The oil has anti-inflammatory and analgesic properties, It imparts muscle tone and lubricates the joints, It also imparts firmness to the limbs, It can help stimulate circulation, It helps the lymphatic functioning for detoxification",,"Read the label carefully before use, Store in a cool and dry place, Keep out of reach of children"
https://www.1mg.com/otc/sbl-eupatorium-perfoliatum-mother-tincture-q-otc338738,,SBL Pvt Ltd,,,,
https://www.1mg.com/otc/kairali-karpasasthyadi-thailam-otc327483,Kairali Karpasasthyadi Thailam,Kairali Ayurvedic Products Pvt. Ltd.,,"Taila (Sesamum indicum), Karpasasthi (Gossypium herbaceum), Bala (Sida cordfolia), Masha (Phaseolus radiatus), Kulatha (Dolichos biflorus), Devadaru (Cedrus deodara), Bala (Sida cordfolia), Rasna (Alpinia calcarata), Kushta (Saussurea lappa), Sarshapa (Brassica nigra), Sunthi (Zingiber officinale), Sathahwa (Anethum graveolens), Pippalimoola (Piper longum), Chavya (Piper chaba), Sigru (Moringa oleifera), Punarnava (Boerhaavia diffusa), Aajaksheera (Goat Milk), 200 ml, Oil, Used to manage paralysis, spondylosis, facial paralysis and any other neuro-muscular conditions which have resulted due to the imbalance of vata, Helps to regulate the body temperature and also enhances mood, The use of the oil soothes the muscles, and nerves and helps the body to relax, The oil is especially beneficial for those who are suffering from paralytic conditions of the upper body extremities and rheumatic conditions which include neuro-muscular conditions such as hemiplegia, frozen shoulder, spondylosis, paraplegia, cervical spondylitis and facial palsy",,"Read the label carefully before use, Store in a cool and dry place, away from sunlight, Keep out of reach of children"
https://www.1mg.com/otc/miduty-nerve-pain-relief-capsule-alpha-lipoic-acid-b-vitamins-neuropathy-support-otc918605,Miduty Nerve Pain Relief Capsule,Midvision Pvt Ltd,,,Use as directed on the label or as advised by your healthcare provider,
https://www.1mg.com/otc/tynor-a-13-brace-short-type-universal-otc345472,,Tynor Orthotics Pvt. Ltd.,,,,
https://www.1mg.com/otc/sbl-arsenicum-album-0-14-lm-otc360875,,SBL Pvt Ltd,,,,
https://www.1mg.com/otc/pravek-maha-balvardhak-oil-otc601978,Pravek Maha Balvardhak Oil,Pravek Kalp Private Limited,,,Massage adequate quantity of oil gently on the affected areas till it is absorbed. Use 2-3 times in a day for better results or as directed by the physician.,
https://www.1mg.com/otc/dr.-reckeweg-bellis-per-dilution-30-ch-otc326888,Dr. Reckeweg Bellis Per Dilution,Dr Reckeweg & Co,,"Bellis Perennis, Liquid, This dilution can help manage injuries to soft tissue such as abdomen, Dr. Reckeweg Bellis Per Dilution can help manage injuries to bones or sprains in the muscle tissue, It may help in managing concerns associated with varicose veins with bruises on the external surface",,"Read the label carefully before use, Store in a cool and dry place, away from sunlight, Keep out of reach of children, Don’t exceed the recommended dosage"
https://www.1mg.com/otc/dr-willmar-schwabe-india-indium-metallicum-dilution-30-ch-otc404144,,Dr Willmar Schwabe India Pvt Ltd,,,,
https://www.1mg.com/otc/jiva-pain-calm-oil-pain-reliever-for-joint-pain-back-pain-frozen-shoulder-sprain-muscle-soreness-with-knee-cap-free-otc651981,Jiva Pain Calm Oil,Jiva Ayurvedic Pharmacy Ltd,,,,
https://www.1mg.com/otc/dominion-care-combo-pack-of-accu-paduka-accupressure-massage-slipper-heating-pad-otc516282,,Kapil Plastic Mould,,,,
https://www.1mg.com/otc/hakeem-baqai-halwa-gheekwar-otc667559,Hakeem Baqai Halwa Gheekwar,Hakeem Baqai's Medicare (P). Ltd,,,,
https://www.1mg.com/otc/volini-maxx-pain-relief-spray-for-back-neck-joint-muscle-pain-bone-joint-muscle-care-otc457561,Volini Maxx Spray,Sun Pharmaceutical Industries Ltd,,"Diclofenac Diethylamine IP Equivalent to Dicoflenac Sodium, Methyl Salicylate IP, Menthol IP, Provides instant pain relief and supports bone, joint and muscle care, A unique formulation of 2% diclofenac makes it 100% stronger than other sprays, Provides effective relief from severe neck and back pain, Helps in relieving musculoskeletal and joint pain, Effective in healing pain due to strain and sprain, Useful in case of sports injuries, Has a unique 360-degree delivery mechanism that ensures standardised drug delivery, It provides instant and long-lasting pain relief from knee pain, joint pain, back pain, calf pain, and neck pain","Shake well before each use. Spray the contents from 5 cm distance on the affected areas 3-4 times in a day or, as directed by the physician.","Read the label carefully before use, Store in a cool and dry place away from direct sunlight, Keep out of reach of the children, Do not exceed the recommended dosage, For external use only, Should be applied only to intact skin surfaces and not to skin wounds and open injuries, Should not come into contact with eyes, mucous membranes and should not be ingested, Store in a cool and dry place"
https://www.1mg.com/otc/similia-rlpl-pain-killer-oil-otc885248,Similia Rlpl Pain Killer Oil,Similia Research Laboratory Pvt. Ltd,,"Symphytum Officinale, Arnica Montana, Belladonna, Capsicum Annum, Gaultheria Procumbens Oil, Eucalyptus Globulus Oil, Terebinthinae Oleum Oil, Oil Base, This organic blend is useful in taking care of joint issues, It can help provide relief from joint pain and stiffness, It may alleviate inflammation of your muscles, It promotes overall joint and muscle health","Apply to the intended area, Or as advised by your healthcare practitioner","Read the label carefully before use, Store in a cool and dry place, away from sunlight, Keep out of reach of children"
https://www.1mg.com/otc/sbl-acidum-muriaticum-dilution-1000-ch-otc345564,SBL Acid Muriaticum Dilution,SBL Pvt Ltd,,"Acidum Muriaticum, It can be used to treat vertigo with severe headache and relieves irritable moods, Treats swelling of the tongue and dryness of mouth and cures issues related to bad breath, Helps in healing dry cracked lips and pimples all over the face, Excellent remedy for the treatment of soreness and swelling of the throat, Acts as an energy booster and relieves signs of fatigue and exhaustion, Treats conditions associated with haemorrhoids and relieves itchiness in the anus, Useful in reducing weakness and involuntary discharge, Relieves pressure on the bladder which causes pain while urination",Take 3-5 drops of dilution in 1 teaspoon of water three times a day or as directed by the physician.,"Read the label carefully before use, Do not exceed the recommended dose, Keep out of the reach of children, Store in a cool dry place away from direct sunlight and heat"
https://www.1mg.com/otc/jiva-pain-calm-oil-pain-reliever-for-joint-pain-back-pain-frozen-shoulder-sprain-muscle-soreness-otc651626,Jiva Pain Calm Oil,Jiva Ayurvedic Pharmacy Ltd,,,,
https://www.1mg.com/otc/jjw-mart-hadjod-otc509856,,JJW & Brothers Pvt Ltd,,,,
https://www.1mg.com/otc/d.f.o.-red-pain-relief-gel-with-capsaicin-otc416239,Key Ingredients:,Ozone Pharmaceuticals Ltd,,"Diclofenac(1.16 %), Menthol(5.0 %),  Methyl Salicylate(10.0 %), Linseed Oil(3.0 %), Key benefits/uses of DFO Red Gel:, - Diclofenac is an NSAID. It decreases the hormones that cause inflammation and pain in the body, - Menthol and Methyl salicylate is a counter-irritant. It works by causing the skin to feel cool and then warm, - Linseed oil decreases inflammation and attenuates pain, - Capsaicin lowers the chemicals that cause pain, Direction for use/Dosage:, - As directed by the physician, Indication:, - Backaches, Muscular Sprains, Joint pains, Knee pain, Injuries, General Body Ache, Arthritis Pain, Storage instruction:, - Store in a cool, dry & dark place, - Protect from direct sunlight, Safety information:, - Only for Topical Application, - Read the label carefully before use, - Keep out of the reach and sight of children",,
https://www.1mg.com/otc/moov-pain-relief-ointment-for-back-pain-joint-pain-knee-pain-muscle-pain-otc377375,"Moov Pain Relief Ointment for Back Pain, Joint Pain, Knee Pain, Muscle Pain",Reckitt Benckiser Healthcare Pvt. Ltd.,,"Ointment, 30g",,
https://www.1mg.com/otc/comprezon-classic-varicose-vein-stockings-class-2-mid-thigh-1-pair-medium-beige-otc390176,Comprezon Classic Varicose Vein Stockings Class 2 Mid Thigh (1 Pair),Dynamic Techno Medicals Pvt. Ltd.,Boost flow of blood back from legs to heart. Prevents the pooling of blood in the legs which is the main cause of varicose veins,,As described by your physician,
https://www.1mg.com/otc/aurthot-hot-cold-gel-pack-medium-otc389268,Synergy Hot & Cold Gel Pack,Aurthot Surgicals (OPC) Private Limited,The hot and cold gel pack is primarily used to reduce post-operative swelling and pain. It may also be used to heal sore muscles and body stiffness.,"The gel pack can be useful for swelling, pain, sore muscles, and body stiffness, The pack is refrigerator and microwave safe, Reusable:The gel pack is reusable and can be used multiple times alternatively, Safety:The pack is durable, burst, and puncture-resistant","For cold use:Store in the refrigerator for 10-15 minutes minimum and apply to the desired area, For hot use:Dip the gel pack into a bowl of hot water for a few minutes and apply to the desired area","The pack is durable, burst, and puncture-resistant, Read the label carefully before use, Store in a cool and dry place, Keep out of reach of children"
https://www.1mg.com/otc/volini-pain-relief-gel-for-sprain-muscle-joint-neck-low-back-pain-bone-joint-muscle-care-otc138818,Volini Pain Relief Gel,Sun Pharmaceutical Industries Ltd,,"Diclofenac Diethylamine Equivalent to Diclofenac Sodium 1% w/w, Methyl Salicylate IP, Menthol IP, Virgin Linseed Oil BP, Preservative, Benzyl Alcohol IP, Gel Base, The spray can offer relief when in pain and supports bone, muscle and joint care., It is effective for pain in the joints, knees, back, shoulders, and neck, It can work great on sports injuries such as muscle pulls, sprains, and strain, It provides instant and long-lasting pain relief from knee pain, joint pain, back pain, calf pain, and neck pain","The Volini pain relief bottle should be shaken well before spraying, Hold the spray bottle at a 5cm distance from the affected area and spray, You can use the spray about three to four times daily or as recommened by your physician","Read the label carefully before use, Store in a cool and dry place, away from sunlight, Keep out of reach of children, The Volini pain relief spray is meant for external application only, Use Volini per the doctor’s guidance, and be careful not to use more than the given dosage, Do not use the spray on open wounds or surfaces of the skin that are ruptured, The spray should not be ingested or come in contact with the eyes and mucous membranes, Avoid using the spray near a naked flame, Do not burn or make a hole in the bottle even after the spray is over"
https://www.1mg.com/otc/dr.-reckeweg-influenzinum-dilution-200-ch-otc335055,,Dr Reckeweg & Co,,,,
https://www.1mg.com/otc/bjain-chininum-sulphuricum-dilution-30-ch-otc438984,Bjain Chininum Sulphuricum Dilution,Bjain Pharmaceuticals Pvt. Ltd.,,Chininum Sulphuricum,Take 3-5 drops of drops in 1 teaspoon of water twice a day or as directed by the physician.,
https://www.1mg.com/otc/dr-willmar-schwabe-india-argemone-mexicana-dilution-30-ch-otc396514,,Dr Willmar Schwabe India Pvt Ltd,,,,
https://www.1mg.com/otc/sbl-rhus-toxicodendron-0-6-lm-otc365085,,SBL Pvt Ltd,,,,
https://www.1mg.com/otc/sbl-relaxhed-drop-otc329020,Nature Mania Perm-Up Capsule,SBL Pvt Ltd,,,1 capsule twice a day after 20 min of meal,
https://www.1mg.com/otc/bjain-arnica-montana-dilution-10m-ch-otc433342,Bjain Arnica Montana Dilution,Bjain Pharmaceuticals Pvt. Ltd.,,,"10 to 15 drops in ¼ cup of water, two times a day, 10 minutes before or after meals or as prescribed by the physician.",
https://www.1mg.com/otc/sbl-cinchona-officinalis-dilution-1000-ch-otc351897,SBL Cinchona Officinalis Dilution,SBL Pvt Ltd,,Cinchona Officinalis,Take 3-5 drops of dilution in 1 teaspoon of water three times a day or as directed by the physician.,
https://www.1mg.com/otc/dr-willmar-schwabe-india-taraxacum-officinale-dilution-30-ch-otc391924,,Dr Willmar Schwabe India Pvt Ltd,,,,
https://www.1mg.com/otc/sbl-pothos-foetidus-dilution-6-ch-otc355898,,SBL Pvt Ltd,,,,
https://www.1mg.com/otc/dr.-odin-electric-orthopedic-heating-pad-otc837049,Dr. Odin Electric Orthopedic Heating Pad,Netgen World,It is used to reduce pain and strain or overexerted muscles or pain due to any injury,,"Plug in the male pin of the cable to the electric socket, Switch on the power supply, once properly plugged wait for the pad to reach the desired temperature, Remove the plug now and use the hot pad as per your needs, If the pad has lost the heat after the use then reheat it if you need to use it again, After use, store the heating pad back and ensure that the bag is not very hot while storing it","Store in a cool and dry place away from direct sunlight, Read the product label carefully before use, Keep out of reach of children and elderly who are immobile, Take all precautions as you would take while using any electric device, Avoid using when the pad is charging and is connected to the socket, Store it properly once the pad cools down, If there is any leakage, it must not be used"
https://www.1mg.com/otc/bjain-aesculus-hippocastanum-dilution-12-ch-otc429214,Bjain Aesculus Hippocastanum Dilution,Bjain Pharmaceuticals Pvt. Ltd.,,,As directed by the physician,
https://www.1mg.com/otc/sbl-echinacea-angustifolia-dilution-200-ch-otc346537,SBL Echinacea Angustifolia Dilution,SBL Pvt Ltd,,"Excellent remedy for lymphatic inflammation and foul discharges with debility and fatigue, Treats mental confusion, depression, dizziness and severe prostration, Cures foul smelling discharge from the nose with ulceration and fetor, It treats dryness of mouth by promoting saliva flow and treats bleeding gums, Effectively treats tonsils and condition associated with it, Stomach disorders such as nausea and heartburn wit pain in pectoral muscles is treated, Urinary disorders such as frequent urination can also be treated by it, In females it can be used to treat abnormal discharges from the vagina, Relieves symptoms of insect bites such as itchiness, eruptions and lymphatic enlargement, It can also be used to treat fever with nausea and fever associated with malaria",Take 3-5 drops of dilution 2-3 times in a day or as directed by the physician.,"Read the label carefully before use, Do not exceed the recommended dosage, Keep out of the reach of children, Store in a cool dry place away from direct sunlight and heat"
https://www.1mg.com/otc/bakson-s-homoeopathy-ruta-ointment-otc326017,,Bakson Drugs &  Pharmaceuticals Pvt. ltd.,,,,
https://www.1mg.com/otc/dr-willmar-schwabe-india-cuprum-aceticum-dilution-1000-ch-otc400720,,Dr Willmar Schwabe India Pvt Ltd,,,,
https://www.1mg.com/otc/dr-willmar-schwabe-india-belladonna-trituration-tablet-3x-otc400908,,Dr Willmar Schwabe India Pvt Ltd,,,,
https://www.1mg.com/otc/wheezal-wl47-typhoid-drop-otc387940,Wheezal WL47 Typhoid Drop,Wheezal Homoeo Pharma,,"Liquid, 30 ml, Adults, Can help alleviate persistent high body temperature associated with typhoid, potentially providing cooling relief and supporting better temperature regulation in the body, which can aid in faster recovery from the infection, Can support the reduction of severe headaches and dizziness, which are common symptoms of typhoid, allowing the individual to feel more comfortable and less burdened by pain and discomfort, May help in restoring appetite and improving digestion by addressing symptoms such as poor appetite, nausea, and lethargy, helping the body regain its strength through better nutrient absorption, May help provide relief from gastrointestinal issues like diarrhoea, easing abdominal discomfort and regulating bowel movements, contributing to a more balanced digestive system during recovery","Take 10-15 drops in some water, 4-5 times daily, or as directed by a physician.","Store in a cool and dark place, Shake well before use, Keep out of reach of children, Do not exceed the recommended dosage"
https://www.1mg.com/otc/sloan-s-liniment-kills-pain-reduces-swelling-strengthens-muscles-ligaments-otc315107,Sloan's Liniment,Piramal Enterprises Ltd,,Oil,,
https://www.1mg.com/otc/jiva-pain-calm-oil-pain-reliever-for-joint-pain-back-pain-frozen-shoulder-sprain-muscle-soreness-otc329877,Jiva Pain Calm Oil,Jiva Ayurvedic Pharmacy Ltd,,,,
https://www.1mg.com/otc/himalaya-wellness-stress-relief-massage-oil-otc303908,Himalaya Wellness Stress Relief Massage Oil,Himalaya Wellness Company,,"Winter Cherry, Country Mallow, Indian Tinospora, Indian Madder, 200 milliliters, Oil, The blend of natural ingredients helps relieve stress and tension, promoting relaxation, It nourishes the skin, leaving it soft and smooth, It rejuvenates the body, reducing fatigue, The massage oil offers a soothing and calming experience for both body and mind, It is free from harmful chemicals like parabens","Gently warm the Himalaya Wellness Stress Relief Massage Oil and apply it to the body, massaging it in a circular motion. For best results, use before a warm bath or shower to relax the muscles and calm the mind.","Read the label carefully before use, Store in a cool, dry place, away from direct sunlight"
https://www.1mg.com/otc/himalaya-rumalaya-pain-relief-gel-quick-relief-from-body-pain-ayurvedic-gel-otc90714,Himalaya Rumalaya Gel,Himalaya Wellness Company,,"30 gm, Gel",Apply a small quantity of the gel to the tender area and lightly massage it in or as directed by the physician.,
https://www.1mg.com/otc/roghan-phosphorus-oil-otc393820,,The Unani & Co,,,,
https://www.1mg.com/otc/moov-cool-therapy-gel-otc964102,Moov Cool Therapy Gel,Reckitt Benckiser Healthcare Pvt. Ltd.,,"Each gram of gel contains: Pudina Satva (Mentha piperita) extract (Aerial parts of plant) 8.0% w/w, Preservative: Benzyl Alcohol IP, Colouring Agents: Brilliant Blue FCF, Tartrazine Yellow., Gel., 20g.",Apply a thin film of the gel to the affected area and massage gently. Repeat 3-4 times daily for best results.,
https://www.1mg.com/otc/sbl-hydrophobinum-dilution-1000-ch-otc347940,SBL Hydrophobinum Dilution 200 CH,SBL Pvt Ltd,,"Helps in reducing pain in bones, Provides relief from chronic headache, It helps in curing sore throat, It also helps in reducing uterine sensitivity in women, Relieves spasmodic contractions of respiratory muscles, Helps in treating pain in stomach accompanied with watery stools",Dosage should be directed by the physician. It can be safely taken along with the other allopathic medicines.,"Read the label carefully before use, Keep out of the reach of children, Use under medical supervision, Do not exceed the recommended dosage, Maintain half an hour gap between food, drink and any other homoeopathic medicine, Avoid any strong smell in the mouth while taking medicine e.g. camphor, garlic, onion, coffee and hing, Store in a cool and dry place"
https://www.1mg.com/otc/sbl-chininum-sulphuricum-trituration-tablet-3x-otc339009,,SBL Pvt Ltd,,,,
https://www.1mg.com/otc/aurthot-knee-cap-pair-small-otc389262,,Aurthot Surgicals (OPC) Pvt Ltd,,,,
https://www.1mg.com/otc/bjain-natrum-salicylicum-dilution-12-ch-otc702834,Bjain Natrum Salicylicum Dilution,Bjain Pharmaceuticals Pvt. Ltd.,,Natrum Salicylicum,Take Bjain Natrum Salicylicum Dilution as directed by the physician.,
https://www.1mg.com/otc/volini-maxx-pain-relief-spray-for-back-neck-joint-muscle-pain-bone-joint-muscle-care-otc457560,Volini Maxx Spray,Sun Pharmaceutical Industries Ltd,,"Diclofenac Diethylamine IP Equivalent to Dicoflenac Sodium, Methyl Salicylate IP, Menthol IP, Provides instant pain relief and supports bone, joint and muscle care, A unique formulation of 2% diclofenac makes it 100% stronger than other sprays, Provides effective relief from severe neck and back pain, Helps in relieving musculoskeletal and joint pain, Effective in healing pain due to strain and sprain, Useful in case of sports injuries, Has a unique 360-degree delivery mechanism that ensures standardised drug delivery, It provides instant and long-lasting pain relief from knee pain, joint pain, back pain, calf pain, and neck pain","Shake well before each use. Spray the contents from 5 cm distance on the affected areas 3-4 times in a day or, as directed by the physician.","Read the label carefully before use, Store in a cool and dry place away from direct sunlight, Keep out of reach of the children, Do not exceed the recommended dosage, For external use only, Should be applied only to intact skin surfaces and not to skin wounds and open injuries, Should not come into contact with eyes, mucous membranes and should not be ingested, Store in a cool and dry place"
https://www.1mg.com/otc/nizer-gel-for-quick-relief-from-pain-swelling-inflammation-otc154558,Nizer gel (applied to the skin),USV Ltd,,"Nimesulide BP 10 mg, Methyl salicylate IP 100 mg, Menthol IP 50 mg, Capsaicin USP 0.25 mg, Water soluble base, Role of key ingredients:, 1. Nimesulide which is used to treat acute muscular pain. It belongs to the class of medications known as nonsteroidal anti-inflammatory drugs (NSAIDs). It works by reducing pain, swelling, and inflammation by inhibiting the synthesis of prostaglandins., 2. Methyl Salicylate reduces inflammation, 3. Menthol soothes and reduces pain, Directions of use:, Gently massage Nizer gel into the skin of the affected area. Allow the medicine to dry for at least 10 minutes before you wear clothes or gloves over the treated area., Wash your hands immediately after using cream, unless your hands are part of the treated area, Do not wrap, bandage, or apply heat to the treated area., For external use only, Use under Medical supervision.",,
https://www.1mg.com/otc/pankajakasthuri-orthoherb-ayurvedic-oil-with-amla-for-joint-pain-relief-otc356687,Pankajakasthuri Orthoherb Oil,Pankajakasthuri Herbals India (P) Ltd.,,"Vasa (Adhatoda vasica, Rt, Dct), Eranda (Ricinus communis, Rt, Dct), Bilwa (Aegle marmelos, Rt, Dct), Thwak (Cinnamomum zeylanicum, St. Bk, Dct), Maricha (Piper nigrum, Dr. Fr, Dct), Lavanga (Syzygium aromaticum, Dr. Fr, Dct), Jati (Myristica fragrans, Pp, Dct), Pata (Cyclea peltata, Rt, Dct), Nimba (Azadirachta indica, Rt, bk, Dct), Sahachara (Strobilanthes ciliatus, Rt, Dct), Nirgundi (Vitex negundo, Lf, Dct), Bala (Sida retusa, Rt, Dct), Punarnava (Boerhavia diffusa, Pl, Dct), Gunja (Abrus precatorius, Rt, Dct), Dusparsa (Tragia involucrata, Rt, Dct) 2 g each. Amalaki (Phyllanthus emblica, Dr. Fr, Pst), Manjishta (Rubia cordifolia, Rt, Pst), Guggulu (Balsamodendron mukul, Lx, Pst), Chitraka (Plumbago zeylanica, Rt, Pst) 2.5 g each. Kera thaila (Cocos nucifera, Oil) 27.50 ml, Eranda thaila (Ricinus communis, Oil) 82.50 ml, Eucalyptus Oil (Eucalyptus globulus, Oil), 100 ml, Liquid, The oil has anti-inflammatory and analgesic properties, It imparts muscle tone and lubricates the joints, It also imparts firmness to the limbs, It can help stimulate circulation, It helps the lymphatic functioning for detoxification",,"Read the label carefully before use, Store in a cool and dry place, Keep out of reach of children"
https://www.1mg.com/otc/nuspain-oil-otc511125,Nuspain Oil,Oryzer Biotec Pvt Ltd,,"Alsi tail, Kapoor, Pudina tail, Chid  tail, Nirgundi tail, It is beneficial for joint health and reduces joint pain and swelling, It contains anti-inflammatory properties and alleviates joint pain and inflammation, It may help prevent cartilage loss and assist in managing rheumatoid arthritis and osteoarthritis, It also has potent antioxidant and anti-inflammatory properties and helps reduce inflammation in arthritis",Use as directed on the label or as advised by your healthcare provider.,"Read the label carefully before use, Store in a cool and dry place away from direct sunlight, Keep out of reach of children"
https://www.1mg.com/otc/miduty-nerve-pain-relief-capsule-alpha-lipoic-acid-b-vitamins-neuropathy-support-otc918605,Miduty Nerve Pain Relief Capsule,Midvision Pvt Ltd,,,Use as directed on the label or as advised by your healthcare provider,
https://www.1mg.com/otc/tynor-d-03-anklet-pair-xl-otc345582,Tynor D-03 Anklet (Pair),Tynor Orthotics Pvt. Ltd.,,,,"Read the label carefully before use, Store in a cool dry place away, Keep out of reach of the children"
https://www.1mg.com/otc/bakson-s-homoeopathy-hypericum-ointment-otc327237,,Bakson Drugs &  Pharmaceuticals Pvt. ltd.,,,,
https://www.1mg.com/otc/pravek-maha-balvardhak-oil-otc601978,Pravek Maha Balvardhak Oil,Pravek Kalp Private Limited,,,Massage adequate quantity of oil gently on the affected areas till it is absorbed. Use 2-3 times in a day for better results or as directed by the physician.,
https://www.1mg.com/otc/rex-jawarish-zarooni-ambari-banuskha-kalan-otc415721,Rex Jawarish Anarain,Rex Remedies Limited,,,Use as directed on the label or by the healthcare professional.,
https://www.1mg.com/otc/jiva-pain-calm-oil-pain-reliever-for-joint-pain-back-pain-frozen-shoulder-sprain-muscle-soreness-with-knee-cap-free-otc651981,Jiva Pain Calm Oil,Jiva Ayurvedic Pharmacy Ltd,,,,
https://www.1mg.com/otc/baidyanath-nagpur-mahanarayan-tel-pain-relief-oil-for-joint-muscular-pain-otc627263,Kerala Ayurveda Punarnavasavam,Shree Baidyanath Ayurved Bhawan (P)Limited (Nagpur),,Liquid,,
https://www.1mg.com/otc/yugood-menstrual-cramps-relief-oil-otc970932,Yugood Menstrual Cramps Relief Oil,Multimeds Healthcare (OPC) PVT LTD,,"Rosemary, Wintergreen, Eucalyptus, Clove, Peppermint, and Camphor crystals, Natural Relief:Formulated with a blend of pure essential oils including rosemary, wintergreen, eucalyptus, clove, peppermint, and camphor crystals to naturally alleviate menstrual cramps, Convenient Roll-On Application:Designed for ease of use, the roll-on applicator allows for targeted and mess-free application, making it a convenient companion for on-the-go relief during busy days, Versatile Use:Beyond menstrual cramp relief, this roll-on oil can also be used for general muscle discomfort, providing a versatile solution for various types of physical discomfort, Carrier Oil Base:Enriched with a nourishing carrier oil, the formula helps ensure gentle absorption, leaving your skin feeling soft and hydrated while delivering the therapeutic benefits of the essential oils",As mentioned on the label or as advised by a healthcare professional,"Read the label carefully before use, Store in a cool and dry place, Keep it out of the reach of children"
https://www.1mg.com/otc/volini-maxx-pain-relief-spray-for-back-neck-joint-muscle-pain-bone-joint-muscle-care-otc457561,Volini Maxx Spray,Sun Pharmaceutical Industries Ltd,,"Diclofenac Diethylamine IP Equivalent to Dicoflenac Sodium, Methyl Salicylate IP, Menthol IP, Provides instant pain relief and supports bone, joint and muscle care, A unique formulation of 2% diclofenac makes it 100% stronger than other sprays, Provides effective relief from severe neck and back pain, Helps in relieving musculoskeletal and joint pain, Effective in healing pain due to strain and sprain, Useful in case of sports injuries, Has a unique 360-degree delivery mechanism that ensures standardised drug delivery, It provides instant and long-lasting pain relief from knee pain, joint pain, back pain, calf pain, and neck pain","Shake well before each use. Spray the contents from 5 cm distance on the affected areas 3-4 times in a day or, as directed by the physician.","Read the label carefully before use, Store in a cool and dry place away from direct sunlight, Keep out of reach of the children, Do not exceed the recommended dosage, For external use only, Should be applied only to intact skin surfaces and not to skin wounds and open injuries, Should not come into contact with eyes, mucous membranes and should not be ingested, Store in a cool and dry place"
https://www.1mg.com/otc/sbl-pyrogenium-dilution-6-ch-otc355904,Pyrogenium Dilution,SBL Pvt Ltd,,"Pyrogenium, Highly effective in the treatment of septic diseases and with intense restlessness, It can be used to treat anxiety in patients as well as headache associated with restlessness, Useful in the treatment of diarrhoea and dysentery, Treats catarrhal fevers with chills and restlessness, It can be used as a laxative to get relief from constipation and bloating, Its uses also include treatment of symptoms associated with typhoid, Malarial fevers are effectively treated with the use of Pyrogenium, Pyrogenium reduces inflammation in the kidneys and prevents any further damage, Treats purpureal infection in women with abnormal discharges, It can be used to treat abnormal menses with foul discharges, Used to treat septic infections post-abortion and relieves pain in the pelvic region",,"Read the label carefully before use, Do not exceed the recommended dose, Keep out of the reach of children, Store in a cool dry place away from direct sunlight and heat"
https://www.1mg.com/otc/lp-668-elbow-sleeve-single-large-blue-otc331256,LP #668 Elbow Sleeve,LP Support,Elbow Sleeve is recommended for tennis and golf elbow.,,Use as recommended by the health-care professional.,"Read the label carefully before use, Keep out of reach of the children, Hand wash and air dry at room temperature"
https://www.1mg.com/otc/jiva-pain-calm-oil-pain-reliever-for-joint-pain-back-pain-frozen-shoulder-sprain-muscle-soreness-otc651626,Jiva Pain Calm Oil,Jiva Ayurvedic Pharmacy Ltd,,,,
https://www.1mg.com/otc/doliosis-d45-sciatica-relief-liquid-complex-otc392551,Doliosis D45 Sciatica Relief Drop,Doliosis Holistic Medicine and Foods Pvt. Ltd.,,,Take Doliosis D45 Sciatica Relief Drop as directed by physician.,
https://www.1mg.com/otc/dr.-reckeweg-sabadilla-dilution-200-ch-otc331688,,Dr Reckeweg & Co,,,,
https://www.1mg.com/otc/moov-pain-relief-ointment-for-back-pain-joint-pain-knee-pain-muscle-pain-otc377375,"Moov Pain Relief Ointment for Back Pain, Joint Pain, Knee Pain, Muscle Pain",Reckitt Benckiser Healthcare Pvt. Ltd.,,"Ointment, 30g",,
https://www.1mg.com/otc/viaggi-memory-foam-travel-neck-pillow-brown-otc510361,Viaggi Memory Foam Travel Neck Pillow,Siddhivinayak Enterprises,The u shaped neck pillow helps to provide a more restful sleep pattern even during a long trip.,,Read the instructions manual for usage directions.,"Read the label carefully before use, Keep out of reach of the children, Store in a cool dry place away from use"
https://www.1mg.com/otc/dabur-mahanarayan-tail-relieves-pain-stiffness-of-joints-back-ribs-muscles-otc352519,Dabur Mahanarayan Tail,Dabur India Ltd,,"Murcchit Tila Tail (Sesamum indicum, Sd. O) 5ml, Godugdha, Shatavari (Asparagus racemosus, At., Svarasa) each Sg. and Ext. derived from the following Bilva (Aegle marmelos, St. Bk), Ashwagandha (Withania somnifera, RL). Brihati (Solanum indicum, Pl.), Gokshura (Tribulus terrestris, Fr.). Shayonaka (Oroxylum indicum, St. Bk.), Bala (Sida cordifolia, RI.). Paribhadra (Erythrina indica, St. Bk.), Kantakari (Solanum surattense, PL), Rakta Punarnava (Boerhavia diffusa, R.), Atibala (Abution indicum, Rt.), Agnimantha (Clerodendrum phlomidis, St. Bk.), Prasarini (Paederia foetida, Pl.), Patala (Stereospermum suaveolens, St. Bk.) each 0.78g and Kalka of the Following-Rasna (Pluchea lanceolata, L.), Ashwagandha (Withania somnifera, Rt), Mishreya (Foeniculum vulgare, Fr.), Devadaru (Cedrus deodara, Ht. Wd.). Kushtha (Saussurea lappa, AL), Shalaparni (Desmodium gangeticum, Pl.), Prishnipami (Uraria picta, Pl.), Mudgaparni (Phaseolus trilobus, PI.), Mashapami (Teramnus labialis, Pl.), Nagakesara (Messual ferrea, Simn.). Saindhava Lavana, Jatamansi (Nardostachys jatamansi, Rz.), Haridra (Curcuma longa, Rz.), Daruharidra (Berberis aristata, St). Shaleya (Parmelia perlala, Pl.). Pushkara (Inula racemosa, RI), Sukshmaila (Elettaria cardamomum, Sd.), Manjishtha (Rubia cordifolia, St). Yashti (Glycyrrhiza glabra, Ri). Tagar (Valeriana wallichii, Rz.), Musta (Cyperus rotundus, Rz.), Tvakpatra (Cinnamomum tamala, L.). Tvak (Cinnamomum zeylanicum, St. Bk.), Jivaka (Pueraria tuberosa-official substitute, Rt. Tr.). Rishbhaka (Pueraria tuberosa official substitute, RL. Tr.), Kakoli (Withania somnifera -official substitute, Rt.) Kshirakakoli (Withania somnifera-official substitute, Rt.), Meda (Asparagus recemosus-official substitute, Rt.), Mahameda (Asparagus recemosus-official substitute, AL). Riddhi (Dioscorea bulbitera-official Substitute, RL Tr.), Vriddhi (Dioscorea bulbilera-official Substitute, Rt. Tr.). Hrivera (Coleus vettiveroides, R.), Vacha (Acorus calamus, Rz.), Palasha (Butea monosperma, St. Bk.), Shweta Punarnava (Boerhavia verticillata, Rt), Choraka (Angelica glauca,Rz.) each 0.0789. Karpura (Cinnamomum camphora, Sub.Ext.), Kumkuma (Crocus sativus, St/Sig.) each 0.0399. Water Q.S. Without Raktachandana, Agaru, Mrigandaja and Shauneya as per API Part II, Vol III, Oil, The oil can help provide relief from pain and stiffness of joints and back, It helps to keep the nerves, muscles, and bones strong, The oil also helps with relaxation and calming the mind",,"Read the label carefully before use, Store in a cool and dry place, Keep out of reach of children"
https://www.1mg.com/otc/volini-pain-relief-gel-for-sprain-muscle-joint-neck-low-back-pain-bone-joint-muscle-care-otc138818,Volini Pain Relief Gel,Sun Pharmaceutical Industries Ltd,,"Diclofenac Diethylamine Equivalent to Diclofenac Sodium 1% w/w, Methyl Salicylate IP, Menthol IP, Virgin Linseed Oil BP, Preservative, Benzyl Alcohol IP, Gel Base, The spray can offer relief when in pain and supports bone, muscle and joint care., It is effective for pain in the joints, knees, back, shoulders, and neck, It can work great on sports injuries such as muscle pulls, sprains, and strain, It provides instant and long-lasting pain relief from knee pain, joint pain, back pain, calf pain, and neck pain","The Volini pain relief bottle should be shaken well before spraying, Hold the spray bottle at a 5cm distance from the affected area and spray, You can use the spray about three to four times daily or as recommened by your physician","Read the label carefully before use, Store in a cool and dry place, away from sunlight, Keep out of reach of children, The Volini pain relief spray is meant for external application only, Use Volini per the doctor’s guidance, and be careful not to use more than the given dosage, Do not use the spray on open wounds or surfaces of the skin that are ruptured, The spray should not be ingested or come in contact with the eyes and mucous membranes, Avoid using the spray near a naked flame, Do not burn or make a hole in the bottle even after the spray is over"
https://www.1mg.com/otc/acupressure-multiplex-massager-pyramidal-otc518608,Acupressure Multiplex Massager Pyramidal,Kapil Plastic Mould,It applies pressure on the body's meridian points and helps maintain blood circulation,"It has 16 wheels with a pyramid that can be used on all parts of the body, It cleans away dead cells, accumulated oil secretions, dirt and perspiration, It enables the pores and glands to open and helps improve skin secretion and breathing, Available in attractive colours and is easy to handle, Pyramidal acupressure points of the massager treat by applying pressure on the meridian points of the body, The magnets attached to it help purify and maintain the circulation of blood, Size (L x W xH): 18 x 9 x 9 cm, Weight: 250 gm",Roll it over your body for 5-10 minutes to help relieve pain,"Read the label carefully before use, Keep out of reach of children"
https://www.1mg.com/otc/tynor-l-01-contoured-l.s.-belt-large-otc345796,,Tynor Orthotics Pvt. Ltd.,,,,
https://www.1mg.com/otc/sbl-ache-nil-drop-otc357578,SBL Ache-Nil Drop,SBL Pvt Ltd,,"Belladonna HPI, Rhus toxicodendron 3x HPI, Eupatorium perfoliatum 6x HPI, Bryonia alba 3x HPI, Ipecacuanha 3x HPI, Tinospora cordifolia 3x MT HPI, Alcohol content 60% v/v, Excipients q.s., Liquid, Manages viral infections:SBL Ache-Nil Drop is designed to help manage viral infections characterised by symptoms such as fever, body aches, skin rashes, muscle and joint pains, headache, and sore throat, Strengthens immune system:Beyond symptom management, these drops contribute to the strengthening of the immune system, managing measure against the spread of viral infections",,"Read the label carefully before use, Store in a cool and dry place, away from sunlight, Keep out of reach of children, Don’t exceed the recommended dosage, Shake well before use, Use under medical supervision"
https://www.1mg.com/otc/dr.-reckeweg-chininum-sulph-dilution-1000-ch-otc335585,,Dr Reckeweg & Co,,,,
https://www.1mg.com/otc/sbl-arnica-montana-mother-tincture-q-otc338517,,SBL Pvt Ltd,,,,
https://www.1mg.com/otc/tynor-e-10-tennis-elbow-support-large-otc345660,Tynor E-10 Tennis Elbow Support,Tynor Orthotics Pvt. Ltd.,,,Read the user manual/ instruction leaflet carefully,
https://www.1mg.com/otc/dr-willmar-schwabe-india-swertia-chirata-mother-tincture-q-otc391617,,Dr Willmar Schwabe India Pvt Ltd,,,,
https://www.1mg.com/otc/r3set-instant-pain-relief-deep-penetrating-spray-otc871753,R3SET Instant Pain Relief Nanotech Spray,Venus Remedies Ltd,,,,
https://www.1mg.com/otc/cini-mortis-gold-oil-otc856630,Cini Mortis Gold Oil,Cinichem Laboratories Pvt Ltd,,"Panchgun Oil, Mahanarayan Oil, Mahavishgarbh Oil, Gandhapura Oil (Gaultheria Fragrances), Turpentine Oil (Pinusiongi Folia), Eucalyptus Oil (Eucalyptus Globulus), Til Oil (Sesamum Indicum), Ratan Jyoti (Alkena Tinctoria), Camphor (Cinnamomum Comphora), Menthol (Mentha Plperita), Saindhavadi Oil, It provides relief from shoulder pain and back pain, It can help relieve arthritis pain, It helps ease neck sprain",Use two to three times a day or as directed by a healthcare professional,"Read the label carefully before use, Store in a cool and dry place, away from sunlight, Keep out of reach of children"
https://www.1mg.com/otc/dr.-reckeweg-baptisia-tinctoria-mother-tincture-q-otc327793,Dr. Reckeweg Baptisia Tinctoria Mother Tincture,Dr Reckeweg & Co,,"Baptisia Tinctoria, Male/Female, It is primarily effective in cases of high fever, malarial poisoning and issues associated with influenza, Useful in thyroid fever and manages vital fluid decomposition and rapid disintegration, Highly effective remedy for the management of grade fevers accompanied by nervousness, chilliness and pain in the head, back and limbs, Effective in improving gastrointestinal health by dealing with diarrhoea and flatulence in the stomach",Take 5 drops of mother tincture diluted in 1/4th cup water thrice a day or as directed by the physician.,"Store in a cool and dry place away from direct sunlight, Read the product label carefully before use, Keep out of reach of children, Do not exceed the recommended dosage"
https://www.1mg.com/otc/tynor-j-09-knee-support-sportif-neoprene-xxl-otc345770,Bjain Chionanthus Virginica Mother Tincture,Tynor Orthotics Pvt. Ltd.,,Chionanthus Virginica,Take Bjain Chionanthus Virginica Mother Tincture as directed by the physician.,
https://www.1mg.com/otc/vissco-0101-sacro-lumber-belt-small-beige-otc344509,Vissco 0101 Sacro Lumber Belt,Vissco Rehabilitation Aids Pvt. Ltd.,"It is useful to help support and provide relief to the lumbar region. It aids treatment and relieves pain due to Osteochondrosis, Spondylosis , Facet Syndrome, slipped disc,, Osteoporosis and post surgical lumbo-sacral immobilization.","The fabric that it is made up of has antibacterial and anti fungal properties, They provide noticeable therapeutic relief for the lumbar spine, It is useful in supporting the back, It uses loop elastic technology, It promotes good posture and even helps reduce pelvic anterotation, This product gives soft support to the body while still allowing it to move, It is made up of breathable fabric",Use as directed by the physician.,"Store in a cool and dry place, Keep out of the reach of children, Read the manual carefully"
https://www.1mg.com/otc/sbl-calcarea-silicate-dilution-30-ch-otc346079,SBL Calcarea Silicate Dilution 200 CH,SBL Pvt Ltd,,"Effective in treating corneal affection of eyes, Useful in treating growth related disorders, Supports proper functioning of lymph nodes, Useful in treating abnormal loss of physical strength, Helps in reducing sensitivity to cold weather",Dosage should be directed by the physician. It can be safely taken along with other allopathic medicines.,"Read the label carefully before use, Keep out of the reach of children, Use under medical supervision, Do not exceed the recommended dosage, Maintain half an hour gap between food, drink and any other homoeopathic medicine, Avoid any strong smell in the mouth while taking medicine e.g. camphor, garlic, onion, coffee and hing, Store in a cool and dry place"
https://www.1mg.com/otc/repl-dr.-advice-no.96-stye-drop-otc339454,,Renovision Exports Pvt Ltd,,,,
https://www.1mg.com/otc/mcp-rubber-hot-water-bag-assorted-otc537823,MCP Rubber Hot Water Bag Assorted,MCP,It acts as a natural body warmer in winter and is useful for heat therapy,"Soft fibre provides comfort and complete coverage of the injured area, Helps provide relief from muscular and menstrual pain, The small and compact design makes it more handy and easy to carry, Helps relieve arthritis pain, rheumatic and back pain","When filling the bottle, do not use boiling water, Fill to a maximum of two-thirds capacity, Check the bottle for any leakage by holding the bottle in an upside-down position, Expel air by lowering carefully onto a flat surface until water appears at the opening, Screw the stopper sufficiently tight to ensure that there is no leakage","Read the label carefully before use, Store in a cool and dry place, away from sunlight, Keep out of reach of children"
https://www.1mg.com/otc/sloan-s-liniment-kills-pain-reduces-swelling-strengthens-muscles-ligaments-otc315107,Sloan's Liniment,Piramal Enterprises Ltd,,Oil,,
https://www.1mg.com/otc/jiva-pain-calm-oil-pain-reliever-for-joint-pain-back-pain-frozen-shoulder-sprain-muscle-soreness-otc329877,Jiva Pain Calm Oil,Jiva Ayurvedic Pharmacy Ltd,,,,
https://www.1mg.com/otc/vissco-0603-wrist-binder-double-lock-xl-otc448550,Vissco 0603 Wrist Binder Double Lock,Vissco Rehabilitation Aids Pvt. Ltd.,Primarily used during injury to wrist or during sprains. Beneficial for patients suffering from osteoarthritis and for the prevention of sports injury.,"Skin Friendly:It uses skin friendly material which prevents irritation and itchy sensation, Easy to breathe:Uses light-weight material which does not lead to stiffness and does not affect mobility, Soft Support:It offers soft support to people who are using to treat an injury or pains related to osteoarthritis, Double Locking:Ensure close grip fit which does not become loose upon long time use",Wrap the binder around the area of the wrist. Hook and loop fasteners are provided to lock.,"Read the user manual carefully before use, Keep out of the reach of children"
https://www.1mg.com/otc/himalaya-rumalaya-pain-relief-gel-quick-relief-from-body-pain-ayurvedic-gel-otc90714,Himalaya Rumalaya Gel,Himalaya Wellness Company,,"30 gm, Gel",Apply a small quantity of the gel to the tender area and lightly massage it in or as directed by the physician.,
https://www.1mg.com/otc/sbl-cinchona-officinalis-dilution-200-ch-otc351896,SBL Cinchona Officinalis Dilution,SBL Pvt Ltd,,Cinchona Officinalis,Take 3-5 drops of dilution in 1 teaspoon of water three times a day or as directed by the physician.,
https://www.1mg.com/otc/bioforce-blooume-1-arthritisan-drop-otc324853,,Bioforce,,,,
https://www.1mg.com/otc/moov-cool-therapy-gel-otc964102,Moov Cool Therapy Gel,Reckitt Benckiser Healthcare Pvt. Ltd.,,"Each gram of gel contains: Pudina Satva (Mentha piperita) extract (Aerial parts of plant) 8.0% w/w, Preservative: Benzyl Alcohol IP, Colouring Agents: Brilliant Blue FCF, Tartrazine Yellow., Gel., 20g.",Apply a thin film of the gel to the affected area and massage gently. Repeat 3-4 times daily for best results.,
https://www.1mg.com/otc/dr-willmar-schwabe-india-arnica-montana-mother-tincture-q-otc390782,,Dr Willmar Schwabe India Pvt Ltd,,,,
https://www.1mg.com/otc/sbl-helleborus-niger-dilution-12-ch-otc353401,SBL Helleborus Niger Dilution 200 CH,SBL Pvt Ltd,,"Provides relief from chronic headache, Reduces excessive salivation and bad breath, Helps in treating skin disorders such as itching and edema, Relieves pain in arms and legs, Helps in reducing depression and melancholic weeping, Reduces frequent urge to urinate",Dosage should be directed by the physician. It can be safely taken along with other allopathic medicines,"Read the label carefully before use, Keep out of the reach of children, Use under medical supervision, Do not exceed the recommended dosage, Maintain half an hour gap between food, drink and any other homoeopathic medicine, Avoid any strong smell in the mouth while taking medicine e.g. camphor, garlic, onion, coffee and hing, Store in a cool and dry place"
https://www.1mg.com/otc/genac-plus-gel-30gm-each-otc804023,Genac Plus Gel,Hetero Healthcare Limited,,"Linseed oil, Menthol, Disclofenac sodium, It is used in joint pain, lower back pain, sports injury, cervical pain, arthritis, strain and sprain, It is indicated for relief from pain and swelling, It helps reduce inflammation due to arthritis, low back pain, neck pain and shoulder pain, and pain due to sports injury, sprains and strains",Use as directed on the label or as a healthcare professional advises,"Store in a cool and dry place away from direct sunlight, Read the label carefully, Keep out of reach of children, Do not freeze, Don’t apply on open wounds, cuts and burns"
https://www.1mg.com/otc/bjain-calcarea-carbonica-dilution-50m-ch-otc436435,Bjain Calcarea Carbonica Dilution,Bjain Pharmaceuticals Pvt. Ltd.,,,Take 3-5 drops of the dilution in 1 teaspoon of water twice a day or as directed by the physician.,
https://www.1mg.com/otc/volini-maxx-pain-relief-spray-for-back-neck-joint-muscle-pain-bone-joint-muscle-care-otc457560,Volini Maxx Spray,Sun Pharmaceutical Industries Ltd,,"Diclofenac Diethylamine IP Equivalent to Dicoflenac Sodium, Methyl Salicylate IP, Menthol IP, Provides instant pain relief and supports bone, joint and muscle care, A unique formulation of 2% diclofenac makes it 100% stronger than other sprays, Provides effective relief from severe neck and back pain, Helps in relieving musculoskeletal and joint pain, Effective in healing pain due to strain and sprain, Useful in case of sports injuries, Has a unique 360-degree delivery mechanism that ensures standardised drug delivery, It provides instant and long-lasting pain relief from knee pain, joint pain, back pain, calf pain, and neck pain","Shake well before each use. Spray the contents from 5 cm distance on the affected areas 3-4 times in a day or, as directed by the physician.","Read the label carefully before use, Store in a cool and dry place away from direct sunlight, Keep out of reach of the children, Do not exceed the recommended dosage, For external use only, Should be applied only to intact skin surfaces and not to skin wounds and open injuries, Should not come into contact with eyes, mucous membranes and should not be ingested, Store in a cool and dry place"
https://www.1mg.com/otc/dr-willmar-schwabe-india-cedron-dilution-200-ch-otc398856,,Dr Willmar Schwabe India Pvt Ltd,,,,
https://www.1mg.com/otc/rsg-painshhut-oil-otc496203,,RSG Herbal House,,,,
https://www.1mg.com/otc/pankajakasthuri-orthoherb-ayurvedic-oil-with-amla-for-joint-pain-relief-otc356687,Pankajakasthuri Orthoherb Oil,Pankajakasthuri Herbals India (P) Ltd.,,"Vasa (Adhatoda vasica, Rt, Dct), Eranda (Ricinus communis, Rt, Dct), Bilwa (Aegle marmelos, Rt, Dct), Thwak (Cinnamomum zeylanicum, St. Bk, Dct), Maricha (Piper nigrum, Dr. Fr, Dct), Lavanga (Syzygium aromaticum, Dr. Fr, Dct), Jati (Myristica fragrans, Pp, Dct), Pata (Cyclea peltata, Rt, Dct), Nimba (Azadirachta indica, Rt, bk, Dct), Sahachara (Strobilanthes ciliatus, Rt, Dct), Nirgundi (Vitex negundo, Lf, Dct), Bala (Sida retusa, Rt, Dct), Punarnava (Boerhavia diffusa, Pl, Dct), Gunja (Abrus precatorius, Rt, Dct), Dusparsa (Tragia involucrata, Rt, Dct) 2 g each. Amalaki (Phyllanthus emblica, Dr. Fr, Pst), Manjishta (Rubia cordifolia, Rt, Pst), Guggulu (Balsamodendron mukul, Lx, Pst), Chitraka (Plumbago zeylanica, Rt, Pst) 2.5 g each. Kera thaila (Cocos nucifera, Oil) 27.50 ml, Eranda thaila (Ricinus communis, Oil) 82.50 ml, Eucalyptus Oil (Eucalyptus globulus, Oil), 100 ml, Liquid, The oil has anti-inflammatory and analgesic properties, It imparts muscle tone and lubricates the joints, It also imparts firmness to the limbs, It can help stimulate circulation, It helps the lymphatic functioning for detoxification",,"Read the label carefully before use, Store in a cool and dry place, Keep out of reach of children"
https://www.1mg.com/otc/tynor-a-09-rib-belt-medium-otc345453,,Tynor Orthotics Pvt. Ltd.,,,,
https://www.1mg.com/otc/dr-willmar-schwabe-india-indium-metallicum-dilution-1000-ch-otc404142,,Dr Willmar Schwabe India Pvt Ltd,,,,
https://www.1mg.com/otc/miduty-nerve-pain-relief-capsule-alpha-lipoic-acid-b-vitamins-neuropathy-support-otc918605,Miduty Nerve Pain Relief Capsule,Midvision Pvt Ltd,,,Use as directed on the label or as advised by your healthcare provider,
https://www.1mg.com/otc/sbl-agaricus-muscarius-dilution-6-ch-otc349064,SBL Agaricus Muscarius Dilution,SBL Pvt Ltd,,Agaricus Muscarius,Take 2-3 drops 3-5 times a day or as directed by the physician.,
https://www.1mg.com/otc/dr.-reckeweg-pothos-foetida-dilution-200-ch-otc331721,,Dr Reckeweg & Co,,,,
https://www.1mg.com/otc/pravek-maha-balvardhak-oil-otc601978,Pravek Maha Balvardhak Oil,Pravek Kalp Private Limited,,,Massage adequate quantity of oil gently on the affected areas till it is absorbed. Use 2-3 times in a day for better results or as directed by the physician.,
https://www.1mg.com/otc/iodex-rapid-action-pain-relief-spray-otc647094,Iodex Rapid Action Spray,GlaxoSmithKline Consumer Healthcare,,,,
https://www.1mg.com/otc/jiva-pain-calm-oil-pain-reliever-for-joint-pain-back-pain-frozen-shoulder-sprain-muscle-soreness-with-knee-cap-free-otc651981,Jiva Pain Calm Oil,Jiva Ayurvedic Pharmacy Ltd,,,,
https://www.1mg.com/otc/naplat-capsule-otc352939,,Baroda Pharma Pvt Ltd,,,,
https://www.1mg.com/otc/dynapar-gel-for-pain-inflammation-relief-otc152047,Dynapar Gel,Troikaa Pharmaceuticals Ltd,,"Oleum Lini (Linseed Oil BP) (Containing Predominantly Alpha Linolenic Acid), Diclofenac Diethylamine IP (Equivalent to Diclofenac Sodium), Methyl Salicylate IP, Menthol IP, Benzyl Alcohol IP (As Preservative), Gel Base q.s, Linseed Oil has anti-inflammatory properties and minimises inflammation and swelling, Diclofenac is an anti-inflammatory that inhibits the release of chemicals that are responsible for causing pain and inflammation, Methyl Salicylate and Menthol work topically to relieve pain, Gel",,"Read the label carefully before use, Store below 25C, protected from light, Keep out of reach of children"
https://www.1mg.com/otc/volini-maxx-pain-relief-spray-for-back-neck-joint-muscle-pain-bone-joint-muscle-care-otc457561,Volini Maxx Spray,Sun Pharmaceutical Industries Ltd,,"Diclofenac Diethylamine IP Equivalent to Dicoflenac Sodium, Methyl Salicylate IP, Menthol IP, Provides instant pain relief and supports bone, joint and muscle care, A unique formulation of 2% diclofenac makes it 100% stronger than other sprays, Provides effective relief from severe neck and back pain, Helps in relieving musculoskeletal and joint pain, Effective in healing pain due to strain and sprain, Useful in case of sports injuries, Has a unique 360-degree delivery mechanism that ensures standardised drug delivery, It provides instant and long-lasting pain relief from knee pain, joint pain, back pain, calf pain, and neck pain","Shake well before each use. Spray the contents from 5 cm distance on the affected areas 3-4 times in a day or, as directed by the physician.","Read the label carefully before use, Store in a cool and dry place away from direct sunlight, Keep out of reach of the children, Do not exceed the recommended dosage, For external use only, Should be applied only to intact skin surfaces and not to skin wounds and open injuries, Should not come into contact with eyes, mucous membranes and should not be ingested, Store in a cool and dry place"
https://www.1mg.com/otc/bjain-camphora-dilution-10m-ch-otc437365,Bjain Magnesium Phosphoricum Dilution,Bjain Pharmaceuticals Pvt. Ltd.,,Magnesium Phosphoricum,,
https://www.1mg.com/otc/jiva-pain-calm-oil-pain-reliever-for-joint-pain-back-pain-frozen-shoulder-sprain-muscle-soreness-otc651626,Jiva Pain Calm Oil,Jiva Ayurvedic Pharmacy Ltd,,,,
https://www.1mg.com/otc/relispray-natural-instant-pain-relief-spray-otc226556,Relispray Instant Pain Relief Spray,MidasCare Pharmaceuticals Pvt Ltd,,"Clove Oil, Peppermint oil, Camphor Oil, Eucalyptus Oil, Turpentine Oil, Wintergreen Oil, Cinnamon Oil, Clove oil contains eugenol, which has analgesic and anti-inflammatory properties. Eugenol blocks the pain receptors and reduces inflammation to help relieve joint pain, Peppermint oil contains menthol, which provides a cooling effect on the skin. Peppermint oil dilates the vessels causing a sensation of coldness followed by an analgesic effect when applied topically, Camphor oil is suitable for topical use to reduce pain and inflammation. It has sedative, cooling and stimulating properties that help relieve swelling, aches, and pain caused by arthritis, gout, osteoarthritis, and rheumatism, Eucalyptus oil is an anti-inflammatory substance that soothes and helps relax stiff muscles to ease muscle movement, Turpentine oil is obtained from pine trees and has warming properties that aid in regulating blood circulation to the affected area. When applied topically, it helps to warm up the muscle, regulate blood circulation and provide pain relief.It helps to relieve muscle pain, joint pain, and inflammation, Wintergreen oil induces an anaesthetic effect on the nerves and helps regulate blood circulation for warmth to the affected area. It contains methyl salicylate, which has analgesic and anti-inflammatory properties. Wintergreen oil is suitable for topical use to relieve muscle pain and joint pain, Cinnamon oil is an anti-inflammatory substance and helps minimise stiffness in muscles and joints. It contains cinnamaldehyde, which has analgesic properties and can relieve muscle and joint pain. It can be used topically or added to bath water to soothe sore muscles and joints, Spray","Shake well before each use, Spray the content from a 5 cm distance on the affected area, Cover the spray area with a cloth to improve effectiveness","Do not pierce or burn even when empty, Do not spray near eyes or face, Do not spray on open wounds or broken skin, Avoid direct inhalation, Read the label carefully before use, Store in a cool and dry place, away from sunlight, Keep out of reach of children"
https://www.1mg.com/otc/kerala-ayurveda-indukantham-kwath-otc360700,Kerala Ayurveda Indukantham Kwath,Kerala Ayurveda Limited,,"Each 15ml contains:, Chiruvilva (Holoptelea Integrifolia) - 1.412g, Devadaru (Cedrus Deodara) - 1.412g, Bilva (Aegle Marmelos) - 1.412g, Syonaka (Oroxylum Indicum) - 1.412g, Gambhari (Gmelina Arborea) - 1.412g, Patala (Stereospermum Suaveolens) - 1.412g, Agnimantha (Premna Integrifolia) - 1.412g, Salaparni (Desmodium Gangeticum) - 1.412g, Prisniparni (Uraria Picta) - 1.412g, Brihati (Solanum Indicum) - 1.412g, Kantakari (Solanum Surattense) - 1.412g, Gokshura (Tribulus Terrestris) - 1.412g, Pippali (Piper Longum) - 1.412g, Pippalimoola (Piper Longum) - 1.412g, Chitraka (Plumbago Indica) - 1.412g, Sunthi (Zingiber Officinale) - 1.412g, Supports digestive health:The herbs in Indukantham Kwath may help improve digestion and reduce digestive discomfort, Supports detoxification:The natural ingredients may assist in eliminating toxins from the body and improve metabolism, May help support vitality:The combination of herbs may help improve energy levels and overall well-being, May help reduce inflammation:Certain ingredients like Pippali and Sunthi may help in reducing inflammation and promoting a healthy inflammatory response, 200 ml, Liquid",,"Store in a cool and dry place, Keep away from children"
https://www.1mg.com/otc/moov-pain-relief-ointment-for-back-pain-joint-pain-knee-pain-muscle-pain-otc377375,"Moov Pain Relief Ointment for Back Pain, Joint Pain, Knee Pain, Muscle Pain",Reckitt Benckiser Healthcare Pvt. Ltd.,,"Ointment, 30g",,
https://www.1mg.com/otc/sbl-hydrophobinum-dilution-12-ch-otc353554,SBL Hydrophobinum Dilution 200 CH,SBL Pvt Ltd,,"Helps in reducing pain in bones, Provides relief from chronic headache, It helps in curing sore throat, It also helps in reducing uterine sensitivity in women, Relieves spasmodic contractions of respiratory muscles, Helps in treating pain in stomach accompanied with watery stools",Dosage should be directed by the physician. It can be safely taken along with the other allopathic medicines.,"Read the label carefully before use, Keep out of the reach of children, Use under medical supervision, Do not exceed the recommended dosage, Maintain half an hour gap between food, drink and any other homoeopathic medicine, Avoid any strong smell in the mouth while taking medicine e.g. camphor, garlic, onion, coffee and hing, Store in a cool and dry place"
https://www.1mg.com/otc/volini-pain-relief-gel-for-sprain-muscle-joint-neck-low-back-pain-bone-joint-muscle-care-otc138818,Volini Pain Relief Gel,Sun Pharmaceutical Industries Ltd,,"Diclofenac Diethylamine Equivalent to Diclofenac Sodium 1% w/w, Methyl Salicylate IP, Menthol IP, Virgin Linseed Oil BP, Preservative, Benzyl Alcohol IP, Gel Base, The spray can offer relief when in pain and supports bone, muscle and joint care., It is effective for pain in the joints, knees, back, shoulders, and neck, It can work great on sports injuries such as muscle pulls, sprains, and strain, It provides instant and long-lasting pain relief from knee pain, joint pain, back pain, calf pain, and neck pain","The Volini pain relief bottle should be shaken well before spraying, Hold the spray bottle at a 5cm distance from the affected area and spray, You can use the spray about three to four times daily or as recommened by your physician","Read the label carefully before use, Store in a cool and dry place, away from sunlight, Keep out of reach of children, The Volini pain relief spray is meant for external application only, Use Volini per the doctor’s guidance, and be careful not to use more than the given dosage, Do not use the spray on open wounds or surfaces of the skin that are ruptured, The spray should not be ingested or come in contact with the eyes and mucous membranes, Avoid using the spray near a naked flame, Do not burn or make a hole in the bottle even after the spray is over"
https://www.1mg.com/otc/masolin-herbal-katch-pain-relief-oil-50ml-each-otc852540,Masolin Herbal Katch Pain Relief Oil,Masolin Herbal Pvt Ltd,,"Eucalyptus oil, Groundnut oil, Olive oil, Seuli, Shunth, Mashkalai, Kulathakalai, Bherenda, It contains herbs like seuli, shunth, mashkalai, kulathakalai, and bherenda which help in reducing muscle stiffness and regularizing blood circulation post orthopaedic surgery, Helpful in easing joint pain and reducing stiffness, Improves movement and relieves inflammation, Relieves arthritis, gout, spondylitis etc","Gently massage 3-5ml twice daily half an hour before bath and at bedtime, Do not wash or wipe off for at least half an hour","For external use only, Read the label carefully before use, Store in a cool and dry place, away from sunlight"
https://www.1mg.com/otc/sbl-hypericum-ointment-otc331000,SBL Hypericum Ointment,SBL Pvt Ltd,,"HypericumPerforatum MT, The ointment helps manage injuries related to nerves, especially of fingers, toes and nails, It may help with crushed fingertips and punctured wounds, It may provide relief from pain after operation and spasms after injury, The product helps to deal with problems related to the rectum and haemorrhoids, It helps alleviate tingling, burning pain in neuritis, numbness and flossy skin",Apply on the affected area two times a day or as prescribed by the physician,"Keep out of reach of children, Store in a cool and dry place, For external usage only, Read the label before use"
https://www.1mg.com/otc/bakson-s-homoeopathy-mig-aid-tablet-otc327318,BAKSON'S Mig Aid Tablet,Bakson Drugs &  Pharmaceuticals Pvt. ltd.,,"Cimicifuga Racemose 3x, Gelsemium Sempervirens 3x, Iris Versicolor 3x, Sanguinaria Canadensis 3x, Spigelia Anthelmia 12x, Natrum Muriaticum 3x, Ferrum Phosphoricum 3x, Kali Phosphoricum 3x, Provides relief in congestive headache, headache due to sun, exertion, fatigue, stress, eye strain, climate change, depression, Helps in excruciating headache, generally above or through the left eye or orbit, Helps during headache in menopause, premenstrual headache or headache due to gastritis, Treats sick headache, frontal headache with nausea, vomiting and diarrhoea, Provides relief in migraine, periodical headache of school children, headache due to irregular sleep, Lessens the frequency and force of the migraine, soothes pain and relieves irritability",,"Read the label carefully before use, Do not exceed the recommended dose, Keep out of the reach of children"
https://www.1mg.com/otc/adel-fever-care-combo-eupatorium-perfoliatum-dilution-ferrum-phosphoricum-biochemic-tablet-gelsemium-mother-tincture-otc385517,ADEL Eupatorium Perfoliatum Dilution,Adel Pekana Germany,,,,
https://www.1mg.com/otc/bjain-natrum-salicylicum-dilution-12-ch-otc436611,Bjain Natrum Salicylicum Dilution,Bjain Pharmaceuticals Pvt. Ltd.,,Natrum Salicylicum,Take Bjain Natrum Salicylicum Dilution as directed by the physician.,
https://www.1mg.com/otc/vissco-lumboset-advance-belt-back-support-for-back-pain-relief-posture-correction-small-black-otc344514,Vissco Contoured Sacro Lumbar Belt with Straps 2103,Vissco Rehabilitation Aids Pvt. Ltd.,It is useful to help support and provide relief to the lumbar region.,,Use as directed by the physician.,
https://www.1mg.com/otc/inova-memory-foam-travel-neck-pillow-red-otc510173,Inova Memory Foam Travel Neck Pillow,Siddhivinayak Enterprises,It helps to provide a more restful sleep pattern even during a long trip.,,Use as per directed in the manual.,"Read the label carefully before use, Keep out of reach of the children, Store in a cool dry place away from the use"
https://www.1mg.com/otc/sbl-magnetis-polus-australis-dilution-30-ch-otc359404,,SBL Pvt Ltd,,,,
https://www.1mg.com/otc/unjha-rheumaratna-gold-gold-coated-otc391267,,Unjha Ayurvedic Pharmacy,,,,
https://www.1mg.com/otc/aurthot-ls-belt-contoured-xxl-otc389247,Synergy LS Belt (Contoured),Aurthot Surgicals (OPC) Private Limited,It facilitates support to the lumbar spine.,,Use as per requirement or as directed by the healthcare physician.,
https://www.1mg.com/otc/viaggi-super-soft-memory-foam-neck-pillow-green-forest-otc510210,Viaggi Super Soft Memory Foam Neck Pillow,Siddhivinayak Enterprises,It is designed to help support and cradle the neck and head while in a sitting position in the car. It is useful in preventing neck pain.,"It is comfortable and has great tensile strength, It does not scratch the surface of the skin, Four fold increase in life expectancy, Has a soft breathable cover, It is super soft and provides cervical support, It works as an orthopedic neck pillow, It is ideal for home, travel, flight, or in the car especially on long trips",Read the instruction manual for detailed use or as directed by the physician.,"Read the instruction manual carefully before use, Keep out of the reach of children, Store in a cool and dry place"
https://www.1mg.com/otc/dr-willmar-schwabe-india-castoreum-dilution-30-ch-otc398784,,Dr Willmar Schwabe India Pvt Ltd,,,,
https://www.1mg.com/otc/kerala-ayurveda-ksheerabala-thailam-for-vata-dosha-otc361186,Kerala Ayurveda Ksheerabala Thailam,Kerala Ayurveda Limited,,"Country mallow or bala, Cow milk, Sesame oil, Oil, Ksheerabala Thailam supports the well-being of muscles and joints, making it suitable for those experiencing discomfort, It is traditionally used in Ayurveda for promoting neurological well-being, This oil may also be applied for certain skin conditions, Crafted following the principles of Ayurveda, it provides a traditional approach to health and well-being",,"For external use only, Store in a cool, dry place, away from direct sunlight, Keep away from the reach of children"
https://www.1mg.com/otc/dr-willmar-schwabe-india-gentiana-lutea-mother-tincture-q-otc390995,,Dr Willmar Schwabe India Pvt Ltd,,,,
https://www.1mg.com/otc/sloan-s-liniment-kills-pain-reduces-swelling-strengthens-muscles-ligaments-otc315107,Sloan's Liniment,Piramal Enterprises Ltd,,Oil,,
https://www.1mg.com/otc/jiva-pain-calm-oil-pain-reliever-for-joint-pain-back-pain-frozen-shoulder-sprain-muscle-soreness-otc329877,Jiva Pain Calm Oil,Jiva Ayurvedic Pharmacy Ltd,,,,
https://www.1mg.com/otc/tynor-a-12-ash-brace-hyper-extension-brace-small-otc345470,,Tynor Orthotics Pvt. Ltd.,,,,
https://www.1mg.com/otc/himalaya-rumalaya-pain-relief-gel-quick-relief-from-body-pain-ayurvedic-gel-otc90714,Himalaya Rumalaya Gel,Himalaya Wellness Company,,"30 gm, Gel",Apply a small quantity of the gel to the tender area and lightly massage it in or as directed by the physician.,
https://www.1mg.com/otc/dr.-reckeweg-lachnanthes-dilution-200-ch-otc334837,,Dr Reckeweg & Co,,,,
https://www.1mg.com/otc/moov-cool-therapy-gel-otc964102,Moov Cool Therapy Gel,Reckitt Benckiser Healthcare Pvt. Ltd.,,"Each gram of gel contains: Pudina Satva (Mentha piperita) extract (Aerial parts of plant) 8.0% w/w, Preservative: Benzyl Alcohol IP, Colouring Agents: Brilliant Blue FCF, Tartrazine Yellow., Gel., 20g.",Apply a thin film of the gel to the affected area and massage gently. Repeat 3-4 times daily for best results.,
https://www.1mg.com/otc/bjain-arnica-montana-dilution-6x-otc716800,Bjain Arnica Montana Dilution,Bjain Pharmaceuticals Pvt. Ltd.,,,"10 to 15 drops in ¼ cup of water, two times a day, 10 minutes before or after meals or as prescribed by the physician.",
https://www.1mg.com/otc/bjain-magnesium-phosphoricum-dilution-1000-ch-otc709179,Bjain Cucurbita Pepo Dilution,Bjain Pharmaceuticals Pvt. Ltd.,,,Take 3-5 drops of the dilution in 1 teaspoon of water twice a day or as directed by the physician.,
https://www.1mg.com/otc/sbl-geranium-maculatum-dilution-6-ch-otc353082,SBL Geranium Maculatum Dilution,SBL Pvt Ltd,,"Geranium Maculatum, Extra Neutral Alcohol, Cures habitual sick headaches, Helps treat gastritis problem, Used as a treatment for blood vomiting, Cures symptoms of profuse bleeding from different organs of the body, Gives relief from stomach ulcers, Helps with Post-partum haemorrhage and soreness in nipples in women",Take 3-5 drops two to three time a day or as prescribed by the physician.,"Read the label carefully before use, Store in cool, dry place away from direct sunlight, Do not exceed the recommended dosage, Keep out of the reach of children, Avoid any strong smell in the mouth while taking this medicine like coffee, camphor, etc"
https://www.1mg.com/otc/lp-251z-arm-compression-sleeve-single-xl-otc331167,LP #251Z Arm Compression Sleeve,LP Support,Provides quality containment to prevent swelling and treat inflammation around the arms and elbow area.,,Measure around centre of the forearm and wear accordingly.,"Read the label carefully before use, Keep out of reach of the children, Store in a cool dry place"
https://www.1mg.com/otc/volini-maxx-pain-relief-spray-for-back-neck-joint-muscle-pain-bone-joint-muscle-care-otc457560,Volini Maxx Spray,Sun Pharmaceutical Industries Ltd,,"Diclofenac Diethylamine IP Equivalent to Dicoflenac Sodium, Methyl Salicylate IP, Menthol IP, Provides instant pain relief and supports bone, joint and muscle care, A unique formulation of 2% diclofenac makes it 100% stronger than other sprays, Provides effective relief from severe neck and back pain, Helps in relieving musculoskeletal and joint pain, Effective in healing pain due to strain and sprain, Useful in case of sports injuries, Has a unique 360-degree delivery mechanism that ensures standardised drug delivery, It provides instant and long-lasting pain relief from knee pain, joint pain, back pain, calf pain, and neck pain","Shake well before each use. Spray the contents from 5 cm distance on the affected areas 3-4 times in a day or, as directed by the physician.","Read the label carefully before use, Store in a cool and dry place away from direct sunlight, Keep out of reach of the children, Do not exceed the recommended dosage, For external use only, Should be applied only to intact skin surfaces and not to skin wounds and open injuries, Should not come into contact with eyes, mucous membranes and should not be ingested, Store in a cool and dry place"
https://www.1mg.com/otc/grinbizz-pain-relief-balm-100gm-each-otc821451,Grinbizz Pain Relief Balm,Grinbizz,,"Pudina satva, Ashwagandha oil, Gandhpura oil, Guggul oil, Nilgiri oil, Rice bran oil, Castor oil, Marjoram oil, Myrtle oil, The balm is non-greasy and penetrates swiftly into the affected areas to help deliver quick and long-lasting relief from pain, It is helpful in providing relief from joint and muscle pain, It helps reduces inflammation of the joints, It soothes headaches, and body pains and can also give relief from minor symptoms of a cold","Apply on affected parts and massage gently, Or as advised by your healthcare practitioner","Read the label carefully before use, Store in a cool and dry place, away from sunlight, Keep out of reach of children, Do not exceed the recommended dose"
https://www.1mg.com/otc/comprezon-classic-varicose-vein-stockings-class-1-mid-thigh-1-pair-large-beige-otc390146,Comprezon Classic Varicose Vein Stockings Class 1 Mid Thigh (1 Pair),Dynamic Techno Medicals Pvt. Ltd.,It is primarily used to assist patients suffering from varicose veins and prevents pooling of blood.,"Prevents blood pooling: Applies graduated compression or high pressure at the ankle, medium pressure at the thigh which allows blood to flow back up to the leg, Quality Assurance: It is the only brand manufactured in India which meets international specifications for varicose vein stockings, Economical Price: It is an economical alternative to imported brands and is exported to more than 40 countries, High Quality Design: Manufactured using German Machinery and imported raw materials to provide accurate pressure for each indication of varicose veins, Toe Style: Peep hole",Use as per requirement or as directed by the healthcare physician.,"Read the label carefully before use, Store in a cool dry place away from direct sunlight, Keep out of reach of the children, Avoid physical damage"
https://www.1mg.com/otc/pankajakasthuri-orthoherb-ayurvedic-oil-with-amla-for-joint-pain-relief-otc356687,Pankajakasthuri Orthoherb Oil,Pankajakasthuri Herbals India (P) Ltd.,,"Vasa (Adhatoda vasica, Rt, Dct), Eranda (Ricinus communis, Rt, Dct), Bilwa (Aegle marmelos, Rt, Dct), Thwak (Cinnamomum zeylanicum, St. Bk, Dct), Maricha (Piper nigrum, Dr. Fr, Dct), Lavanga (Syzygium aromaticum, Dr. Fr, Dct), Jati (Myristica fragrans, Pp, Dct), Pata (Cyclea peltata, Rt, Dct), Nimba (Azadirachta indica, Rt, bk, Dct), Sahachara (Strobilanthes ciliatus, Rt, Dct), Nirgundi (Vitex negundo, Lf, Dct), Bala (Sida retusa, Rt, Dct), Punarnava (Boerhavia diffusa, Pl, Dct), Gunja (Abrus precatorius, Rt, Dct), Dusparsa (Tragia involucrata, Rt, Dct) 2 g each. Amalaki (Phyllanthus emblica, Dr. Fr, Pst), Manjishta (Rubia cordifolia, Rt, Pst), Guggulu (Balsamodendron mukul, Lx, Pst), Chitraka (Plumbago zeylanica, Rt, Pst) 2.5 g each. Kera thaila (Cocos nucifera, Oil) 27.50 ml, Eranda thaila (Ricinus communis, Oil) 82.50 ml, Eucalyptus Oil (Eucalyptus globulus, Oil), 100 ml, Liquid, The oil has anti-inflammatory and analgesic properties, It imparts muscle tone and lubricates the joints, It also imparts firmness to the limbs, It can help stimulate circulation, It helps the lymphatic functioning for detoxification",,"Read the label carefully before use, Store in a cool and dry place, Keep out of reach of children"
https://www.1mg.com/otc/dr.-reckeweg-bovista-dilution-200-ch-otc335844,Dr. Reckeweg Bovista Dilution,Dr Reckeweg & Co,,"Puff Ball, Dilution, 11 ml, Male/Female, Reduces the pain in the head that increases early in the morning and the person feels like the head is growing, Excellent remedy for pimples that arise due to the use of excessive cosmetics, May reduce loose motions before and after periods when they come early with heavy flow, Good remedy for colicky pains which are better by eating, Effectively eases conditions like eczema, acne, and rashes, providing relief from itching and irritation, Helps in managing varicose veins and prevents easy bruising, promoting healthy blood flow",Use as directed by the physician.,"Store in a cool and dry place away from direct sunlight, Read the product label carefully before use, Keep out of reach of children, Do not exceed the recommended dosage, Avoid any strong smell in the mouth such as coffee, onion, hing, mint, camphor, garlic etc while taking the medicine, Keep at least half an hour gap between food/drink/ any other medicines and allopathic medicine"
https://www.1mg.com/otc/sbl-azadirachta-indica-mother-tincture-q-otc338514,SBL Azadirachta Indica Mother Tincture,SBL Pvt Ltd,,Extracted from the bark of neem tree,"Dosage should be directed by a physician.Maintain 30 minutes gap between drink, food or any other medication.Avoid strong smell in the mouth before taking a dose.",
https://www.1mg.com/otc/miduty-nerve-pain-relief-capsule-alpha-lipoic-acid-b-vitamins-neuropathy-support-otc918605,Miduty Nerve Pain Relief Capsule,Midvision Pvt Ltd,,,Use as directed on the label or as advised by your healthcare provider,
https://www.1mg.com/otc/tynor-c-06-pouch-arm-sling-baggy-xxl-otc345572,Tynor C-06 Pouch Arm Sling (Baggy),Tynor Orthotics Pvt. Ltd.,It has been designed to cover the cast and give extra protection to the injured arm.,,Measure the circumference around the chest below the under arms and wear accordingly.,"Read the label carefully before use, Keep out of reach of the children, Store in a cool dry place"
https://www.1mg.com/otc/dr.-reckeweg-angustura-v-dilution-1000-ch-otc335936,Dr. Reckeweg Angustura V Dilution,Dr Reckeweg & Co,,"Angustura, Alcohol, Useful in treating abdominal problems like diarrhoea, Cures stiffness and tension of muscles and joints, Treats skin elements, Acts upon spinal motor nerves mucous membranes, Treats rheumatic affected bones, Helps get rid of headache with vertigo and flashes in front of eyes",Dosage should be directed by the physician. It can be taken along with other allopathic medicines.,"Read the label carefully before use, Do not exceed the recommended dosage, Keep out of the reach of children, Store in a cool dry place away from direct sunlight, Maintain half an hour gap between food,drink and any other medicines"
https://www.1mg.com/otc/pravek-maha-balvardhak-oil-otc601978,Pravek Maha Balvardhak Oil,Pravek Kalp Private Limited,,,Massage adequate quantity of oil gently on the affected areas till it is absorbed. Use 2-3 times in a day for better results or as directed by the physician.,
https://www.1mg.com/otc/bjain-natrum-salicylicum-dilution-30c-otc436619,Bjain Natrum Salicylicum Dilution,Bjain Pharmaceuticals Pvt. Ltd.,,Natrum Salicylicum,Take Bjain Natrum Salicylicum Dilution as directed by the physician.,
https://www.1mg.com/otc/vissco-magnetic-back-support-0104-medium-otc344519,,Vissco Rehabilitation Aids Pvt. Ltd.,,,,
https://www.1mg.com/otc/jiva-pain-calm-oil-pain-reliever-for-joint-pain-back-pain-frozen-shoulder-sprain-muscle-soreness-with-knee-cap-free-otc651981,Jiva Pain Calm Oil,Jiva Ayurvedic Pharmacy Ltd,,,,
https://www.1mg.com/otc/sbl-hypericum-perforatum-dilution-30-ch-otc338320,SBL Hypericum Perforatum Dilution,SBL Pvt Ltd,,"30 ml, Liquid, Men and Women",Use as directed by the physician.,
https://www.1mg.com/otc/volini-maxx-pain-relief-spray-for-back-neck-joint-muscle-pain-bone-joint-muscle-care-otc457561,Volini Maxx Spray,Sun Pharmaceutical Industries Ltd,,"Diclofenac Diethylamine IP Equivalent to Dicoflenac Sodium, Methyl Salicylate IP, Menthol IP, Provides instant pain relief and supports bone, joint and muscle care, A unique formulation of 2% diclofenac makes it 100% stronger than other sprays, Provides effective relief from severe neck and back pain, Helps in relieving musculoskeletal and joint pain, Effective in healing pain due to strain and sprain, Useful in case of sports injuries, Has a unique 360-degree delivery mechanism that ensures standardised drug delivery, It provides instant and long-lasting pain relief from knee pain, joint pain, back pain, calf pain, and neck pain","Shake well before each use. Spray the contents from 5 cm distance on the affected areas 3-4 times in a day or, as directed by the physician.","Read the label carefully before use, Store in a cool and dry place away from direct sunlight, Keep out of reach of the children, Do not exceed the recommended dosage, For external use only, Should be applied only to intact skin surfaces and not to skin wounds and open injuries, Should not come into contact with eyes, mucous membranes and should not be ingested, Store in a cool and dry place"
https://www.1mg.com/otc/tynor-compression-stocking-below-knee-classic-beige-medium-otc345860,Tynor I-16 Compression Stocking Below Knee,Tynor Orthotics Pvt. Ltd.,It is primarily used to provide relief in all forms of venous disease including blood pools or congests in legs.,,Use as per requirement or as directed by the physician.,
https://www.1mg.com/otc/jain-pain-off-oil-otc964874,"Kabiron Kab-Cast Fiber Glass Casting Tape 3"" x 4yrds 7.5cm x 3.6m",Sri Jain Ayurvedic Pharmacy,,,,
https://www.1mg.com/otc/jiva-pain-calm-oil-pain-reliever-for-joint-pain-back-pain-frozen-shoulder-sprain-muscle-soreness-otc651626,Jiva Pain Calm Oil,Jiva Ayurvedic Pharmacy Ltd,,,,
https://www.1mg.com/otc/lp-752-neoprene-wrist-thumb-support-xl-black-otc331330,LP #752 Neoprene Wrist/Thumb Support,LP Support,"It is used to facilitate support and stability to the wrist and is useful for painful, swollen, or weak joints.",,Measure the circumference of your wrist and wear accordingly.,"Read the label carefully before use, Keep out of reach of the children, Store in a cool dry place"
https://www.1mg.com/otc/moov-pain-relief-ointment-for-back-pain-joint-pain-knee-pain-muscle-pain-otc377375,"Moov Pain Relief Ointment for Back Pain, Joint Pain, Knee Pain, Muscle Pain",Reckitt Benckiser Healthcare Pvt. Ltd.,,"Ointment, 30g",,
https://www.1mg.com/otc/orthodocs-thermogel-pain-relief-gel-for-muscle-joint-knee-pain-30gm-each-otc930980,Orthodocs Thermogel (30gm Each),Nava Healthcare Pvt Ltd,,"Aceclofenac, Linseed oil, Methyl Salicilate, Primarily used for pain relief, Orthodocs Thermogel Pain Relief Cream may help relieve irritation and swelling around the affected area, Orthodocs Thermogel pain relief cream comes with a single quick absorption formula that enables it to act fast and clear pain, Rapid Pain Relief: The gel’s combination of ingredients works promptly to alleviate discomfort, providing immediate comfort and managing pain, Effective Inflammation Reduction: Aceclofenac targets inflammation, helping to potentially reduce swelling and redness, Improved Blood Circulation: Linseed oil may support improved blood flow to the affected area, promoting faster healing, Soothing and Cooling Sensation: Menthol offers a cooling effect, numbing pain receptors and providing relief, Deep Tissue Penetration: The gel penetrates deeply into muscle and joint tissues, addressing pain at its source., Long-lasting Relief: The sustained release of active ingredients ensures prolonged relief, allowing uninterrupted comfort, Cost-Effective Solution: By providing effective pain relief, Orthodocs Thermogel can help reduce the need for multiple over-the-counter medications.",Apply a sufficient quantity of Orthodocs Thermogel to the affected area as a thin film and massage gently to facilitate penetration. Repeat three times a day.,"Only for external use, Store at a temperature not exceeding 25°C. Do not freeze, Keep away from direct sunlight"
https://www.1mg.com/otc/aurthot-clavicle-brace-xl-otc389257,,Aurthot Surgicals (OPC) Pvt Ltd,,,,
https://www.1mg.com/otc/volini-pain-relief-gel-for-sprain-muscle-joint-neck-low-back-pain-bone-joint-muscle-care-otc138818,Volini Pain Relief Gel,Sun Pharmaceutical Industries Ltd,,"Diclofenac Diethylamine Equivalent to Diclofenac Sodium 1% w/w, Methyl Salicylate IP, Menthol IP, Virgin Linseed Oil BP, Preservative, Benzyl Alcohol IP, Gel Base, The spray can offer relief when in pain and supports bone, muscle and joint care., It is effective for pain in the joints, knees, back, shoulders, and neck, It can work great on sports injuries such as muscle pulls, sprains, and strain, It provides instant and long-lasting pain relief from knee pain, joint pain, back pain, calf pain, and neck pain","The Volini pain relief bottle should be shaken well before spraying, Hold the spray bottle at a 5cm distance from the affected area and spray, You can use the spray about three to four times daily or as recommened by your physician","Read the label carefully before use, Store in a cool and dry place, away from sunlight, Keep out of reach of children, The Volini pain relief spray is meant for external application only, Use Volini per the doctor’s guidance, and be careful not to use more than the given dosage, Do not use the spray on open wounds or surfaces of the skin that are ruptured, The spray should not be ingested or come in contact with the eyes and mucous membranes, Avoid using the spray near a naked flame, Do not burn or make a hole in the bottle even after the spray is over"
https://www.1mg.com/otc/sbl-berberis-vulgaris-0-29-lm-otc361328,,SBL Pvt Ltd,,,,
https://www.1mg.com/otc/kerala-ayurveda-balaswagandhadi-thailam-otc361105,Kerala Ayurveda Balaswagandhadi Thailam,Kerala Ayurveda Limited,,"Country mallow or bala, Indian ginseng or aswagandha, Lac or laksha, Lesser galanga or rasna, Red sanders or raktha chandana, Indian madder or manjishta, Sesame oil, Oil, Balaswagandhadi Thailam supports the well-being of muscles and joints, making it ideal for athletes and individuals facing physical stress, Ashwagandha's adaptogenic qualities help reduce stress and promote a sense of calm and balance, It aids in rejuvenating the body, making it a valuable addition to your holistic wellness routine, When used for postnatal massages, it assists new mothers in their recovery process, Crafted following time-honored Ayurvedic principles, this oil reflects Kerala Ayurveda's commitment to quality and authenticity",,"For external use only, Store in a cool, dry place, away from direct sunlight, Keep away from the reach of children"
https://www.1mg.com/otc/jiva-dashmool-kwath-dry-otc329996,,Jiva Ayurvedic Pharmacy Ltd,,,,
https://www.1mg.com/otc/comprezon-classic-varicose-vein-stockings-class-2-mid-thigh-1-pair-small-beige-otc390172,Comprezon Classic Varicose Vein Stockings Class 2 Mid Thigh (1 Pair),Dynamic Techno Medicals Pvt. Ltd.,Boost flow of blood back from legs to heart. Prevents the pooling of blood in the legs which is the main cause of varicose veins,,As described by your physician,
https://www.1mg.com/otc/dr-willmar-schwabe-india-valeriana-officinalis-dilution-30-ch-otc391810,,Dr Willmar Schwabe India Pvt Ltd,,,,
https://www.1mg.com/otc/dr.-reckeweg-china-dilution-200-ch-otc335566,Dr. Reckeweg China Off Dilution,Dr Reckeweg & Co,,"Cinchona Officinalis, Highly potent remedy for the treatment of stomach disorders including nausea and vomiting, Relieves pain in the lower abdomen and treats conditions associated with flatulence, Beneficial remedy to reduce inflammation of liver and can be used to manage jaundice, Cinchona is a powerful remedy to relieve pain in liver associated with gallstones, Manages digestive disorders including conditions of diarrhoea with bodily weakness, Provides relief from pain in the pelvis",Take 3-5 drops of dilution in 1 teaspoon of water three times a day or as directed by the physician.,"Read the label carefully before use, Do not exceed the recommended dosage, Keep out of the reach of children, Store in a cool dry place away from direct sunlight and heat"
https://www.1mg.com/otc/tynor-i-70-medical-compression-stocking-mid-thigh-small-otc345882,Tynor I-70 Medical Compression Stocking Mid Thigh Class 2,Tynor Orthotics Pvt. Ltd.,It is primarily used to provide relief in all forms of venous disease including blood pools or congests in legs.,,Use as per requirement or as directed by the physician.,
https://www.1mg.com/otc/sahyog-wellness-ice-bag-otc578332,Sahyog Wellness Ice Bag,Sahyog Wellness,"It is a reusable ice bag suitable for use during fever, sports injuries, sprains, bruises, toothache or post-operative care to help reduce pain and swelling","Package dimensions: ‎ 23.1 x 10.9 x 7.6 cm; 160 grams, Comes with a soft and water-repellent outer cover, Its large cap allows easy fitting of ice cubes, It easily contours to the body shape","Open the cap by twisting it in an anti-clockwise direction, Put some ice and close the lid by rotating in a clockwise direction, Apply to the affected area and get instant pain relief","Read the label carefully before use, Squeeze the air out before closing the cap, Do not sit or apply excess pressure on the ice bag"
https://www.1mg.com/otc/aksobha-back-abdomen-pain-relief-herbal-hot-cold-therapy-pack-otc828831,Aksobha Back / Abdomen Pain Relief Herbal Hot & Cold Therapy Pack,Aksobha,"It provides relief from aching back and abdomen muscles, manages injuries and muscle pain relief, and improves blood circulation","Aksobha’s Herbal Packs can be used for hot therapy, The heat of the packs reduces muscle spasms, relaxes tense muscles, relieves pain, and helps with movement, Applying heat to your tissues increases blood circulation, Hot therapy is commonly used to manage discomforts such as the stiff neck, muscle tension, muscle strains, sprains, and more, Aksobha’s Herbal Packs can also be used for cold therapy, Applying cold to your tissue results in the narrowing of your blood vessels, Slowing the blood flow and other fluids into the injured tissue reduces swelling, muscle spasms, pain, and inflammation, Cold therapy is commonly used to manage discomforts such as joint sprains, headaches, bruises, black and blue marks, swelling, fever, sunburns, and more, It helps reduce swelling and oedema at the site of injury, is Ideal for reducing pain / orthopaedic cases / post-operation and manages Injuries, It relieves sore muscles and joints pain around your neck area with a neck pack, It’s reusable and can be used for hot therapy as well as for cold therapy",,"If the pack gets dirty, wipe it with a damp cloth and dry, Do not immerse in water or wash the pack, Heat the packs and use them frequently, Do not heat pack for longer than 2 mins or as directed, The pack can be put in a cloth bag and stored in the freezer if not used for long, Read the label carefully before use, Keep it out of the reach of children"
https://www.1mg.com/otc/bjain-aesculus-hippocastanum-dilution-10m-ch-otc429171,Bjain Aesculus Hippocastanum Dilution,Bjain Pharmaceuticals Pvt. Ltd.,,,As directed by the physician,
https://www.1mg.com/otc/sbl-nyctanthes-arbor-tristis-mother-tincture-q-otc338654,,SBL Pvt Ltd,,,,
https://www.1mg.com/otc/vissco-0101-sacro-lumber-belt-medium-beige-otc344510,Vissco 0101 Sacro Lumber Belt,Vissco Rehabilitation Aids Pvt. Ltd.,"It is useful to help support and provide relief to the lumbar region. It aids treatment and relieves pain due to Osteochondrosis, Spondylosis , Facet Syndrome, slipped disc,, Osteoporosis and post surgical lumbo-sacral immobilization.","The fabric that it is made up of has antibacterial and anti fungal properties, They provide noticeable therapeutic relief for the lumbar spine, It is useful in supporting the back, It uses loop elastic technology, It promotes good posture and even helps reduce pelvic anterotation, This product gives soft support to the body while still allowing it to move, It is made up of breathable fabric",Use as directed by the physician.,"Store in a cool and dry place, Keep out of the reach of children, Read the manual carefully"
https://www.1mg.com/otc/sbl-syphilinum-dilution-1000-ch-otc348815,SBL Syphilinum Dilution,SBL Pvt Ltd,,"30 ml, Liquid",,
https://www.1mg.com/otc/sloan-s-liniment-kills-pain-reduces-swelling-strengthens-muscles-ligaments-otc315107,Sloan's Liniment,Piramal Enterprises Ltd,,Oil,,
https://www.1mg.com/otc/jiva-pain-calm-oil-pain-reliever-for-joint-pain-back-pain-frozen-shoulder-sprain-muscle-soreness-otc329877,Jiva Pain Calm Oil,Jiva Ayurvedic Pharmacy Ltd,,,,
https://www.1mg.com/otc/flamingo-cervical-collar-xxl-otc348788,Flamingo Cervical Collar,Ascent Meditech Limited,,"1 unit, Men/Women",Use as directed on the product leaflet.,
https://www.1mg.com/otc/himalaya-rumalaya-pain-relief-gel-quick-relief-from-body-pain-ayurvedic-gel-otc90714,Himalaya Rumalaya Gel,Himalaya Wellness Company,,"30 gm, Gel",Apply a small quantity of the gel to the tender area and lightly massage it in or as directed by the physician.,
https://www.1mg.com/otc/aksobha-sinus-relief-herbal-hot-cold-therapy-pack-otc828902,Aksobha Sinus Relief Herbal Hot & Cold Therapy Pack,Aksobha,It provides an effective natural relief solution at home for sinus pain relief and sinus headaches,"Aksobha’s Herbal Packs can be used for hot therapy, The heat of the packs reduces muscle spasms, relaxes tense muscles, relieves pain, and helps with movement, Applying heat to your tissues increases blood circulation, Hot therapy is commonly used to manage discomforts such as the stiff neck, muscle tension, muscle strains, sprains, and more, Aksobha’s Herbal Packs can also be used for cold therapy, Applying cold to your tissue results in the narrowing of your blood vessels, Slowing the blood flow and other fluids into the injured tissue reduces swelling, muscle spasms, pain, and inflammation, Cold therapy is commonly used to manage discomforts such as joint sprains, headaches, bruises, black and blue marks, swelling, fever, sunburns, and more",,"If the pack gets dirty, wipe it with a damp cloth and dry, Do not immerse in water or wash the pack, Heat the packs and use them frequently, Do not heat pack for longer than 2 mins or as directed, The pack can be put in a cloth bag and stored in the freezer if not used for long, Read the label carefully before use, Keep it out of the reach of children"
https://www.1mg.com/otc/vashisht-rhus-tox-gel-otc411993,,Vashisht Homoeopathic Pharmaceuticals,,,,
https://www.1mg.com/otc/moov-cool-therapy-gel-otc964102,Moov Cool Therapy Gel,Reckitt Benckiser Healthcare Pvt. Ltd.,,"Each gram of gel contains: Pudina Satva (Mentha piperita) extract (Aerial parts of plant) 8.0% w/w, Preservative: Benzyl Alcohol IP, Colouring Agents: Brilliant Blue FCF, Tartrazine Yellow., Gel., 20g.",Apply a thin film of the gel to the affected area and massage gently. Repeat 3-4 times daily for best results.,
https://www.1mg.com/otc/dyna-knee-cap-small-otc518276,Dyna Knee Cap,Dynamic Techno Medicals Pvt. Ltd.,It is primarily used to give support and stability to the knee.,,Use as per requirement or as directed by the physician.,"Read the label carefully before use, Store in a cool dry place away from direct sunlight, Keep out of reach of the children, Avoid physical damage"
https://www.1mg.com/otc/bluheat-back-heat-therapy-patches-heat-therapy-patches-air-activated-natural-4-hours-large-otc925300,BluHeat Back Heat Therapy Patch,Pantheon Pharmchem,These patches help reduce rigid backaches.,"It is designed with natural raw components, These heat therapy patches provide instant relief from back pain through natural heat activation, It promotes muscle relaxation and soothes discomfort, What makes BluHeat special is that it keeps working for more than 4+ hours, so you can keep doing your daily activities while it soothes your pain","Peel off the paper, Stick the BluHeat patch to the desired spot on clean dry skin, It may take 5 to 10 minutes for the BluHeat to reach the optimum temperature, After use dispose of normal household waste","Read the label carefully, Do not use it while sleeping and check occasionally, If used continuously on the same area of the body, it could cause redness on the skin, Discontinue using in cases of discomfort or irritation"
https://www.1mg.com/otc/sbl-niccolum-sulphuricum-dilution-30-ch-otc355135,SBL Niccolum Sulphuricum Dilution,SBL Pvt Ltd,,"Niccolum Sulphuricum, Excellent remedy to cure rheumatic pains and relieves stiffness in muscle joints, Contains diuretic properties and cures excessive urge to urinate, Highly effective remedy for patients suffering from chronic neuralgia, Useful in relieving muscle weakness and heaviness of arms and legs, Provides relief from abnormal menstrual periods, Useful in treating weak digestion and constipation, Reduces pain in the ovarian region in women",Take 3-5 drops of Dilution in half cup of water three times a day or as directed by the physician,"Read the label carefully before use, Do not exceed the recommended dose, Keep out of the reach of children, Store in a cool dry place away from direct sunlight and heat"
https://www.1mg.com/otc/volini-maxx-pain-relief-spray-for-back-neck-joint-muscle-pain-bone-joint-muscle-care-otc457560,Volini Maxx Spray,Sun Pharmaceutical Industries Ltd,,"Diclofenac Diethylamine IP Equivalent to Dicoflenac Sodium, Methyl Salicylate IP, Menthol IP, Provides instant pain relief and supports bone, joint and muscle care, A unique formulation of 2% diclofenac makes it 100% stronger than other sprays, Provides effective relief from severe neck and back pain, Helps in relieving musculoskeletal and joint pain, Effective in healing pain due to strain and sprain, Useful in case of sports injuries, Has a unique 360-degree delivery mechanism that ensures standardised drug delivery, It provides instant and long-lasting pain relief from knee pain, joint pain, back pain, calf pain, and neck pain","Shake well before each use. Spray the contents from 5 cm distance on the affected areas 3-4 times in a day or, as directed by the physician.","Read the label carefully before use, Store in a cool and dry place away from direct sunlight, Keep out of reach of the children, Do not exceed the recommended dosage, For external use only, Should be applied only to intact skin surfaces and not to skin wounds and open injuries, Should not come into contact with eyes, mucous membranes and should not be ingested, Store in a cool and dry place"
https://www.1mg.com/otc/babuline-babtail-balm-oil-for-body-back-knee-legs-shoulder-and-muscle-pain-suitable-for-relief-from-cold-cough-headache-blocked-nose-10ml-each-otc929708,"Babuline Babtail Balm Oil for Muscle Pain, Joint Pain, Cold and Cough",Babuline Pharma,,"Karpura, Pudina Sat, Cajuput Taila, Eucalyptus Taila, Gandhapura Patra Taila and Coconut Taila., It is an effective ayurvedic product that may help to provide relief from joint pain and muscle pain, This oil can also help to reduce muscle cramps and enhance the flexibility of the muscles, This balm oil can help to manage and condition if one is suffering from a severe cold and cough",Gently roll on Babtail balm oil for about 5 minutes in the affected area.,"Use before 36 months from the date of manufacture, Store it in a cool and dry place, Keep it away from direct sunlight, Keep it away from the reach of the children"
https://www.1mg.com/otc/baidyanath-nagpur-maharasnadi-kadha-with-guggulu-for-joint-pain-backache-muscular-pain-otc627597,Baidyanath (Nagpur) Maharasnadi Kadha (with Guggulu),Shree Baidyanath Ayurved Bhawan (P)Limited (Nagpur),,"Rasna, Dhai Phool, Pipal, Babul chhal (acacia nilotica) herb, Munakka, Gud, Ashwagandha, Erand mool/ panchang, Vach (goodvach), Saunf, Adusa patti/panchang (vasa), Piyavasa panchang (sahachar), Guggul, Dhania, Atish meetha, Shatavari, Giloy sukhi(guduchi), Chavya, Kachoor, Deodar guliya, Kateri badi, kateri chhoti (kantkari), Harad badi (haritaki), Gokharum, Vidhara, Punarnava mool, Nagarmotha, South, Bala(khareti)/nagbala, Amaltash phali, Liquid, Rasna has anti-inflammatory and analgesic properties and is beneficial for managing arthritis as it reduces inflammation and joint pain, Guggulu is effective for all types of pain and vat disorders like sciatica, knee stiffness, and pain in the lumbosacral region, Guggulu also relieves neck stiffness and cervical pain",,"Read the label carefully before use, Store in a cool and dry place, Keep out of reach of children"
https://www.1mg.com/otc/pankajakasthuri-orthoherb-ayurvedic-oil-with-amla-for-joint-pain-relief-otc356687,Pankajakasthuri Orthoherb Oil,Pankajakasthuri Herbals India (P) Ltd.,,"Vasa (Adhatoda vasica, Rt, Dct), Eranda (Ricinus communis, Rt, Dct), Bilwa (Aegle marmelos, Rt, Dct), Thwak (Cinnamomum zeylanicum, St. Bk, Dct), Maricha (Piper nigrum, Dr. Fr, Dct), Lavanga (Syzygium aromaticum, Dr. Fr, Dct), Jati (Myristica fragrans, Pp, Dct), Pata (Cyclea peltata, Rt, Dct), Nimba (Azadirachta indica, Rt, bk, Dct), Sahachara (Strobilanthes ciliatus, Rt, Dct), Nirgundi (Vitex negundo, Lf, Dct), Bala (Sida retusa, Rt, Dct), Punarnava (Boerhavia diffusa, Pl, Dct), Gunja (Abrus precatorius, Rt, Dct), Dusparsa (Tragia involucrata, Rt, Dct) 2 g each. Amalaki (Phyllanthus emblica, Dr. Fr, Pst), Manjishta (Rubia cordifolia, Rt, Pst), Guggulu (Balsamodendron mukul, Lx, Pst), Chitraka (Plumbago zeylanica, Rt, Pst) 2.5 g each. Kera thaila (Cocos nucifera, Oil) 27.50 ml, Eranda thaila (Ricinus communis, Oil) 82.50 ml, Eucalyptus Oil (Eucalyptus globulus, Oil), 100 ml, Liquid, The oil has anti-inflammatory and analgesic properties, It imparts muscle tone and lubricates the joints, It also imparts firmness to the limbs, It can help stimulate circulation, It helps the lymphatic functioning for detoxification",,"Read the label carefully before use, Store in a cool and dry place, Keep out of reach of children"
https://www.1mg.com/otc/omnigel-pain-relief-from-sprain-injury-back-pain-muscle-pain-body-pain-knee-pain-joint-pain-otc152449,Omnigel,Cipla Ltd,,"Linseed Oil BP, Diclofenac Diethylamine BP Equivalent to Diclofenac Sodium, Methyl Salicylate IP, Menthol IP, Benzyl Alcohol IP (As Preservative) in water-washable base, Linseed oil has anti-inflammatory properties and minimises inflammation and swelling, Diclofenac is an anti-inflammatory that inhibits the release of chemicals that are responsible for causing pain and inflammation, Methyl salicylate and menthol work topically to relieve pain, Gel",Use as directed by the healthcare professional.,"Read the label carefully before use, Store below 25C. Do not freeze, Keep out of reach of children"
https://www.1mg.com/otc/longlife-oct-007-ankle-support-small-blue-otc490862,Longlife OCT 007 Ankle Support,Veridicus Health Care Pvt Ltd,It is used to provide optimal comfort and a great fit to help reduce ankle pain.,,Apply the anklet in a way it comes exactly in the right position on the heel and then wrap the elastic in such a way that it is comfortable to wear.,"Read the label carefully before use, Keep out of reach of children, Keep away from physical damage"
https://www.1mg.com/otc/miduty-nerve-pain-relief-capsule-alpha-lipoic-acid-b-vitamins-neuropathy-support-otc918605,Miduty Nerve Pain Relief Capsule,Midvision Pvt Ltd,,,Use as directed on the label or as advised by your healthcare provider,
https://www.1mg.com/otc/bjain-rhus-toxicodendron-dilution-6x-otc434352,Bjain Rhus Toxicodendron Dilution,Bjain Pharmaceuticals Pvt. Ltd.,,,Take 3-5 drops of the dilution in 1 teaspoon of water twice a day or as directed by the physician.,
https://www.1mg.com/otc/bahola-balm-otc388711,,Bahola Labs,,,,
https://www.1mg.com/otc/pravek-maha-balvardhak-oil-otc601978,Pravek Maha Balvardhak Oil,Pravek Kalp Private Limited,,,Massage adequate quantity of oil gently on the affected areas till it is absorbed. Use 2-3 times in a day for better results or as directed by the physician.,
https://www.1mg.com/otc/oppo-4091-cervical-collar-soft-medium-otc352962,,OPPO Medical Inc,,,,
https://www.1mg.com/otc/tynor-d-03-anklet-pair-medium-otc345580,Tynor D-03 Anklet (Pair),Tynor Orthotics Pvt. Ltd.,,,,"Read the label carefully before use, Store in a cool dry place away, Keep out of reach of the children"
https://www.1mg.com/otc/jiva-pain-calm-oil-pain-reliever-for-joint-pain-back-pain-frozen-shoulder-sprain-muscle-soreness-with-knee-cap-free-otc651981,Jiva Pain Calm Oil,Jiva Ayurvedic Pharmacy Ltd,,,,
https://www.1mg.com/otc/sbl-piscidia-erythrina-mother-tincture-q-otc338633,,SBL Pvt Ltd,,,,
https://www.1mg.com/otc/dr.-johns-j-5-pyrexia-drop-otc387529,Indications:,Nanak Laboratories Pvt Ltd,,,,
https://www.1mg.com/otc/volini-maxx-pain-relief-spray-for-back-neck-joint-muscle-pain-bone-joint-muscle-care-otc457561,Volini Maxx Spray,Sun Pharmaceutical Industries Ltd,,"Diclofenac Diethylamine IP Equivalent to Dicoflenac Sodium, Methyl Salicylate IP, Menthol IP, Provides instant pain relief and supports bone, joint and muscle care, A unique formulation of 2% diclofenac makes it 100% stronger than other sprays, Provides effective relief from severe neck and back pain, Helps in relieving musculoskeletal and joint pain, Effective in healing pain due to strain and sprain, Useful in case of sports injuries, Has a unique 360-degree delivery mechanism that ensures standardised drug delivery, It provides instant and long-lasting pain relief from knee pain, joint pain, back pain, calf pain, and neck pain","Shake well before each use. Spray the contents from 5 cm distance on the affected areas 3-4 times in a day or, as directed by the physician.","Read the label carefully before use, Store in a cool and dry place away from direct sunlight, Keep out of reach of the children, Do not exceed the recommended dosage, For external use only, Should be applied only to intact skin surfaces and not to skin wounds and open injuries, Should not come into contact with eyes, mucous membranes and should not be ingested, Store in a cool and dry place"
https://www.1mg.com/otc/adel-nux-mosch-dilution-30-ch-otc327352,ADEL Nux Moschata Dilution,Adel Pekana Germany,,"Nux Moschata, It helps in the treatment of nervous disorders, to relax the muscles and treats stomach disorders such as flatulence and indigestion, It is also used for the treatment of symptoms related to Alzheimer’s Disease, Improves memory and concentration, It is helpful in the treatment of dry mouth and sore throat, Provides relief from rheumatic pains caused due to cold weather exposure, It is an effective remedy for the treatment of nervous disorders and relieves drowsiness and sleepiness",Take 3-5 drops of dilution in 1 tespoon of water thrice a day or as directed by the physician,"Read the label carefully before use, Do not exceed the recommended dose, Keep out of the reach of children, Use under medical supervision, Store in a cool dry place away from direct sunlight and heat"
https://www.1mg.com/otc/deve-herbes-pure-calendula-calendula-officinalis-cold-pressed-oil-otc396424,Deve Herbes Pure Calendula Oil,Deve Herbes,,"Calendula Oil, Contains anti-inflammatory properties which help treat swollen tissue on the skin, Calnedula Oil’s high triterpenoid content is helpful in the treatment of skin issues such as dry skin, eczema and haemorrhoids, It can be used amongst infants to soothe and heal diaper rash and prevents irritation, Helps fight bacterial skin infections in skin abrasions, It can effectively be used for the treatment and prevention of acne",Most Carrier Oils are unscented or lightly scented and don't interfere with an essential oil's therapeutic properties. They may be used alone or with other oils to nourish your skin.,"Read the label carefully before use, For external use only, Avoid contact with the eyes, Keep out of the reach of children, Store in a cool dry place away from direct sunlight and heat"
https://www.1mg.com/otc/jiva-pain-calm-oil-pain-reliever-for-joint-pain-back-pain-frozen-shoulder-sprain-muscle-soreness-otc651626,Jiva Pain Calm Oil,Jiva Ayurvedic Pharmacy Ltd,,,,
https://www.1mg.com/otc/dr.-reckeweg-ferrum-phosph-dilution-30-ch-otc326764,Dr. Reckeweg Ferrum Phosph Dilution,Dr Reckeweg & Co,,"Ferrum Phosphoricum, Alcohol, Liquid, Helps support heart health and helps strengthen the walls of blood vessels and arteries, Supports female health and helps regulate menstrual health, Assists in promoting bone, joint and muscle health",,"Read the label carefully before use, Store in a cool, dry place, away from direct sunlight, Keep out of the reach of children, Do not exceed the recommended dose"
https://www.1mg.com/otc/moov-pain-relief-ointment-for-back-pain-joint-pain-knee-pain-muscle-pain-otc377375,"Moov Pain Relief Ointment for Back Pain, Joint Pain, Knee Pain, Muscle Pain",Reckitt Benckiser Healthcare Pvt. Ltd.,,"Ointment, 30g",,
https://www.1mg.com/otc/dr.-reckeweg-echinacea-ang-dilution-10m-ch-otc373693,,Dr Reckeweg & Co,,,,
https://www.1mg.com/otc/sri-sri-tattva-kshirabala-taila-otc330742,Sri Sri Tattva Kshirabala Taila,Sriveda Sattva Pvt Ltd,,"100 ml, Oil",,
https://www.1mg.com/otc/volini-pain-relief-gel-for-sprain-muscle-joint-neck-low-back-pain-bone-joint-muscle-care-otc138818,Volini Pain Relief Gel,Sun Pharmaceutical Industries Ltd,,"Diclofenac Diethylamine Equivalent to Diclofenac Sodium 1% w/w, Methyl Salicylate IP, Menthol IP, Virgin Linseed Oil BP, Preservative, Benzyl Alcohol IP, Gel Base, The spray can offer relief when in pain and supports bone, muscle and joint care., It is effective for pain in the joints, knees, back, shoulders, and neck, It can work great on sports injuries such as muscle pulls, sprains, and strain, It provides instant and long-lasting pain relief from knee pain, joint pain, back pain, calf pain, and neck pain","The Volini pain relief bottle should be shaken well before spraying, Hold the spray bottle at a 5cm distance from the affected area and spray, You can use the spray about three to four times daily or as recommened by your physician","Read the label carefully before use, Store in a cool and dry place, away from sunlight, Keep out of reach of children, The Volini pain relief spray is meant for external application only, Use Volini per the doctor’s guidance, and be careful not to use more than the given dosage, Do not use the spray on open wounds or surfaces of the skin that are ruptured, The spray should not be ingested or come in contact with the eyes and mucous membranes, Avoid using the spray near a naked flame, Do not burn or make a hole in the bottle even after the spray is over"
https://www.1mg.com/otc/deve-herbes-pure-black-seed-nigella-sativa-cold-pressed-oil-otc396412,Deve Herbes Pure Black Seed Oil,Deve Herbes,,"Pure Black Cumin Seed Essential Oil 5ml (Nigella sativa), It is an effective anti-oxidant, anti-bacterial, and anti-inflammatory, It can boost your immune system, It can also be used topically as a chest rub for respiratory problems, It helps to prevent both damage and disease, It decreases the elevated serum glucose, It helps to prevent both type 1 and type 2 diabetes","Do not apply directly to skin, always dilute with carrier oil","Read the label carefully before use, Keep it out of reach of the children, Store in a cool and dry place away from direct sunlight, Use under medical supervision"
https://www.1mg.com/otc/bjain-gelsemium-sempervirens-dilution-10m-ch-otc438872,Bjain Magnesia Carbonica Dilution,Bjain Pharmaceuticals Pvt. Ltd.,,,Take 3-5 drops of the dilution in 1 teaspoon of water twice a day or as directed by the physician.,
https://www.1mg.com/otc/beurer-il-11-infra-red-lamp-otc385967,Beurer IL 11 Infra Red Lamp,Beurer,This Beurer infrared lamp is beneficial for providing warmth and illumination during colds.,"5 angle setting:The lampshade of the device can be positioned at five different angles to get the skin exposed to the heat evenly. It can penetrate deep down to heal muscle pains and stiffness to provide immense comfort, Long-lasting performance:This medical lamp can be effectively used for various therapeutic purposes and provide long-lasting performance, Warm light:The warming infrared light relaxes the muscles and alleviates stress",Use as directed in the user manual.,"Always ensure that the appliance is on a secure and even surface, Do not dip the unit into the water, and do not use it in wet rooms, Do not use on babies and small children, Children should be supervised to ensure that they do not use the device as a toy, Do not use it on individuals sensitive to heat, Prolonged use can cause burns to the skin, Do not touch the infrared lamp or unscrew it when it is connected to the mains, Do not cover up or pack away the unit while it is warm, Do not pull the mains plug from the socket by the cord"
https://www.1mg.com/otc/delcynise-tablet-for-relief-from-joint-low-back-pain-otc607936,Delcynise Tablet,Dr Reddy's Laboratories Ltd,,"Devil's Claw Extract (Harpagophytum Procumbens), Boswellia serrata Extract (Containing Bosewellic Acid NLT 65%), Curcuma Longa Extract (NLT 95% Curcuminoids), It is used to treat chronic pain of osteoarthritis, Delcynise tablet containing devils claw, boswellia and curcumin inhibits inflamatory mediators and provide relief from pain, Devil's claw is traditionally used to help for relief from the pain of joints and lower back, It is a well-tolerated medicine and provides relief for a long term pain management","One tablet a day or as recommended. If you miss a dose of Delcynise tablet, take it as soon as possible. However, if it is almost time for your next dose, skip the missed dose and go back to your regular schedule.","Read the label carefully before use, Keep out of reach of the children, Store at room temperature (10-30°C), For any side effect related to GI irritation. Please consult your doctor."
https://www.1mg.com/otc/sbl-manganum-oxydatum-nigrum-dilution-200-ch-otc354489,,SBL Pvt Ltd,,,,
https://www.1mg.com/otc/bjain-rhus-toxicodendron-dilution-1000-ch-otc434328,Bjain Rhus Toxicodendron Dilution,Bjain Pharmaceuticals Pvt. Ltd.,,,Take 3-5 drops of the dilution in 1 teaspoon of water twice a day or as directed by the physician.,
https://www.1mg.com/otc/bio-india-complex-7-fever-common-cold-drop-otc403388,,Bio-India Pharma Pvt Ltd,,,,
https://www.1mg.com/otc/dr-willmar-schwabe-india-kousso-dilution-200-ch-otc404637,Dr Willmar Schwabe India Kousso Dilution,Dr Willmar Schwabe India Pvt Ltd,,"Kousso, Helps relieve headache and aids in abdominal disorders including nausea and vomiting with pains, Indicated in intestinal worms, especially in children and helps treat symptoms associated with it, Useful in diarrhoea with loose and dark stools and explusion of worms in stool, Manages urinary disorders and ailments causing increased production of urine followed by scanty urine, In females, it may helps individuals unable to retain the pregnancy, It may also help in excessive prostration of sudden onset",,"Read the label carefully before use, Do not exceed the recommended dose, Keep out of the reach of children, Store in a cool dry place away from direct sunlight and heat"
https://www.1mg.com/otc/vissco-2-in-1-anklet-binder-to-support-stability-to-the-ankle-sprain-swelling-muscle-xl-otc448849,Vissco 2708 Pro Ankler,Vissco Rehabilitation Aids Pvt. Ltd.,Used to provide stability to the ankle joint.,,Wear this compression sleeve as you would wear shocks.,
https://www.1mg.com/otc/dabur-rheumatil-oil-for-joint-pain-relief-for-backache-knee-pain-shoulder-pain-otc568061,Dabur Rheumatil Oil,Dabur India Ltd,,"Mahanarayan Tail (Bhaishajya Ratnawali/Vatavya Dhi Chikitsa), Murcchit Tila Tail (Sesamum Indicum, Sd. Oil) 5Ml; Godudha, S6Atavari (Asparagus Recemosus, Rt., Svarasa), Bilva(Aegle Marmelos, St. Bk.), Ashwagandha (Withania Somnifera, Rt.), Brihati (Solanum Indicum, Pl.), Gokshura (Tribulus Terrestris, Fr.). Shayonaka (Oroxylum Indicum, St. Bk.), Bala (Sida Cordifolia, Rt.), Panbhadra (Erythrina Indica, St. Bk.), Kanatakari (Solanum Surattense, Pl.), Rakta Punarmava (Boorhavia Diffusa, Rt.), Atibala (Abutilon Indicum, Rt.). Agnimantha (Premna Integrifolia, St. Bk.), Prasarini (Paederia Foetida, Pt.), Patala (Stereospermum Suaveolens, St. Bk.), Rasna (Pluchea Lanceolata, Lf.), Ashwagandha (Withania Somnifora, Rt.), Mishreya (Foeniculum Vulgare, Fr.). Devadaru (Cedrus Deodara. Ht. Wd.), Kushta (Saussurea Lappa, Rt.). Shalapami (Desmodium Gangaticum. Pl.), Prishniparni (Uraria Picta. Pl.), Mudgapami (Phaseolus Trilobus, Pl.). Mashapami (Teramnus Labialis, Pi.), Nagakosara (Mesua Ferra, Stmn.), Saindhava Lavana, Jatamansi (Nardostachys Jatamansi, Rz.). Haridra (Curcuma Longa, Rz.), Daruharidra (Berberis Aristata. St.), Shaileya (Parmelia Perlata, Pl), Pushkara (Inula Racemosa Rt.), Sukshmaila (Elettaria Cardamomun, Sd.), Manjishtha (Rubla Cordifolia, St.). Yasht (Glycyrrhiza Glabra, Rt.), Tagar (Valeriana Walliehil. Rz.), Musta (Cyperus Rotundus, Rz.). Tvakpatra (Cinnamomum Tamala, Lt.). Tvak (Cinnamomum Zeylanicum, Bk.), Jivaka (Pueraria Tuberosa-Officail Substitute, Rt. Tr.), Rishbhaka (Pueraria Tuberosa-Official Substitute, Rt. Tr.), Kakoli (Withania Somnifera-Official Substitute, Rt.) Kshira Kakoll (Withania Somnifera-Official Subsitute, Rt.), Meda (Asparagus Racemosus-Official Subsitute, Rt.), Mahameda (Asparagus Racemosus-Official Subsituta, Rt.). Riddhi (Dioscorea Bulbifera-Official Substitute, Rt. Tr.), Vriddhi (Dioscrea Bulbifera-Official Substitute, Rt. Tr.), Hrivera (Colaus Vettiveroides Rt.), Vacha (Acorus Calamus, Rz) Palasha (Butea Monosperma, St. Bk.), Shveta Punarmava (Borcrhavia Verticillata, Rt.), Chorka (Angelica Glauca Rz), Karpura (Cinnamomum Camphora, Sub.Ext.), Kumkuma (Crocus Sativus. Sti./Stg:), Oil",,
https://www.1mg.com/otc/tynor-a-05-lumbo-sacral-belt-large-otc335699,Tynor A-05 Lumbo Sacral Belt,Tynor Orthotics Pvt. Ltd.,It is used to support and immobilize the lumbosacral region and correct the postural deformity to relieve low back pain syndrome.,,,
https://www.1mg.com/otc/dr-willmar-schwabe-india-lithium-bromatum-dilution-30-ch-otc405008,Dr Willmar Schwabe India Lithium Bromatum Dilution,Dr Willmar Schwabe India Pvt Ltd,,"Lithium Brom, Sucrose/ Lactose, It helps in treating sleeping disorders like insomnia, It helps to fight issues like anxiety and mental exhaustion, It is not addictive in any capacity",Take 3-5 drops of dilution in 1 teaspoon of water three times a day or as directed by the physician.,"Read the label carefully before use, Use under medical supervision, If pregnant/ lactating consult doctor before taking, Avoid items like coffee, mint, onion, hing, camphor before consuming the medicine, Keep at least 30 minutes gap between food/ drink/ any other form of medicine"
https://www.1mg.com/otc/jeevan-ras-cod-pain-otc424409,Jeevan Ras COD-Pain,Axiom Ayurveda,,"Ginger, Ashwagandha, Fenugreek seeds, Ginger helps relieve pain in muscle resulting from an exercise-induced injury, Ginger also helps reduce mild back pain, It contains active ingredients that can help inhibit the production of leukotrienes and prostaglandins – substances in the body that lead to inflammation and cause painful swelling, Ashwagandha acts as a pain reliever",As directed by the physician,"Read the label carefully before use, Store in a cool and dry place, Keep it out of reach of the children"
https://www.1mg.com/otc/dr-willmar-schwabe-india-stannum-metallicum-dilution-200-ch-otc405942,,Dr Willmar Schwabe India Pvt Ltd,,,,
https://www.1mg.com/otc/sloan-s-liniment-kills-pain-reduces-swelling-strengthens-muscles-ligaments-otc315107,Sloan's Liniment,Piramal Enterprises Ltd,,Oil,,
https://www.1mg.com/otc/jiva-pain-calm-oil-pain-reliever-for-joint-pain-back-pain-frozen-shoulder-sprain-muscle-soreness-otc329877,Jiva Pain Calm Oil,Jiva Ayurvedic Pharmacy Ltd,,,,
https://www.1mg.com/otc/dr-willmar-schwabe-india-bellis-perennis-dilution-30-ch-otc397103,Dr Willmar Schwabe India Bellis Perennis Dilution,Dr Willmar Schwabe India Pvt Ltd,,"It is primarily used for the treatment of injuries to soft tissue such as breasts and abdomen, Highly effective in the treatment of injuries to bones or sprains in the muscle tissue, It also helps in treating conditions related to internal bleeding during pregnancy, Effective in the treatment of varicose veins with bruises on the external surface, It helps in treating problems associated with pregnancy such as the inability to walk properly due to varicose veins",Take 3-5 drops in 1 teaspoon of water thrice a day or as directed by the physician.,"Read the label carefully before use, Do not exceed the recommended dose, Keep out of the reach of children, Use under medical supervision, Store in a cool dry place away from direct sunlight and heat"
https://www.1mg.com/otc/himalaya-rumalaya-pain-relief-gel-quick-relief-from-body-pain-ayurvedic-gel-otc90714,Himalaya Rumalaya Gel,Himalaya Wellness Company,,"30 gm, Gel",Apply a small quantity of the gel to the tender area and lightly massage it in or as directed by the physician.,
https://www.1mg.com/otc/dr.-johns-j-65-neuralgia-drop-otc387711,,Nanak Laboratories Pvt Ltd,,,,
https://www.1mg.com/otc/dr-willmar-schwabe-india-magnesium-phosphoricum-pentarkan-tablet-otc327663,Dr. Willmar Schwabe India Magnesium Phosphoricum Pentarkan Tablet,Dr Willmar Schwabe India Pvt Ltd,,"Magnesium phosphoricum, Tablet, Magnesium Phosphoricum can help to get relief from muscle cramps and spasms, It provides relief from neuralgic pains, It supports nerve and muscle health, It supports maintaining nerve and muscle health",,"Store in a cool and dry place, Keep away from the direct sunlight, Keep out of the reach of children"
https://www.1mg.com/otc/moov-cool-therapy-gel-otc964102,Moov Cool Therapy Gel,Reckitt Benckiser Healthcare Pvt. Ltd.,,"Each gram of gel contains: Pudina Satva (Mentha piperita) extract (Aerial parts of plant) 8.0% w/w, Preservative: Benzyl Alcohol IP, Colouring Agents: Brilliant Blue FCF, Tartrazine Yellow., Gel., 20g.",Apply a thin film of the gel to the affected area and massage gently. Repeat 3-4 times daily for best results.,
https://www.1mg.com/otc/sbl-andrographis-paniculata-dilution-1000-ch-otc350972,SBL Andrographis Paniculata Dilution,SBL Pvt Ltd,,"Andrographis Paniculata extracts, Helpful in chronic fevers and helps in boosting immunity system, Treats chronic digestive problems, Effective in treating skin troubles, Treats diarrhoea and excessive flatulence, Effective if there is a history of jaundice, Recommend in case of frequent infection of the respiratory tract, Useful in conditions including enlarged jaundice, liver, and liver damage due to medications, Reduces the giddiness, heaviness and throbbing pain in the back of the head, Helps to treat a sore throat, redness and difficulty in swallowing","Take 3-5 drops of the medicine in 1 teaspoon of water, thrice a day or as recommended by the physician","Read the label carefully before use, Self-medication is not advised, Do not exceed the recommended dose, Keep out of the reach of children"
https://www.1mg.com/otc/vissco-headache-band-01107-universal-otc344557,,Vissco Rehabilitation Aids Pvt. Ltd.,,,,
https://www.1mg.com/otc/deve-herbes-pure-calendula-calendula-officinalis-cold-pressed-oil-otc396422,Deve Herbes Pure Calendula Oil,Deve Herbes,,"Calendula Oil, Contains anti-inflammatory properties which help treat swollen tissue on the skin, Calnedula Oil’s high triterpenoid content is helpful in the treatment of skin issues such as dry skin, eczema and haemorrhoids, It can be used amongst infants to soothe and heal diaper rash and prevents irritation, Helps fight bacterial skin infections in skin abrasions, It can effectively be used for the treatment and prevention of acne",Most Carrier Oils are unscented or lightly scented and don't interfere with an essential oil's therapeutic properties. They may be used alone or with other oils to nourish your skin.,"Read the label carefully before use, For external use only, Avoid contact with the eyes, Keep out of the reach of children, Store in a cool dry place away from direct sunlight and heat"
https://www.1mg.com/otc/volini-maxx-pain-relief-spray-for-back-neck-joint-muscle-pain-bone-joint-muscle-care-otc457560,Volini Maxx Spray,Sun Pharmaceutical Industries Ltd,,"Diclofenac Diethylamine IP Equivalent to Dicoflenac Sodium, Methyl Salicylate IP, Menthol IP, Provides instant pain relief and supports bone, joint and muscle care, A unique formulation of 2% diclofenac makes it 100% stronger than other sprays, Provides effective relief from severe neck and back pain, Helps in relieving musculoskeletal and joint pain, Effective in healing pain due to strain and sprain, Useful in case of sports injuries, Has a unique 360-degree delivery mechanism that ensures standardised drug delivery, It provides instant and long-lasting pain relief from knee pain, joint pain, back pain, calf pain, and neck pain","Shake well before each use. Spray the contents from 5 cm distance on the affected areas 3-4 times in a day or, as directed by the physician.","Read the label carefully before use, Store in a cool and dry place away from direct sunlight, Keep out of reach of the children, Do not exceed the recommended dosage, For external use only, Should be applied only to intact skin surfaces and not to skin wounds and open injuries, Should not come into contact with eyes, mucous membranes and should not be ingested, Store in a cool and dry place"
https://www.1mg.com/otc/aurthot-pouch-arm-sling-small-otc389250,,Aurthot Surgicals (OPC) Pvt Ltd,,,,
https://www.1mg.com/otc/pankajakasthuri-orthoherb-ayurvedic-oil-with-amla-for-joint-pain-relief-otc356687,Pankajakasthuri Orthoherb Oil,Pankajakasthuri Herbals India (P) Ltd.,,"Vasa (Adhatoda vasica, Rt, Dct), Eranda (Ricinus communis, Rt, Dct), Bilwa (Aegle marmelos, Rt, Dct), Thwak (Cinnamomum zeylanicum, St. Bk, Dct), Maricha (Piper nigrum, Dr. Fr, Dct), Lavanga (Syzygium aromaticum, Dr. Fr, Dct), Jati (Myristica fragrans, Pp, Dct), Pata (Cyclea peltata, Rt, Dct), Nimba (Azadirachta indica, Rt, bk, Dct), Sahachara (Strobilanthes ciliatus, Rt, Dct), Nirgundi (Vitex negundo, Lf, Dct), Bala (Sida retusa, Rt, Dct), Punarnava (Boerhavia diffusa, Pl, Dct), Gunja (Abrus precatorius, Rt, Dct), Dusparsa (Tragia involucrata, Rt, Dct) 2 g each. Amalaki (Phyllanthus emblica, Dr. Fr, Pst), Manjishta (Rubia cordifolia, Rt, Pst), Guggulu (Balsamodendron mukul, Lx, Pst), Chitraka (Plumbago zeylanica, Rt, Pst) 2.5 g each. Kera thaila (Cocos nucifera, Oil) 27.50 ml, Eranda thaila (Ricinus communis, Oil) 82.50 ml, Eucalyptus Oil (Eucalyptus globulus, Oil), 100 ml, Liquid, The oil has anti-inflammatory and analgesic properties, It imparts muscle tone and lubricates the joints, It also imparts firmness to the limbs, It can help stimulate circulation, It helps the lymphatic functioning for detoxification",,"Read the label carefully before use, Store in a cool and dry place, Keep out of reach of children"
https://www.1mg.com/otc/bakson-b12-headache-drop-otc388023,Bakson's B12 Headache Drop,Bakson Drugs &  Pharmaceuticals Pvt. ltd.,,,As directed by the healthcare professional.,
https://www.1mg.com/otc/adven-rheumax-plus-oil-otc328951,Adven Rheumax Plus Oil,Adven Biotech Pvt Ltd,,"Arnica montana Q, Gaultheria procumbens Q, Cantharis Q, Methyl salicylate 1x, Oil, Pain relief for joints, bones, and muscles:Adven Rheumax Plus Oil is formulated to provide relief from pain and stiffness in joints, bones, and muscles, making it beneficial for conditions like articular rheumatism, gout, and spondylitis, Effective for sciatica pain:The oil is designed to alleviate sciatica pain, offering targeted relief for individuals experiencing discomfort and pain associated with this condition, Management of lumbago:Adven Rheumax Plus Oil proves helpful in relieving lumbago, addressing the pain and discomfort associated with lower back issues, contributing to improved mobility and comfort, Ease of application:The oil's ease of application makes it a convenient choice for individuals seeking relief from joint and muscle pain, allowing for hassle-free incorporation into daily self-care routines, Natural approach to pain relief:Adven Rheumax Plus Oil provides a natural approach to pain relief, making it suitable for those who prefer alternative or complementary solutions for managing musculoskeletal discomfort",,"Read the label carefully before use, Store in a cool and dry place, away from sunlight, Keep out of reach of children"
https://www.1mg.com/otc/miduty-nerve-pain-relief-capsule-alpha-lipoic-acid-b-vitamins-neuropathy-support-otc918605,Miduty Nerve Pain Relief Capsule,Midvision Pvt Ltd,,,Use as directed on the label or as advised by your healthcare provider,
https://www.1mg.com/otc/pravek-maha-balvardhak-oil-otc601978,Pravek Maha Balvardhak Oil,Pravek Kalp Private Limited,,,Massage adequate quantity of oil gently on the affected areas till it is absorbed. Use 2-3 times in a day for better results or as directed by the physician.,
https://www.1mg.com/otc/sbl-vertefine-drop-otc328991,SBL Vertefine Drop,SBL Pvt Ltd,,"Bryonia alba 3x HPI, Cimicifuga racemosa 3x HPI, Rhus toxicodendron 6x HPI, Ledum palustre 3x HPI, Berberis vulgaris 3x HPI, Alcohol content 50%v/v, Liquid, Effective lumbago management:SBL Vertefine Drop offers a well-balanced composition of homoeopathic medicines designed to effectively manage lumbago, providing relief from the associated pain and discomfort, Improved mobility and flexibility:The drops work to enhance overall mobility and flexibility in the body, which is particularly beneficial for managing severe pain and spasms in the lower back, Addressing various back conditions:Vertefine is formulated to address a range of back conditions, including backache with stiffness, spondylosis, and tingling or numbness in the back, buttocks, or down one or both legs, providing a comprehensive solution for diverse back-related issues, Relief from lower backache:The drops specifically target the painful condition of lower backache (lumbago), relieving the associated pain that often restricts mobility and flexibility",,"Shake well before use, Read the label carefully before use, Store in a cool, dry and dark place, Keep out of reach of children, Keep away from the direct sunlight, Use under the medical supervision"
https://www.1mg.com/otc/jiva-pain-calm-oil-pain-reliever-for-joint-pain-back-pain-frozen-shoulder-sprain-muscle-soreness-with-knee-cap-free-otc651981,Jiva Pain Calm Oil,Jiva Ayurvedic Pharmacy Ltd,,,,
https://www.1mg.com/otc/sbl-swertia-chirata-dilution-1000-ch-otc358786,SBL Swertia Chirata Dilution,SBL Pvt Ltd,,"Swerita Chirata, It is primarily used for the treatment of fever, malaria, liver disorders and nutritional disorders, It reduces high fever usually associated with malaria and helps in conditions related to hysteria and convulsions, Extremely helpful in treating stomach disorders and provides relief from dyspepsia and diarrhoea, Helpful in the treatment of respiratory diseases and in relieving hiccups and vomiting, It contains anti-inflammatory properties and is beneficial for the liver and treats any ailments associated with it, It acts as a laxative and helps in restoring appetite",Take as directed by the physician.,"Read the label carefully before use, Do not exceed the recommended dose, Keep out of the reach of children, Store in a cool dry place away from direct sunlight and heat"
https://www.1mg.com/otc/relievex-pain-relieving-rub-otc874290,Relievex Pain Relieving Rub,Vallabh Vijay & Sons,,"Refer to the label, It is beneficial for joint pain, sprains, back pain, muscular pain, shoulder pain and inflammation, It is an ointment for external body pain and cold cough, It is useful for any general spasm pain",Use as directed on the label or as suggested by health care professionals.,"Store in a cool and dry place away from direct sunlight, Read the label carefully, Keep out of reach of children"
https://www.1mg.com/otc/volini-maxx-pain-relief-spray-for-back-neck-joint-muscle-pain-bone-joint-muscle-care-otc457561,Volini Maxx Spray,Sun Pharmaceutical Industries Ltd,,"Diclofenac Diethylamine IP Equivalent to Dicoflenac Sodium, Methyl Salicylate IP, Menthol IP, Provides instant pain relief and supports bone, joint and muscle care, A unique formulation of 2% diclofenac makes it 100% stronger than other sprays, Provides effective relief from severe neck and back pain, Helps in relieving musculoskeletal and joint pain, Effective in healing pain due to strain and sprain, Useful in case of sports injuries, Has a unique 360-degree delivery mechanism that ensures standardised drug delivery, It provides instant and long-lasting pain relief from knee pain, joint pain, back pain, calf pain, and neck pain","Shake well before each use. Spray the contents from 5 cm distance on the affected areas 3-4 times in a day or, as directed by the physician.","Read the label carefully before use, Store in a cool and dry place away from direct sunlight, Keep out of reach of the children, Do not exceed the recommended dosage, For external use only, Should be applied only to intact skin surfaces and not to skin wounds and open injuries, Should not come into contact with eyes, mucous membranes and should not be ingested, Store in a cool and dry place"
https://www.1mg.com/otc/dr.-reckeweg-hypericum-perforatum-mother-tincture-q-otc327606,Dr. Reckeweg Hypericum Perforatum Mother Tincture,Dr Reckeweg & Co,,"Extracts of whole blooming hypericum plant, Liquid, The formulation can help manage concerns associated with hyperhidrosis, It may help in reducing nervousness, This dilution can help in managing nerve injuries and crushed injuries, Dr. Reckeweg Hypericum Perforatum Mother Tincture can help relieve headache, Regular consumption can help ease pain in joints",,"Read the label carefully before use, Store in a cool and dry place, away from sunlight, Keep out of reach of children, Don’t exceed the recommended dosage"
https://www.1mg.com/otc/jiva-pain-calm-oil-pain-reliever-for-joint-pain-back-pain-frozen-shoulder-sprain-muscle-soreness-otc651626,Jiva Pain Calm Oil,Jiva Ayurvedic Pharmacy Ltd,,,,
https://www.1mg.com/otc/sbl-syphilinum-dilution-10m-ch-otc385352,SBL Syphilinum Dilution,SBL Pvt Ltd,,"30 ml, Liquid",,
https://www.1mg.com/otc/aurthot-knee-cap-pair-medium-otc389263,,Aurthot Surgicals (OPC) Pvt Ltd,,,,
https://www.1mg.com/otc/moov-pain-relief-ointment-for-back-pain-joint-pain-knee-pain-muscle-pain-otc377375,"Moov Pain Relief Ointment for Back Pain, Joint Pain, Knee Pain, Muscle Pain",Reckitt Benckiser Healthcare Pvt. Ltd.,,"Ointment, 30g",,
https://www.1mg.com/otc/sbl-arnica-montana-dilution-dilution-10m-ch-otc385131,SBL Arnica Montana Dilution,SBL Pvt Ltd,,"Arnica Montana, Liquid",,
https://www.1mg.com/otc/bjain-carica-papaya-dilution-6x-otc438359,Bjain Carica Papaya Dilution,Bjain Pharmaceuticals Pvt. Ltd.,,,Bjain Carica Papaya Dilution should be taken 3-5 drops in half cup of water three times a day or as directed by the physician.,
https://www.1mg.com/otc/volini-pain-relief-gel-for-sprain-muscle-joint-neck-low-back-pain-bone-joint-muscle-care-otc138818,Volini Pain Relief Gel,Sun Pharmaceutical Industries Ltd,,"Diclofenac Diethylamine Equivalent to Diclofenac Sodium 1% w/w, Methyl Salicylate IP, Menthol IP, Virgin Linseed Oil BP, Preservative, Benzyl Alcohol IP, Gel Base, The spray can offer relief when in pain and supports bone, muscle and joint care., It is effective for pain in the joints, knees, back, shoulders, and neck, It can work great on sports injuries such as muscle pulls, sprains, and strain, It provides instant and long-lasting pain relief from knee pain, joint pain, back pain, calf pain, and neck pain","The Volini pain relief bottle should be shaken well before spraying, Hold the spray bottle at a 5cm distance from the affected area and spray, You can use the spray about three to four times daily or as recommened by your physician","Read the label carefully before use, Store in a cool and dry place, away from sunlight, Keep out of reach of children, The Volini pain relief spray is meant for external application only, Use Volini per the doctor’s guidance, and be careful not to use more than the given dosage, Do not use the spray on open wounds or surfaces of the skin that are ruptured, The spray should not be ingested or come in contact with the eyes and mucous membranes, Avoid using the spray near a naked flame, Do not burn or make a hole in the bottle even after the spray is over"
https://www.1mg.com/otc/kerala-ayurveda-kottamchukkadi-thailam-for-joint-health-circulation-otc361154,Miduty Happy Heart Capsule,Kerala Ayurveda Limited,,,,
https://www.1mg.com/otc/vissco-activecool-h-1016-knee-support-cold-pack-universal-otc344630,Vissco Activecool Knee Support Cold Pack H-1016 Universal,Vissco Rehabilitation Aids Pvt. Ltd.,It is designed to provide orthopedic support with cold compression therapy.,,Use as directed by the physician.,"Store in a cool and dry place, Keep out of the reach of children, Read the manual carefully"
https://www.1mg.com/otc/lp-778-neoprene-shin-calf-support-universal-black-otc331308,,LP Support,,,,
https://www.1mg.com/otc/bjain-camphora-dilution-6c-otc437363,Bjain Magnesium Phosphoricum Dilution,Bjain Pharmaceuticals Pvt. Ltd.,,Magnesium Phosphoricum,,
https://www.1mg.com/otc/dr-willmar-schwabe-india-juniperus-virginiana-dilution-1000-ch-otc404314,,Dr Willmar Schwabe India Pvt Ltd,,,,
https://www.1mg.com/otc/sbl-amoora-rohituka-dilution-200-ch-otc350809,SBL Amoora Rohituka Dilution,SBL Pvt Ltd,,"Amoora Rohituka, Helps in treating and curing the stomach from constipation, Treats the recurrent infections, diarrhea and vomiting, Provides supportive treatment for the cancer patients, Continuous cold and cough is reduced, Relief from swelling and pain in bread and swollen glands",This medicine can be consumed 5 drops in 1/4th cup of water 3 times a day.,"Read the label carefully before use, Use under medical supervision, Keep out of the reach of children, Store in a cool dry place away from direct sunlight, Avoid any strong smell in the mouth such as coffee, hing, garlic, onion, mint etc while taking the medicine, Maintain at least half an hour gap between food/drink/any other medicine and homeopathic medicine"
https://www.1mg.com/otc/bjain-galium-aparine-dilution-12-ch-otc438736,Bjain Galium Aparine Dilution,Bjain Pharmaceuticals Pvt. Ltd.,,,Take 3-5 drops of the dilution in 1 teaspoon of water twice a day or as directed by the physician.,
https://www.1mg.com/otc/lp-944-ankle-support-single-xl-otc331339,LP #944 Ankle Support Single,LP Support,Primarily used to gain relief from inflammatory conditions of the ankle joints which cause great pain and swelling.,"It can be used in high impact, sporting activities or by individuals where repetitive ankle injuries are common, It also helps to control swelling, oedema or sprains and rollovers of the ankle, Ensures easy application and removal",Use as per requirement or as directed by the physician.,"Read the label carefully before use, Keep out of the reach of children, Store in a cool dry place away from direct sunlight"
https://www.1mg.com/otc/saridon-advance-tablet-for-5-in-1-pain-relief-otc638057,Saridon Advance Tablet for 5 in 1 Pain Relief,Bayer Pharmaceuticals Pvt Ltd,,,Take one tablet every 4 to 6 hours without exceeding six tablets a day.,
https://www.1mg.com/otc/vissco-core-0701-knee-brace-large-otc507645,Vissco Core 0701 Knee Brace,Vissco Rehabilitation Aids Pvt. Ltd.,It is used to provide support to knee joint and ligaments.,,"Place the brace on your leg from behind the knee, Attach the two velcro straps on from the front, adjusting the fit according to your comfort, Then take the large elastic band over the knee, stretch and attach with Velcro","Read the label carefully before use, Keep out of reach of children, Keep away from physical damage, Hand wash with mild detergent, do not dry clean, iron and bleach the product"
https://www.1mg.com/otc/bjain-calcarea-phosphorica-dilution-1000-ch-otc715221,Bjain Calcarea Phosphorica Dilution,Bjain Pharmaceuticals Pvt. Ltd.,,,Take 3-5 drops of the dilution in 1 teaspoon of water twice a day or as directed by the physician.,
https://www.1mg.com/otc/shenaro-lifestyle-s-cotton-organic-and-eco-friendly-pain-relief-wheat-bag-bubble-gum-pink-otc731227,Shenaro Lifestyle's Cotton Organic and Eco-Friendly Pain Relief Wheat Bag,Kamal International,"The wheat bag can be used for hot and cold therapy to reduce pain, sprains, cramps, or other bodily discomforts.","Ergonomic design:The bag is rectangular, providing full coverage. The bag moulds to the contour of the area that it is being applied to, Reusable and easy to clean:The outer cover is removable and can be washed in the washing machine, Aromatherapy:The bag comes with a fresh lavender aroma that helps to induce sleep and relaxation. The calming scent of lavender eases the mind, Organic pain and stress relief:The cellular structure of wheat provides insulation properties to reduce pain and stress, Heat therapy:Targets back pain, neck pain, muscle spasms, workout soreness, stiffness, etc., Cool therapy:Targets headaches, heat flashes, bruises, inflammation, burns, fever, etc., Contents:Inner bag with grains, Outer removable cover","For heat therapy, heat in the microwave for 3-5 minutes maximum, For cool therapy, refrigerate for 1-2 hours","Read the label carefully before use, Store in a cool and dry place, Keep out of reach of children, For external use only"
https://www.1mg.com/otc/sloan-s-liniment-kills-pain-reduces-swelling-strengthens-muscles-ligaments-otc315107,Sloan's Liniment,Piramal Enterprises Ltd,,Oil,,
https://www.1mg.com/otc/jiva-pain-calm-oil-pain-reliever-for-joint-pain-back-pain-frozen-shoulder-sprain-muscle-soreness-otc329877,Jiva Pain Calm Oil,Jiva Ayurvedic Pharmacy Ltd,,,,
https://www.1mg.com/otc/bjain-mellilotus-alba-mother-tincture-q-otc445144,Bjain Mellilotus Alba Mother Tincture,Bjain Pharmaceuticals Pvt. Ltd.,,,Use as directed by the physician.,
https://www.1mg.com/otc/himalaya-rumalaya-pain-relief-gel-quick-relief-from-body-pain-ayurvedic-gel-otc90714,Himalaya Rumalaya Gel,Himalaya Wellness Company,,"30 gm, Gel",Apply a small quantity of the gel to the tender area and lightly massage it in or as directed by the physician.,
https://www.1mg.com/otc/volini-pain-relief-gel-for-sprain-muscle-joint-neck-low-back-pain-bone-joint-muscle-care-otc786991,Volini Pain Relief Gel,Sun Pharmaceutical Industries Ltd,,"Diclofenac Diethylamine Equivalent to Diclofenac Sodium 1% w/w, Methyl Salicylate IP, Menthol IP, Virgin Linseed Oil BP, Preservative, Benzyl Alcohol IP, Gel Base, The spray can offer relief when in pain and supports bone, muscle and joint care., It is effective for pain in the joints, knees, back, shoulders, and neck, It can work great on sports injuries such as muscle pulls, sprains, and strain, It provides instant and long-lasting pain relief from knee pain, joint pain, back pain, calf pain, and neck pain","The Volini pain relief bottle should be shaken well before spraying, Hold the spray bottle at a 5cm distance from the affected area and spray, You can use the spray about three to four times daily or as recommened by your physician","Read the label carefully before use, Store in a cool and dry place, away from sunlight, Keep out of reach of children, The Volini pain relief spray is meant for external application only, Use Volini per the doctor’s guidance, and be careful not to use more than the given dosage, Do not use the spray on open wounds or surfaces of the skin that are ruptured, The spray should not be ingested or come in contact with the eyes and mucous membranes, Avoid using the spray near a naked flame, Do not burn or make a hole in the bottle even after the spray is over"
https://www.1mg.com/otc/moov-cool-therapy-gel-otc964102,Moov Cool Therapy Gel,Reckitt Benckiser Healthcare Pvt. Ltd.,,"Each gram of gel contains: Pudina Satva (Mentha piperita) extract (Aerial parts of plant) 8.0% w/w, Preservative: Benzyl Alcohol IP, Colouring Agents: Brilliant Blue FCF, Tartrazine Yellow., Gel., 20g.",Apply a thin film of the gel to the affected area and massage gently. Repeat 3-4 times daily for best results.,
https://www.1mg.com/otc/tynor-a-15-lumbo-support-uni-universal-otc345476,,Tynor Orthotics Pvt. Ltd.,,,,
https://www.1mg.com/otc/yuvika-kakra-singhi-pistacia-integerrima-zebrawood-otc520178,,DKC AGROTECH PVT. LTD.,,,,
https://www.1mg.com/otc/volini-maxx-pain-relief-spray-for-back-neck-joint-muscle-pain-bone-joint-muscle-care-otc457560,Volini Maxx Spray,Sun Pharmaceutical Industries Ltd,,"Diclofenac Diethylamine IP Equivalent to Dicoflenac Sodium, Methyl Salicylate IP, Menthol IP, Provides instant pain relief and supports bone, joint and muscle care, A unique formulation of 2% diclofenac makes it 100% stronger than other sprays, Provides effective relief from severe neck and back pain, Helps in relieving musculoskeletal and joint pain, Effective in healing pain due to strain and sprain, Useful in case of sports injuries, Has a unique 360-degree delivery mechanism that ensures standardised drug delivery, It provides instant and long-lasting pain relief from knee pain, joint pain, back pain, calf pain, and neck pain","Shake well before each use. Spray the contents from 5 cm distance on the affected areas 3-4 times in a day or, as directed by the physician.","Read the label carefully before use, Store in a cool and dry place away from direct sunlight, Keep out of reach of the children, Do not exceed the recommended dosage, For external use only, Should be applied only to intact skin surfaces and not to skin wounds and open injuries, Should not come into contact with eyes, mucous membranes and should not be ingested, Store in a cool and dry place"
