url,ProductName,MarketerName,Uses,Features,Directions,Safety
https://www.1mg.com/otc/iodex-ultra-gel-otc917747,Iodex Ultra Gel+,GlaxoSmithKline Consumer Healthcare,"It helps to alleviate back, joint, neck, shoulder and body pain.","Diclofenac Diethylamine Gel I.P. 2.32% w/w equivalent to Diclofenac Sodium I.P. 2% w/w., Gel, 15 gm, Male/Female",,
https://www.1mg.com/otc/sloan-s-liniment-kills-pain-reduces-swelling-strengthens-muscles-ligaments-otc315107,Sloan's Liniment,Piramal Enterprises Ltd,,Oil,,
https://www.1mg.com/otc/jiva-pain-calm-oil-pain-reliever-for-joint-pain-back-pain-frozen-shoulder-sprain-muscle-soreness-otc329877,Jiva Pain Calm Oil,Jiva Ayurvedic Pharmacy Ltd,,,,
https://www.1mg.com/otc/tripurna-pain-reliever-oil-60ml-each-otc966741,Tripurna Pain Reliever Oil (60ml Each),Vedshakti Healthcare,,"Wintergreen Oil, Mahanarayan Oil, Kapoor, Tarpin Oil, Malkangni Oil, Guggal Oil, Mahamash Oil, Panchgun Oil, Pudina Satva, Maha Vishgarbha Oil, Til Oil (q.s.), Helpful in joint pain such as knee pain, back pain, elbow pain, neck pain, shoulder pain, and other joint discomforts, Enriched with the goodness of 9 essential oils, Anyone can use it for managing joint discomfort, Manages old and stringent pain","Apply a sufficient quantity of Tripurna Pain Reliever Oil on the affected area, and gently massage until it is absorbed completely, Repeat this 3 to 4 times daily, or as directed by the healthcare professional","Read the label carefully, Store in a cool, dry place, Keep out of reach of children, Do not exceed the recommended dose"
https://www.1mg.com/otc/himalaya-rumalaya-pain-relief-gel-quick-relief-from-body-pain-ayurvedic-gel-otc90714,Himalaya Rumalaya Gel,Himalaya Wellness Company,,"30 gm, Gel",Apply a small quantity of the gel to the tender area and lightly massage it in or as directed by the physician.,
https://www.1mg.com/otc/saridon-woman-fast-action-against-abdominal-body-pain-and-headaches-tablet-otc990184,"Saridon Woman, Fast Action Against Abdominal, Body Pain and Headaches Tablet",Bayer Pharmaceuticals Pvt Ltd,,"Each Tablet contains:  Hyoscine butylbromide 10 mg + Paracetamol 500 mg, FORMULATED TO REDUCE PERIOD PAIN: Specifically formulated to alleviate the pain associated with menstrual cramps/periods and other related discomforts, PAIN REDUCTION: Combines Hyoscine butyl bromide (10 mg) and Paracetamol (500 mg) to effectively relieve abdominal spasm, period pain and general pain relief, VERSATILE APPLICATION: Suitable for relieving abdominal pain, backaches, headaches, and other common symptoms experienced during menstruation, Plant based origin :Hyoscine butylbromide, Molecule of plant origin with paracetamol for safe and effective relief from period pain, IMPROVED PRODUCTIVITY: By reducing the severity of menstrual / period pain, Saridon Woman helps women stay focused and productive during their periods every month, Fast and long lasting action: Begins to alleviate pain quickly, allowing users to resume their daily activities without prolonged discomfort, SUITABLE FOR 12 years and above AGES: Safe for women of 12+ age, CONVENIENT DOSAGE: 1-2 tablets three times a day as mentioned on the pack or as recommended.",Swallow the tablet with water. 1-2 tablets three times a day or as recommended by physician,"Pregnant and Lactating women and individuals with any pre-existing condition should consult a doctor before taking the medicine, In case of symptoms of any illness, please consult a doctor."
https://www.1mg.com/otc/moov-pain-relief-ointment-for-back-pain-joint-pain-knee-pain-muscle-pain-otc377375,"Moov Pain Relief Ointment for Back Pain, Joint Pain, Knee Pain, Muscle Pain",Reckitt Benckiser Healthcare Pvt. Ltd.,,"Ointment, 30g",,
https://www.1mg.com/otc/moov-cool-therapy-gel-otc964102,Moov Cool Therapy Gel,Reckitt Benckiser Healthcare Pvt. Ltd.,,"Each gram of gel contains: Pudina Satva (Mentha piperita) extract (Aerial parts of plant) 8.0% w/w, Preservative: Benzyl Alcohol IP, Colouring Agents: Brilliant Blue FCF, Tartrazine Yellow., Gel., 20g.",Apply a thin film of the gel to the affected area and massage gently. Repeat 3-4 times daily for best results.,
https://www.1mg.com/otc/omnigel-spray-from-cipla-for-fast-relief-from-pain-sprain-and-strain-otc333106,Omnigel Spray,Cipla Ltd,,"Diclofenac, Linseed Oil, Diclofenac Diethylamine, Menthol and Methyl Salicylate, Contains Diclofenac and Linseed Oil that help in reducing inflammation and redness, Methyl Salicylate and Menthol penetrate deep into the affected area and act as mild analgesics, Menthol provides a soothing and cooling sensation and gives immediate relief, The spray goes deep into the site of joint and muscle pain to ensure quick and effective relief from pain","Shake well before each use, Spray the contents from a 5cm distance on the affected areas 3 -4 times a day, Do not spray on open wounds","Read the label carefully before use, Store in a cool and dry place and do not expose to heat or direct sunlight, Do not pierce or burn the container, and do not spray on a naked flame or incandescent material, Do not spray near the eyes or face and avoid direct inhalation, Not meant for veterinary use, Do not exceed the recommended dose, Keep out of the reach and sight of children"
https://www.1mg.com/otc/volini-pain-relief-gel-for-sprain-muscle-joint-neck-low-back-pain-bone-joint-muscle-care-otc138818,Volini Pain Relief Gel,Sun Pharmaceutical Industries Ltd,,"Diclofenac Diethylamine Equivalent to Diclofenac Sodium 1% w/w, Methyl Salicylate IP, Menthol IP, Virgin Linseed Oil BP, Preservative, Benzyl Alcohol IP, Gel Base, The spray can offer relief when in pain and supports bone, muscle and joint care., It is effective for pain in the joints, knees, back, shoulders, and neck, It can work great on sports injuries such as muscle pulls, sprains, and strain, It provides instant and long-lasting pain relief from knee pain, joint pain, back pain, calf pain, and neck pain","The Volini pain relief bottle should be shaken well before spraying, Hold the spray bottle at a 5cm distance from the affected area and spray, You can use the spray about three to four times daily or as recommened by your physician","Read the label carefully before use, Store in a cool and dry place, away from sunlight, Keep out of reach of children, The Volini pain relief spray is meant for external application only, Use Volini per the doctor’s guidance, and be careful not to use more than the given dosage, Do not use the spray on open wounds or surfaces of the skin that are ruptured, The spray should not be ingested or come in contact with the eyes and mucous membranes, Avoid using the spray near a naked flame, Do not burn or make a hole in the bottle even after the spray is over"
https://www.1mg.com/otc/collaflex-pro-plus-joint-health-supplement-capsule-otc923521,Collaflex Pro Plus Joint Health Supplement Capsule,Universal NutriScience,,"Curcumin (As 95% Curcuminoids) 200 mg, Mobilee (60-75% Sodium hyaluronate) 80 mg UC II (Undenatured Collagen Type II) 40 mg, Soya Oil, Gelatin Food Grade Humectants, Sodium Hyaluronate, Collaflex Pro Plus Capsule contains collagen, hyaluronic acid, and curcumin, which have been shown to improve joint comfort, flexibility, and mobility, Curcumin, an active ingredient in turmeric, has anti-inflammatory properties that can help reduce joint pain and stiffness, Collagen is the main structural protein in cartilage, and taking a collagen supplement like Collaflex Pro Plus Capsule may help rebuild and support cartilage health, Collagen is also an essential component of the skin, and taking a collagen supplement may improve skin health, reducing wrinkles and fine lines, Capsule",,"Read the label carefully before use, Keep out of the reach of children, Store in a cool and dry place, Not to exceed the stated recommended daily usage, This product is not intended to diagnose, manage, cure or reduce the risk of any disease"
https://www.1mg.com/otc/volini-maxx-pain-relief-spray-for-back-neck-joint-muscle-pain-bone-joint-muscle-care-otc457560,Volini Maxx Spray,Sun Pharmaceutical Industries Ltd,,"Diclofenac Diethylamine IP Equivalent to Dicoflenac Sodium, Methyl Salicylate IP, Menthol IP, Provides instant pain relief and supports bone, joint and muscle care, A unique formulation of 2% diclofenac makes it 100% stronger than other sprays, Provides effective relief from severe neck and back pain, Helps in relieving musculoskeletal and joint pain, Effective in healing pain due to strain and sprain, Useful in case of sports injuries, Has a unique 360-degree delivery mechanism that ensures standardised drug delivery, It provides instant and long-lasting pain relief from knee pain, joint pain, back pain, calf pain, and neck pain","Shake well before each use. Spray the contents from 5 cm distance on the affected areas 3-4 times in a day or, as directed by the physician.","Read the label carefully before use, Store in a cool and dry place away from direct sunlight, Keep out of reach of the children, Do not exceed the recommended dosage, For external use only, Should be applied only to intact skin surfaces and not to skin wounds and open injuries, Should not come into contact with eyes, mucous membranes and should not be ingested, Store in a cool and dry place"
https://www.1mg.com/otc/mcp-electric-heating-pad-blue-otc640000,MCP Electric Heating Pad Blue,Global Trade Links,"It is an electric heating back that can relieve cervical pain, low back pain, joint pain and leg pain.","4 layers of insulation on both sides of the heating pad ensure comfort and safety, It has an in-built twin thermostat that helps maintain constant temperature, It has three comfortable heat levels controllable by a single switch, Comes with a controller switch with indicator, A velcro strap on the belt helps secure the pad in place","Plug the power cord into an electrical outlet (240 V AC), You can switch between low (45℃), medium (65℃) and high (85℃) heat levels, Wait for 4 to 5 minutes after plugging in the power cord, Place the heating pad on the affected area and secure it using the stretchable belt, Turn the heating belt off and unplug the power cord after use","Read the label carefully before use, Do not use it with wet hands, Do not fold the heating pad while in use, Keep out of reach of children"
https://www.1mg.com/otc/dynapar-qps-solution-otc139011,Dynapar,Troikaa Pharmaceuticals Ltd,,"Diclofenac, Diethylamine BP Equivalent to Dicoflenac Sodium IP, Absolute Alcohol IP (In a tropical solution base), Dynapar QPS contains Diclofenac which reduces inflammation while Methyl Salicylate and Menthol penetrate deep into the affected area and act as mild analgesics, Dynapar QPS is indicated for relief from pain, swelling and inflammation due to arthritis, Dynapar QPS provides superior pain relief after topical application by enhancing the penetration of diclofenac through the skin, Dynapar QPS goes deep to the site of pain in the joints and muscles so it provides quick and effective relief from pain, Solution",Use as directed by the physician.,"Read the label carefully before use, Do not exceed the recommended dosage, Store in a cool and dry place, Keep it away from the reach of children"
https://www.1mg.com/otc/pankajakasthuri-orthoherb-ayurvedic-oil-with-amla-for-joint-pain-relief-otc356687,Pankajakasthuri Orthoherb Oil,Pankajakasthuri Herbals India (P) Ltd.,,"Vasa (Adhatoda vasica, Rt, Dct), Eranda (Ricinus communis, Rt, Dct), Bilwa (Aegle marmelos, Rt, Dct), Thwak (Cinnamomum zeylanicum, St. Bk, Dct), Maricha (Piper nigrum, Dr. Fr, Dct), Lavanga (Syzygium aromaticum, Dr. Fr, Dct), Jati (Myristica fragrans, Pp, Dct), Pata (Cyclea peltata, Rt, Dct), Nimba (Azadirachta indica, Rt, bk, Dct), Sahachara (Strobilanthes ciliatus, Rt, Dct), Nirgundi (Vitex negundo, Lf, Dct), Bala (Sida retusa, Rt, Dct), Punarnava (Boerhavia diffusa, Pl, Dct), Gunja (Abrus precatorius, Rt, Dct), Dusparsa (Tragia involucrata, Rt, Dct) 2 g each. Amalaki (Phyllanthus emblica, Dr. Fr, Pst), Manjishta (Rubia cordifolia, Rt, Pst), Guggulu (Balsamodendron mukul, Lx, Pst), Chitraka (Plumbago zeylanica, Rt, Pst) 2.5 g each. Kera thaila (Cocos nucifera, Oil) 27.50 ml, Eranda thaila (Ricinus communis, Oil) 82.50 ml, Eucalyptus Oil (Eucalyptus globulus, Oil), 100 ml, Liquid, The oil has anti-inflammatory and analgesic properties, It imparts muscle tone and lubricates the joints, It also imparts firmness to the limbs, It can help stimulate circulation, It helps the lymphatic functioning for detoxification",,"Read the label carefully before use, Store in a cool and dry place, Keep out of reach of children"
https://www.1mg.com/otc/jointace-trio-capsule-for-pain-relief-supports-flexible-joints-bone-joint-muscle-care-otc533457,Jointace Trio Capsule,Meyer Organics Pvt Ltd,,"Aflapin, Native (Undenatured) Collagen Type Il, Mobilee, Diluent [Dibasic Calcium Phosphate (INS 341 (1))], Anti-Caking Agent [Talc {INS 553 (lil))], Glidant [Magnesium Stearate (INS 470 (iii)], Ingredients Of Capsule Shell [Gelatin (INS 428)]., Jointace Trio improves flexibility and physical function of the body by supporting bone, muscle and joint care, Jointace Trio protects the cartilage, which is the soft tissue that cushions joints, It is useful for pain-relief, osteoporosis, muscle strength, ageing skin and many other conditions, Capsule",Use as directed by your healthcare professional.,"Read the label carefully before use, Do not exceed the recommended dosage, Keep it away from the reach of children"
https://www.1mg.com/otc/iodex-balm-for-pain-relief-from-headaches-sprains-neck-shoulder-joints-back-muscular-pain-otc370706,Moyzen Moisturising Liquid,GlaxoSmithKline Consumer Healthcare,,Liquid,,
https://www.1mg.com/otc/miduty-nerve-pain-relief-capsule-alpha-lipoic-acid-b-vitamins-neuropathy-support-otc918605,Miduty Nerve Pain Relief Capsule,Midvision Pvt Ltd,,,Use as directed on the label or as advised by your healthcare provider,
https://www.1mg.com/otc/himalaya-wellness-himalaya-rumalaya-pain-balm-fast-relief-from-headache-and-neck-pain-ayurvedic-otc326446,Himalaya Wellness Pain Balm Strong,Himalaya Wellness Company,,"Oils: Pudina (Mentha arvensis)"" Lf. 150 mg, Gandhapura (Gaultheria Fragrantissima) L. 150 mg, Karpura (Cinnamomum camphora) Bk.60 mg. Sarala (Pinus Roxburghii Oleo resin 50mg, Tailapatra (Eucalyptus globulus)"" Lf.50mg, Jatiphala (Myristica fragrans Sa. Kr. 10 mg, Cream",,
https://www.1mg.com/otc/dr-ortho-ayurvedic-medicine-pain-relief-oil-bone-joint-muscle-care-oil-otc327460,Dr Ortho an Ayurvedic Medicine Oil,Dr Ortho Ayurvedic,,Syrup,,
https://www.1mg.com/otc/pravek-maha-balvardhak-oil-otc601978,Pravek Maha Balvardhak Oil,Pravek Kalp Private Limited,,,Massage adequate quantity of oil gently on the affected areas till it is absorbed. Use 2-3 times in a day for better results or as directed by the physician.,
https://www.1mg.com/otc/nanofast-4x-pain-relief-spray-otc492005,,Pharmed Ltd,,,,
https://www.1mg.com/otc/moov-cool-therapy-spray-otc964108,Moov Cool Therapy Spray,Reckitt Benckiser Healthcare Pvt. Ltd.,,"Spray., 35g.",,
https://www.1mg.com/otc/jiva-pain-calm-oil-pain-reliever-for-joint-pain-back-pain-frozen-shoulder-sprain-muscle-soreness-with-knee-cap-free-otc651981,Jiva Pain Calm Oil,Jiva Ayurvedic Pharmacy Ltd,,,,
https://www.1mg.com/otc/iodex-rapid-action-pain-relief-spray-otc647095,Iodex Rapid Action Spray,GlaxoSmithKline Consumer Healthcare,,,,
https://www.1mg.com/otc/volini-maxx-pain-relief-spray-for-back-neck-joint-muscle-pain-bone-joint-muscle-care-otc457561,Volini Maxx Spray,Sun Pharmaceutical Industries Ltd,,"Diclofenac Diethylamine IP Equivalent to Dicoflenac Sodium, Methyl Salicylate IP, Menthol IP, Provides instant pain relief and supports bone, joint and muscle care, A unique formulation of 2% diclofenac makes it 100% stronger than other sprays, Provides effective relief from severe neck and back pain, Helps in relieving musculoskeletal and joint pain, Effective in healing pain due to strain and sprain, Useful in case of sports injuries, Has a unique 360-degree delivery mechanism that ensures standardised drug delivery, It provides instant and long-lasting pain relief from knee pain, joint pain, back pain, calf pain, and neck pain","Shake well before each use. Spray the contents from 5 cm distance on the affected areas 3-4 times in a day or, as directed by the physician.","Read the label carefully before use, Store in a cool and dry place away from direct sunlight, Keep out of reach of the children, Do not exceed the recommended dosage, For external use only, Should be applied only to intact skin surfaces and not to skin wounds and open injuries, Should not come into contact with eyes, mucous membranes and should not be ingested, Store in a cool and dry place"
https://www.1mg.com/otc/sbl-natrum-sulphuricum-0-21-lm-otc366292,,SBL Pvt Ltd,,,,
https://www.1mg.com/otc/volini-pain-relief-gel-for-sprain-muscle-joint-neck-low-back-pain-bone-joint-muscle-care-otc67180,Volini Pain Relief Gel,Sun Pharmaceutical Industries Ltd,,"Diclofenac Diethylamine Equivalent to Diclofenac Sodium 1% w/w, Methyl Salicylate IP, Menthol IP, Virgin Linseed Oil BP, Preservative, Benzyl Alcohol IP, Gel Base, The spray can offer relief when in pain and supports bone, muscle and joint care., It is effective for pain in the joints, knees, back, shoulders, and neck, It can work great on sports injuries such as muscle pulls, sprains, and strain, It provides instant and long-lasting pain relief from knee pain, joint pain, back pain, calf pain, and neck pain","The Volini pain relief bottle should be shaken well before spraying, Hold the spray bottle at a 5cm distance from the affected area and spray, You can use the spray about three to four times daily or as recommened by your physician","Read the label carefully before use, Store in a cool and dry place, away from sunlight, Keep out of reach of children, The Volini pain relief spray is meant for external application only, Use Volini per the doctor’s guidance, and be careful not to use more than the given dosage, Do not use the spray on open wounds or surfaces of the skin that are ruptured, The spray should not be ingested or come in contact with the eyes and mucous membranes, Avoid using the spray near a naked flame, Do not burn or make a hole in the bottle even after the spray is over"
https://www.1mg.com/otc/jiva-pain-calm-oil-pain-reliever-for-joint-pain-back-pain-frozen-shoulder-sprain-muscle-soreness-otc651626,Jiva Pain Calm Oil,Jiva Ayurvedic Pharmacy Ltd,,,,
https://www.1mg.com/otc/moov-pain-relief-ointment-for-back-pain-joint-pain-knee-pain-muscle-pain-otc298649,"Moov Pain Relief Ointment for Back Pain, Joint Pain, Knee Pain, Muscle Pain",Reckitt Benckiser Healthcare Pvt. Ltd.,,"Ointment, 50g",,
https://www.1mg.com/otc/zandu-ultra-power-balm-for-pain-relief-from-strong-headache-bodyaches-cold-bone-joint-muscle-care-otc302046,"Zandu Ultra Power Balm / For Pain Relief from Strong Headache, Bodyaches and Cold / Bone, Joint and Muscle Care",Zandu Pharmaceutical Works Ltd,,"Composition in w/w: Mentha sp-Satva 17%, Gaultheria fragrantissima 25%, Syzygium aromaticum. 5.0%, Melaleuca leucadendron 5.0%, Trachyspermum ammi-Satva 0.5%, Eucalyptus globulus 0.2%, Myristica fragrans 0.1 %, Capsicum annuum-Satva 0.02%, Toney Red, Quinazarine green SS., Base qs., 8 ml, Balm",,
https://www.1mg.com/otc/moov-pain-relief-ointment-for-back-pain-joint-pain-knee-pain-muscle-pain-otc377375,"Moov Pain Relief Ointment for Back Pain, Joint Pain, Knee Pain, Muscle Pain",Reckitt Benckiser Healthcare Pvt. Ltd.,,"Ointment, 30g",,
https://www.1mg.com/otc/longlife-oct-007-ankle-support-xl-blue-otc490865,Longlife OCT 007 Ankle Support,Veridicus Health Care Pvt Ltd,It is used to provide optimal comfort and a great fit to help reduce ankle pain.,,Apply the anklet in a way it comes exactly in the right position on the heel and then wrap the elastic in such a way that it is comfortable to wear.,"Read the label carefully before use, Keep out of reach of children, Keep away from physical damage"
https://www.1mg.com/otc/volini-pain-relief-gel-for-sprain-muscle-joint-neck-low-back-pain-bone-joint-muscle-care-otc138818,Volini Pain Relief Gel,Sun Pharmaceutical Industries Ltd,,"Diclofenac Diethylamine Equivalent to Diclofenac Sodium 1% w/w, Methyl Salicylate IP, Menthol IP, Virgin Linseed Oil BP, Preservative, Benzyl Alcohol IP, Gel Base, The spray can offer relief when in pain and supports bone, muscle and joint care., It is effective for pain in the joints, knees, back, shoulders, and neck, It can work great on sports injuries such as muscle pulls, sprains, and strain, It provides instant and long-lasting pain relief from knee pain, joint pain, back pain, calf pain, and neck pain","The Volini pain relief bottle should be shaken well before spraying, Hold the spray bottle at a 5cm distance from the affected area and spray, You can use the spray about three to four times daily or as recommened by your physician","Read the label carefully before use, Store in a cool and dry place, away from sunlight, Keep out of reach of children, The Volini pain relief spray is meant for external application only, Use Volini per the doctor’s guidance, and be careful not to use more than the given dosage, Do not use the spray on open wounds or surfaces of the skin that are ruptured, The spray should not be ingested or come in contact with the eyes and mucous membranes, Avoid using the spray near a naked flame, Do not burn or make a hole in the bottle even after the spray is over"
https://www.1mg.com/otc/ortho-aid-natural-pain-relief-roll-on-otc873942,Ortho-Aid Natural Pain Relief Roll On,Leeford Healthcare Ltd,,"Gandhapura Leaves oil (Gaultheria fragrantissima), Lemon Grass (Cymbopogon citratus) Whole Plant Oil, Nilgiri Leaves Oil (Eucalyptus globulus), Lavang (syzygium aromaticum) flower bud OIl, Pudina (Mentha Viridis) Aerial Plant Crystal, Kapur crystal (Cinnamomum camphora) whole plant crystals, It helps to relieve different types of pain, It is beneficial for back pain, neck pain, shoulder pain and muscle pain, It helps to relieve pain, swelling and inflammation, It is non-greasy and non-staining","Just roll 3-5 times in circular motions on the affected area, such as the neck, shoulder, low back, etc after cleaning the skin surface gently. Repeat as necessary.","Store in a cool and dry place away from direct sunlight, Read the label carefully, For external use only, Avoid contact with eyes, Keep out of reach of children"
https://www.1mg.com/otc/dr-willmar-schwabe-india-bacopa-monnieri-dilution-1000-ch-otc397852,,Dr Willmar Schwabe India Pvt Ltd,,,,
https://www.1mg.com/otc/bjain-agaricus-muscarius-dilution-6x-otc429373,Bjain Agaricus Muscarius Dilution,Bjain Pharmaceuticals Pvt. Ltd.,,,Bjain Agaricus Muscarius Dilution should be taken 3-5 drops in 1 teaspoon of water three times a day or as directed by the physician.,
https://www.1mg.com/otc/dominion-care-relax-and-spin-tone-handheld-body-massager-otc492109,Dominion Care Relax and Spin Tone Handheld Body Massager,Kapil Plastic Mould,"It is a handheld massager with a unique oscillating feature and three interchangeable massage heads that help improve circulation, sculpts the body and removes dead skin cells and calluses.",,,
https://www.1mg.com/otc/sbl-mygale-dilution-6-ch-otc354822,,SBL Pvt Ltd,,,,
https://www.1mg.com/otc/renewa-knee-support-open-patella-neoprene-knee-cap-otc491899,Renewa Neoprene Open Patella Knee Support,Dr. Sayani's Health Care Pvt. Ltd.,It is primarily used to support and stabilize an injured knee.,,Use as per requirement or as directed by the physician.,"Read the label carefully before use, Store in a cool dry place away from direct sunlight, Keep out of reach of the children, Avoid physical damage"
https://www.1mg.com/otc/bjain-aesculus-hippocastanum-dilution-12-ch-otc429149,Bjain Aesculus Hippocastanum Dilution,Bjain Pharmaceuticals Pvt. Ltd.,,,As directed by the physician,
https://www.1mg.com/otc/dr-willmar-schwabe-india-scutellaria-dilution-12-ch-otc392351,,Dr Willmar Schwabe India Pvt Ltd,,,,
https://www.1mg.com/otc/sbl-taraxacum-dilution-30-ch-otc348831,,SBL Pvt Ltd,,,,
https://www.1mg.com/otc/bjain-omeo-flu-tablet-otc327658,,Bjain Pharmaceuticals Pvt. Ltd.,,,,
https://www.1mg.com/otc/zandu-fast-pain-relief-ultra-strong-gel-otc777196,Zandu Fast Relief Gel Ultra Strong Gel,Emami Ltd,,,,
https://www.1mg.com/otc/haslab-drox-18-malarin-drop-otc339520,,HASLAB,,,,
https://www.1mg.com/otc/dr.-reckeweg-nux-mosch-dilution-10m-ch-otc374709,,Dr Reckeweg & Co,,,,
https://www.1mg.com/otc/sbl-helleborus-niger-dilution-1000-ch-otc347853,SBL Helleborus Niger Dilution 200 CH,SBL Pvt Ltd,,"Provides relief from chronic headache, Reduces excessive salivation and bad breath, Helps in treating skin disorders such as itching and edema, Relieves pain in arms and legs, Helps in reducing depression and melancholic weeping, Reduces frequent urge to urinate",Dosage should be directed by the physician. It can be safely taken along with other allopathic medicines,"Read the label carefully before use, Keep out of the reach of children, Use under medical supervision, Do not exceed the recommended dosage, Maintain half an hour gap between food, drink and any other homoeopathic medicine, Avoid any strong smell in the mouth while taking medicine e.g. camphor, garlic, onion, coffee and hing, Store in a cool and dry place"
https://www.1mg.com/otc/iodex-ultra-gel-otc917747,Iodex Ultra Gel+,GlaxoSmithKline Consumer Healthcare,"It helps to alleviate back, joint, neck, shoulder and body pain.","Diclofenac Diethylamine Gel I.P. 2.32% w/w equivalent to Diclofenac Sodium I.P. 2% w/w., Gel, 15 gm, Male/Female",,
https://www.1mg.com/otc/sloan-s-liniment-kills-pain-reduces-swelling-strengthens-muscles-ligaments-otc315107,Sloan's Liniment,Piramal Enterprises Ltd,,Oil,,
https://www.1mg.com/otc/jiva-pain-calm-oil-pain-reliever-for-joint-pain-back-pain-frozen-shoulder-sprain-muscle-soreness-otc329877,Jiva Pain Calm Oil,Jiva Ayurvedic Pharmacy Ltd,,,,
https://www.1mg.com/otc/tripurna-pain-reliever-oil-60ml-each-otc966741,Tripurna Pain Reliever Oil (60ml Each),Vedshakti Healthcare,,"Wintergreen Oil, Mahanarayan Oil, Kapoor, Tarpin Oil, Malkangni Oil, Guggal Oil, Mahamash Oil, Panchgun Oil, Pudina Satva, Maha Vishgarbha Oil, Til Oil (q.s.), Helpful in joint pain such as knee pain, back pain, elbow pain, neck pain, shoulder pain, and other joint discomforts, Enriched with the goodness of 9 essential oils, Anyone can use it for managing joint discomfort, Manages old and stringent pain","Apply a sufficient quantity of Tripurna Pain Reliever Oil on the affected area, and gently massage until it is absorbed completely, Repeat this 3 to 4 times daily, or as directed by the healthcare professional","Read the label carefully, Store in a cool, dry place, Keep out of reach of children, Do not exceed the recommended dose"
https://www.1mg.com/otc/himalaya-rumalaya-pain-relief-gel-quick-relief-from-body-pain-ayurvedic-gel-otc90714,Himalaya Rumalaya Gel,Himalaya Wellness Company,,"30 gm, Gel",Apply a small quantity of the gel to the tender area and lightly massage it in or as directed by the physician.,
https://www.1mg.com/otc/saridon-woman-fast-action-against-abdominal-body-pain-and-headaches-tablet-otc990184,"Saridon Woman, Fast Action Against Abdominal, Body Pain and Headaches Tablet",Bayer Pharmaceuticals Pvt Ltd,,"Each Tablet contains:  Hyoscine butylbromide 10 mg + Paracetamol 500 mg, FORMULATED TO REDUCE PERIOD PAIN: Specifically formulated to alleviate the pain associated with menstrual cramps/periods and other related discomforts, PAIN REDUCTION: Combines Hyoscine butyl bromide (10 mg) and Paracetamol (500 mg) to effectively relieve abdominal spasm, period pain and general pain relief, VERSATILE APPLICATION: Suitable for relieving abdominal pain, backaches, headaches, and other common symptoms experienced during menstruation, Plant based origin :Hyoscine butylbromide, Molecule of plant origin with paracetamol for safe and effective relief from period pain, IMPROVED PRODUCTIVITY: By reducing the severity of menstrual / period pain, Saridon Woman helps women stay focused and productive during their periods every month, Fast and long lasting action: Begins to alleviate pain quickly, allowing users to resume their daily activities without prolonged discomfort, SUITABLE FOR 12 years and above AGES: Safe for women of 12+ age, CONVENIENT DOSAGE: 1-2 tablets three times a day as mentioned on the pack or as recommended.",Swallow the tablet with water. 1-2 tablets three times a day or as recommended by physician,"Pregnant and Lactating women and individuals with any pre-existing condition should consult a doctor before taking the medicine, In case of symptoms of any illness, please consult a doctor."
https://www.1mg.com/otc/moov-pain-relief-ointment-for-back-pain-joint-pain-knee-pain-muscle-pain-otc377375,"Moov Pain Relief Ointment for Back Pain, Joint Pain, Knee Pain, Muscle Pain",Reckitt Benckiser Healthcare Pvt. Ltd.,,"Ointment, 30g",,
https://www.1mg.com/otc/moov-cool-therapy-gel-otc964102,Moov Cool Therapy Gel,Reckitt Benckiser Healthcare Pvt. Ltd.,,"Each gram of gel contains: Pudina Satva (Mentha piperita) extract (Aerial parts of plant) 8.0% w/w, Preservative: Benzyl Alcohol IP, Colouring Agents: Brilliant Blue FCF, Tartrazine Yellow., Gel., 20g.",Apply a thin film of the gel to the affected area and massage gently. Repeat 3-4 times daily for best results.,
https://www.1mg.com/otc/omnigel-spray-from-cipla-for-fast-relief-from-pain-sprain-and-strain-otc333106,Omnigel Spray,Cipla Ltd,,"Diclofenac, Linseed Oil, Diclofenac Diethylamine, Menthol and Methyl Salicylate, Contains Diclofenac and Linseed Oil that help in reducing inflammation and redness, Methyl Salicylate and Menthol penetrate deep into the affected area and act as mild analgesics, Menthol provides a soothing and cooling sensation and gives immediate relief, The spray goes deep into the site of joint and muscle pain to ensure quick and effective relief from pain","Shake well before each use, Spray the contents from a 5cm distance on the affected areas 3 -4 times a day, Do not spray on open wounds","Read the label carefully before use, Store in a cool and dry place and do not expose to heat or direct sunlight, Do not pierce or burn the container, and do not spray on a naked flame or incandescent material, Do not spray near the eyes or face and avoid direct inhalation, Not meant for veterinary use, Do not exceed the recommended dose, Keep out of the reach and sight of children"
https://www.1mg.com/otc/volini-pain-relief-gel-for-sprain-muscle-joint-neck-low-back-pain-bone-joint-muscle-care-otc138818,Volini Pain Relief Gel,Sun Pharmaceutical Industries Ltd,,"Diclofenac Diethylamine Equivalent to Diclofenac Sodium 1% w/w, Methyl Salicylate IP, Menthol IP, Virgin Linseed Oil BP, Preservative, Benzyl Alcohol IP, Gel Base, The spray can offer relief when in pain and supports bone, muscle and joint care., It is effective for pain in the joints, knees, back, shoulders, and neck, It can work great on sports injuries such as muscle pulls, sprains, and strain, It provides instant and long-lasting pain relief from knee pain, joint pain, back pain, calf pain, and neck pain","The Volini pain relief bottle should be shaken well before spraying, Hold the spray bottle at a 5cm distance from the affected area and spray, You can use the spray about three to four times daily or as recommened by your physician","Read the label carefully before use, Store in a cool and dry place, away from sunlight, Keep out of reach of children, The Volini pain relief spray is meant for external application only, Use Volini per the doctor’s guidance, and be careful not to use more than the given dosage, Do not use the spray on open wounds or surfaces of the skin that are ruptured, The spray should not be ingested or come in contact with the eyes and mucous membranes, Avoid using the spray near a naked flame, Do not burn or make a hole in the bottle even after the spray is over"
https://www.1mg.com/otc/collaflex-pro-plus-joint-health-supplement-capsule-otc923521,Collaflex Pro Plus Joint Health Supplement Capsule,Universal NutriScience,,"Curcumin (As 95% Curcuminoids) 200 mg, Mobilee (60-75% Sodium hyaluronate) 80 mg UC II (Undenatured Collagen Type II) 40 mg, Soya Oil, Gelatin Food Grade Humectants, Sodium Hyaluronate, Collaflex Pro Plus Capsule contains collagen, hyaluronic acid, and curcumin, which have been shown to improve joint comfort, flexibility, and mobility, Curcumin, an active ingredient in turmeric, has anti-inflammatory properties that can help reduce joint pain and stiffness, Collagen is the main structural protein in cartilage, and taking a collagen supplement like Collaflex Pro Plus Capsule may help rebuild and support cartilage health, Collagen is also an essential component of the skin, and taking a collagen supplement may improve skin health, reducing wrinkles and fine lines, Capsule",,"Read the label carefully before use, Keep out of the reach of children, Store in a cool and dry place, Not to exceed the stated recommended daily usage, This product is not intended to diagnose, manage, cure or reduce the risk of any disease"
https://www.1mg.com/otc/volini-maxx-pain-relief-spray-for-back-neck-joint-muscle-pain-bone-joint-muscle-care-otc457560,Volini Maxx Spray,Sun Pharmaceutical Industries Ltd,,"Diclofenac Diethylamine IP Equivalent to Dicoflenac Sodium, Methyl Salicylate IP, Menthol IP, Provides instant pain relief and supports bone, joint and muscle care, A unique formulation of 2% diclofenac makes it 100% stronger than other sprays, Provides effective relief from severe neck and back pain, Helps in relieving musculoskeletal and joint pain, Effective in healing pain due to strain and sprain, Useful in case of sports injuries, Has a unique 360-degree delivery mechanism that ensures standardised drug delivery, It provides instant and long-lasting pain relief from knee pain, joint pain, back pain, calf pain, and neck pain","Shake well before each use. Spray the contents from 5 cm distance on the affected areas 3-4 times in a day or, as directed by the physician.","Read the label carefully before use, Store in a cool and dry place away from direct sunlight, Keep out of reach of the children, Do not exceed the recommended dosage, For external use only, Should be applied only to intact skin surfaces and not to skin wounds and open injuries, Should not come into contact with eyes, mucous membranes and should not be ingested, Store in a cool and dry place"
https://www.1mg.com/otc/mcp-electric-heating-pad-blue-otc640000,MCP Electric Heating Pad Blue,Global Trade Links,"It is an electric heating back that can relieve cervical pain, low back pain, joint pain and leg pain.","4 layers of insulation on both sides of the heating pad ensure comfort and safety, It has an in-built twin thermostat that helps maintain constant temperature, It has three comfortable heat levels controllable by a single switch, Comes with a controller switch with indicator, A velcro strap on the belt helps secure the pad in place","Plug the power cord into an electrical outlet (240 V AC), You can switch between low (45℃), medium (65℃) and high (85℃) heat levels, Wait for 4 to 5 minutes after plugging in the power cord, Place the heating pad on the affected area and secure it using the stretchable belt, Turn the heating belt off and unplug the power cord after use","Read the label carefully before use, Do not use it with wet hands, Do not fold the heating pad while in use, Keep out of reach of children"
https://www.1mg.com/otc/dynapar-qps-solution-otc139011,Dynapar,Troikaa Pharmaceuticals Ltd,,"Diclofenac, Diethylamine BP Equivalent to Dicoflenac Sodium IP, Absolute Alcohol IP (In a tropical solution base), Dynapar QPS contains Diclofenac which reduces inflammation while Methyl Salicylate and Menthol penetrate deep into the affected area and act as mild analgesics, Dynapar QPS is indicated for relief from pain, swelling and inflammation due to arthritis, Dynapar QPS provides superior pain relief after topical application by enhancing the penetration of diclofenac through the skin, Dynapar QPS goes deep to the site of pain in the joints and muscles so it provides quick and effective relief from pain, Solution",Use as directed by the physician.,"Read the label carefully before use, Do not exceed the recommended dosage, Store in a cool and dry place, Keep it away from the reach of children"
https://www.1mg.com/otc/pankajakasthuri-orthoherb-ayurvedic-oil-with-amla-for-joint-pain-relief-otc356687,Pankajakasthuri Orthoherb Oil,Pankajakasthuri Herbals India (P) Ltd.,,"Vasa (Adhatoda vasica, Rt, Dct), Eranda (Ricinus communis, Rt, Dct), Bilwa (Aegle marmelos, Rt, Dct), Thwak (Cinnamomum zeylanicum, St. Bk, Dct), Maricha (Piper nigrum, Dr. Fr, Dct), Lavanga (Syzygium aromaticum, Dr. Fr, Dct), Jati (Myristica fragrans, Pp, Dct), Pata (Cyclea peltata, Rt, Dct), Nimba (Azadirachta indica, Rt, bk, Dct), Sahachara (Strobilanthes ciliatus, Rt, Dct), Nirgundi (Vitex negundo, Lf, Dct), Bala (Sida retusa, Rt, Dct), Punarnava (Boerhavia diffusa, Pl, Dct), Gunja (Abrus precatorius, Rt, Dct), Dusparsa (Tragia involucrata, Rt, Dct) 2 g each. Amalaki (Phyllanthus emblica, Dr. Fr, Pst), Manjishta (Rubia cordifolia, Rt, Pst), Guggulu (Balsamodendron mukul, Lx, Pst), Chitraka (Plumbago zeylanica, Rt, Pst) 2.5 g each. Kera thaila (Cocos nucifera, Oil) 27.50 ml, Eranda thaila (Ricinus communis, Oil) 82.50 ml, Eucalyptus Oil (Eucalyptus globulus, Oil), 100 ml, Liquid, The oil has anti-inflammatory and analgesic properties, It imparts muscle tone and lubricates the joints, It also imparts firmness to the limbs, It can help stimulate circulation, It helps the lymphatic functioning for detoxification",,"Read the label carefully before use, Store in a cool and dry place, Keep out of reach of children"
https://www.1mg.com/otc/jointace-trio-capsule-for-pain-relief-supports-flexible-joints-bone-joint-muscle-care-otc533457,Jointace Trio Capsule,Meyer Organics Pvt Ltd,,"Aflapin, Native (Undenatured) Collagen Type Il, Mobilee, Diluent [Dibasic Calcium Phosphate (INS 341 (1))], Anti-Caking Agent [Talc {INS 553 (lil))], Glidant [Magnesium Stearate (INS 470 (iii)], Ingredients Of Capsule Shell [Gelatin (INS 428)]., Jointace Trio improves flexibility and physical function of the body by supporting bone, muscle and joint care, Jointace Trio protects the cartilage, which is the soft tissue that cushions joints, It is useful for pain-relief, osteoporosis, muscle strength, ageing skin and many other conditions, Capsule",Use as directed by your healthcare professional.,"Read the label carefully before use, Do not exceed the recommended dosage, Keep it away from the reach of children"
https://www.1mg.com/otc/iodex-balm-for-pain-relief-from-headaches-sprains-neck-shoulder-joints-back-muscular-pain-otc370706,Moyzen Moisturising Liquid,GlaxoSmithKline Consumer Healthcare,,Liquid,,
https://www.1mg.com/otc/miduty-nerve-pain-relief-capsule-alpha-lipoic-acid-b-vitamins-neuropathy-support-otc918605,Miduty Nerve Pain Relief Capsule,Midvision Pvt Ltd,,,Use as directed on the label or as advised by your healthcare provider,
https://www.1mg.com/otc/himalaya-wellness-himalaya-rumalaya-pain-balm-fast-relief-from-headache-and-neck-pain-ayurvedic-otc326446,Himalaya Wellness Pain Balm Strong,Himalaya Wellness Company,,"Oils: Pudina (Mentha arvensis)"" Lf. 150 mg, Gandhapura (Gaultheria Fragrantissima) L. 150 mg, Karpura (Cinnamomum camphora) Bk.60 mg. Sarala (Pinus Roxburghii Oleo resin 50mg, Tailapatra (Eucalyptus globulus)"" Lf.50mg, Jatiphala (Myristica fragrans Sa. Kr. 10 mg, Cream",,
https://www.1mg.com/otc/dr-ortho-ayurvedic-medicine-pain-relief-oil-bone-joint-muscle-care-oil-otc327460,Dr Ortho an Ayurvedic Medicine Oil,Dr Ortho Ayurvedic,,Syrup,,
https://www.1mg.com/otc/pravek-maha-balvardhak-oil-otc601978,Pravek Maha Balvardhak Oil,Pravek Kalp Private Limited,,,Massage adequate quantity of oil gently on the affected areas till it is absorbed. Use 2-3 times in a day for better results or as directed by the physician.,
https://www.1mg.com/otc/nanofast-4x-pain-relief-spray-otc492005,,Pharmed Ltd,,,,
https://www.1mg.com/otc/moov-cool-therapy-spray-otc964108,Moov Cool Therapy Spray,Reckitt Benckiser Healthcare Pvt. Ltd.,,"Spray., 35g.",,
https://www.1mg.com/otc/jiva-pain-calm-oil-pain-reliever-for-joint-pain-back-pain-frozen-shoulder-sprain-muscle-soreness-with-knee-cap-free-otc651981,Jiva Pain Calm Oil,Jiva Ayurvedic Pharmacy Ltd,,,,
https://www.1mg.com/otc/iodex-rapid-action-pain-relief-spray-otc647095,Iodex Rapid Action Spray,GlaxoSmithKline Consumer Healthcare,,,,
https://www.1mg.com/otc/volini-maxx-pain-relief-spray-for-back-neck-joint-muscle-pain-bone-joint-muscle-care-otc457561,Volini Maxx Spray,Sun Pharmaceutical Industries Ltd,,"Diclofenac Diethylamine IP Equivalent to Dicoflenac Sodium, Methyl Salicylate IP, Menthol IP, Provides instant pain relief and supports bone, joint and muscle care, A unique formulation of 2% diclofenac makes it 100% stronger than other sprays, Provides effective relief from severe neck and back pain, Helps in relieving musculoskeletal and joint pain, Effective in healing pain due to strain and sprain, Useful in case of sports injuries, Has a unique 360-degree delivery mechanism that ensures standardised drug delivery, It provides instant and long-lasting pain relief from knee pain, joint pain, back pain, calf pain, and neck pain","Shake well before each use. Spray the contents from 5 cm distance on the affected areas 3-4 times in a day or, as directed by the physician.","Read the label carefully before use, Store in a cool and dry place away from direct sunlight, Keep out of reach of the children, Do not exceed the recommended dosage, For external use only, Should be applied only to intact skin surfaces and not to skin wounds and open injuries, Should not come into contact with eyes, mucous membranes and should not be ingested, Store in a cool and dry place"
https://www.1mg.com/otc/sbl-natrum-sulphuricum-0-21-lm-otc366292,,SBL Pvt Ltd,,,,
https://www.1mg.com/otc/volini-pain-relief-gel-for-sprain-muscle-joint-neck-low-back-pain-bone-joint-muscle-care-otc67180,Volini Pain Relief Gel,Sun Pharmaceutical Industries Ltd,,"Diclofenac Diethylamine Equivalent to Diclofenac Sodium 1% w/w, Methyl Salicylate IP, Menthol IP, Virgin Linseed Oil BP, Preservative, Benzyl Alcohol IP, Gel Base, The spray can offer relief when in pain and supports bone, muscle and joint care., It is effective for pain in the joints, knees, back, shoulders, and neck, It can work great on sports injuries such as muscle pulls, sprains, and strain, It provides instant and long-lasting pain relief from knee pain, joint pain, back pain, calf pain, and neck pain","The Volini pain relief bottle should be shaken well before spraying, Hold the spray bottle at a 5cm distance from the affected area and spray, You can use the spray about three to four times daily or as recommened by your physician","Read the label carefully before use, Store in a cool and dry place, away from sunlight, Keep out of reach of children, The Volini pain relief spray is meant for external application only, Use Volini per the doctor’s guidance, and be careful not to use more than the given dosage, Do not use the spray on open wounds or surfaces of the skin that are ruptured, The spray should not be ingested or come in contact with the eyes and mucous membranes, Avoid using the spray near a naked flame, Do not burn or make a hole in the bottle even after the spray is over"
https://www.1mg.com/otc/jiva-pain-calm-oil-pain-reliever-for-joint-pain-back-pain-frozen-shoulder-sprain-muscle-soreness-otc651626,Jiva Pain Calm Oil,Jiva Ayurvedic Pharmacy Ltd,,,,
https://www.1mg.com/otc/moov-pain-relief-ointment-for-back-pain-joint-pain-knee-pain-muscle-pain-otc298649,"Moov Pain Relief Ointment for Back Pain, Joint Pain, Knee Pain, Muscle Pain",Reckitt Benckiser Healthcare Pvt. Ltd.,,"Ointment, 50g",,
https://www.1mg.com/otc/zandu-ultra-power-balm-for-pain-relief-from-strong-headache-bodyaches-cold-bone-joint-muscle-care-otc302046,"Zandu Ultra Power Balm / For Pain Relief from Strong Headache, Bodyaches and Cold / Bone, Joint and Muscle Care",Zandu Pharmaceutical Works Ltd,,"Composition in w/w: Mentha sp-Satva 17%, Gaultheria fragrantissima 25%, Syzygium aromaticum. 5.0%, Melaleuca leucadendron 5.0%, Trachyspermum ammi-Satva 0.5%, Eucalyptus globulus 0.2%, Myristica fragrans 0.1 %, Capsicum annuum-Satva 0.02%, Toney Red, Quinazarine green SS., Base qs., 8 ml, Balm",,
https://www.1mg.com/otc/moov-pain-relief-ointment-for-back-pain-joint-pain-knee-pain-muscle-pain-otc377375,"Moov Pain Relief Ointment for Back Pain, Joint Pain, Knee Pain, Muscle Pain",Reckitt Benckiser Healthcare Pvt. Ltd.,,"Ointment, 30g",,
https://www.1mg.com/otc/longlife-oct-007-ankle-support-xl-blue-otc490865,Longlife OCT 007 Ankle Support,Veridicus Health Care Pvt Ltd,It is used to provide optimal comfort and a great fit to help reduce ankle pain.,,Apply the anklet in a way it comes exactly in the right position on the heel and then wrap the elastic in such a way that it is comfortable to wear.,"Read the label carefully before use, Keep out of reach of children, Keep away from physical damage"
https://www.1mg.com/otc/volini-pain-relief-gel-for-sprain-muscle-joint-neck-low-back-pain-bone-joint-muscle-care-otc138818,Volini Pain Relief Gel,Sun Pharmaceutical Industries Ltd,,"Diclofenac Diethylamine Equivalent to Diclofenac Sodium 1% w/w, Methyl Salicylate IP, Menthol IP, Virgin Linseed Oil BP, Preservative, Benzyl Alcohol IP, Gel Base, The spray can offer relief when in pain and supports bone, muscle and joint care., It is effective for pain in the joints, knees, back, shoulders, and neck, It can work great on sports injuries such as muscle pulls, sprains, and strain, It provides instant and long-lasting pain relief from knee pain, joint pain, back pain, calf pain, and neck pain","The Volini pain relief bottle should be shaken well before spraying, Hold the spray bottle at a 5cm distance from the affected area and spray, You can use the spray about three to four times daily or as recommened by your physician","Read the label carefully before use, Store in a cool and dry place, away from sunlight, Keep out of reach of children, The Volini pain relief spray is meant for external application only, Use Volini per the doctor’s guidance, and be careful not to use more than the given dosage, Do not use the spray on open wounds or surfaces of the skin that are ruptured, The spray should not be ingested or come in contact with the eyes and mucous membranes, Avoid using the spray near a naked flame, Do not burn or make a hole in the bottle even after the spray is over"
https://www.1mg.com/otc/ortho-aid-natural-pain-relief-roll-on-otc873942,Ortho-Aid Natural Pain Relief Roll On,Leeford Healthcare Ltd,,"Gandhapura Leaves oil (Gaultheria fragrantissima), Lemon Grass (Cymbopogon citratus) Whole Plant Oil, Nilgiri Leaves Oil (Eucalyptus globulus), Lavang (syzygium aromaticum) flower bud OIl, Pudina (Mentha Viridis) Aerial Plant Crystal, Kapur crystal (Cinnamomum camphora) whole plant crystals, It helps to relieve different types of pain, It is beneficial for back pain, neck pain, shoulder pain and muscle pain, It helps to relieve pain, swelling and inflammation, It is non-greasy and non-staining","Just roll 3-5 times in circular motions on the affected area, such as the neck, shoulder, low back, etc after cleaning the skin surface gently. Repeat as necessary.","Store in a cool and dry place away from direct sunlight, Read the label carefully, For external use only, Avoid contact with eyes, Keep out of reach of children"
https://www.1mg.com/otc/dr-willmar-schwabe-india-bacopa-monnieri-dilution-1000-ch-otc397852,,Dr Willmar Schwabe India Pvt Ltd,,,,
https://www.1mg.com/otc/bjain-agaricus-muscarius-dilution-6x-otc429373,Bjain Agaricus Muscarius Dilution,Bjain Pharmaceuticals Pvt. Ltd.,,,Bjain Agaricus Muscarius Dilution should be taken 3-5 drops in 1 teaspoon of water three times a day or as directed by the physician.,
https://www.1mg.com/otc/dominion-care-relax-and-spin-tone-handheld-body-massager-otc492109,Dominion Care Relax and Spin Tone Handheld Body Massager,Kapil Plastic Mould,"It is a handheld massager with a unique oscillating feature and three interchangeable massage heads that help improve circulation, sculpts the body and removes dead skin cells and calluses.",,,
https://www.1mg.com/otc/sbl-mygale-dilution-6-ch-otc354822,,SBL Pvt Ltd,,,,
https://www.1mg.com/otc/renewa-knee-support-open-patella-neoprene-knee-cap-otc491899,Renewa Neoprene Open Patella Knee Support,Dr. Sayani's Health Care Pvt. Ltd.,It is primarily used to support and stabilize an injured knee.,,Use as per requirement or as directed by the physician.,"Read the label carefully before use, Store in a cool dry place away from direct sunlight, Keep out of reach of the children, Avoid physical damage"
https://www.1mg.com/otc/bjain-aesculus-hippocastanum-dilution-12-ch-otc429149,Bjain Aesculus Hippocastanum Dilution,Bjain Pharmaceuticals Pvt. Ltd.,,,As directed by the physician,
https://www.1mg.com/otc/dr-willmar-schwabe-india-scutellaria-dilution-12-ch-otc392351,,Dr Willmar Schwabe India Pvt Ltd,,,,
https://www.1mg.com/otc/sbl-taraxacum-dilution-30-ch-otc348831,,SBL Pvt Ltd,,,,
https://www.1mg.com/otc/bjain-omeo-flu-tablet-otc327658,,Bjain Pharmaceuticals Pvt. Ltd.,,,,
https://www.1mg.com/otc/zandu-fast-pain-relief-ultra-strong-gel-otc777196,Zandu Fast Relief Gel Ultra Strong Gel,Emami Ltd,,,,
https://www.1mg.com/otc/haslab-drox-18-malarin-drop-otc339520,,HASLAB,,,,
https://www.1mg.com/otc/dr.-reckeweg-nux-mosch-dilution-10m-ch-otc374709,,Dr Reckeweg & Co,,,,
https://www.1mg.com/otc/sbl-helleborus-niger-dilution-1000-ch-otc347853,SBL Helleborus Niger Dilution 200 CH,SBL Pvt Ltd,,"Provides relief from chronic headache, Reduces excessive salivation and bad breath, Helps in treating skin disorders such as itching and edema, Relieves pain in arms and legs, Helps in reducing depression and melancholic weeping, Reduces frequent urge to urinate",Dosage should be directed by the physician. It can be safely taken along with other allopathic medicines,"Read the label carefully before use, Keep out of the reach of children, Use under medical supervision, Do not exceed the recommended dosage, Maintain half an hour gap between food, drink and any other homoeopathic medicine, Avoid any strong smell in the mouth while taking medicine e.g. camphor, garlic, onion, coffee and hing, Store in a cool and dry place"
https://www.1mg.com/otc/bjain-foeniculum-vulgare-mother-tincture-q-otc445353,,Bjain Pharmaceuticals Pvt. Ltd.,,,,
https://www.1mg.com/otc/sloan-s-liniment-kills-pain-reduces-swelling-strengthens-muscles-ligaments-otc315107,Sloan's Liniment,Piramal Enterprises Ltd,,Oil,,
https://www.1mg.com/otc/jiva-pain-calm-oil-pain-reliever-for-joint-pain-back-pain-frozen-shoulder-sprain-muscle-soreness-otc329877,Jiva Pain Calm Oil,Jiva Ayurvedic Pharmacy Ltd,,,,
https://www.1mg.com/otc/anju-gum-care-otc517582,,Anju Pharmaceuticals,,,,
https://www.1mg.com/otc/himalaya-rumalaya-pain-relief-gel-quick-relief-from-body-pain-ayurvedic-gel-otc90714,Himalaya Rumalaya Gel,Himalaya Wellness Company,,"30 gm, Gel",Apply a small quantity of the gel to the tender area and lightly massage it in or as directed by the physician.,
https://www.1mg.com/otc/sbl-baptisia-tinctoria-mother-tincture-q-otc348868,,SBL Pvt Ltd,,,,
https://www.1mg.com/otc/tynor-d-28-knee-immobilizer-22-xl-otc345628,"Tynor D-28 Knee Immobilizer 22""",Tynor Orthotics Pvt. Ltd.,It provides support for injured or post-operative knees and ensures immobilization and proper grip for the knees.,,Use a directed by the health-care professional.,"Read the label carefully before use, Keep out of reach of the children, Store in a cool dry place"
https://www.1mg.com/otc/moov-cool-therapy-gel-otc964102,Moov Cool Therapy Gel,Reckitt Benckiser Healthcare Pvt. Ltd.,,"Each gram of gel contains: Pudina Satva (Mentha piperita) extract (Aerial parts of plant) 8.0% w/w, Preservative: Benzyl Alcohol IP, Colouring Agents: Brilliant Blue FCF, Tartrazine Yellow., Gel., 20g.",Apply a thin film of the gel to the affected area and massage gently. Repeat 3-4 times daily for best results.,
https://www.1mg.com/otc/adel-kali-carb-dilution-30-ch-otc327391,,Adel Pekana Germany,,,,
https://www.1mg.com/otc/sbl-ferrum-phosphoricum-dilution-200-ch-otc346588,,SBL Pvt Ltd,,,,
https://www.1mg.com/otc/vaidyamrit-pidantak-ayurvedic-pain-relieving-syrup-otc672454,,Shreshay Exim Private Limited,,,,
https://www.1mg.com/otc/sbl-physalis-alkekengi-dilution-6-ch-otc356016,,SBL Pvt Ltd,,,,
https://www.1mg.com/otc/volini-maxx-pain-relief-spray-for-back-neck-joint-muscle-pain-bone-joint-muscle-care-otc457560,Volini Maxx Spray,Sun Pharmaceutical Industries Ltd,,"Diclofenac Diethylamine IP Equivalent to Dicoflenac Sodium, Methyl Salicylate IP, Menthol IP, Provides instant pain relief and supports bone, joint and muscle care, A unique formulation of 2% diclofenac makes it 100% stronger than other sprays, Provides effective relief from severe neck and back pain, Helps in relieving musculoskeletal and joint pain, Effective in healing pain due to strain and sprain, Useful in case of sports injuries, Has a unique 360-degree delivery mechanism that ensures standardised drug delivery, It provides instant and long-lasting pain relief from knee pain, joint pain, back pain, calf pain, and neck pain","Shake well before each use. Spray the contents from 5 cm distance on the affected areas 3-4 times in a day or, as directed by the physician.","Read the label carefully before use, Store in a cool and dry place away from direct sunlight, Keep out of reach of the children, Do not exceed the recommended dosage, For external use only, Should be applied only to intact skin surfaces and not to skin wounds and open injuries, Should not come into contact with eyes, mucous membranes and should not be ingested, Store in a cool and dry place"
https://www.1mg.com/otc/sbl-guarana-dilution-12-ch-otc353288,SBL Guarana Dilution,SBL Pvt Ltd,,"Guarana with alcohol, Relieves migraine and sick headache, Effective in treating mild depression, Helps in boosting energy, Relieves severe diarrhoea, Has spermatogenic properties on which research is being done",Dosage should be directed by the physician,"Read the label carefully before use, Do not exceed the recommended dose, Keep out of the reach of children, Store in a cool and dry place"
https://www.1mg.com/otc/bjain-rhus-toxicodendron-dilution-12-ch-otc434336,Bjain Rhus Toxicodendron Dilution,Bjain Pharmaceuticals Pvt. Ltd.,,,Take 3-5 drops of the dilution in 1 teaspoon of water twice a day or as directed by the physician.,
https://www.1mg.com/otc/pankajakasthuri-orthoherb-ayurvedic-oil-with-amla-for-joint-pain-relief-otc356687,Pankajakasthuri Orthoherb Oil,Pankajakasthuri Herbals India (P) Ltd.,,"Vasa (Adhatoda vasica, Rt, Dct), Eranda (Ricinus communis, Rt, Dct), Bilwa (Aegle marmelos, Rt, Dct), Thwak (Cinnamomum zeylanicum, St. Bk, Dct), Maricha (Piper nigrum, Dr. Fr, Dct), Lavanga (Syzygium aromaticum, Dr. Fr, Dct), Jati (Myristica fragrans, Pp, Dct), Pata (Cyclea peltata, Rt, Dct), Nimba (Azadirachta indica, Rt, bk, Dct), Sahachara (Strobilanthes ciliatus, Rt, Dct), Nirgundi (Vitex negundo, Lf, Dct), Bala (Sida retusa, Rt, Dct), Punarnava (Boerhavia diffusa, Pl, Dct), Gunja (Abrus precatorius, Rt, Dct), Dusparsa (Tragia involucrata, Rt, Dct) 2 g each. Amalaki (Phyllanthus emblica, Dr. Fr, Pst), Manjishta (Rubia cordifolia, Rt, Pst), Guggulu (Balsamodendron mukul, Lx, Pst), Chitraka (Plumbago zeylanica, Rt, Pst) 2.5 g each. Kera thaila (Cocos nucifera, Oil) 27.50 ml, Eranda thaila (Ricinus communis, Oil) 82.50 ml, Eucalyptus Oil (Eucalyptus globulus, Oil), 100 ml, Liquid, The oil has anti-inflammatory and analgesic properties, It imparts muscle tone and lubricates the joints, It also imparts firmness to the limbs, It can help stimulate circulation, It helps the lymphatic functioning for detoxification",,"Read the label carefully before use, Store in a cool and dry place, Keep out of reach of children"
https://www.1mg.com/otc/anju-jointex-oil-otc525487,,Anju Pharmaceuticals,,,,
https://www.1mg.com/otc/sri-sri-tattva-shirashoolari-vati-300mg-otc344726,Himalaya Himalaya Tentex Royal Performance Gel for Men,Sriveda Sattva Pvt Ltd,,Gel,,
https://www.1mg.com/otc/miduty-nerve-pain-relief-capsule-alpha-lipoic-acid-b-vitamins-neuropathy-support-otc918605,Miduty Nerve Pain Relief Capsule,Midvision Pvt Ltd,,,Use as directed on the label or as advised by your healthcare provider,
https://www.1mg.com/otc/capsitop-o-pain-relief-roll-on-otc337205,Capsitop O Roll ON,Stedman Pharmaceuticals Pvt Ltd,,,Use Capsitop O Roll ON as directed by the physician.,
https://www.1mg.com/otc/tata-1mg-knee-support-knee-cap-for-men-women-sports-pain-relief-comfort-medium-black-otc811800,Tata 1mg Knee Support Lite,Tata 1mg Healthcare Solutions Private Limited,,,,
https://www.1mg.com/otc/pravek-maha-balvardhak-oil-otc601978,Pravek Maha Balvardhak Oil,Pravek Kalp Private Limited,,,Massage adequate quantity of oil gently on the affected areas till it is absorbed. Use 2-3 times in a day for better results or as directed by the physician.,
https://www.1mg.com/otc/vissco-core-0701-knee-brace-xl-otc507646,Vissco Core 0701 Knee Brace,Vissco Rehabilitation Aids Pvt. Ltd.,It is used to provide support to knee joint and ligaments.,,"Place the brace on your leg from behind the knee, Attach the two velcro straps on from the front, adjusting the fit according to your comfort, Then take the large elastic band over the knee, stretch and attach with Velcro","Read the label carefully before use, Keep out of reach of children, Keep away from physical damage, Hand wash with mild detergent, do not dry clean, iron and bleach the product"
https://www.1mg.com/otc/tynor-d-09-functional-knee-support-xl-otc335713,Tynor D-09 Functional Knee Support,Tynor Orthotics Pvt. Ltd.,It allows normal flexion and free movement of the knee joint.,,Use as per requirement or as directed by the physician.,
https://www.1mg.com/otc/jiva-pain-calm-oil-pain-reliever-for-joint-pain-back-pain-frozen-shoulder-sprain-muscle-soreness-with-knee-cap-free-otc651981,Jiva Pain Calm Oil,Jiva Ayurvedic Pharmacy Ltd,,,,
https://www.1mg.com/otc/sbl-beta-vulgaris-dilution-3-ch-otc351345,SBL Beta Vulgaris Dilution,SBL Pvt Ltd,,"Primarily used for children who are easily susceptible to cold, Provides relief from congestion in the chest, Effective in treatment of cough and breathing difficulties associated with it, Suitable for infantile respiratory problems and ailments associated with it, Helps in strengthening immunity and fights bacterial diseases especially in children",Take 2-3 drops 3-5 times a day or as directed by the physician.,"Read the label carefully before use, Do not exceed the recommended dosage, Keep out of the reach of children, Store in a cool dry place away from direct sunlight and heat"
https://www.1mg.com/otc/shenaro-lifestyle-s-cotton-organic-and-eco-friendly-pain-relief-wheat-bag-glacier-white-otc731231,Shenaro Lifestyle's Cotton Organic and Eco-Friendly Pain Relief Wheat Bag,Kamal International,"The wheat bag can be used for hot and cold therapy to reduce pain, sprains, cramps, or other bodily discomforts.","Ergonomic design:The bag is rectangular, providing full coverage. The bag moulds to the contour of the area that it is being applied to, Reusable and easy to clean:The outer cover is removable and can be washed in the washing machine, Aromatherapy:The bag comes with a fresh lavender aroma that helps to induce sleep and relaxation. The calming scent of lavender eases the mind, Organic pain and stress relief:The cellular structure of wheat provides insulation properties to reduce pain and stress, Heat therapy:Targets back pain, neck pain, muscle spasms, workout soreness, stiffness, etc., Cool therapy:Targets headaches, heat flashes, bruises, inflammation, burns, fever, etc., Contents:Inner bag with grains, Outer removable cover","For heat therapy, heat in the microwave for 3-5 minutes maximum, For cool therapy, refrigerate for 1-2 hours","Read the label carefully before use, Store in a cool and dry place, Keep out of reach of children, For external use only"
https://www.1mg.com/otc/volini-maxx-pain-relief-spray-for-back-neck-joint-muscle-pain-bone-joint-muscle-care-otc457561,Volini Maxx Spray,Sun Pharmaceutical Industries Ltd,,"Diclofenac Diethylamine IP Equivalent to Dicoflenac Sodium, Methyl Salicylate IP, Menthol IP, Provides instant pain relief and supports bone, joint and muscle care, A unique formulation of 2% diclofenac makes it 100% stronger than other sprays, Provides effective relief from severe neck and back pain, Helps in relieving musculoskeletal and joint pain, Effective in healing pain due to strain and sprain, Useful in case of sports injuries, Has a unique 360-degree delivery mechanism that ensures standardised drug delivery, It provides instant and long-lasting pain relief from knee pain, joint pain, back pain, calf pain, and neck pain","Shake well before each use. Spray the contents from 5 cm distance on the affected areas 3-4 times in a day or, as directed by the physician.","Read the label carefully before use, Store in a cool and dry place away from direct sunlight, Keep out of reach of the children, Do not exceed the recommended dosage, For external use only, Should be applied only to intact skin surfaces and not to skin wounds and open injuries, Should not come into contact with eyes, mucous membranes and should not be ingested, Store in a cool and dry place"
https://www.1mg.com/otc/bjain-tabaccum-mother-tincture-q-otc445530,,Bjain Pharmaceuticals Pvt. Ltd.,,,,
https://www.1mg.com/otc/sbl-swertia-chirata-mother-tincture-q-otc338416,SBL Swertia Chirata Mother Tincture,SBL Pvt Ltd,,Liquid,,
https://www.1mg.com/otc/jiva-pain-calm-oil-pain-reliever-for-joint-pain-back-pain-frozen-shoulder-sprain-muscle-soreness-otc651626,Jiva Pain Calm Oil,Jiva Ayurvedic Pharmacy Ltd,,,,
https://www.1mg.com/otc/sbl-culex-pipiens-dilution-200-ch-otc352323,,SBL Pvt Ltd,,,,
https://www.1mg.com/otc/adel-rhus-tox-dilution-30-ch-otc327851,ADEL Rhus Tox Dilution,Adel Pekana Germany,,"Rhus toxicodendron., It may provide effective management for eczema and relieves conditions of itchiness and rashes, It may help in managing conditions associated with herpes, It may help in managing pains related to arthritis and rheumatism, It may relieve symptoms associated with flu and viral infections, It can help in managing sore, dry throat, and excessive cough, It may help in managing prolonged menses with heavy discharge accompanied by abdominal pain, It may help manage psychological issues such as depression and anxiety",Take 3-5 drops of Rhus Toxicodendron Dilution in half cup water thrice a day or as directed by the physician.,"Read the label carefully before use, Do not exceed the recommended dose, Keep out of the reach of children, Use under medical supervision, Store in a cool, dry place away from direct sunlight and heat"
https://www.1mg.com/otc/moov-pain-relief-ointment-for-back-pain-joint-pain-knee-pain-muscle-pain-otc377375,"Moov Pain Relief Ointment for Back Pain, Joint Pain, Knee Pain, Muscle Pain",Reckitt Benckiser Healthcare Pvt. Ltd.,,"Ointment, 30g",,
https://www.1mg.com/otc/sbl-natrum-chloricum-dilution-1000-ch-otc354975,SBL Natrum Chloricum Dilution,SBL Pvt Ltd,,"Natrum Chloricum, Helpful in improving mood, Helps to relieve sore gums, swollen tongue and cough, Helps to relieve burning sensation during urination, Helps to relieve irritable sore spots",Use as directed by the physician,"Store in a cool and dry place away from direct sunlight, Read the product label carefully before use, Keep out of reach of children, Do not exceed the recommended dosage"
https://www.1mg.com/otc/jjw-mart-hadjod-otc509855,,JJW & Brothers Pvt Ltd,,,,
https://www.1mg.com/otc/volini-pain-relief-gel-for-sprain-muscle-joint-neck-low-back-pain-bone-joint-muscle-care-otc138818,Volini Pain Relief Gel,Sun Pharmaceutical Industries Ltd,,"Diclofenac Diethylamine Equivalent to Diclofenac Sodium 1% w/w, Methyl Salicylate IP, Menthol IP, Virgin Linseed Oil BP, Preservative, Benzyl Alcohol IP, Gel Base, The spray can offer relief when in pain and supports bone, muscle and joint care., It is effective for pain in the joints, knees, back, shoulders, and neck, It can work great on sports injuries such as muscle pulls, sprains, and strain, It provides instant and long-lasting pain relief from knee pain, joint pain, back pain, calf pain, and neck pain","The Volini pain relief bottle should be shaken well before spraying, Hold the spray bottle at a 5cm distance from the affected area and spray, You can use the spray about three to four times daily or as recommened by your physician","Read the label carefully before use, Store in a cool and dry place, away from sunlight, Keep out of reach of children, The Volini pain relief spray is meant for external application only, Use Volini per the doctor’s guidance, and be careful not to use more than the given dosage, Do not use the spray on open wounds or surfaces of the skin that are ruptured, The spray should not be ingested or come in contact with the eyes and mucous membranes, Avoid using the spray near a naked flame, Do not burn or make a hole in the bottle even after the spray is over"
https://www.1mg.com/otc/bjain-carica-papaya-dilution-6-ch-otc438328,Bjain Carica Papaya Dilution,Bjain Pharmaceuticals Pvt. Ltd.,,,Bjain Carica Papaya Dilution should be taken 3-5 drops in half cup of water three times a day or as directed by the physician.,
https://www.1mg.com/otc/darco-toe-alignment-splint-otc423694,,J J Enterprise,,,,
https://www.1mg.com/otc/tynor-a04-l.s-belt-lumbopore-small-otc345445,Tynor A04 L.S Belt Lumbopore,Tynor Orthotics Pvt. Ltd.,This device is used to provide support and stabilisation to the lumbo-sacral region,"Pre-Shaped Semi-Rigid Splints:Helps provide anatomical support while easing muscular stress and offering firm immobilisation, Double-Pull Mechanism:Enhances compression and ensures a secure grip for better support, Broad Hook-Loop Panel:Allows easy application and removal while providing adjustable tightness for a customised fit, Spacer Fabric Cushioning:Designed with breathable fabric to allow better air circulation and comfort, even in a thin cross-section, Ergonomic Fit:Designed to conform to body contours for a snug and comfortable fit without restricting movement, High Durability:Made from high-quality material for extended use without losing elasticity or structure, Available in Multiple Sizes:Provides a range of size options for a customised fit, measured around the navel for accuracy","Measure the waist circumference around the navel before selecting a size, Position the belt around the lower back and secure it with the hook-loop panel, Adjust the double-pull straps to achieve the desired level of compression, Ensure a snug but comfortable fit for effective support","Read the label carefully before use, Store in a cool, dry place away from direct sunlight, Avoid excessive tightening to maintain proper blood circulation, Keep out of reach of children"
https://www.1mg.com/otc/dr.-reckeweg-asarum-europ-dilution-30-ch-otc375838,Dr. Reckeweg Asarum Europ Dilution,Dr Reckeweg & Co,,"Extracts of European snakeroot plant, Treats Diarrhea of tough mucus and of undigested stools, Helpful in treating problems related to digetsive system such as nausea, vomiting, lost appetite, flatulence, Given for treating earache, Provides relief during fever, Treats in avoiding smoking, Helps in regulating the menstrual cycle and menses flow, Relieves pain and pressure in the forehead, Provides effective relief from pain in the eyes",Take 3-5 drops 2-3 times day or as advised by a physician. It can be taken along with other allopathic medicines.,"Read the label carefully, Self-medication is not advised, Do not exceed the recommended dosage, Keep out of the reach of children, Half an hour gap should be maintained between food, drink and any other medicine, Avoid strong smell in the mouth before taking this medicine"
https://www.1mg.com/otc/bioforce-blooume-14-fever-care-drop-otc326964,Bioforce Blooume 14 Fever Care Drop,Bioforce,,"Baptisia 2x, Eupatorium Perf 3x, Eucalyptus 3x, Ocimum Sanctum Q., Drops, Male/Female, The action of baptisia and eupatorium perf helps reduce fever by addressing its root cause, Eucalyptus provides pain relief along with easing body aches and discomfort associated with fever, Eucalyptus also helps in clearing congestion and promoting easier breathing during fever episodes, Ocimum sanctum (Tulsi) is known for its immune-boosting properties which help the body to better combat infections that may trigger fever, The combination of ingredients works to alleviate headaches often accompanying feverish conditions, Based on the homoeopathic formulation, it is safe to use and has no side effects","Adults:20 drops in a tablespoon of water, 1/2 an hour before eating, 3 to 5 times daily or as directed by the physician, Children:Half the adult dose or as directed by the physician","Store in a cool and dry place away from direct sunlight, Read the product label carefully before use, Keep out of reach of children, Do not exceed the recommended dosage"
https://www.1mg.com/otc/vissco-spro-knee-cap-plus-knee-support-for-joint-pain-relief-sports-football-medium-otc448746,Vissco 2700 Pro Spro Knee Cap Plus,Vissco Rehabilitation Aids Pvt. Ltd.,It is primarily used to give support and stability to the knee.,,Use as per requirement or as directed by the physician.,"Read the label carefully before use, Store in a cool dry place away from direct sunlight, Keep out of reach of the children, Avoid physical damage"
https://www.1mg.com/otc/dr.-reckeweg-migraine-care-combo-r16-magnesia-phosphoricum-biochemic-tablet-6x-otc371478,Dr. Reckeweg R16 Migraine and Neuralgia Drop,Dr Reckeweg & Co,,,,
https://www.1mg.com/otc/silver-age-pain-relief-oil-otc965874,Silver Age Pain Relief Oil,Casajoya Pvt Ltd,,"Peedashamak Tailum 1.5ml, Mahavishgarb Tailum 1.5ml, Nirgundi Tailum 1ml, Mahanayrayan Tailum 1ml, Panchgun Tailum 1ml, Dhanvantarumtailum 2ml, Boswellia Serrata Roxb 1ml, Syzygium Aromaticum 0.2ml, Capsicum Annum 0.1ml, Cinnamomum Zeylanicum 0.7ml, Myristica Fragrans Houtt 0.2ml, Zingiber Officinale 0.3ml, Gaultheria Fragrantissima 1ml, Camphora 0.1gm, Carum Copticum Benth 0.3gm, Mentha Piperata Linn. 0.2gm, Relief from back, joint, neck and shoulder pain:Soothing relief with one of the best pain relief oils, designed to provide comfort from back pain, joint pain, and neck or shoulder pain. This versatile oil is your go-to solution for aching muscles and joints, Natural authentic ayurvedic herbs:This pain relief oil is enriched with herbs like clove, cinnamon, mahamash, shatavari and ashwagandha that work together to help alleviate body pain, knee pain, and joint discomfort. The complete list of ingredients is transparently declared on the packaging, Explore more applications for pain relief:This oil can be used in various applications, such as knee cap relief, ortho relief, and pain relief sprays. Whether you're seeking garam patti for leg pain or foot patches, this pain relief oil complements these applications effectively, Safe and effective for all ages:This ayurvedic pain relief oil is safe and effective for people of all ages, including adults, children and pregnant women. Use as knee pain relief products or general pain relief oils to experience the effectiveness, Hydration for wellness and quick relief:This body massager oil for pain relief is easy to apply, and is quickly absorbed, providing rapid comfort as well as skin hydration. A simple yet effective addition to your daily wellness routine",Apply 10 drops to the affected area and massage.,"For external use only, Store it in a cool and dry place, Keep it away from direct sunlight, Keep it away from the reach of the children"
https://www.1mg.com/otc/topfenac-orthopaedic-oil-otc463936,Topfenac Orthopaedic Oil,Aareen Healthcare Pvt Ltd,,"Mahanarayan oil, Mahamash oil, Gandhpura oil, Kapoor oil, Eucalyptus oil, Mentha oil, Deodaru oil, The unique herbal formulation can provide joint and muscle support, It has anti-inflammatory and pain-relieving properties that help in inflammation, swelling, and pain, It can be effective in reducing muscular pain and backache, It may provide instant relief from long-lasting joint pain, including sprains and strains, It may help relieve pain associated with myositis sciatica and sprain injuries",Gently massage to affected areas for 2-3 minutes or as directed by your physician,"Read the product label carefully before use, Store in a cool and dry place away from direct sunlight, Keep out of reach of children, Do not use if the product appears to be tampered with or the seal is broken"
https://www.1mg.com/otc/tynor-e-10-tennis-elbow-support-xl-otc345661,Tynor E-10 Tennis Elbow Support,Tynor Orthotics Pvt. Ltd.,,,Read the user manual/ instruction leaflet carefully,
https://www.1mg.com/otc/lp-763-neoprene-wrist-thumb-splint-support-large-otc331321,LP #763 Neoprene Wrist/Thumb Splint Support,LP Support,"It helps to facilitate support and stability to the wrist and is useful for painful, swollen, or weak joints.",,Measure the circumference of your wrist and wear accordingly.,"Read the label carefully before use, Keep out of reach of the children, Store in a cool dry place"
https://www.1mg.com/otc/dominion-care-manipol-full-body-massager-otc492095,Dominion Care Manipol Full Body Massager,Kapil Plastic Mould,It helps proper blood circulation and all body pains and gives clean and healthy skin.,,Plug into electricity and gently massage the body part in pain.,
https://www.1mg.com/otc/four-seasons-giloy-tulsi-papita-juice-otc490505,Four Seasons Giloy Tulsi Papita Juice,Veloce Herbals Pvt Ltd,,"Giloy, Holy Basil (Tulsi) Leaf, Papaya Leaf, It aids in oral care, and aids treatment of fever, asthma, lung disorders and stress, Helps in regenerating skin cells, Helpful in treating respiratory and heart diseases, Helpful in preventing numerous infections, 100% Natural and Ayurvedic",Use as indicated on the label or as directed by the physician.,"Pregnant or nursing women, children under the age of 18 years and persons under medical condition must consult a physician before using, Do not exceed the recommended dose, Keep out of the reach of children, Store in a cool, dry and dark place away from direct sunlight"
https://www.1mg.com/otc/ortho-aid-spray-otc840349,Ortho-Aid Spray,Leeford Healthcare Ltd,,"Gandhpura (Gaultheria fragrantissima) leaves, Peppermint Satva (Menthol) (Mentha piperita) Aerial Part, Sarala Oil (Pinus longifolia) Heart wood, Alsi Oil (Linum usitissimum) Seed, Nilgiri Oil (Eucalyptus globulus) leaves, Dalchini Oil (Cinnamomum zeylanicum) Stem Bark, It helps in joint flexibility, It is helpful for pain relief, It is a natural formulation, It is easy to carry, It provides instant relief and prevents work hour loss or productivity loss","Spray the contents at a 5 cm distance from the affected area, Spray 3-4 times in the day. Cover the affected area after spray to increase the medicine penetration and its effectiveness","Store in a cool and dry place away from direct sunlight, Read the label carefully, Keep out of reach of children, Shake well before use"
https://www.1mg.com/otc/medigrip-ayurvedic-pain-relief-patch-large-brown-otc831133,Medigrip Ayurvedic Pain Relief Patch,Precision Coatings Pvt Ltd,,"Gandpura talia, Pudina salva, Karpura, It helps provide relief from muscular and skeletal pain, It may reduce irritation and itching, Pudina helps induce a cooling effect","Clean aching part, Dry the area, Remove the release paper, Apply patch","Read the label carefully before use, Store in a cool and dry place away from direct sunlight, Keep it out of the reach of children, Apply only on uncut skin"
https://www.1mg.com/otc/tata-1mg-elbow-support-elbow-brace-for-relief-from-inflammation-and-stiffness-in-the-forearm-and-elbow-joint.-medium-otc825620,BAKSON'S Aesculus Ointment,Tata 1mg Healthcare Solutions Private Limited,,,Apply ointment two times a daily on clean and dried affected area or as prescribed by the physician,
https://www.1mg.com/otc/aksobha-knee-pain-relief-herbal-hot-cold-therapy-pack-otc828867,Aksobha Knee Pain Relief Herbal Hot & Cold Therapy Pack,Aksobha,"It helps reduce swelling and oedema at the site of injury, is ideal for reducing pain / orthopaedic cases / post-operation, manages damages and muscle pain relief, and improves blood circulation","Aksobha’s Herbal Packs can be used for hot therapy, The heat of the packs reduces muscle spasms, relaxes tense muscles, relieves pain, and helps with movement, Applying heat to your tissues increases blood circulation, Hot therapy is commonly used to manage discomforts such as the stiff neck, muscle tension, muscle strains, sprains, and more, Aksobha’s Herbal Packs can also be used for cold therapy, Applying cold to your tissue results in the narrowing of your blood vessels, Slowing the blood flow and other fluids into the injured tissue reduces swelling, muscle spasms, pain, and inflammation, Cold therapy is commonly used to manage discomforts such as joint sprains, headaches, bruises, black and blue marks, swelling, fever, sunburns, and more, It helps reduce swelling and oedema at the site of injury, is Ideal for reducing pain / orthopaedic cases / post-operation and manages injuries",,"If the pack gets dirty, wipe it with a damp cloth and dry, Do not immerse in water or wash the pack, Heat the packs and use them frequently, Do not heat pack for longer than 2 mins or as directed, The pack can be put in a cloth bag and stored in the freezer if not used for long, Read the label carefully before use, Keep it out of the reach of children"
https://www.1mg.com/otc/sloan-s-liniment-kills-pain-reduces-swelling-strengthens-muscles-ligaments-otc315107,Sloan's Liniment,Piramal Enterprises Ltd,,Oil,,
https://www.1mg.com/otc/jiva-pain-calm-oil-pain-reliever-for-joint-pain-back-pain-frozen-shoulder-sprain-muscle-soreness-otc329877,Jiva Pain Calm Oil,Jiva Ayurvedic Pharmacy Ltd,,,,
https://www.1mg.com/otc/sbl-calcarea-carbonica-0-1-lm-otc361644,,SBL Pvt Ltd,,,,
https://www.1mg.com/otc/himalaya-rumalaya-pain-relief-gel-quick-relief-from-body-pain-ayurvedic-gel-otc90714,Himalaya Rumalaya Gel,Himalaya Wellness Company,,"30 gm, Gel",Apply a small quantity of the gel to the tender area and lightly massage it in or as directed by the physician.,
https://www.1mg.com/otc/nveda-period-pain-relief-capsule-otc971520,Nveda Period Pain Relief Capsule,Bellavita Healthcare Pvt Ltd,,"Shatavari, Ashoka, Cinnamon, Yasthimadhu, Aloe vera, Suddha Kasis, Hindu",,
https://www.1mg.com/otc/capsitop-gel-otc257203,Capsitop Gel,Stedman Pharmaceuticals Pvt Ltd,,"Diclofenac, Capsaicin, Methyl Salicylate, Menthol, Menthol present in the gel also provided the affected area with a cooling effect, The antipyretic ingredients, helps to eventually bring down the fever as well, The formulation is used for alleviating pain due to kidney stones, cancer, sprains, and strains, It comes with Capsaicin, an important component present in chillies, is medically prescribed for neuropathic pain associated with postherpetic neuralgia and arthritis",Massage generously in circular motion on affected areas,"Incase of allergic response, discontinue to use the product"
https://www.1mg.com/otc/moov-cool-therapy-gel-otc964102,Moov Cool Therapy Gel,Reckitt Benckiser Healthcare Pvt. Ltd.,,"Each gram of gel contains: Pudina Satva (Mentha piperita) extract (Aerial parts of plant) 8.0% w/w, Preservative: Benzyl Alcohol IP, Colouring Agents: Brilliant Blue FCF, Tartrazine Yellow., Gel., 20g.",Apply a thin film of the gel to the affected area and massage gently. Repeat 3-4 times daily for best results.,
https://www.1mg.com/otc/adel-27-inflamyar-drop-otc326093,,Adel Pekana Germany,,,,
https://www.1mg.com/otc/sat-kartar-ortho-pain-care-joints-pain-relief-kit-otc867051,Sat Kartar Ortho Pain Care Joints & Pain Relief Kit,Sat Kartar Shopping Pvt Ltd,,"Ashwagandha, Babul, Arand, Mahnarayan, Kapoor, Ajowan, Clove, Til oil, The products stimulate and accelerate blood circulation near joints, They help to relieve joint pain and remove stiffness, They provide heat to joints, bones, muscles and ligaments and soothe inflammation, They can help improve mobility, flexibility, and overall joint health","Take 2 tablets in the morning after breakfast and 2 tablets in the evening after dinner, Take a few drops of the oil and apply on the affected part using smooth circular motion 3 times a day","Keep out of reach of children, Store in a cool and dry place, Read the label before use, Self-medication is not advisable, Do not exceed the recommended dosage"
https://www.1mg.com/otc/dr-willmar-schwabe-india-gelsemium-sempervirens-mother-tincture-q-otc390994,,Dr Willmar Schwabe India Pvt Ltd,,,,
https://www.1mg.com/otc/dr.-reckeweg-helleborus-niger-dilution-6-ch-otc374003,,Dr Reckeweg & Co,,,,
https://www.1mg.com/otc/volini-maxx-pain-relief-spray-for-back-neck-joint-muscle-pain-bone-joint-muscle-care-otc457560,Volini Maxx Spray,Sun Pharmaceutical Industries Ltd,,"Diclofenac Diethylamine IP Equivalent to Dicoflenac Sodium, Methyl Salicylate IP, Menthol IP, Provides instant pain relief and supports bone, joint and muscle care, A unique formulation of 2% diclofenac makes it 100% stronger than other sprays, Provides effective relief from severe neck and back pain, Helps in relieving musculoskeletal and joint pain, Effective in healing pain due to strain and sprain, Useful in case of sports injuries, Has a unique 360-degree delivery mechanism that ensures standardised drug delivery, It provides instant and long-lasting pain relief from knee pain, joint pain, back pain, calf pain, and neck pain","Shake well before each use. Spray the contents from 5 cm distance on the affected areas 3-4 times in a day or, as directed by the physician.","Read the label carefully before use, Store in a cool and dry place away from direct sunlight, Keep out of reach of the children, Do not exceed the recommended dosage, For external use only, Should be applied only to intact skin surfaces and not to skin wounds and open injuries, Should not come into contact with eyes, mucous membranes and should not be ingested, Store in a cool and dry place"
https://www.1mg.com/otc/bjain-eupatorium-perfoliatum-dilution-30c-otc438837,Bjain Eupatorium Perfoliatum Dilution,Bjain Pharmaceuticals Pvt. Ltd.,,,,
https://www.1mg.com/otc/pankajakasthuri-orthoherb-ayurvedic-oil-with-amla-for-joint-pain-relief-otc356687,Pankajakasthuri Orthoherb Oil,Pankajakasthuri Herbals India (P) Ltd.,,"Vasa (Adhatoda vasica, Rt, Dct), Eranda (Ricinus communis, Rt, Dct), Bilwa (Aegle marmelos, Rt, Dct), Thwak (Cinnamomum zeylanicum, St. Bk, Dct), Maricha (Piper nigrum, Dr. Fr, Dct), Lavanga (Syzygium aromaticum, Dr. Fr, Dct), Jati (Myristica fragrans, Pp, Dct), Pata (Cyclea peltata, Rt, Dct), Nimba (Azadirachta indica, Rt, bk, Dct), Sahachara (Strobilanthes ciliatus, Rt, Dct), Nirgundi (Vitex negundo, Lf, Dct), Bala (Sida retusa, Rt, Dct), Punarnava (Boerhavia diffusa, Pl, Dct), Gunja (Abrus precatorius, Rt, Dct), Dusparsa (Tragia involucrata, Rt, Dct) 2 g each. Amalaki (Phyllanthus emblica, Dr. Fr, Pst), Manjishta (Rubia cordifolia, Rt, Pst), Guggulu (Balsamodendron mukul, Lx, Pst), Chitraka (Plumbago zeylanica, Rt, Pst) 2.5 g each. Kera thaila (Cocos nucifera, Oil) 27.50 ml, Eranda thaila (Ricinus communis, Oil) 82.50 ml, Eucalyptus Oil (Eucalyptus globulus, Oil), 100 ml, Liquid, The oil has anti-inflammatory and analgesic properties, It imparts muscle tone and lubricates the joints, It also imparts firmness to the limbs, It can help stimulate circulation, It helps the lymphatic functioning for detoxification",,"Read the label carefully before use, Store in a cool and dry place, Keep out of reach of children"
https://www.1mg.com/otc/tynor-a-13-brace-long-type-special-otc345475,,Tynor Orthotics Pvt. Ltd.,,,,
https://www.1mg.com/otc/adel-natrum-silicicum-dilution-200-otc333416,ADEL Natrum Silicicum Dilution,Adel Pekana Germany,,"Natrum Silicatum, 10 ml, Liquid, Highly effective in restricting abnormal and profuse nose bleeding, Helps manage conditions of haemophilia such as longer bleeding periods after an injury, An excellent remedy to provide relief from symptoms of glandular infections, Used for high fever, sore throat and weakness associated with glandular infections, Relieves joint pains associated with weakened bone density, It can also be used to manage skin disorders such as eczema and psoriasis",Use as directed by a healthcare professional,"Read the label carefully before use, Store in a cool and dry place, Protect from direct sunlight, Avoid any strong smells in the mouth, such as coffee, onion, hing, mint, camphor, garlic, etc., while taking the medicine, Keep at least half an hour gap between food/drink / any other medicines and allopathic medicines"
https://www.1mg.com/otc/miduty-nerve-pain-relief-capsule-alpha-lipoic-acid-b-vitamins-neuropathy-support-otc918605,Miduty Nerve Pain Relief Capsule,Midvision Pvt Ltd,,,Use as directed on the label or as advised by your healthcare provider,
https://www.1mg.com/otc/sbl-sabadilla-dilution-3-ch-otc355939,SBL Sabadilla Dilution,SBL Pvt Ltd,,"30 ml, Liquid",,
https://www.1mg.com/otc/bjain-magnesium-phosphoricum-dilution-200-ch-otc438490,Bjain Cucurbita Pepo Dilution,Bjain Pharmaceuticals Pvt. Ltd.,,,Take 3-5 drops of the dilution in 1 teaspoon of water twice a day or as directed by the physician.,
https://www.1mg.com/otc/pravek-maha-balvardhak-oil-otc601978,Pravek Maha Balvardhak Oil,Pravek Kalp Private Limited,,,Massage adequate quantity of oil gently on the affected areas till it is absorbed. Use 2-3 times in a day for better results or as directed by the physician.,
https://www.1mg.com/otc/sbl-chininum-sulphuricum-dilution-6-ch-otc349122,SBL Chininum Sulphuricum Dilution,SBL Pvt Ltd,,,Take 3-5 drops of dilution in 1 teaspoon of water three times a day or as directed by the physician.,
https://www.1mg.com/otc/jiva-pain-calm-oil-pain-reliever-for-joint-pain-back-pain-frozen-shoulder-sprain-muscle-soreness-with-knee-cap-free-otc651981,Jiva Pain Calm Oil,Jiva Ayurvedic Pharmacy Ltd,,,,
https://www.1mg.com/otc/dr.-reckeweg-sabadilla-dilution-6-ch-otc375094,,Dr Reckeweg & Co,,,,
https://www.1mg.com/otc/volini-maxx-pain-relief-spray-for-back-neck-joint-muscle-pain-bone-joint-muscle-care-otc457561,Volini Maxx Spray,Sun Pharmaceutical Industries Ltd,,"Diclofenac Diethylamine IP Equivalent to Dicoflenac Sodium, Methyl Salicylate IP, Menthol IP, Provides instant pain relief and supports bone, joint and muscle care, A unique formulation of 2% diclofenac makes it 100% stronger than other sprays, Provides effective relief from severe neck and back pain, Helps in relieving musculoskeletal and joint pain, Effective in healing pain due to strain and sprain, Useful in case of sports injuries, Has a unique 360-degree delivery mechanism that ensures standardised drug delivery, It provides instant and long-lasting pain relief from knee pain, joint pain, back pain, calf pain, and neck pain","Shake well before each use. Spray the contents from 5 cm distance on the affected areas 3-4 times in a day or, as directed by the physician.","Read the label carefully before use, Store in a cool and dry place away from direct sunlight, Keep out of reach of the children, Do not exceed the recommended dosage, For external use only, Should be applied only to intact skin surfaces and not to skin wounds and open injuries, Should not come into contact with eyes, mucous membranes and should not be ingested, Store in a cool and dry place"
https://www.1mg.com/otc/bjain-arnica-montana-dilution-200c-otc433311,Bjain Arnica Montana Dilution,Bjain Pharmaceuticals Pvt. Ltd.,,,"10 to 15 drops in ¼ cup of water, two times a day, 10 minutes before or after meals or as prescribed by the physician.",
https://www.1mg.com/otc/dr.-reckeweg-hydrophobinum-dilution-30-ch-otc326730,,Dr Reckeweg & Co,,,,
https://www.1mg.com/otc/jiva-pain-calm-oil-pain-reliever-for-joint-pain-back-pain-frozen-shoulder-sprain-muscle-soreness-otc651626,Jiva Pain Calm Oil,Jiva Ayurvedic Pharmacy Ltd,,,,
https://www.1mg.com/otc/vissco-icecool-gel-pack-re-freezable-for-shoulder-back-pain-relief-small-otc344632,Vissco Activecool Open Re-Freezable Cold Pack H1034,Vissco Rehabilitation Aids Pvt. Ltd.,It gives orthopaedic support with cold compression.,"It assists in reducing inflammation and swelling, Helps to reduce muscle spasms, Useful in improving the recovery time, Easy to use, portable and effective in reducing swelling, Stays cool for a longer time, Sizes: Small and Universal, Dimensions: Regular- 24 x 12 cm","Place the gel pack in the refrigerator for 30 minutes, Once the gel is cool enough, place it over the affected areas","Read the label carefully before use, Keep away from direct contact with sunlight, Do not pierce, Do not expose to extensive heat, Not for consumption"
https://www.1mg.com/otc/sbl-helleborus-niger-dilution-30-ch-otc347854,SBL Helleborus Niger Dilution 200 CH,SBL Pvt Ltd,,"Provides relief from chronic headache, Reduces excessive salivation and bad breath, Helps in treating skin disorders such as itching and edema, Relieves pain in arms and legs, Helps in reducing depression and melancholic weeping, Reduces frequent urge to urinate",Dosage should be directed by the physician. It can be safely taken along with other allopathic medicines,"Read the label carefully before use, Keep out of the reach of children, Use under medical supervision, Do not exceed the recommended dosage, Maintain half an hour gap between food, drink and any other homoeopathic medicine, Avoid any strong smell in the mouth while taking medicine e.g. camphor, garlic, onion, coffee and hing, Store in a cool and dry place"
https://www.1mg.com/otc/moov-pain-relief-ointment-for-back-pain-joint-pain-knee-pain-muscle-pain-otc377375,"Moov Pain Relief Ointment for Back Pain, Joint Pain, Knee Pain, Muscle Pain",Reckitt Benckiser Healthcare Pvt. Ltd.,,"Ointment, 30g",,
https://www.1mg.com/otc/dr.-reckeweg-viola-odor-dilution-1000-ch-otc331503,Dr. Reckeweg Viola Odor Dilution,Dr Reckeweg & Co,,"Viola plant with alcohol, Liquid dilution, Helps relieve joint pain in hand, finger joints and shoulder muscles, It may relieve migraine headaches in the forehead, Helps reduce pain above the eyebrows, Helps in the management of vertigo",Use as directed by a healthcare professional,"Read the label carefully before use, Store in a cool and dry place, Protect from direct sunlight, Avoid any strong smells in the mouth, such as coffee, onion, hing, mint, camphor, garlic, etc., while taking the medicine, Keep at least half an hour gap between food/drink / any other medicines and allopathic medicines"
https://www.1mg.com/otc/bjain-aesculus-hippocastanum-dilution-6x-otc429163,Bjain Aesculus Hippocastanum Dilution,Bjain Pharmaceuticals Pvt. Ltd.,,,As directed by the physician,
https://www.1mg.com/otc/volini-pain-relief-gel-for-sprain-muscle-joint-neck-low-back-pain-bone-joint-muscle-care-otc138818,Volini Pain Relief Gel,Sun Pharmaceutical Industries Ltd,,"Diclofenac Diethylamine Equivalent to Diclofenac Sodium 1% w/w, Methyl Salicylate IP, Menthol IP, Virgin Linseed Oil BP, Preservative, Benzyl Alcohol IP, Gel Base, The spray can offer relief when in pain and supports bone, muscle and joint care., It is effective for pain in the joints, knees, back, shoulders, and neck, It can work great on sports injuries such as muscle pulls, sprains, and strain, It provides instant and long-lasting pain relief from knee pain, joint pain, back pain, calf pain, and neck pain","The Volini pain relief bottle should be shaken well before spraying, Hold the spray bottle at a 5cm distance from the affected area and spray, You can use the spray about three to four times daily or as recommened by your physician","Read the label carefully before use, Store in a cool and dry place, away from sunlight, Keep out of reach of children, The Volini pain relief spray is meant for external application only, Use Volini per the doctor’s guidance, and be careful not to use more than the given dosage, Do not use the spray on open wounds or surfaces of the skin that are ruptured, The spray should not be ingested or come in contact with the eyes and mucous membranes, Avoid using the spray near a naked flame, Do not burn or make a hole in the bottle even after the spray is over"
https://www.1mg.com/otc/dr-willmar-schwabe-india-cyclamen-europaeum-dilution-200-ch-otc401162,,Dr Willmar Schwabe India Pvt Ltd,,,,
https://www.1mg.com/otc/oppo-4091-cervical-collar-soft-xl-otc352961,,OPPO Medical Inc,,,,
https://www.1mg.com/otc/moon-herbal-pain-kill-tablet-otc573946,Moon Herbal Pain Kill Tablet,Moon Herbal Laboratories Pvt Ltd,,"Ashwagandha (withania somnifera) root 20mg, Suranjan talkh, Munaqqa, Haldi, Zafran, It helps prevent joint discomfort and muscular pain, It helps stimulate recovery and provides relief from acute joint pain, It also helps in conditions like sprains, strains, frozen shoulder, back pain, lumbago, and neuralgia, It helps reduce inflammation, muscle stiffness and soreness","As mentioned on the label, Or as advised by your healthcare practitioner","Read the label carefully before use, Store in a cool and dry place, away from sunlight, Keep out of reach of children"
https://www.1mg.com/otc/guapha-ayurveda-mahamrityunjya-ras-otc601393,Guapha Ayurveda Mahamrityunjya Ras,Gupta Ayurvedic Pharmacy Pvt Ltd,,"Hartal, Vatsanabh, Hingool, Katha, Satyanashi Swa-ras, It is used in the treatment of chronic intermittent fevers, It contains cardiac stimulant action, Useful in improving the immunity level of the body",1 to 2 tablets (125 to 250mg) in the morning and evening with honey or as directed by the physician.,"Read the label carefully before use, Store in a cool dry place away from direct sunlight, Keep out of reach of the children, Use under medical supervision, Do not exceed the recommended dose"
https://www.1mg.com/otc/dr-willmar-schwabe-india-natrum-salicylicum-dilution-200-ch-otc395033,Dr Willmar Schwabe India Natrum Salicylicum Dilution,Dr Willmar Schwabe India Pvt Ltd,,"Natrum Salicylicum, Effective in reducing severe headache with vertigo and loss of consciousness, Useful in treating eye infections including inflammation and pain in the eyes, It can also be used for treating ear infections along with deafness and auditory vertigo, Helpful in treating conditions of heavy breathing and rapid pulse rate, Helpful in treating skin disorders such as eczema, itchiness and blisters",Take 3-5 drops of dilution in 1 teaspoon of water three times a day or as directed by the physician.,"Read the label carefully before use, Do not exceed the recommended dose, Keep out of the reach of children, Store in a cool dry place away from direct sunlight and heat"
https://www.1mg.com/otc/dr-willmar-schwabe-india-lupulus-dilution-6-ch-otc405125,,Dr Willmar Schwabe India Pvt Ltd,,,,
https://www.1mg.com/otc/lord-s-spondi-rite-drop-otc392934,Lords Spondi-Rite Drop,Lord's Homoeopathic Laboratory Pvt Ltd,,,,
https://www.1mg.com/otc/vashisht-arnica-gel-otc411837,,Vashisht Homoeopathic Pharmaceuticals,,,,
https://www.1mg.com/otc/tynor-d06-knee-cap-with-rigid-hinge-xxl-otc345604,Tynor D06 Knee Cap (with Rigid Hinge),Tynor Orthotics Pvt. Ltd.,This device is used to provide support and stability to the knee joint.,"1 U, Bi-Layered Fabric Construction:The knee support is made with a dual-layered fabric system – soft cotton on the inside for enhanced comfort and moisture absorption, and durable nylon on the outside for long-lasting use, Rigid Hinges for Stabilisation:Integrated rigid hinges allow controlled movement while providing necessary knee support. The free flexion movement supports natural mobility without over-restraining motion, Anti-Tourniquet Effect:The specialised design ensures adequate blood circulation, preventing excessive pressure on the knee joint. This helps in reducing discomfort from prolonged wear, Contoured Fit for Maximum Comfort:The anatomical shape provides a snug fit, adapting to the knee structure for enhanced stability and ease of movement, Versatile Usage:Suitable for individuals engaged in sports, running, weight training, or those seeking additional knee support in daily activities, Easy to Wear and Adjust:The flexible design allows easy application, and the material ensures a comfortable, non-slip fit, Available in Multiple Sizes:The knee support comes in five sizes, accommodating a wide range of knee measurements for an optimal fit","Measure mid-thigh circumference before selecting a size, Wear the knee support snugly around the knee joint, Ensure proper fit to allow free movement while providing stability","Read the label carefully before use, Store in a dry place away from direct sunlight, Avoid excessive tightening to maintain proper blood circulation, Keep out of reach of children"
https://www.1mg.com/otc/tynor-c-06-pouch-arm-sling-baggy-large-otc345570,Tynor C-06 Pouch Arm Sling (Baggy),Tynor Orthotics Pvt. Ltd.,It has been designed to cover the cast and give extra protection to the injured arm.,,Measure the circumference around the chest below the under arms and wear accordingly.,"Read the label carefully before use, Keep out of reach of the children, Store in a cool dry place"
https://www.1mg.com/otc/healing-pharma-orthojoint-oil-otc800067,Healing Pharma Orthojoint Oil,Healing Pharma India Pvt Ltd,,"Cinnamomum camphora oil, Mentha piperita oil, Pinus roxburghii oil, Gandhapura oil, The oil helps to manage joint disorders and relieve joint pain, It helps to prevent joint stiffness and immobility, The ingredients have anti-inflammatory properties and help to soothe inflammation, It helps protect the bones from degeneration and increase muscle strength","Pour a few drops on the affected area, Massage gently","Keep out of reach of children, Store in a cool and dry place, Read the label before use"
https://www.1mg.com/otc/deve-herbes-pure-linseed-cold-pressed-oil-otc396711,Deve Herbes Pure Linseed Oil,Deve Herbes,,"Pure Linseed Oil, It can lower the cholesterol levels and reduce the risk of heart disease, The linseed oil not only reduces inflammation in the joints, skin and kidneys, but also lowers cholesterol levels that may be elevated by the disease, The EFAs in linseed oil assist in the transmission of nerve impulses making the oil potentially valuable in treating conditions of numbness and tingling, Improves the uterine function and thus treats fertility problems",Dosage as directed by the physician.,"Use under medical supervision, Keep out of reach of children, Read the label carefully before use, Store in a cool and dry place away from sunlight and heat"
https://www.1mg.com/otc/bjain-galium-aparine-dilution-6x-otc711227,Bjain Galium Aparine Dilution,Bjain Pharmaceuticals Pvt. Ltd.,,,Take 3-5 drops of the dilution in 1 teaspoon of water twice a day or as directed by the physician.,
https://www.1mg.com/otc/tansukh-maharasnadi-kadha-otc673013,Tansukh Maharasnadi Kadha,Tansukh Herbals Pvt Ltd,,"Kachur, Devdaru, Bala, Haritaki, Purnarnava, Sonth, Nagarmotha, Ashwagandha, Saunf, Atees, It improves appetite and digestive fire and serves as a bitter tonic for ama, It prevents further degeneration of joints due to old age, Ayurvedic medicine to relieve acute as well as chronic pain, It also reduces bad cholesterol (LDL) and increases good cholesterol (HDL)",Read the label carefully before use.,"Read the label carefully before use, Store in a cool and dry place away from direct sunlight, Keep out of reach of children"
https://www.1mg.com/otc/flamingo-varicose-vein-stockings-medium-otc348775,Flamingo Varicose Vein Stockings,Ascent Meditech Limited,,"1 pair of stockings, Females",Use as per requirement,
https://www.1mg.com/otc/bjain-pimpinella-anisum-mother-tincture-q-otc445311,Bjain Pimpinella Anisum Mother Tincture,Bjain Pharmaceuticals Pvt. Ltd.,,,Bjain Pimpinella Anisum Mother Tincture should be taken 3-5 drops in half cup of water three times a day or as directed by the physician.,
https://www.1mg.com/otc/sloan-s-liniment-kills-pain-reduces-swelling-strengthens-muscles-ligaments-otc315107,Sloan's Liniment,Piramal Enterprises Ltd,,Oil,,
https://www.1mg.com/otc/jiva-pain-calm-oil-pain-reliever-for-joint-pain-back-pain-frozen-shoulder-sprain-muscle-soreness-otc329877,Jiva Pain Calm Oil,Jiva Ayurvedic Pharmacy Ltd,,,,
https://www.1mg.com/otc/dr.-johns-j-18-influenza-drop-otc387579,Indications:,Nanak Laboratories Pvt Ltd,,,,
https://www.1mg.com/otc/himalaya-rumalaya-pain-relief-gel-quick-relief-from-body-pain-ayurvedic-gel-otc90714,Himalaya Rumalaya Gel,Himalaya Wellness Company,,"30 gm, Gel",Apply a small quantity of the gel to the tender area and lightly massage it in or as directed by the physician.,
https://www.1mg.com/otc/bjain-galium-aparine-dilution-12-ch-otc711253,Bjain Galium Aparine Dilution,Bjain Pharmaceuticals Pvt. Ltd.,,,Take 3-5 drops of the dilution in 1 teaspoon of water twice a day or as directed by the physician.,
https://www.1mg.com/otc/sbl-gentiana-lutea-mother-tincture-q-otc348924,,SBL Pvt Ltd,,,,
https://www.1mg.com/otc/moov-cool-therapy-gel-otc964102,Moov Cool Therapy Gel,Reckitt Benckiser Healthcare Pvt. Ltd.,,"Each gram of gel contains: Pudina Satva (Mentha piperita) extract (Aerial parts of plant) 8.0% w/w, Preservative: Benzyl Alcohol IP, Colouring Agents: Brilliant Blue FCF, Tartrazine Yellow., Gel., 20g.",Apply a thin film of the gel to the affected area and massage gently. Repeat 3-4 times daily for best results.,
https://www.1mg.com/otc/baidyanath-jhansi-bilva-tail-otc610425,Baidyanath (Jhansi) Bilva Tail,Shree Baidyanath Ayurved Bhawan (P)Limited (Jhansi),,"Bilva, Gomutra, Aja ksheera, Til tail, This product can be used to remove wax from the ear canals, It can be used to reduce ear pain, hearing difficulties and tinnitus, This oil can be effective in dealing with deafness",Use as directed on the label or as advised by your healthcare provider,"Read the label carefully before use, Do not exceed the recommended dosage, Store in a cool and dry place away from direct sunlight, Keep out of reach of children"
https://www.1mg.com/otc/ciss-q-plus-tablet-otc323228,Ciss Q Plus Tablet,Aksigen Hospital Care,,"Cissus quadrangularis Lin extract, Tri basic calcium phosphate (equivalent to elemental calcium and elemental phosphorus, Withania somnifera extract, Ergocalciferol IP (vitamin D2), Manages the rate of healing of bones, Boosts bone strength and maintains respiratory health, Increases fracture healing rate, The formulation aids in managing weight, Assists in maintaining joint and bone health, Tablet.",As directed by the physician.,"Read the label carefully before use, Keep out of reach of the children, Do not exceed the recommended dose, Store in a cool dry place away from direct sunlight"
https://www.1mg.com/otc/dr-willmar-schwabe-india-salolum-dilution-12-ch-otc393198,Dr Willmar Schwabe India Salolum Dilution,Dr Willmar Schwabe India Pvt Ltd,,,Dosage should be directed by the physician,
https://www.1mg.com/otc/volini-maxx-pain-relief-spray-for-back-neck-joint-muscle-pain-bone-joint-muscle-care-otc457560,Volini Maxx Spray,Sun Pharmaceutical Industries Ltd,,"Diclofenac Diethylamine IP Equivalent to Dicoflenac Sodium, Methyl Salicylate IP, Menthol IP, Provides instant pain relief and supports bone, joint and muscle care, A unique formulation of 2% diclofenac makes it 100% stronger than other sprays, Provides effective relief from severe neck and back pain, Helps in relieving musculoskeletal and joint pain, Effective in healing pain due to strain and sprain, Useful in case of sports injuries, Has a unique 360-degree delivery mechanism that ensures standardised drug delivery, It provides instant and long-lasting pain relief from knee pain, joint pain, back pain, calf pain, and neck pain","Shake well before each use. Spray the contents from 5 cm distance on the affected areas 3-4 times in a day or, as directed by the physician.","Read the label carefully before use, Store in a cool and dry place away from direct sunlight, Keep out of reach of the children, Do not exceed the recommended dosage, For external use only, Should be applied only to intact skin surfaces and not to skin wounds and open injuries, Should not come into contact with eyes, mucous membranes and should not be ingested, Store in a cool and dry place"
https://www.1mg.com/otc/sbl-echinacea-angustrifolia-mother-tincture-q-otc338488,Krishna's Cholesterol Care Juice,SBL Pvt Ltd,,,,
https://www.1mg.com/otc/dr-willmar-schwabe-india-tabacum-mother-tincture-q-otc391609,,Dr Willmar Schwabe India Pvt Ltd,,,,
https://www.1mg.com/otc/pankajakasthuri-orthoherb-ayurvedic-oil-with-amla-for-joint-pain-relief-otc356687,Pankajakasthuri Orthoherb Oil,Pankajakasthuri Herbals India (P) Ltd.,,"Vasa (Adhatoda vasica, Rt, Dct), Eranda (Ricinus communis, Rt, Dct), Bilwa (Aegle marmelos, Rt, Dct), Thwak (Cinnamomum zeylanicum, St. Bk, Dct), Maricha (Piper nigrum, Dr. Fr, Dct), Lavanga (Syzygium aromaticum, Dr. Fr, Dct), Jati (Myristica fragrans, Pp, Dct), Pata (Cyclea peltata, Rt, Dct), Nimba (Azadirachta indica, Rt, bk, Dct), Sahachara (Strobilanthes ciliatus, Rt, Dct), Nirgundi (Vitex negundo, Lf, Dct), Bala (Sida retusa, Rt, Dct), Punarnava (Boerhavia diffusa, Pl, Dct), Gunja (Abrus precatorius, Rt, Dct), Dusparsa (Tragia involucrata, Rt, Dct) 2 g each. Amalaki (Phyllanthus emblica, Dr. Fr, Pst), Manjishta (Rubia cordifolia, Rt, Pst), Guggulu (Balsamodendron mukul, Lx, Pst), Chitraka (Plumbago zeylanica, Rt, Pst) 2.5 g each. Kera thaila (Cocos nucifera, Oil) 27.50 ml, Eranda thaila (Ricinus communis, Oil) 82.50 ml, Eucalyptus Oil (Eucalyptus globulus, Oil), 100 ml, Liquid, The oil has anti-inflammatory and analgesic properties, It imparts muscle tone and lubricates the joints, It also imparts firmness to the limbs, It can help stimulate circulation, It helps the lymphatic functioning for detoxification",,"Read the label carefully before use, Store in a cool and dry place, Keep out of reach of children"
https://www.1mg.com/otc/renewa-soft-cervical-collar-otc491890,,Dr. Sayani's Health Care Pvt. Ltd.,,,,
https://www.1mg.com/otc/vissco-magnetic-back-support-0104-large-otc344520,,Vissco Rehabilitation Aids Pvt. Ltd.,,,,
https://www.1mg.com/otc/miduty-nerve-pain-relief-capsule-alpha-lipoic-acid-b-vitamins-neuropathy-support-otc918605,Miduty Nerve Pain Relief Capsule,Midvision Pvt Ltd,,,Use as directed on the label or as advised by your healthcare provider,
https://www.1mg.com/otc/bjain-bellis-perennis-dilution-30c-otc435116,Bjain Bellis Perennis Dilution,Bjain Pharmaceuticals Pvt. Ltd.,,,,
https://www.1mg.com/otc/vissco-spro-knee-cap-plus-knee-support-for-joint-pain-relief-sports-football-xl-otc448750,Vissco 2700 Pro Spro Knee Cap Plus,Vissco Rehabilitation Aids Pvt. Ltd.,It is primarily used to give support and stability to the knee.,,Use as per requirement or as directed by the physician.,"Read the label carefully before use, Store in a cool dry place away from direct sunlight, Keep out of reach of the children, Avoid physical damage"
https://www.1mg.com/otc/pravek-maha-balvardhak-oil-otc601978,Pravek Maha Balvardhak Oil,Pravek Kalp Private Limited,,,Massage adequate quantity of oil gently on the affected areas till it is absorbed. Use 2-3 times in a day for better results or as directed by the physician.,
https://www.1mg.com/otc/sbl-bellis-perennis-dilution-30-ch-otc346011,SBL Bellis Perennis Dilution,SBL Pvt Ltd,,"It is primarily used for the treatment of injuries to soft tissue such as breasts and abdomen, Highly effective in the treatment of injuries to bones or sprains in the muscle tissue, It also helps in treating conditions related to internal bleeding during pregnancy, Effective in the treatment of varicose veins with bruises on the external surface, It helps in treating problems associated with pregnancy such as the inability to walk properly due to varicose veins",Take 3-5 drops in 1 teaspoon of water thrice a day or as directed by the physician.,"Read the label carefully before use, Do not exceed the recommended dose, Keep out of the reach of children, Use under medical supervision, Store in a cool dry place away from direct sunlight and heat"
https://www.1mg.com/otc/oppo-4091-cervical-collar-soft-large-otc352963,,OPPO Medical Inc,,,,
https://www.1mg.com/otc/jiva-pain-calm-oil-pain-reliever-for-joint-pain-back-pain-frozen-shoulder-sprain-muscle-soreness-with-knee-cap-free-otc651981,Jiva Pain Calm Oil,Jiva Ayurvedic Pharmacy Ltd,,,,
https://www.1mg.com/otc/lord-s-l-142-migraine-and-neuralgia-drop-otc449123,,Lord's Homoeopathic Laboratory Pvt Ltd,,,,
https://www.1mg.com/otc/orwalk-metatarsal-pad-otc491657,Orwalk Metatarsal Pad,Dr. Sayani's Health Care Pvt. Ltd.,To support the feet in extreme fatigue.,,Use as directed on the label or as advised by your physician.,"Read the label carefully before use, Do not exceed the recommended dosage, Store in a cool and dry place away from direct sunlight, Keep out of reach of children"
https://www.1mg.com/otc/volini-maxx-pain-relief-spray-for-back-neck-joint-muscle-pain-bone-joint-muscle-care-otc457561,Volini Maxx Spray,Sun Pharmaceutical Industries Ltd,,"Diclofenac Diethylamine IP Equivalent to Dicoflenac Sodium, Methyl Salicylate IP, Menthol IP, Provides instant pain relief and supports bone, joint and muscle care, A unique formulation of 2% diclofenac makes it 100% stronger than other sprays, Provides effective relief from severe neck and back pain, Helps in relieving musculoskeletal and joint pain, Effective in healing pain due to strain and sprain, Useful in case of sports injuries, Has a unique 360-degree delivery mechanism that ensures standardised drug delivery, It provides instant and long-lasting pain relief from knee pain, joint pain, back pain, calf pain, and neck pain","Shake well before each use. Spray the contents from 5 cm distance on the affected areas 3-4 times in a day or, as directed by the physician.","Read the label carefully before use, Store in a cool and dry place away from direct sunlight, Keep out of reach of the children, Do not exceed the recommended dosage, For external use only, Should be applied only to intact skin surfaces and not to skin wounds and open injuries, Should not come into contact with eyes, mucous membranes and should not be ingested, Store in a cool and dry place"
https://www.1mg.com/otc/sbl-cadmium-sulphuricum-dilution-200-ch-otc346060,SBL Cadmium Sulphuricum Dilution,SBL Pvt Ltd,,"Relieves, vertigo, head hammering and heated head conditions, Treats polyps and nose boils, Treats nasal bone ulcers, Treats opaque cornea and improves night visibility, Treats left side face paralysis, Relieves severe nausea, swallowing problem and chronic abdominal pain, Relieves sore throat and persistent sore tickling, Improves stool formation from black and foul smelling, Treats pus and blood mixed urine",Dosage should be directed by the physician,"Read the label carefully before use, Maintain 30 minutes gap between any food/ drink/any other medicine, Avoid any strong mouth smell during taking the medicine like garlic, coffee, camphor, etc, Do not exceed the recommended dose, Keep out of the reach of children"
https://www.1mg.com/otc/dr-willmar-schwabe-india-galium-aparine-dilution-30-ch-otc403176,,Dr Willmar Schwabe India Pvt Ltd,,,,
https://www.1mg.com/otc/jiva-pain-calm-oil-pain-reliever-for-joint-pain-back-pain-frozen-shoulder-sprain-muscle-soreness-otc651626,Jiva Pain Calm Oil,Jiva Ayurvedic Pharmacy Ltd,,,,
https://www.1mg.com/otc/bjain-eupatorium-perfoliatum-mother-tincture-q-otc445488,,Bjain Pharmaceuticals Pvt. Ltd.,,,,
https://www.1mg.com/otc/bjain-azadirachta-indica-dilution-3x-otc434112,Bjain Azadirachta Indica Dilution,Bjain Pharmaceuticals Pvt. Ltd.,,,As directed by the physician.,
https://www.1mg.com/otc/moov-pain-relief-ointment-for-back-pain-joint-pain-knee-pain-muscle-pain-otc377375,"Moov Pain Relief Ointment for Back Pain, Joint Pain, Knee Pain, Muscle Pain",Reckitt Benckiser Healthcare Pvt. Ltd.,,"Ointment, 30g",,
https://www.1mg.com/otc/tynor-a-12-ash-brace-hyper-extension-brace-large-otc345471,,Tynor Orthotics Pvt. Ltd.,,,,
https://www.1mg.com/otc/sbl-sabadilla-dilution-12-ch-otc355941,SBL Sabadilla Dilution,SBL Pvt Ltd,,"30 ml, Liquid",,
https://www.1mg.com/otc/volini-pain-relief-gel-for-sprain-muscle-joint-neck-low-back-pain-bone-joint-muscle-care-otc138818,Volini Pain Relief Gel,Sun Pharmaceutical Industries Ltd,,"Diclofenac Diethylamine Equivalent to Diclofenac Sodium 1% w/w, Methyl Salicylate IP, Menthol IP, Virgin Linseed Oil BP, Preservative, Benzyl Alcohol IP, Gel Base, The spray can offer relief when in pain and supports bone, muscle and joint care., It is effective for pain in the joints, knees, back, shoulders, and neck, It can work great on sports injuries such as muscle pulls, sprains, and strain, It provides instant and long-lasting pain relief from knee pain, joint pain, back pain, calf pain, and neck pain","The Volini pain relief bottle should be shaken well before spraying, Hold the spray bottle at a 5cm distance from the affected area and spray, You can use the spray about three to four times daily or as recommened by your physician","Read the label carefully before use, Store in a cool and dry place, away from sunlight, Keep out of reach of children, The Volini pain relief spray is meant for external application only, Use Volini per the doctor’s guidance, and be careful not to use more than the given dosage, Do not use the spray on open wounds or surfaces of the skin that are ruptured, The spray should not be ingested or come in contact with the eyes and mucous membranes, Avoid using the spray near a naked flame, Do not burn or make a hole in the bottle even after the spray is over"
https://www.1mg.com/otc/akromed-ashtdard-pain-relief-oil-otc517415,Akromed ashtdard pain relief oil,Akromed Pharmaceuticals Pvt Ltd,,"Shallaki, Tejpatra, Lavang, Gandhpura, Shunthi, Mirch, Mahanarayana, Haldi, Nilgiri, Kapoor, It is a user-friendly product that quickly gets absorbed and helps in relieving joint pain and stiffness, Helpful in relieving pain due to sprains and strains, Beneficial for muscular pain, Aids in reducing stiffness of joints",Apply 5 ml to 10 ml of oil to the affected area and massage gently twice a day or as directed by the physician,"Keep it out of the reach of children, Kindly consult your physician before you use it, Do not exceed the recommended usage, Do not use it if any underlying condition exists, For external use only, This product is not intended to cure or prevent any diseases"
https://www.1mg.com/otc/dr-willmar-schwabe-india-ferrum-tartaricum-dilution-30-ch-otc403001,,Dr Willmar Schwabe India Pvt Ltd,,,,
https://www.1mg.com/otc/hicks-c-19-comfort-hot-water-bottle-super-deluxe-otc418547,Hicks C-19 Comfort Hot Water Bottle Super Deluxe,Hicks Thermometers India Limited,"The hot water bottle effectively relieves joint pains, muscular cramps, menstrual pains, stomach, backaches and arthritic and rheumatic pains and helps you relax.","Made with a high-quality rubber that can resist hot water pressure, Provides relief from joint aches and muscular pains, Keeps the water hot for a longer time, Leak-proof:Yes, Small and compact design makes it handy and easy to carry, Can be used as a bed warmer","Do not use boiling water when filling the bottle, Fill the bottle to a maximum of two-thirds capacities, Check the bottle for any leakage by holding the bottle in an upside-down position, Expel air by lowering carefully on a flat surface until water appears at the opening, Screw the cap tightly to ensure that there is no leakage","Never fill the bottle with boiling water, Read the label carefully before use, Keep out of reach of the children, Store in a cool and dry place"
https://www.1mg.com/otc/sbl-sabadilla-dilution-1000-ch-otc348621,SBL Sabadilla Dilution,SBL Pvt Ltd,,"30 ml, Liquid",,
https://www.1mg.com/otc/swadeshi-kastoori-oil-otc357033,,Swadeshi Ayurved,,,,
https://www.1mg.com/otc/aurthot-abdominal-belt-tummy-tucker-medium-otc389297,Aurthot Abdominal Belt/Tummy Tucker,Aurthot Surgicals (OPC) Private Limited,"It is used for figure maintenance, post-surgical support and back pain relief.","Available in sizes medium, large, XL and XXL, Extra strong highly porous three-panel elastic webbing for improved ventilation and comfort:The belt is designed with a three-panel elastic webbing that is both extra strong and highly porous. This design allows for improved ventilation and comfort during use, Hook loop closures for a perfect fitting:The belt features hook loop closures, which provide a secure and adjustable fit around the waist. This ensures that the belt fits snugly and comfortably, Made of flexible nylon splints to manage wrinkles, buckling, and rolling over:The belt is constructed with flexible nylon splints. This design feature helps to manage the belt from wrinkling, buckling, or rolling over during use, ensuring a smooth and comfortable fit, Highly porous orthopaedic panel elastic webbing:The belt utilizes highly porous orthopaedic panel elastic webbing, which further enhances ventilation and breathability","Wrap the belt around the waist, Connect the two ends, Adjust accordingly for perfect fitting","Read the manual carefully before use, Keep out of reach of the children, Hand wash with mild detergent, Do not dry clean, iron and bleach"
https://www.1mg.com/otc/dr-willmar-schwabe-india-ammonium-bromatum-dilution-12-ch-otc395770,Dr Willmar Schwabe India Ammonium Bromatum Dilution,Dr Willmar Schwabe India Pvt Ltd,,"Extra neutral alcohol, Genuine extracts of ammonium bromatum, Cures the symptoms of dry cough, Relieves frequent headaches and congestion of the head, Cures respiratory problems like sudden chocking episodes of cough, Controls tendency to obesity, Help get rid of irritability under fingernails, Relieves from constrictive pains",Take 3-5 drops of dilution in 1 teaspoon of water three times a day or as directed by a physician,"Read the label carefully before use, Do not exceed the recommended dose, Keep out of the reach of children, Store in a cool dry place away from direct sunlight"
https://www.1mg.com/otc/dr.-reckeweg-aconitum-napellus-dilution-30-ch-otc326806,Dr. Reckeweg Aconite Nap Dilution,Dr Reckeweg & Co,,"Extract of the plant monkshood, Ethanol, Remedy for anxiety, fear, anguish of body and mind, Helps in reliving heaviness and burning headache, Useful in vertigo, Reduces inflammation and irritation in the eyes, Useful in digestive disorders such as heaviness and vomiting, Helps in treating inflammatory fever, Reduces bleeding of the nose, Provides relief from neuralgic pain in the face, Treats inflammation and congestion of the throat accompanied with burning pain, Helps in relieving severe cough with chest congestion, Useful in case of painful, scanty urination with a burning sensation in the bladder and urethra, Useful in treating epilepsy and hepatitis, Helpful in acute orchitis and dyspnea, Helps in the treatment of jaundice and pneumonia",Dosage should be directed by the physician.,"Read the label carefully before use, Use under medical supervision, Do not exceed the recommended dosage, Keep out of the reach of children, Store in a cool and dry place"
https://www.1mg.com/otc/dr.-reckeweg-theridion-curassavicum-dilution-30-ch-otc326379,Dr. Reckeweg Theridion Curassavicum Dilution,Dr Reckeweg & Co,,"Theridion Curassavicum, Liquid, The dilution may help in managing concerns associated with vertigo, It may help in managing nausea and vomiting on the slightest movement, This dilution can help reduce headaches when lying down and if others are walking on the floor and headaches that aggravate with the slightest movements, Dr. Reckeweg Theridion Curassavicum Dilution may help in managing seasickness and car sickness",,"Read the label carefully before use, Keep out of reach of children, Store in a cool and dry place, Do not exceed the recommended dosage"
https://www.1mg.com/otc/dr-willmar-schwabe-india-anilinum-dilution-30-ch-otc396046,,Dr Willmar Schwabe India Pvt Ltd,,,,
https://www.1mg.com/otc/aurthot-hinged-knee-support-brace-medium-otc389308,,Aurthot Surgicals (OPC) Private Limited,,,,
https://www.1mg.com/otc/anju-balm-otc506678,,Anju Pharmaceuticals,,,,
https://www.1mg.com/otc/balu-herbals-nirgundi-tailam-otc490791,Balu Herbals Nirgundi Tailam,Balu Herbals,,"Nirgundi svarasa(lf.), Taila, Langali mula(rt.), Alleviates pain and inflammation associated with joint pain, arthritis, and muscular discomfort, Helps relax tense muscles and promotes flexibility and mobility, Reduces inflammation in the body, providing relief from swelling and discomfort, Exhibits antiseptic properties, helping prevent infections and promote wound healing, Acts as a natural pain reliever, offering relief from headaches, migraines, and body aches, Enhances blood circulation, promoting better oxygen and nutrient delivery to tissues, May help alleviate symptoms of respiratory conditions such as asthma and bronchitis, Soothes skin irritations and rashes, promoting a healthy and clear complexion",Apply externally on affected areas twice a day or directed by the vaidya.,"Store in a cool and dry place away from direct sunlight, Read the product label carefully before use, Keep out of reach of children"
https://www.1mg.com/otc/yuvika-samunder-fan-samunder-jhaag-sepiae-os-otc520300,Yuvika Samunder Fan - Samunder Jhaag - Sepiae Os,DKC AGROTECH PVT. LTD.,,"Samudri jhaag, It helps in rejuvenating your health and makes your bones stronger, It is beneficial for your skin as it makes it soft and healthy, It caters to digestive issues and promotes a healthy gut, It helps eliminate gas accumulation in the body",As mentioned on the label or as advised by your healthcare practitioner,"Read the label carefully before use, Store in a cool and dry place, away from sunlight, Keep out of reach of children"
https://www.1mg.com/otc/dhootapapeshwar-svarna-vasant-malati-premium-quality-suvarnakalpa-otc393296,Dhootapapeshwar Svarna Vasant Malati Premium Quality Suvarnakalpa,Shree Dhootapapeshwar Ltd,,"Svarna Vasant Malati, Can help to soothe the symtoms of cold and cough, It can help manage body temperature and relieves symtoms of fever, Can help in the management of body pain",,"Read the label carefully before use, Store in a cool and dry place, away from sunlight, Avoid eating tobacco or drinking alcohol during the course, Keep out of the reach of children, Use under medical supervision"
https://www.1mg.com/otc/sloan-s-liniment-kills-pain-reduces-swelling-strengthens-muscles-ligaments-otc315107,Sloan's Liniment,Piramal Enterprises Ltd,,Oil,,
https://www.1mg.com/otc/jiva-pain-calm-oil-pain-reliever-for-joint-pain-back-pain-frozen-shoulder-sprain-muscle-soreness-otc329877,Jiva Pain Calm Oil,Jiva Ayurvedic Pharmacy Ltd,,,,
https://www.1mg.com/otc/tynor-d-02-ankle-brace-large-otc345577,Tynor D-02 Ankle Brace,Tynor Orthotics Pvt. Ltd.,It provides support to the ankle after early cast removal and helpful for supporting soft tissue and ligament during injuries near the ankle.,,Use as directed by the health-care professional.,"Read the label carefully before use, Keep out of reach of the children, Store in a cool dry place"
https://www.1mg.com/otc/himalaya-rumalaya-pain-relief-gel-quick-relief-from-body-pain-ayurvedic-gel-otc90714,Himalaya Rumalaya Gel,Himalaya Wellness Company,,"30 gm, Gel",Apply a small quantity of the gel to the tender area and lightly massage it in or as directed by the physician.,
https://www.1mg.com/otc/sbl-morphinum-muriaticum-dilution-1000-ch-otc354781,SBL Morphinum Muriaticum Dilution,SBL Pvt Ltd,,"A Good homeopathic remedy for vertigo, headache and sudden rushing of the blood in the head, Accelerated pulse and itching of the skin is controlled, It helps to control and reduces the frequent vomiting and constipation",Use as directed by the physician,"Read the label carefully before use, Avoid eating tobacco or drinking alcohol during the course, Keep out of the reach of children, Use under medical supervision, Avoid any strong smell in the mouth such as coffee, onion, hing, mint, camphor, garlic etc while taking the medicine, Keep at least half an hour gap between food/drink/ any other medicines and allopathic medicine"
https://www.1mg.com/otc/viaggi-inflatable-travel-neck-pillow-otc510160,Viaggi Inflatable Travel Neck Pillow,Siddhivinayak Enterprises,It is used to provide comfort to the neck area and helps to reduce the pain.,,Use as directed by the manual.,"Read the label carefully before use, Store in a cool dry place away from direct sunlight, Keep out of reach of the children, Avoid physical damage"
https://www.1mg.com/otc/moov-cool-therapy-gel-otc964102,Moov Cool Therapy Gel,Reckitt Benckiser Healthcare Pvt. Ltd.,,"Each gram of gel contains: Pudina Satva (Mentha piperita) extract (Aerial parts of plant) 8.0% w/w, Preservative: Benzyl Alcohol IP, Colouring Agents: Brilliant Blue FCF, Tartrazine Yellow., Gel., 20g.",Apply a thin film of the gel to the affected area and massage gently. Repeat 3-4 times daily for best results.,
https://www.1mg.com/otc/rex-halwa-gheekawar-otc415556,Rex Halwa Gheekawar,Rex (U&A) Remedies Pvt. Ltd.,,"Asgandh Nagori, Elaichi Khurd, Aanba Haldi, Talmakhana, Taj, Salab Misri, Khulanjan, Darchini, Zanjabeel, Satawar, Shaqaqul Misri, Qaranfal, Qust Shirin, Malkangni, Majeeth, Maghz Akrot, Maghz Badam Shirin, Maghz Narjeel, Musli Safassist, Musli Sainbhal, Gheekwar Sabz, Ghee, Shakar Safassist, Khoya, Khajoor, Massista Gandum, Arq Keora, Sat Loban, Sat Leemun, 500 grams, Paste, Rex Halwa Gheekawar offers several health benefits, especially during the winter season, It is known for supporting respiratory comfort, potentially providing relief from occasional cough, The formulation has anti-inflammatory properties, which can help manage joint swelling and support comfort in individuals with joint disease, It is also helpful in easing backache and lumbago, providing soothing relief, The active herbal ingredients in Rex Halwa Gheekawar may help promote healthy blood circulation, assisting in the management of aches and pains associated with joint stiffness, It also supports digestive health, making it a comprehensive product for multiple wellness needs",,"Read the label carefully before use, Store in a cool, dry place away from direct sunlight, Keep out of reach of children, Self-medication is not recommended; consult a healthcare professional before use"
https://www.1mg.com/otc/sbl-tellurium-dilution-1000-ch-otc348848,SBL Tellurium Dilution,SBL Pvt Ltd,,Liquid,,
https://www.1mg.com/otc/bjain-aesculus-hippocastanum-dilution-200c-otc429185,Bjain Aesculus Hippocastanum Dilution,Bjain Pharmaceuticals Pvt. Ltd.,,,As directed by the physician,
https://www.1mg.com/otc/volini-maxx-pain-relief-spray-for-back-neck-joint-muscle-pain-bone-joint-muscle-care-otc457560,Volini Maxx Spray,Sun Pharmaceutical Industries Ltd,,"Diclofenac Diethylamine IP Equivalent to Dicoflenac Sodium, Methyl Salicylate IP, Menthol IP, Provides instant pain relief and supports bone, joint and muscle care, A unique formulation of 2% diclofenac makes it 100% stronger than other sprays, Provides effective relief from severe neck and back pain, Helps in relieving musculoskeletal and joint pain, Effective in healing pain due to strain and sprain, Useful in case of sports injuries, Has a unique 360-degree delivery mechanism that ensures standardised drug delivery, It provides instant and long-lasting pain relief from knee pain, joint pain, back pain, calf pain, and neck pain","Shake well before each use. Spray the contents from 5 cm distance on the affected areas 3-4 times in a day or, as directed by the physician.","Read the label carefully before use, Store in a cool and dry place away from direct sunlight, Keep out of reach of the children, Do not exceed the recommended dosage, For external use only, Should be applied only to intact skin surfaces and not to skin wounds and open injuries, Should not come into contact with eyes, mucous membranes and should not be ingested, Store in a cool and dry place"
https://www.1mg.com/otc/dr.-reckeweg-natrum-arsenicum-dilution-30-ch-otc326622,Dr. Reckeweg Natrum Arsenicum Dilution,Dr Reckeweg & Co,,"Natrum Arsenicosum, 11ml, Liquid dilution, It is incredibly successful in dealing with frontal headaches accompanied by strained eyes, It deals with runny and blocked noses and reduces the development of crusts inside the nose, A great solution for eyelid irritation and conjunctivitis, It reduces chest tightness and phlegm-producing cough, It can also be used to deal with rheumatism, It offers efficient solution for shoulder and joint pain",,"Do not exceed the recommended dosage, Read the label carefully before use, Store in a cool dry place away from direct sunlight, Keep out of reach of children, Avoid any strong smell in the mouth such as coffee, onion, hing, mint, camphor, garlic etc. while taking the medicine, Keep at least half an hour gap between food/drink/ any other medicines and allopathic medicine"
https://www.1mg.com/otc/pankajakasthuri-orthoherb-ayurvedic-oil-with-amla-for-joint-pain-relief-otc356687,Pankajakasthuri Orthoherb Oil,Pankajakasthuri Herbals India (P) Ltd.,,"Vasa (Adhatoda vasica, Rt, Dct), Eranda (Ricinus communis, Rt, Dct), Bilwa (Aegle marmelos, Rt, Dct), Thwak (Cinnamomum zeylanicum, St. Bk, Dct), Maricha (Piper nigrum, Dr. Fr, Dct), Lavanga (Syzygium aromaticum, Dr. Fr, Dct), Jati (Myristica fragrans, Pp, Dct), Pata (Cyclea peltata, Rt, Dct), Nimba (Azadirachta indica, Rt, bk, Dct), Sahachara (Strobilanthes ciliatus, Rt, Dct), Nirgundi (Vitex negundo, Lf, Dct), Bala (Sida retusa, Rt, Dct), Punarnava (Boerhavia diffusa, Pl, Dct), Gunja (Abrus precatorius, Rt, Dct), Dusparsa (Tragia involucrata, Rt, Dct) 2 g each. Amalaki (Phyllanthus emblica, Dr. Fr, Pst), Manjishta (Rubia cordifolia, Rt, Pst), Guggulu (Balsamodendron mukul, Lx, Pst), Chitraka (Plumbago zeylanica, Rt, Pst) 2.5 g each. Kera thaila (Cocos nucifera, Oil) 27.50 ml, Eranda thaila (Ricinus communis, Oil) 82.50 ml, Eucalyptus Oil (Eucalyptus globulus, Oil), 100 ml, Liquid, The oil has anti-inflammatory and analgesic properties, It imparts muscle tone and lubricates the joints, It also imparts firmness to the limbs, It can help stimulate circulation, It helps the lymphatic functioning for detoxification",,"Read the label carefully before use, Store in a cool and dry place, Keep out of reach of children"
https://www.1mg.com/otc/viopatch-headache-relief-patch-otc873090,Viopatch Headache Relief Patch,Unexo Life Sciences Pvt. Ltd.,,"Gandhpura Oil (Oil of Wintergreen) (Gaultheria fragrantissima) 7%, Menthol (Mentha piperata) 7%, Camphor (Cinnamomum camphora) 7%, Eucalyptus Oil (Eucalyptus globulus) 1%, Clove Oil (Syzygium aromaticum), This patch provides instant and long-lasting relief, It is non-messy and non-greasy, It has natural actives, It is safe for use","1 to 2 patches can be applied to the affected area in a day, Ensure that the skin is dry before applying the patch, Pull the transparent release sheet apart from the cloth to leave a small area of exposed adhesive surface, Paste the exposed adhesive surface on the edge of the affected area, Pull the release sheet away from the exposed edge to paste the patch, Gently press the patch (especially on the edges) to ensure proper pasting, Please note that the patch once pulled off cannot be re-pasted, Or as advised by your healthcare practitioner","Read the label carefully before use, Store in a cool and dry place, away from sunlight, Keep out of reach of children, Do not apply on cuts and wounds"
https://www.1mg.com/otc/dr-willmar-schwabe-india-cinchona-officinalis-dilution-30-ch-otc399289,,Dr Willmar Schwabe India Pvt Ltd,,,,
https://www.1mg.com/otc/miduty-nerve-pain-relief-capsule-alpha-lipoic-acid-b-vitamins-neuropathy-support-otc918605,Miduty Nerve Pain Relief Capsule,Midvision Pvt Ltd,,,Use as directed on the label or as advised by your healthcare provider,
https://www.1mg.com/otc/dr-willmar-schwabe-india-pancreatinum-dilution-200-ch-otc394431,,Dr Willmar Schwabe India Pvt Ltd,,,,
https://www.1mg.com/otc/pravek-maha-balvardhak-oil-otc601978,Pravek Maha Balvardhak Oil,Pravek Kalp Private Limited,,,Massage adequate quantity of oil gently on the affected areas till it is absorbed. Use 2-3 times in a day for better results or as directed by the physician.,
https://www.1mg.com/otc/bioran-gel-otc278133,,Rusan Pharma Ltd,,,,
https://www.1mg.com/otc/bjain-syphillinum-dilution-30-ch-otc700189,Ortho-Aid Capsule,Bjain Pharmaceuticals Pvt. Ltd.,,,,
https://www.1mg.com/otc/jiva-pain-calm-oil-pain-reliever-for-joint-pain-back-pain-frozen-shoulder-sprain-muscle-soreness-with-knee-cap-free-otc651981,Jiva Pain Calm Oil,Jiva Ayurvedic Pharmacy Ltd,,,,
https://www.1mg.com/otc/sbl-manganum-oxydatum-nigrum-dilution-30-ch-otc354488,,SBL Pvt Ltd,,,,
https://www.1mg.com/otc/tynor-d-14-thigh-support-large-otc345618,Tynor D-14 Thigh Support,Tynor Orthotics Pvt. Ltd.,"It is a four-way stretchable weaving enhances comfort and compression, offers sturdiness, stability to thighs, reduces thigh pain symptoms and cramping.",,Use a directed by the health-care professional.,"Read the label carefully before use, Keep out of reach of the children, Store in a cool dry place"
https://www.1mg.com/otc/volini-maxx-pain-relief-spray-for-back-neck-joint-muscle-pain-bone-joint-muscle-care-otc457561,Volini Maxx Spray,Sun Pharmaceutical Industries Ltd,,"Diclofenac Diethylamine IP Equivalent to Dicoflenac Sodium, Methyl Salicylate IP, Menthol IP, Provides instant pain relief and supports bone, joint and muscle care, A unique formulation of 2% diclofenac makes it 100% stronger than other sprays, Provides effective relief from severe neck and back pain, Helps in relieving musculoskeletal and joint pain, Effective in healing pain due to strain and sprain, Useful in case of sports injuries, Has a unique 360-degree delivery mechanism that ensures standardised drug delivery, It provides instant and long-lasting pain relief from knee pain, joint pain, back pain, calf pain, and neck pain","Shake well before each use. Spray the contents from 5 cm distance on the affected areas 3-4 times in a day or, as directed by the physician.","Read the label carefully before use, Store in a cool and dry place away from direct sunlight, Keep out of reach of the children, Do not exceed the recommended dosage, For external use only, Should be applied only to intact skin surfaces and not to skin wounds and open injuries, Should not come into contact with eyes, mucous membranes and should not be ingested, Store in a cool and dry place"
https://www.1mg.com/otc/bjain-kali-carbonicum-dilution-1000-ch-otc709939,Bjain Kali Carbonicum Dilution,Bjain Pharmaceuticals Pvt. Ltd.,,,,
https://www.1mg.com/otc/jiva-pain-calm-oil-pain-reliever-for-joint-pain-back-pain-frozen-shoulder-sprain-muscle-soreness-otc651626,Jiva Pain Calm Oil,Jiva Ayurvedic Pharmacy Ltd,,,,
https://www.1mg.com/otc/dr-willmar-schwabe-india-cuprum-aceticum-dilution-30-ch-otc400722,,Dr Willmar Schwabe India Pvt Ltd,,,,
https://www.1mg.com/otc/dr-willmar-schwabe-india-cocculus-indicus-dilution-6-ch-otc400210,Dr Willmar Schwabe India Cocculus Indicus Dilution,Dr Willmar Schwabe India Pvt Ltd,,"Cocculus natural extracts, Useful in the management of vertigo and headache while travelling, Useful against epilepsy, Relieves painful deformities of the limbs and trunk, Helps in management of paralysis of one side of the body with trembling and numbness of limbs, Reduces cracking sound made from the knees while walking, Reduces pain as from sharp stones when walking, Aversion to food and its smell, Helps in managing condition of heavy and painful periods in females","Take 3-5 drops twice or thrice a day, or as prescribed by the physician.","Read the label carefully, Self medication is not advised, Do not exceed the recommended dosage, Keep out of the reach of children"
https://www.1mg.com/otc/moov-pain-relief-ointment-for-back-pain-joint-pain-knee-pain-muscle-pain-otc377375,"Moov Pain Relief Ointment for Back Pain, Joint Pain, Knee Pain, Muscle Pain",Reckitt Benckiser Healthcare Pvt. Ltd.,,"Ointment, 30g",,
https://www.1mg.com/otc/dr-willmar-schwabe-india-arsenicum-metallicum-dilution-6-ch-otc396909,,Dr Willmar Schwabe India Pvt Ltd,,,,
https://www.1mg.com/otc/volini-pain-relief-gel-for-sprain-muscle-joint-neck-low-back-pain-bone-joint-muscle-care-otc138818,Volini Pain Relief Gel,Sun Pharmaceutical Industries Ltd,,"Diclofenac Diethylamine Equivalent to Diclofenac Sodium 1% w/w, Methyl Salicylate IP, Menthol IP, Virgin Linseed Oil BP, Preservative, Benzyl Alcohol IP, Gel Base, The spray can offer relief when in pain and supports bone, muscle and joint care., It is effective for pain in the joints, knees, back, shoulders, and neck, It can work great on sports injuries such as muscle pulls, sprains, and strain, It provides instant and long-lasting pain relief from knee pain, joint pain, back pain, calf pain, and neck pain","The Volini pain relief bottle should be shaken well before spraying, Hold the spray bottle at a 5cm distance from the affected area and spray, You can use the spray about three to four times daily or as recommened by your physician","Read the label carefully before use, Store in a cool and dry place, away from sunlight, Keep out of reach of children, The Volini pain relief spray is meant for external application only, Use Volini per the doctor’s guidance, and be careful not to use more than the given dosage, Do not use the spray on open wounds or surfaces of the skin that are ruptured, The spray should not be ingested or come in contact with the eyes and mucous membranes, Avoid using the spray near a naked flame, Do not burn or make a hole in the bottle even after the spray is over"
https://www.1mg.com/otc/comprezon-classic-varicose-vein-stockings-class-1-below-knee-small-beige-otc390133,Comprezon Classic Varicose Vein Stockings Class 1 Below Knee,Dynamic Techno Medicals Pvt. Ltd.,It is primarily used to assist patients suffering from varicose veins and prevents pooling of blood.,,Use as per requirement or as directed by the physician.,
https://www.1mg.com/otc/organic-wellness-ow-heal-turmeric-c-capsule-otc357668,OW’Heal Turmeric C+ Capsule,Organic Wellness Products Private Limited,,"It has a healthy inflammation response and helps to promote healthy joints, Important for blood &and liver functions, Helps to improve the skin and digestion, Treats inflammations, joint & muscle pain",1-2 capsules with food and water twice a day for at least 3 months or as directed by a healthcare provider.,"Read the label carefully before use, Keep out of the reach of children, Use under medical supervision"
https://www.1mg.com/otc/shribhrigu-sandhivat-oil-otc413534,Shribhrigu Sandhivat Oil,Desons Therapeutics,,"Refer to the label, It is useful for muscle, joint stiffness and inflammation, It is beneficial for all types of pain, It is beneficial for joint pain, osteoarthritis, elbow pain and spondylitis",Use as directed on the label or as suggested by health care professionals.,"Store in a cool and dry place away from direct sunlight, Read the label carefully, Keep out of reach of children"
https://www.1mg.com/otc/dr-willmar-schwabe-india-kali-iodatum-dilution-10m-ch-otc404485,,Dr Willmar Schwabe India Pvt Ltd,,,,
https://www.1mg.com/otc/tynor-e-44-wrist-splint-with-thumb-small-otc345680,Tynor E-44 Wrist Splint With Thumb,Tynor Orthotics Pvt. Ltd.,It is an ideal brace for conditions where immobilization of wrist and thumb is required. The wrist can be maintained in the dorsiflexion and thumb in the abduction.,,Use a directed by the health-care professional.,"Read the label carefully before use, Keep out of reach of the children, Store in a cool dry place"
https://www.1mg.com/otc/tynor-j-15-neoprene-hinged-knee-wrap-medium-otc344162,Tynor J-15 Knee Wrap Hinged (Neoprene),Tynor Orthotics Pvt. Ltd.,It is used to provide support to knee joint and ligaments.,"Ensures customized compression, Easy application, better sizing flexibility, and better fitting, Ensures longer life, appealing aesthetics, and color fastness, Better body heat retention increases blood circulation for faster healing",Use as per requirement or as directed by the physician.,"Read the label carefully before use, Keep out of the reach of children, Store in a cool and dry place"
https://www.1mg.com/otc/avp-narayana-thailam-balm-for-knee-and-back-pain-otc761963,The Arya Vaidya Pharmacy (Coimbatore) Ltd Narayana Thailam Balm,The Arya Vaidya Pharmacy (Coimbatore) Ltd,,"Rasna, Pushkaramoola, Kushta, 80 years legacy: AVP, since 1943, has been a pioneer in Ayurveda medicine manufacturing, education and research. All products are produced in our GMP and ISO-certified manufacturing facilities under strict quality assurance mechanisms, Soothes inflamed joints and swellings: This balm also provides pain relief to inflamed and swollen joints. The herbs bala, kustha and ashwagandha combine to provide relief and respite from pain, Eases stiffness and pains: Neck, shoulder and back pain and stiffness have an underlying range of causes such as posture, award sleeping position, osteoarthritis, arthritis, sprains and muscle strain. This balm can effectively relieve and release the stiffness experienced in such conditions, Pains associated with arthritis: It can provide effective relief from pains suffered from arthritis from the properties of the herbs like alpinia galanga. This balm can be gently massaged over the aNew age Ayurveda product: The traditional narayana thailam (oil) is made into an easy-to-use, portable, spill-free balm format. It was made from natural and safe ayurvedic herbs and provided relief within minutes","External use only: Apply the balm to affected areas and gently massage it, Rest for a few minutes as you experience pain relief, It does not give a burning sensation when applied","Read the label carefully before use, Store in a cool and dry place, away from sunlight, Keep out of reach of children"
https://www.1mg.com/otc/sbl-orthomuv-syrup-otc329000,Liftage Anti Aging Serum,SBL Pvt Ltd,,"Dimethicone(and) Aqua (and) Glycerine (and) pentylene Glycol (an) Dimethicone/Vinyl Dimethicone Crosspolymer (and) Phenoxyethanol (and) Carbomer (and) Amodimethicone (and) Sodium Hydroxide (and) Disodium EDTA, Aqua (and) Dextran (and) Tripeptide-1, Palmitoyl Tripeptide-5 (and) Glycerine (and) aqua, Sorbitol (and) Aqua(and) Algae Extract, Maltodextrin (and) Swertia Chirata Extract, Carbomer, Vit-A Palmitate, Triethanolamine, Glycerine, Perfume",,
https://www.1mg.com/otc/bjain-calcarea-carbonica-dilution-200c-otc436440,Bjain Calcarea Carbonica Dilution,Bjain Pharmaceuticals Pvt. Ltd.,,,Take 3-5 drops of the dilution in 1 teaspoon of water twice a day or as directed by the physician.,
https://www.1mg.com/otc/dr-willmar-schwabe-india-anilinum-dilution-6-ch-otc396044,,Dr Willmar Schwabe India Pvt Ltd,,,,
https://www.1mg.com/otc/bjain-magnesium-phosphoricum-dilution-1000-ch-otc438489,Bjain Cucurbita Pepo Dilution,Bjain Pharmaceuticals Pvt. Ltd.,,,Take 3-5 drops of the dilution in 1 teaspoon of water twice a day or as directed by the physician.,
https://www.1mg.com/otc/sloan-s-liniment-kills-pain-reduces-swelling-strengthens-muscles-ligaments-otc315107,Sloan's Liniment,Piramal Enterprises Ltd,,Oil,,
https://www.1mg.com/otc/jiva-pain-calm-oil-pain-reliever-for-joint-pain-back-pain-frozen-shoulder-sprain-muscle-soreness-otc329877,Jiva Pain Calm Oil,Jiva Ayurvedic Pharmacy Ltd,,,,
https://www.1mg.com/otc/acupressure-mat-super-copper-otc518743,Acupressure Mat,Kapil Plastic Mould,It is used to provide relief in muscle strain and improves blood circulation.,"Provides relief in sciatica, leg pain, cramps, heel pain, knee pain, Used in the treatment of piles, migraine, sinus, insomnia, Facilitates relief in the case of constipation, gastric, acidity, diabetes, indigestion, Promotes active nervous system",Use as per requirement or as directed by the physician.,"Read the label carefully before use, Store in a cool dry place away from direct sunlight, Keep out of reach of the children, Avoid physical damage"
https://www.1mg.com/otc/himalaya-rumalaya-pain-relief-gel-quick-relief-from-body-pain-ayurvedic-gel-otc90714,Himalaya Rumalaya Gel,Himalaya Wellness Company,,"30 gm, Gel",Apply a small quantity of the gel to the tender area and lightly massage it in or as directed by the physician.,
https://www.1mg.com/otc/mohammedia-majun-e-kalonji-otc391754,Majun-E-Kalonji,Mohammedia Products,,"Kalonji, It fights acne and can fix many skin problems, Keeps a check on diabetes and also aids in losing weight, Increases memory and alleviates asthma, It helps in relieving the headaches, It eases joint pain, controls blood pressure and also protects the kidney",Take Majun-E-Kalonji as directed by the physician.,"Read the label carefully before use, Do not exceed the recommended dose, Keep out of the reach of children, Store in cool and dry place, Should be protected from direct light"
https://www.1mg.com/otc/bjain-natrum-salicylicum-dilution-6c-otc436625,Bjain Natrum Salicylicum Dilution,Bjain Pharmaceuticals Pvt. Ltd.,,Natrum Salicylicum,Take Bjain Natrum Salicylicum Dilution as directed by the physician.,
https://www.1mg.com/otc/moov-cool-therapy-gel-otc964102,Moov Cool Therapy Gel,Reckitt Benckiser Healthcare Pvt. Ltd.,,"Each gram of gel contains: Pudina Satva (Mentha piperita) extract (Aerial parts of plant) 8.0% w/w, Preservative: Benzyl Alcohol IP, Colouring Agents: Brilliant Blue FCF, Tartrazine Yellow., Gel., 20g.",Apply a thin film of the gel to the affected area and massage gently. Repeat 3-4 times daily for best results.,
https://www.1mg.com/otc/dr-willmar-schwabe-india-bacopa-monnieri-dilution-12-ch-otc397855,,Dr Willmar Schwabe India Pvt Ltd,,,,
https://www.1mg.com/otc/powell-s-masazol-massage-oil-otc388631,,Powell Laboratories Pvt Ltd,,,,
https://www.1mg.com/otc/dr.-reckeweg-camphora-dilution-200-ch-otc335794,Dr. Reckeweg Camphora Dilution,Dr Reckeweg & Co,,"Camphora, Dilution, Male/Female, May be effective in cold and helps relieve congestion in the nose, It may help in reducing dizziness, soreness and throbbing pain in the head, It is an effective remedy for respiratory issues and may help relieve congestion in the chest, May help relieve breathing difficulties along with severe palpitation and dry, violent cough, May help in relieving pains associated with joint conditions, Contains antispasmodic properties, May be useful in easing muscle cramps and helps provide relief from high body temperature",Use as directed by the physician.,"Store in a cool and dry place away from direct sunlight, Read the product label carefully before use, Keep out of reach of children, Do not exceed the recommended dosage"
https://www.1mg.com/otc/volini-maxx-pain-relief-spray-for-back-neck-joint-muscle-pain-bone-joint-muscle-care-otc457560,Volini Maxx Spray,Sun Pharmaceutical Industries Ltd,,"Diclofenac Diethylamine IP Equivalent to Dicoflenac Sodium, Methyl Salicylate IP, Menthol IP, Provides instant pain relief and supports bone, joint and muscle care, A unique formulation of 2% diclofenac makes it 100% stronger than other sprays, Provides effective relief from severe neck and back pain, Helps in relieving musculoskeletal and joint pain, Effective in healing pain due to strain and sprain, Useful in case of sports injuries, Has a unique 360-degree delivery mechanism that ensures standardised drug delivery, It provides instant and long-lasting pain relief from knee pain, joint pain, back pain, calf pain, and neck pain","Shake well before each use. Spray the contents from 5 cm distance on the affected areas 3-4 times in a day or, as directed by the physician.","Read the label carefully before use, Store in a cool and dry place away from direct sunlight, Keep out of reach of the children, Do not exceed the recommended dosage, For external use only, Should be applied only to intact skin surfaces and not to skin wounds and open injuries, Should not come into contact with eyes, mucous membranes and should not be ingested, Store in a cool and dry place"
https://www.1mg.com/otc/pankajakasthuri-orthoherb-ayurvedic-oil-with-amla-for-joint-pain-relief-otc356687,Pankajakasthuri Orthoherb Oil,Pankajakasthuri Herbals India (P) Ltd.,,"Vasa (Adhatoda vasica, Rt, Dct), Eranda (Ricinus communis, Rt, Dct), Bilwa (Aegle marmelos, Rt, Dct), Thwak (Cinnamomum zeylanicum, St. Bk, Dct), Maricha (Piper nigrum, Dr. Fr, Dct), Lavanga (Syzygium aromaticum, Dr. Fr, Dct), Jati (Myristica fragrans, Pp, Dct), Pata (Cyclea peltata, Rt, Dct), Nimba (Azadirachta indica, Rt, bk, Dct), Sahachara (Strobilanthes ciliatus, Rt, Dct), Nirgundi (Vitex negundo, Lf, Dct), Bala (Sida retusa, Rt, Dct), Punarnava (Boerhavia diffusa, Pl, Dct), Gunja (Abrus precatorius, Rt, Dct), Dusparsa (Tragia involucrata, Rt, Dct) 2 g each. Amalaki (Phyllanthus emblica, Dr. Fr, Pst), Manjishta (Rubia cordifolia, Rt, Pst), Guggulu (Balsamodendron mukul, Lx, Pst), Chitraka (Plumbago zeylanica, Rt, Pst) 2.5 g each. Kera thaila (Cocos nucifera, Oil) 27.50 ml, Eranda thaila (Ricinus communis, Oil) 82.50 ml, Eucalyptus Oil (Eucalyptus globulus, Oil), 100 ml, Liquid, The oil has anti-inflammatory and analgesic properties, It imparts muscle tone and lubricates the joints, It also imparts firmness to the limbs, It can help stimulate circulation, It helps the lymphatic functioning for detoxification",,"Read the label carefully before use, Store in a cool and dry place, Keep out of reach of children"
https://www.1mg.com/otc/lookman-e-hayat-tel-for-minor-cuts-burns-injuries-swelling-sprain-pain-wound-swelling-otc393724,Lookman-E-Hayat Tel,M U Amrelia,,"Guggal (Commiphora Mukul), Til Oil (Sesamum Indicum), Lookman-E-Hayat Tel promotes speedy recovery from burns, cuts, and injuries, It helps fade burn marks and scars for smoother skin, It alleviates discomfort and swelling associated with burns or cuts, Suitable for a wide range of physical ailments","Apply on the affected area, Or as advised by your healthcare practitioner","Read the label carefully before use, Store in a cool and dry place, away from sunlight, Keep out of reach of children"
https://www.1mg.com/otc/miduty-nerve-pain-relief-capsule-alpha-lipoic-acid-b-vitamins-neuropathy-support-otc918605,Miduty Nerve Pain Relief Capsule,Midvision Pvt Ltd,,,Use as directed on the label or as advised by your healthcare provider,
https://www.1mg.com/otc/bioforce-blooume-29-rheumasan-drop-otc326958,Bioforce Blooume 29 Rheumasan Drop,Bioforce,,"Apocynum 6x, Bryonia Alba 3x, Ledum Palustre 3x, Rhus Toxicodendron 30x, Solidago Virgaurea 1x, Veratrum Viride 6x, Xanthoxylum Fraxineum 3x., Drops, Male/Female, Rhus toxicodendron and ledum palustre, known for their anti-inflammatory properties, help reduce swelling and pain in the joints, Bryonia alba and veratrum viride work effectively to alleviate pain associated with rheumatic conditions, Apocynum and xanthoxylum fraxineum help improve blood circulation and reduce joint stiffness, The formulation helps improve muscle health by relieving muscle pain and cramps","Adults:20 drops in a tablespoon of water, 1/2 an hour before eating, 3 to 5 times daily or as directed by the physician, Children:Half the adult dose or as directed by the physician","Store in a cool and dry place away from direct sunlight, Read the product label carefully before use, Keep out of reach of children, Do not exceed the recommended dosage"
https://www.1mg.com/otc/sbl-baptisia-tinctoria-dilution-30-ch-otc345998,SBL Baptisia Tinctoria Dilution,SBL Pvt Ltd,,,Take 3-5 drops of dilution in 1 teaspoon of water thrice a day or as directed by the physician.,
https://www.1mg.com/otc/pravek-maha-balvardhak-oil-otc601978,Pravek Maha Balvardhak Oil,Pravek Kalp Private Limited,,,Massage adequate quantity of oil gently on the affected areas till it is absorbed. Use 2-3 times in a day for better results or as directed by the physician.,
https://www.1mg.com/otc/sbl-lobelia-inflata-dilution-30-ch-otc348181,,SBL Pvt Ltd,,,,
https://www.1mg.com/otc/dr.-reckeweg-lachnanthes-dilution-10m-ch-otc374345,,Dr Reckeweg & Co,,,,
https://www.1mg.com/otc/jiva-pain-calm-oil-pain-reliever-for-joint-pain-back-pain-frozen-shoulder-sprain-muscle-soreness-with-knee-cap-free-otc651981,Jiva Pain Calm Oil,Jiva Ayurvedic Pharmacy Ltd,,,,
https://www.1mg.com/otc/sbl-plumbago-littoralis-dilution-200-ch-otc356273,SBL Plumbago Littoralis Dilution,SBL Pvt Ltd,,"Plumbago littoralis, Helpful in easing sore throat, headache and rib pain, Helps to relieve ear pain and ringing of ears, Effective for providing relief from eye inflammation, Helps to ease the bitter taste felt in the mouth",Use as directed by the physician,"Store in a cool and dry place away from direct sunlight, Read the product label carefully before use, Keep out of reach of children, Do not exceed the recommended dosage"
https://www.1mg.com/otc/sbl-calcarea-carbonica-0-4-lm-otc361647,,SBL Pvt Ltd,,,,
https://www.1mg.com/otc/volini-maxx-pain-relief-spray-for-back-neck-joint-muscle-pain-bone-joint-muscle-care-otc457561,Volini Maxx Spray,Sun Pharmaceutical Industries Ltd,,"Diclofenac Diethylamine IP Equivalent to Dicoflenac Sodium, Methyl Salicylate IP, Menthol IP, Provides instant pain relief and supports bone, joint and muscle care, A unique formulation of 2% diclofenac makes it 100% stronger than other sprays, Provides effective relief from severe neck and back pain, Helps in relieving musculoskeletal and joint pain, Effective in healing pain due to strain and sprain, Useful in case of sports injuries, Has a unique 360-degree delivery mechanism that ensures standardised drug delivery, It provides instant and long-lasting pain relief from knee pain, joint pain, back pain, calf pain, and neck pain","Shake well before each use. Spray the contents from 5 cm distance on the affected areas 3-4 times in a day or, as directed by the physician.","Read the label carefully before use, Store in a cool and dry place away from direct sunlight, Keep out of reach of the children, Do not exceed the recommended dosage, For external use only, Should be applied only to intact skin surfaces and not to skin wounds and open injuries, Should not come into contact with eyes, mucous membranes and should not be ingested, Store in a cool and dry place"
https://www.1mg.com/otc/dr.-reckeweg-angustura-v-dilution-30-ch-otc326904,Dr. Reckeweg Angustura V Dilution,Dr Reckeweg & Co,,"Angustura, Alcohol, Useful in treating abdominal problems like diarrhoea, Cures stiffness and tension of muscles and joints, Treats skin elements, Acts upon spinal motor nerves mucous membranes, Treats rheumatic affected bones, Helps get rid of headache with vertigo and flashes in front of eyes",Dosage should be directed by the physician. It can be taken along with other allopathic medicines.,"Read the label carefully before use, Do not exceed the recommended dosage, Keep out of the reach of children, Store in a cool dry place away from direct sunlight, Maintain half an hour gap between food,drink and any other medicines"
https://www.1mg.com/otc/jiva-pain-calm-oil-pain-reliever-for-joint-pain-back-pain-frozen-shoulder-sprain-muscle-soreness-otc651626,Jiva Pain Calm Oil,Jiva Ayurvedic Pharmacy Ltd,,,,
https://www.1mg.com/otc/bjain-magnesium-phosphoricum-dilution-10m-ch-otc438493,Bjain Cucurbita Pepo Dilution,Bjain Pharmaceuticals Pvt. Ltd.,,,Take 3-5 drops of the dilution in 1 teaspoon of water twice a day or as directed by the physician.,
https://www.1mg.com/otc/kerala-ayurveda-ksheerabala-thailam-for-vata-dosha-otc361185,Kerala Ayurveda Ksheerabala Thailam,Kerala Ayurveda Limited,,"Country mallow or bala, Cow milk, Sesame oil, Oil, Ksheerabala Thailam supports the well-being of muscles and joints, making it suitable for those experiencing discomfort, It is traditionally used in Ayurveda for promoting neurological well-being, This oil may also be applied for certain skin conditions, Crafted following the principles of Ayurveda, it provides a traditional approach to health and well-being",,"For external use only, Store in a cool, dry place, away from direct sunlight, Keep away from the reach of children"
https://www.1mg.com/otc/moov-pain-relief-ointment-for-back-pain-joint-pain-knee-pain-muscle-pain-otc377375,"Moov Pain Relief Ointment for Back Pain, Joint Pain, Knee Pain, Muscle Pain",Reckitt Benckiser Healthcare Pvt. Ltd.,,"Ointment, 30g",,
https://www.1mg.com/otc/medigrip-ayurvedic-pain-relief-patch-large-brown-otc831134,Medigrip Ayurvedic Pain Relief Patch,Precision Coatings Pvt Ltd,,"Gandpura talia, Pudina salva, Karpura, It helps provide relief from muscular and skeletal pain, It may reduce irritation and itching, Pudina helps induce a cooling effect","Clean aching part, Dry the area, Remove the release paper, Apply patch","Read the label carefully before use, Store in a cool and dry place away from direct sunlight, Keep it out of the reach of children, Apply only on uncut skin"
https://www.1mg.com/otc/sbl-penicillinum-dilution-30-ch-otc355656,,SBL Pvt Ltd,,,,
https://www.1mg.com/otc/volini-pain-relief-gel-for-sprain-muscle-joint-neck-low-back-pain-bone-joint-muscle-care-otc138818,Volini Pain Relief Gel,Sun Pharmaceutical Industries Ltd,,"Diclofenac Diethylamine Equivalent to Diclofenac Sodium 1% w/w, Methyl Salicylate IP, Menthol IP, Virgin Linseed Oil BP, Preservative, Benzyl Alcohol IP, Gel Base, The spray can offer relief when in pain and supports bone, muscle and joint care., It is effective for pain in the joints, knees, back, shoulders, and neck, It can work great on sports injuries such as muscle pulls, sprains, and strain, It provides instant and long-lasting pain relief from knee pain, joint pain, back pain, calf pain, and neck pain","The Volini pain relief bottle should be shaken well before spraying, Hold the spray bottle at a 5cm distance from the affected area and spray, You can use the spray about three to four times daily or as recommened by your physician","Read the label carefully before use, Store in a cool and dry place, away from sunlight, Keep out of reach of children, The Volini pain relief spray is meant for external application only, Use Volini per the doctor’s guidance, and be careful not to use more than the given dosage, Do not use the spray on open wounds or surfaces of the skin that are ruptured, The spray should not be ingested or come in contact with the eyes and mucous membranes, Avoid using the spray near a naked flame, Do not burn or make a hole in the bottle even after the spray is over"
https://www.1mg.com/otc/dr-willmar-schwabe-india-ferrum-phosphoricum-biochemic-tablet-30x-otc448600,Dr Willmar Schwabe India Ferrum Phosphoricum Biochemic Tablet,Dr Willmar Schwabe India Pvt Ltd,,,As directed by the physician,
https://www.1mg.com/otc/bjain-eucalyptus-globulus-dilution-6-ch-otc438797,Bjain Eucalyptus Globulus Dilution,Bjain Pharmaceuticals Pvt. Ltd.,,,,
https://www.1mg.com/otc/sbl-digitalinum-dilution-6-ch-otc352432,,SBL Pvt Ltd,,,,
https://www.1mg.com/otc/sbl-lachnanthes-tinctoria-dilution-3-ch-otc354046,SBL Lachnanthes Tinctoria Dilution,SBL Pvt Ltd,,"30 ml, Liquid",,
https://www.1mg.com/otc/allen-a29-sciatica-relief-drop-otc330400,Allen A29 Sciatica Relief Drops,Allen Homoeo & Herbal Products Ltd,,"Each 5ml contains:, Rhus Toxicodendron 1x - 1.00 ml, Ruta Graveolens 3x - 1.00 ml, Hypericum Perforatum 3x - 0.75 ml, Aconitum Napellus 3x - 0.75 ml, Colocynthis 3x - 0.75 ml, Gnaphalium Polycephalum 3x - 0.50 ml, In Aqua Destillata, 30 ml, Liquid, Allen A29 Sciatica Relief Drops may help to manage the sharp, shooting pain that often radiates from the lower back down to the legs, which is characteristic of sciatica, The formulation includes ingredients known for their anti-inflammatory properties, which may help reduce swelling and irritation around the sciatic nerve, offering relief from pain and discomfort, Regular use may assist in managing chronic sciatic pain, potentially reducing the frequency and severity of flare-ups, thus improving mobility and quality of life, This homoeopathic remedy may also help in soothing nerve pain and muscular stiffness, which often accompany sciatica, thereby promoting better flexibility and comfort during movement, By addressing the underlying symptoms associated with sciatica, this product may contribute to an overall sense of well-being and reduced dependency on pain medications",,"Read the label carefully before use, Store in a cool and dry place, away from sunlight, Keep out of reach of children, Do not exceed the recommended dosage"
https://www.1mg.com/otc/medilexicon-rheumax-drop-otc402440,,Medilexicon,,,,
https://www.1mg.com/otc/renewa-simcan-comfort-socks-small-white-otc490600,,Dr. Sayani's Health Care Pvt. Ltd.,,,,
https://www.1mg.com/otc/wheezal-wl53-hydrocele-drop-otc387951,Wheezal WL53 Hydrocele Drop,Wheezal Homoeo Pharma,,"Apis Mellifica, Graphites, Iodum, Sulphur, Liquid, 30 ml, Adults, May help in easing hydrocele fluid retention by supporting the absorption of excess fluid from the hydrocele sac, May assist in easing further complications such as rupture, which can lead to infections, pain, and discomfort, May help in reducing the risk of calcification of the hydrocele sac, supporting the healing process and preventing hardening or stiffness in the affected area","Take 10-15 drops in some water, 4-5 times daily or as directed by a physician.","Store in a cool, dry, and dark place, Shake well before use, Keep out of the reach of children"
https://www.1mg.com/otc/jjw-mart-gorakhmundi-otc509682,,JJW & Brothers Pvt Ltd,,,,
https://www.1mg.com/otc/tynor-l-02-lumbo-sacral-belt-medium-otc345800,,Tynor Orthotics Pvt. Ltd.,,,,
https://www.1mg.com/otc/bjain-ratanhia-dilution-1000-ch-otc434491,Bjain Ratanhia Dilution,Bjain Pharmaceuticals Pvt. Ltd.,,Rhatany root,Take 5 drops in half cup of water three times a day or medicate the globules and take 3 times a day or as prescribed by the homeopathic practitioner.,
https://www.1mg.com/otc/repl-dr.-advice-no.64-multi-purpose-drop-otc339399,,Renovision Exports Pvt Ltd,,,,
https://www.1mg.com/otc/oppo-2022-elastic-knee-support-xxl-otc352949,,OPPO Medical Inc,,,,
https://www.1mg.com/otc/sbl-rhus-toxicodendron-0-4-lm-otc365083,,SBL Pvt Ltd,,,,
https://www.1mg.com/otc/sloan-s-liniment-kills-pain-reduces-swelling-strengthens-muscles-ligaments-otc315107,Sloan's Liniment,Piramal Enterprises Ltd,,Oil,,
https://www.1mg.com/otc/jiva-pain-calm-oil-pain-reliever-for-joint-pain-back-pain-frozen-shoulder-sprain-muscle-soreness-otc329877,Jiva Pain Calm Oil,Jiva Ayurvedic Pharmacy Ltd,,,,
https://www.1mg.com/otc/himalaya-rumalaya-pain-relief-gel-quick-relief-from-body-pain-ayurvedic-gel-otc90714,Himalaya Rumalaya Gel,Himalaya Wellness Company,,"30 gm, Gel",Apply a small quantity of the gel to the tender area and lightly massage it in or as directed by the physician.,
https://www.1mg.com/otc/tynor-d-25-anklet-comfeel-pair-small-otc335739,Tynor D-25 Anklet Comfeel (Pair),Tynor Orthotics Pvt. Ltd.,"Is knitted on 3-dimensional computer controlled circular looms, it conforms to the complex anatomy of the ankle with exactness.",,Use as per requirement or as directed by the physician.,
https://www.1mg.com/otc/accept-gel-otc138402,,Vivid Biotek Pvt Ltd,,,,
https://www.1mg.com/otc/moov-cool-therapy-gel-otc964102,Moov Cool Therapy Gel,Reckitt Benckiser Healthcare Pvt. Ltd.,,"Each gram of gel contains: Pudina Satva (Mentha piperita) extract (Aerial parts of plant) 8.0% w/w, Preservative: Benzyl Alcohol IP, Colouring Agents: Brilliant Blue FCF, Tartrazine Yellow., Gel., 20g.",Apply a thin film of the gel to the affected area and massage gently. Repeat 3-4 times daily for best results.,
https://www.1mg.com/otc/vaamveda-pain-haran-churna-135gm-each-otc943086,Vaamveda Pain Haran Churna,Vaamveda,,,,
https://www.1mg.com/otc/vissco-3d-knee-cap-with-donut-padding-knee-support-for-pain-relief-knee-injury-xxl-otc448670,Vissco 2705 Pro 3D Knee Cap with Donut Padding,Vissco Rehabilitation Aids Pvt. Ltd.,"Provides support for musculoskeletal health, vascular health and helps in pain management.","Fit:Ergonomic, Material:Cotton Elastic",Wear this compression sleeve as you would wear socks so that the broader end is above the knee.,"Read the label carefully before use, Keep out of the reach of children, Store in cool and dry place, Should be protected from sunlight"
https://www.1mg.com/otc/dr.-reckeweg-hypericum-per-dilution-1000-ch-otc335081,,Dr Reckeweg & Co,,,,
https://www.1mg.com/otc/volini-maxx-pain-relief-spray-for-back-neck-joint-muscle-pain-bone-joint-muscle-care-otc457560,Volini Maxx Spray,Sun Pharmaceutical Industries Ltd,,"Diclofenac Diethylamine IP Equivalent to Dicoflenac Sodium, Methyl Salicylate IP, Menthol IP, Provides instant pain relief and supports bone, joint and muscle care, A unique formulation of 2% diclofenac makes it 100% stronger than other sprays, Provides effective relief from severe neck and back pain, Helps in relieving musculoskeletal and joint pain, Effective in healing pain due to strain and sprain, Useful in case of sports injuries, Has a unique 360-degree delivery mechanism that ensures standardised drug delivery, It provides instant and long-lasting pain relief from knee pain, joint pain, back pain, calf pain, and neck pain","Shake well before each use. Spray the contents from 5 cm distance on the affected areas 3-4 times in a day or, as directed by the physician.","Read the label carefully before use, Store in a cool and dry place away from direct sunlight, Keep out of reach of the children, Do not exceed the recommended dosage, For external use only, Should be applied only to intact skin surfaces and not to skin wounds and open injuries, Should not come into contact with eyes, mucous membranes and should not be ingested, Store in a cool and dry place"
https://www.1mg.com/otc/vissco-0620-elbow-brace-small-otc344532,Vissco 0620 Elbow Brace,Vissco Rehabilitation Aids Pvt. Ltd.,"It is useful in treating chronic postoperative and posttraumatic inflammation and prevent tennis elbow, golfer’s elbow and rower’s elbow.","It provides support to weak and strained muscles and targets compression enabling pain relief, It applies pressure on specific areas to relieve tension at the tendon inserts, It product is skin friendly, It is made using crochet technology that allows for an air permeable fabric that gives a ventilating effect and reduces sweat, Provides soft support to the body while still allowing it to move, Fabrics are tested for anti-fungal and anti-bacterial properties, Fabric can be stretched in any direction instead of the previous horizontal stretch for better comfort and support",Use as directed by the physician.,"Store in a cool and dry place, Keep out of the reach of children, Read the manual carefully"
https://www.1mg.com/otc/pankajakasthuri-orthoherb-ayurvedic-oil-with-amla-for-joint-pain-relief-otc356687,Pankajakasthuri Orthoherb Oil,Pankajakasthuri Herbals India (P) Ltd.,,"Vasa (Adhatoda vasica, Rt, Dct), Eranda (Ricinus communis, Rt, Dct), Bilwa (Aegle marmelos, Rt, Dct), Thwak (Cinnamomum zeylanicum, St. Bk, Dct), Maricha (Piper nigrum, Dr. Fr, Dct), Lavanga (Syzygium aromaticum, Dr. Fr, Dct), Jati (Myristica fragrans, Pp, Dct), Pata (Cyclea peltata, Rt, Dct), Nimba (Azadirachta indica, Rt, bk, Dct), Sahachara (Strobilanthes ciliatus, Rt, Dct), Nirgundi (Vitex negundo, Lf, Dct), Bala (Sida retusa, Rt, Dct), Punarnava (Boerhavia diffusa, Pl, Dct), Gunja (Abrus precatorius, Rt, Dct), Dusparsa (Tragia involucrata, Rt, Dct) 2 g each. Amalaki (Phyllanthus emblica, Dr. Fr, Pst), Manjishta (Rubia cordifolia, Rt, Pst), Guggulu (Balsamodendron mukul, Lx, Pst), Chitraka (Plumbago zeylanica, Rt, Pst) 2.5 g each. Kera thaila (Cocos nucifera, Oil) 27.50 ml, Eranda thaila (Ricinus communis, Oil) 82.50 ml, Eucalyptus Oil (Eucalyptus globulus, Oil), 100 ml, Liquid, The oil has anti-inflammatory and analgesic properties, It imparts muscle tone and lubricates the joints, It also imparts firmness to the limbs, It can help stimulate circulation, It helps the lymphatic functioning for detoxification",,"Read the label carefully before use, Store in a cool and dry place, Keep out of reach of children"
https://www.1mg.com/otc/new-life-nl-7-sciatocin-drop-otc326169,,New Life Laboratories Pvt Ltd,,,,
https://www.1mg.com/otc/zeno-pain-pain-relief-gel-suitable-for-back-pain-muscle-pain-joint-pain-knee-pain-30gm-each-otc620948,Zeno pain Gel,Lifezen Healthcare Pvt Ltd,,,Use as directed on the affected areas.,
https://www.1mg.com/otc/miduty-nerve-pain-relief-capsule-alpha-lipoic-acid-b-vitamins-neuropathy-support-otc918605,Miduty Nerve Pain Relief Capsule,Midvision Pvt Ltd,,,Use as directed on the label or as advised by your healthcare provider,
https://www.1mg.com/otc/sbl-natrum-chloricum-dilution-30-ch-otc354973,SBL Natrum Chloricum Dilution,SBL Pvt Ltd,,"Natrum Chloricum, Helpful in improving mood, Helps to relieve sore gums, swollen tongue and cough, Helps to relieve burning sensation during urination, Helps to relieve irritable sore spots",Use as directed by the physician,"Store in a cool and dry place away from direct sunlight, Read the product label carefully before use, Keep out of reach of children, Do not exceed the recommended dosage"
https://www.1mg.com/otc/pravek-maha-balvardhak-oil-otc601978,Pravek Maha Balvardhak Oil,Pravek Kalp Private Limited,,,Massage adequate quantity of oil gently on the affected areas till it is absorbed. Use 2-3 times in a day for better results or as directed by the physician.,
https://www.1mg.com/otc/dr.-reckeweg-rhus-tox-dilution-50m-ch-otc375049,Dr Reckeweg Rhus Toxicodendron Dilution,Dr Reckeweg & Co,,"Rhus Toxicodendron, Provides effective treatment for eczema and relieves conditions of itchiness and rashes, Helpful in the treatment of conditions associated with herpes, Highly effective in the treatment of pains associated with arthritis and rheumatism, Helps in relieving symptoms related to flu and viral infections, Helpful in the treatment of sore, dry throat and excessive cough, It is also helpful in curing prolonged menses with heavy discharge accompanied by abdominal pain, It is also used to correct psychological issues such as depression and anxiety",,"Read the label carefully before use, Do not exceed the recommended dose, Keep out of the reach of children, Use under medical supervision, Store in a cool, dry place away from direct sunlight and heat"
https://www.1mg.com/otc/bjain-syphillinum-dilution-1000-ch-otc700193,Ortho-Aid Capsule,Bjain Pharmaceuticals Pvt. Ltd.,,,,
https://www.1mg.com/otc/jiva-pain-calm-oil-pain-reliever-for-joint-pain-back-pain-frozen-shoulder-sprain-muscle-soreness-with-knee-cap-free-otc651981,Jiva Pain Calm Oil,Jiva Ayurvedic Pharmacy Ltd,,,,
https://www.1mg.com/otc/dr-willmar-schwabe-india-lachnanthes-tinctoria-dilution-200-ch-otc404711,,Dr Willmar Schwabe India Pvt Ltd,,,,
https://www.1mg.com/otc/volini-maxx-pain-relief-spray-for-back-neck-joint-muscle-pain-bone-joint-muscle-care-otc457561,Volini Maxx Spray,Sun Pharmaceutical Industries Ltd,,"Diclofenac Diethylamine IP Equivalent to Dicoflenac Sodium, Methyl Salicylate IP, Menthol IP, Provides instant pain relief and supports bone, joint and muscle care, A unique formulation of 2% diclofenac makes it 100% stronger than other sprays, Provides effective relief from severe neck and back pain, Helps in relieving musculoskeletal and joint pain, Effective in healing pain due to strain and sprain, Useful in case of sports injuries, Has a unique 360-degree delivery mechanism that ensures standardised drug delivery, It provides instant and long-lasting pain relief from knee pain, joint pain, back pain, calf pain, and neck pain","Shake well before each use. Spray the contents from 5 cm distance on the affected areas 3-4 times in a day or, as directed by the physician.","Read the label carefully before use, Store in a cool and dry place away from direct sunlight, Keep out of reach of the children, Do not exceed the recommended dosage, For external use only, Should be applied only to intact skin surfaces and not to skin wounds and open injuries, Should not come into contact with eyes, mucous membranes and should not be ingested, Store in a cool and dry place"
https://www.1mg.com/otc/medisynth-rheuma-saj-oral-drop-otc339297,,Medisynth Chemicals Pvt Ltd,,,,
https://www.1mg.com/otc/spol-kinematics-tex-sports-muscle-pink-tape-otc491844,,Dr. Sayani's Health Care Pvt. Ltd.,,,,
https://www.1mg.com/otc/jiva-pain-calm-oil-pain-reliever-for-joint-pain-back-pain-frozen-shoulder-sprain-muscle-soreness-otc651626,Jiva Pain Calm Oil,Jiva Ayurvedic Pharmacy Ltd,,,,
https://www.1mg.com/otc/wheezal-wl03-arteriosclerosis-drop-otc387856,Wheezal WL03 Arteriosclerosis Drop,Wheezal Homoeo Pharma,"• Primarily used for the treatment of cerebral arteriosclerosis, • It works by reducing thickness of the arterial walls and relives pain, • Treats cardiac symptoms such as high blood pressure, contracted blood vessels or heart palpitations, • Helps in relieving and regulation blood flow, • It is composed of homeopathic ingredients and can be used safely as it doesn’t trigger any side effects",,,"• Read the label carefully before use, • Do not exceed the recommended dose, • Keep out of the reach of children, • Store in a cool dry place away from direct sunlight and heat"
https://www.1mg.com/otc/dr-willmar-schwabe-india-valeriana-officinalis-mother-tincture-q-otc391530,,Dr Willmar Schwabe India Pvt Ltd,,,,
https://www.1mg.com/otc/moov-pain-relief-ointment-for-back-pain-joint-pain-knee-pain-muscle-pain-otc377375,"Moov Pain Relief Ointment for Back Pain, Joint Pain, Knee Pain, Muscle Pain",Reckitt Benckiser Healthcare Pvt. Ltd.,,"Ointment, 30g",,
https://www.1mg.com/otc/dr.-reckeweg-calcarea-hypophos-trituration-tablet-3x-otc326947,Dr. Reckeweg Calcarea Hypophos Trituration Tablet,Dr Reckeweg & Co,,"Calcarea Hypophosphorosa, Trituration Tablet, 20 gm, Male/Female, Supports healthy bone development and strength, helping in conditions like osteoporosis and fractures, Enhances the body's utilisation of phosphorus, crucial for cellular energy production and metabolic functions, Promotes optimal nerve function, helping alleviate symptoms of neuralgia and nervous system disorders, Assists in the regulation of calcium levels, crucial for maintaining strong teeth and may prevent dental issues, Helps in digestion and assimilation of nutrients, supporting gastrointestinal health and relieving indigestion, Enhances overall vitality and stamina, combating fatigue and promoting a sense of well-being",Use as directed by the physician.,"Store in a cool and dry place away from direct sunlight, Read the product label carefully before use, Keep out of reach of children, Do not exceed the recommended dosage"
https://www.1mg.com/otc/dr.-reckeweg-rhus-tox-dilution-200-ch-otc331703,Dr Reckeweg Rhus Toxicodendron Dilution,Dr Reckeweg & Co,,"Rhus Toxicodendron, Provides effective treatment for eczema and relieves conditions of itchiness and rashes, Helpful in the treatment of conditions associated with herpes, Highly effective in the treatment of pains associated with arthritis and rheumatism, Helps in relieving symptoms related to flu and viral infections, Helpful in the treatment of sore, dry throat and excessive cough, It is also helpful in curing prolonged menses with heavy discharge accompanied by abdominal pain, It is also used to correct psychological issues such as depression and anxiety",,"Read the label carefully before use, Do not exceed the recommended dose, Keep out of the reach of children, Use under medical supervision, Store in a cool, dry place away from direct sunlight and heat"
https://www.1mg.com/otc/volini-pain-relief-gel-for-sprain-muscle-joint-neck-low-back-pain-bone-joint-muscle-care-otc138818,Volini Pain Relief Gel,Sun Pharmaceutical Industries Ltd,,"Diclofenac Diethylamine Equivalent to Diclofenac Sodium 1% w/w, Methyl Salicylate IP, Menthol IP, Virgin Linseed Oil BP, Preservative, Benzyl Alcohol IP, Gel Base, The spray can offer relief when in pain and supports bone, muscle and joint care., It is effective for pain in the joints, knees, back, shoulders, and neck, It can work great on sports injuries such as muscle pulls, sprains, and strain, It provides instant and long-lasting pain relief from knee pain, joint pain, back pain, calf pain, and neck pain","The Volini pain relief bottle should be shaken well before spraying, Hold the spray bottle at a 5cm distance from the affected area and spray, You can use the spray about three to four times daily or as recommened by your physician","Read the label carefully before use, Store in a cool and dry place, away from sunlight, Keep out of reach of children, The Volini pain relief spray is meant for external application only, Use Volini per the doctor’s guidance, and be careful not to use more than the given dosage, Do not use the spray on open wounds or surfaces of the skin that are ruptured, The spray should not be ingested or come in contact with the eyes and mucous membranes, Avoid using the spray near a naked flame, Do not burn or make a hole in the bottle even after the spray is over"
https://www.1mg.com/otc/dr.-reckeweg-vaccininum-dilution-1000-ch-otc331530,Dr. Reckeweg Vaccininum Dilution,Dr Reckeweg & Co,,"Vaccininum, 11ml, Liquid dilution, It helps in managing chronic conditions like Vaccinosis and neuralgias, reducing discomfort, It eases indigestion symptoms, especially those with great flatulent distension, improving digestive health, It is effective in relieving whooping cough, providing respiratory relief, It addresses various skin issues such as pimples, blotches, and eruptions similar to variola, promoting clearer skin, It reduces irritability, impatience, and nervousness, helping to improve mood and mental state",,"Do not exceed the recommended dosage, Read the label carefully before use, Store in a cool dry place away from direct sunlight, Keep out of reach of children, Avoid any strong smell in the mouth such as coffee, onion, hing, mint, camphor, garlic etc. while taking the medicine, Keep at least half an hour gap between food/drink/ any other medicines and allopathic medicine"
https://www.1mg.com/otc/lp-757-ankle-support-single-universal-velvet-otc331331,LP 757 Ankle Support (Single),LP Support,It is primarily recommended in Mild ankle sprain.,"Hook and loop closure design fits most ankle sizes, Open toe and heel design allows full range of movement, Helps ankle heal faster following injury, Relieves pain due to strains or stiffness",Use as per requirement or as directed by the physician.,"Read the label carefully before use, Store in a cool dry place away from direct sunlight, Keep out of reach of the children, Avoid physical damage"
https://www.1mg.com/otc/dr-willmar-schwabe-india-anilinum-dilution-200-ch-otc396043,,Dr Willmar Schwabe India Pvt Ltd,,,,
https://www.1mg.com/otc/haslab-drox-14-goutrin-drop-otc339516,Haslab Drox 14 Goutrin Drop,HASLAB,,"Acid benz 3x, Ledum Pal 3x, Urticaurens 3x, Colchicum 3x, Guiacum 3x, Liquid, Helps in relieving gout, gouty paroxysm, gout with swollen and stiff joints, Beneficial in arthritis, arthritis deformans, tearing pains in small joints with contractions and shifting pains, Drops helps in reducing severe pain and swelling, Reduces inflammation of the muscular tissue, Manages problems associated with periosteum and synovial membranes",,"Do not exceed the recommended dosage, Read the label carefully before use, Store in a cool dry place away from direct sunlight, Keep out of reach of children, Avoid any strong smell in the mouth such as coffee, onion, hing, mint, camphor, garlic etc. while taking the medicine, Keep at least half an hour gap between food/drink/ any other medicines and allopathic medicine"
https://www.1mg.com/otc/viaggi-super-soft-memory-foam-neck-pillow-city-blue-otc510208,Viaggi Super Soft Memory Foam Neck Pillow,Siddhivinayak Enterprises,It is designed to help support and cradle the neck and head while in a sitting position in the car. It is useful in preventing neck pain.,"It is comfortable and has great tensile strength, It does not scratch the surface of the skin, Four fold increase in life expectancy, Has a soft breathable cover, It is super soft and provides cervical support, It works as an orthopedic neck pillow, It is ideal for home, travel, flight, or in the car especially on long trips",Read the instruction manual for detailed use or as directed by the physician.,"Read the instruction manual carefully before use, Keep out of the reach of children, Store in a cool and dry place"
https://www.1mg.com/otc/bjain-kali-carbonicum-dilution-30-ch-otc709935,Bjain Kali Carbonicum Dilution,Bjain Pharmaceuticals Pvt. Ltd.,,,,
https://www.1mg.com/otc/dr-ortho-pain-relief-spray-otc575659,Dr. Ortho Pain Relief Spray,Dr Ortho Ayurvedic,,,,
https://www.1mg.com/otc/lord-s-l-159-recalcifying-drop-otc449176,Lord's L 159 Recalcifying Drop,Lord's Homoeopathic Laboratory Pvt Ltd,,"Calcium fluoratum, Calcium phosphoricum, It is beneficial for improving the levels of calcium in the body, It can aid in the development of bones, It also helps to strengthen the teeth enamel, reduces teething troubles in children and reduces pain in the bones",Use as directed on the label.,"Do not exceed the recommended dosage, Store in a cool and dry place away from direct sunlight, Keep out of reach of children"
https://www.1mg.com/otc/bjain-rhus-toxicodendron-dilution-1000-ch-otc434346,Bjain Rhus Toxicodendron Dilution,Bjain Pharmaceuticals Pvt. Ltd.,,,Take 3-5 drops of the dilution in 1 teaspoon of water twice a day or as directed by the physician.,
https://www.1mg.com/otc/sbl-scorpion-dilution-30-ch-otc359433,SBL Scorpion Dilution,SBL Pvt Ltd,,"Same as on the label, It helps to manage strabismus, It helps to prevent excess sneezing, It helps to prevent sleeplessness, It helps to improve the functioning of the salivary gland and the mucus membrane of the nose, It supports nervous system health",Do as directed by the physician,"Keep out of reach of children, Store in a cool and dry place, Self-medication is not advisable, Do not exceed the recommended dosage, Read label before use"
https://www.1mg.com/otc/dr-willmar-schwabe-india-epiphagus-virginiana-dilution-30-ch-otc401954,,Dr Willmar Schwabe India Pvt Ltd,,,,
https://www.1mg.com/otc/sbl-trichosanthes-dioica-dilution-30-ch-otc359273,SBL Trichosanthes Dioica Dilution,SBL Pvt Ltd,,"Trichosanthes Dioica (Pointed Gourd- similar to cucumber), Helpful in treating malaria and black fever, Treats a headache during fever, Helpful in mental irritation and despondency, Indicated for the condition of yellow eyes dilated pupils during fever, Recommend for treating enlargement of spleen and liver, Treats excessive thirst, bad taste and sore feeling in the throat, Treats various digestion related problems including a belch, hiccough, nausea, Treats uneasiness in the abdomen, diarrhoea with blood,, Helps to treat the condition of retention of urine along with vomiting and purging, Advised for fever comes on at morning and noon with chilliness",As prescribed by the physician. It can be taken with other allopathic medicines too,"Read the label carefully before use, Keep out of the reach of children, Use under medical supervision, Keep at least half an hour gap between food/drink/any other medicines and allopathic medicine, Avoid any strong smell in the mouth such as hing, onion, garlic, coffee, camphor etc while taking the medicine"
https://www.1mg.com/otc/sbl-mygale-dilution-200-ch-otc354825,,SBL Pvt Ltd,,,,
https://www.1mg.com/otc/dr-willmar-schwabe-india-tabacum-dilution-cm-ch-otc406124,,Dr Willmar Schwabe India Pvt Ltd,,,,
https://www.1mg.com/otc/sbl-camphora-mother-tincture-q-otc348990,,SBL Pvt Ltd,,,,
https://www.1mg.com/otc/kerala-ayurveda-mahanarayana-thailam-for-muscle-recovery-joint-health-otc361220,Kerala Ayurveda Murivenna Thailam,Kerala Ayurveda Limited,,"200 ml, Oil",,
https://www.1mg.com/otc/sloan-s-liniment-kills-pain-reduces-swelling-strengthens-muscles-ligaments-otc315107,Sloan's Liniment,Piramal Enterprises Ltd,,Oil,,
https://www.1mg.com/otc/jiva-pain-calm-oil-pain-reliever-for-joint-pain-back-pain-frozen-shoulder-sprain-muscle-soreness-otc329877,Jiva Pain Calm Oil,Jiva Ayurvedic Pharmacy Ltd,,,,
https://www.1mg.com/otc/himalaya-rumalaya-pain-relief-gel-quick-relief-from-body-pain-ayurvedic-gel-otc90714,Himalaya Rumalaya Gel,Himalaya Wellness Company,,"30 gm, Gel",Apply a small quantity of the gel to the tender area and lightly massage it in or as directed by the physician.,
https://www.1mg.com/otc/shenaro-lifestyle-s-cotton-organic-and-eco-friendly-pain-relief-wheat-bag-tiger-orange-otc731226,Shenaro Lifestyle's Cotton Organic and Eco-Friendly Pain Relief Wheat Bag,Kamal International,"The wheat bag can be used for hot and cold therapy to reduce pain, sprains, cramps, or other bodily discomforts.","Ergonomic design:The bag is rectangular, providing full coverage. The bag moulds to the contour of the area that it is being applied to, Reusable and easy to clean:The outer cover is removable and can be washed in the washing machine, Aromatherapy:The bag comes with a fresh lavender aroma that helps to induce sleep and relaxation. The calming scent of lavender eases the mind, Organic pain and stress relief:The cellular structure of wheat provides insulation properties to reduce pain and stress, Heat therapy:Targets back pain, neck pain, muscle spasms, workout soreness, stiffness, etc., Cool therapy:Targets headaches, heat flashes, bruises, inflammation, burns, fever, etc., Contents:Inner bag with grains, Outer removable cover","For heat therapy, heat in the microwave for 3-5 minutes maximum, For cool therapy, refrigerate for 1-2 hours","Read the label carefully before use, Store in a cool and dry place, Keep out of reach of children, For external use only"
https://www.1mg.com/otc/dr.-johns-john-spond-drop-otc390201,,Nanak Laboratories Pvt Ltd,,,,
https://www.1mg.com/otc/moov-cool-therapy-gel-otc964102,Moov Cool Therapy Gel,Reckitt Benckiser Healthcare Pvt. Ltd.,,"Each gram of gel contains: Pudina Satva (Mentha piperita) extract (Aerial parts of plant) 8.0% w/w, Preservative: Benzyl Alcohol IP, Colouring Agents: Brilliant Blue FCF, Tartrazine Yellow., Gel., 20g.",Apply a thin film of the gel to the affected area and massage gently. Repeat 3-4 times daily for best results.,
https://www.1mg.com/otc/oscarflam-gel-otc158813,Oscarflam Gel,AN Pharmaceuticals Pvt Ltd,,,#NAME?,
https://www.1mg.com/otc/aksobha-multipurpose-pain-relief-herbal-hot-cold-therapy-pack-otc828828,Aksobha Multipurpose Pain Relief Herbal Hot & Cold Therapy Pack,Aksobha,"It is commonly used as first aid to relieve joint pain, muscle aches, and menstrual cramps","Aksobha’s Herbal Packs can be used for hot therapy, The heat of the packs reduces muscle spasms, relaxes tense muscles, relieves pain, and helps with movement, Applying heat to your tissues increases blood circulation, Hot therapy is commonly used to manage discomforts such as the stiff neck, muscle tension, muscle strains, sprains, and more, Aksobha’s Herbal Packs can also be used for cold therapy, Applying cold to your tissue results in the narrowing of your blood vessels, Slowing the blood flow and other fluids into the injured tissue reduces swelling, muscle spasms, pain, and inflammation, Cold therapy is commonly used to manage discomforts such as joint sprains, headaches, bruises, black and blue marks, swelling, fever, sunburns, and more",,"If the pack gets dirty, wipe it with a damp cloth and dry, Do not immerse in water or wash the pack, Heat the packs and use them frequently, Do not heat pack for longer than 2 mins or as directed, The pack can be put in a cloth bag and stored in the freezer if not used for long, Read the label carefully before use, Keep it out of the reach of children"
https://www.1mg.com/otc/intagesic-spray-otc325611,,Intas Pharmaceuticals Ltd,,,,
https://www.1mg.com/otc/sbl-bio-combination-12-tablet-otc331052,SBL Bio-Combination 12 Tablet,SBL Pvt Ltd,,,"For adult, 4 tablets every three hours or four times a day and for children, half of the adult dose or as prescribed by the physician.",
https://www.1mg.com/otc/volini-maxx-pain-relief-spray-for-back-neck-joint-muscle-pain-bone-joint-muscle-care-otc457560,Volini Maxx Spray,Sun Pharmaceutical Industries Ltd,,"Diclofenac Diethylamine IP Equivalent to Dicoflenac Sodium, Methyl Salicylate IP, Menthol IP, Provides instant pain relief and supports bone, joint and muscle care, A unique formulation of 2% diclofenac makes it 100% stronger than other sprays, Provides effective relief from severe neck and back pain, Helps in relieving musculoskeletal and joint pain, Effective in healing pain due to strain and sprain, Useful in case of sports injuries, Has a unique 360-degree delivery mechanism that ensures standardised drug delivery, It provides instant and long-lasting pain relief from knee pain, joint pain, back pain, calf pain, and neck pain","Shake well before each use. Spray the contents from 5 cm distance on the affected areas 3-4 times in a day or, as directed by the physician.","Read the label carefully before use, Store in a cool and dry place away from direct sunlight, Keep out of reach of the children, Do not exceed the recommended dosage, For external use only, Should be applied only to intact skin surfaces and not to skin wounds and open injuries, Should not come into contact with eyes, mucous membranes and should not be ingested, Store in a cool and dry place"
https://www.1mg.com/otc/renewa-air-bed-otc491789,,Dr. Sayani's Health Care Pvt. Ltd.,,,,
https://www.1mg.com/otc/bjain-galium-aparine-dilution-12-ch-otc438750,Bjain Galium Aparine Dilution,Bjain Pharmaceuticals Pvt. Ltd.,,,Take 3-5 drops of the dilution in 1 teaspoon of water twice a day or as directed by the physician.,
https://www.1mg.com/otc/pankajakasthuri-orthoherb-ayurvedic-oil-with-amla-for-joint-pain-relief-otc356687,Pankajakasthuri Orthoherb Oil,Pankajakasthuri Herbals India (P) Ltd.,,"Vasa (Adhatoda vasica, Rt, Dct), Eranda (Ricinus communis, Rt, Dct), Bilwa (Aegle marmelos, Rt, Dct), Thwak (Cinnamomum zeylanicum, St. Bk, Dct), Maricha (Piper nigrum, Dr. Fr, Dct), Lavanga (Syzygium aromaticum, Dr. Fr, Dct), Jati (Myristica fragrans, Pp, Dct), Pata (Cyclea peltata, Rt, Dct), Nimba (Azadirachta indica, Rt, bk, Dct), Sahachara (Strobilanthes ciliatus, Rt, Dct), Nirgundi (Vitex negundo, Lf, Dct), Bala (Sida retusa, Rt, Dct), Punarnava (Boerhavia diffusa, Pl, Dct), Gunja (Abrus precatorius, Rt, Dct), Dusparsa (Tragia involucrata, Rt, Dct) 2 g each. Amalaki (Phyllanthus emblica, Dr. Fr, Pst), Manjishta (Rubia cordifolia, Rt, Pst), Guggulu (Balsamodendron mukul, Lx, Pst), Chitraka (Plumbago zeylanica, Rt, Pst) 2.5 g each. Kera thaila (Cocos nucifera, Oil) 27.50 ml, Eranda thaila (Ricinus communis, Oil) 82.50 ml, Eucalyptus Oil (Eucalyptus globulus, Oil), 100 ml, Liquid, The oil has anti-inflammatory and analgesic properties, It imparts muscle tone and lubricates the joints, It also imparts firmness to the limbs, It can help stimulate circulation, It helps the lymphatic functioning for detoxification",,"Read the label carefully before use, Store in a cool and dry place, Keep out of reach of children"
https://www.1mg.com/otc/vissco-core-0716-medical-compression-stockings-large-below-knee-otc507607,,Vissco Rehabilitation Aids Pvt. Ltd.,,,,
https://www.1mg.com/otc/kairali-valiya-chinchadi-thailam-otc327527,Kairali Valiya Chinchadi Thailam,Kairali Ayurvedic Products Pvt. Ltd.,,"Taila (Sesamum indicum), NimbaTaila (Azadirachta indica) , SarshapaTaila (Brassica nigra), Chincha (Tamarindus indica), Amandaka (Ricinus communis), Prasarini (Desmodium gangeticum), Varunaka (Crataeva religiosa), Snuk (Euphorbia nerrifolia), Bhanu (Calotropis gigantea), Gandirika (Euphorbia antiquorum), Jambira (Citrus limon), Satapatra (Rosa centifolia), Grinjana (Allium sativum), Siddhartha (Brassica nigra), Amaradaru (Cedrus deodara), Sigru (Moringa oleifera), Lavana (Sodium chloride), 200 ml, Oil, Valiya chinchadi thailam provides relief from muscle and joint discomfort, making it an ideal choice for those seeking natural solutions, Enriched with herbal extracts, it nourishes and revitalises the skin, leaving it soft and supple, Offers relief for joint discomfort and helps maintain joint flexibility in disorders related to rheumatism, Effectively helps to alleviate joint stiffness, inflammation and improves circulation",Use as directed by the physician.,"Store in a cool and dry place away from direct sunlight, Read the product label carefully before use, Keep out of reach of children, For external use only"
https://www.1mg.com/otc/miduty-nerve-pain-relief-capsule-alpha-lipoic-acid-b-vitamins-neuropathy-support-otc918605,Miduty Nerve Pain Relief Capsule,Midvision Pvt Ltd,,,Use as directed on the label or as advised by your healthcare provider,
https://www.1mg.com/otc/dr-willmar-schwabe-india-calcarea-hypophosphorosa-dilution-12-ch-otc398317,,Dr Willmar Schwabe India Pvt Ltd,,,,
https://www.1mg.com/otc/flamingo-varicose-vein-stockings-large-otc348776,Flamingo Varicose Vein Stockings,Ascent Meditech Limited,,"1 pair of stockings, Females",Use as per requirement,
https://www.1mg.com/otc/pravek-maha-balvardhak-oil-otc601978,Pravek Maha Balvardhak Oil,Pravek Kalp Private Limited,,,Massage adequate quantity of oil gently on the affected areas till it is absorbed. Use 2-3 times in a day for better results or as directed by the physician.,
https://www.1mg.com/otc/adel-onosmodium-dilution-1000-otc333526,ADEL Onosmodium Virginianum Dilution,Adel Pekana Germany,,"Onosmodium virginianum, False gromwell, The formulation helps with chronic headaches and alleviates eye strain, It may relieve vertigo, numbness, and muscular weakness, It may help in reducing muscle tension in the eye and prevents damage",Use as directed by the physician,"Keep out of reach of children, Store in a cool and dry place, Self-medication is not advisable, Do not exceed the recommended dosage, Read the label before use"
https://www.1mg.com/otc/healthtrek-pvc-hot-and-cold-pack-for-multipurpose-use-blue-otc946312,Healthtrek PVC Hot and Cold Pack for Multipurpose Use,Healthtrek Healthcare,It is used to provide relief from pain,"Flexible versatility:Conforms seamlessly to body contours for optimal pain relief, Safe and non-toxic:Quality PVC material helps ensure worry-free and healthy use, Quick temperature transitions:Efficiently adapts for fast, effective relief during therapy, Easy to clean:Simple maintenance for hygienic, repeated use over time, Durable pvc material:Resilient material helps ensure long-lasting and reliable use, Versatile hot/cold therapy:Adapts to temperature changes, offering flexibility for different applications, Reusable and cost-efficient:Can be used repeatedly, providing a cost-effective pain relief solution, Conforms to body shape:Molds to the body for targeted and effective therapy","Heat or chill per preference, Use for targeted hot or cold therapy","Read the label carefully before use, Keep out of reach of children"
https://www.1mg.com/otc/jiva-pain-calm-oil-pain-reliever-for-joint-pain-back-pain-frozen-shoulder-sprain-muscle-soreness-with-knee-cap-free-otc651981,Jiva Pain Calm Oil,Jiva Ayurvedic Pharmacy Ltd,,,,
https://www.1mg.com/otc/sbl-prunus-spinosa-dilution-1000-ch-otc356382,,SBL Pvt Ltd,,,,
https://www.1mg.com/otc/bjain-granatum-mother-tincture-q-otc445466,Bjain Granatum Mother Tincture,Bjain Pharmaceuticals Pvt. Ltd.,,Granatum,Use as directed on the label.,
https://www.1mg.com/otc/volini-maxx-pain-relief-spray-for-back-neck-joint-muscle-pain-bone-joint-muscle-care-otc457561,Volini Maxx Spray,Sun Pharmaceutical Industries Ltd,,"Diclofenac Diethylamine IP Equivalent to Dicoflenac Sodium, Methyl Salicylate IP, Menthol IP, Provides instant pain relief and supports bone, joint and muscle care, A unique formulation of 2% diclofenac makes it 100% stronger than other sprays, Provides effective relief from severe neck and back pain, Helps in relieving musculoskeletal and joint pain, Effective in healing pain due to strain and sprain, Useful in case of sports injuries, Has a unique 360-degree delivery mechanism that ensures standardised drug delivery, It provides instant and long-lasting pain relief from knee pain, joint pain, back pain, calf pain, and neck pain","Shake well before each use. Spray the contents from 5 cm distance on the affected areas 3-4 times in a day or, as directed by the physician.","Read the label carefully before use, Store in a cool and dry place away from direct sunlight, Keep out of reach of the children, Do not exceed the recommended dosage, For external use only, Should be applied only to intact skin surfaces and not to skin wounds and open injuries, Should not come into contact with eyes, mucous membranes and should not be ingested, Store in a cool and dry place"
https://www.1mg.com/otc/ecommercehub-cooling-round-pad-otc879371,EcommerceHub Cooling Round Pad,EcommerceHub Enterprise,"It provides relief from headaches, stress, fever, sports injuries, and other body pain.","It provides instant and long-lasting soothing in cases of headaches, migraine and fevers, It is designed as per skull contour and is a non-springy, non-toxic gel filled that absorbs shock and doesn't bounce back at your head, It can be widely used in many fields such as tailgating at events, outdoor sporting events, hunting and fishing, camping and hiking, working in the yard, jogging or taking the pet for a walk","Put the ice pack in the fridge for at least 30 min before use, until completely frozen, For hot therapy, boil the water in the vessel (size suitable to the gel pack to immerse completely), Immerse the gel pouch in the hot water for 10-15 minutes, Remove carefully, wipe it dry and insert it in the cap, Keep in microwave for only 20 seconds for multipurpose use, Gel pad come with soft velvet cap","Read the label carefully, Store in a safe place, Handle with care"
https://www.1mg.com/otc/adel-acid-oxalicum-dilution-30-otc326784,ADEL Acid Oxalicum Dilution,Adel Pekana Germany,,"Oxalic Acid, Liquid, It is helpful in case of respiratory tract infections and helps manage cough, It helps provide relief from severe headaches, It assists in dealing with sneezing accompanied by a runny nose, It is useful in dealing with diarrhoea and allergic rhinitis, It assists in relieving stomach pain",,"Read the label carefully before use, Keep out of the reach of children, Store in a cool and dry place"
https://www.1mg.com/otc/jiva-pain-calm-oil-pain-reliever-for-joint-pain-back-pain-frozen-shoulder-sprain-muscle-soreness-otc651626,Jiva Pain Calm Oil,Jiva Ayurvedic Pharmacy Ltd,,,,
https://www.1mg.com/otc/dr-willmar-schwabe-india-echinacea-angustifolia-dilution-30-ch-otc401856,,Dr Willmar Schwabe India Pvt Ltd,,,,
https://www.1mg.com/otc/adel-echinacea-dilution-200-otc331487,ADEL Echinacea Dilution,Adel Pekana Germany,,"Liquid dilution, Excellent remedy for lymphatic inflammation and foul discharges with debility and fatigue, Helps manage mental confusion, depression, dizziness and severe prostration, Deals with foul-smelling discharge from the nose with ulceration and fetor, It helps relieve dryness of the mouth by promoting saliva flow, Helps relieve bleeding gums, Effectively manages tonsils and conditions associated with it, It helps support women's health",Use as directed by a healthcare professional,"Read the label carefully before use, Store in a cool and dry place, Protect from direct sunlight, Avoid any strong smells in the mouth, such as coffee, onion, hing, mint, camphor, garlic, etc., while taking the medicine, Keep at least half an hour gap between food/drink / any other medicines and allopathic medicines"
https://www.1mg.com/otc/moov-pain-relief-ointment-for-back-pain-joint-pain-knee-pain-muscle-pain-otc377375,"Moov Pain Relief Ointment for Back Pain, Joint Pain, Knee Pain, Muscle Pain",Reckitt Benckiser Healthcare Pvt. Ltd.,,"Ointment, 30g",,
https://www.1mg.com/otc/dominion-care-women-s-mini-portable-waterproof-pink-massager-otc492072,Dominion Care Women's Mini Portable Waterproof Pink Massager,Kapil Plastic Mould,Designed to produce light to steady pressure on different parts of the body,"The massager promotes proper blood circulation and helps with body pain, This full body massager gives deep tissue patting massage at home, Ergonomic and easy-to-use massager",Stick the massager on the body and gently massage,"Read the label carefully before use, Store in a cool and dry place, away from sunlight, Keep out of reach of children"
https://www.1mg.com/otc/dr.-reckeweg-echinacea-ang-dilution-30-ch-otc326783,,Dr Reckeweg & Co,,,,
https://www.1mg.com/otc/volini-pain-relief-gel-for-sprain-muscle-joint-neck-low-back-pain-bone-joint-muscle-care-otc138818,Volini Pain Relief Gel,Sun Pharmaceutical Industries Ltd,,"Diclofenac Diethylamine Equivalent to Diclofenac Sodium 1% w/w, Methyl Salicylate IP, Menthol IP, Virgin Linseed Oil BP, Preservative, Benzyl Alcohol IP, Gel Base, The spray can offer relief when in pain and supports bone, muscle and joint care., It is effective for pain in the joints, knees, back, shoulders, and neck, It can work great on sports injuries such as muscle pulls, sprains, and strain, It provides instant and long-lasting pain relief from knee pain, joint pain, back pain, calf pain, and neck pain","The Volini pain relief bottle should be shaken well before spraying, Hold the spray bottle at a 5cm distance from the affected area and spray, You can use the spray about three to four times daily or as recommened by your physician","Read the label carefully before use, Store in a cool and dry place, away from sunlight, Keep out of reach of children, The Volini pain relief spray is meant for external application only, Use Volini per the doctor’s guidance, and be careful not to use more than the given dosage, Do not use the spray on open wounds or surfaces of the skin that are ruptured, The spray should not be ingested or come in contact with the eyes and mucous membranes, Avoid using the spray near a naked flame, Do not burn or make a hole in the bottle even after the spray is over"
https://www.1mg.com/otc/sbl-natrum-salicylicum-dilution-200-ch-otc348408,,SBL Pvt Ltd,,,,
https://www.1mg.com/otc/sbl-bio-combination-11-tablet-otc812879,Chirayu Begay Ointment,SBL Pvt Ltd,,,Massage an appropriate amount of Begay ointment on the affected part.,
https://www.1mg.com/otc/kairali-kairtis-oil-otc325773,Kairali Kairtis Oil,Kairali Ayurvedic Products Pvt. Ltd.,,"Kharayashti, Sida cordifolia, Rt., Sigru, Moringa oleifera, St.Bk, Arka, Calotropis gigantea, Rt. , Vatari, Ricinus communis, Rt. , Sadachara, Strobilanthes heynianus, Pl., Sadaphala, Aegle marmelos, Rt., Madhuparni, Gmelina arborea, Rt., Thakari, Premna corymbosa, Rt., Patala, Stereospermum colais, Rt. , Dunduka, Oroxylum indicum, Rt. , Asana, Pterocarous marsupium, Rt., Takara, Cassia tora, Pl., Sunthi, Zingiber officinale, Rz., Abhaya, Terminalia chebula, Fr.R , Rasna, Alpinia galanga, Rz., Karpasa, Gossypium herbaceum, Sd., Tila, Sesamum indicum, Sd.Ol, Kanjika, Dhanyamlam, Gokshira, Cow's Milk, Karpoora, Cinnamomum camphora, Exd., Kanmadam, Mineral Pitch, Oil, Provides relief from knee pain, backache, and muscular pain:The product is effective in alleviating discomfort associated with knee pain, backache, and muscular pain, offering relief from these common ailments, Provides comfort to the joints:It promotes joint comfort, reducing discomfort and improving the overall well-being of the joints, Removes stiffness and inflammation:This product helps alleviate stiffness and reduces inflammation in the affected areas, enhancing flexibility and comfort, Improves mobility of joints:It supports increased joint mobility, making it easier to perform daily activities and maintain an active lifestyle, Effective in concerns associated with arthritis, spondylosis, and rheumatic pain:This product is particularly useful for managing conditions like arthritis, spondylosis, and rheumatic pain, providing relief and improving the quality of life for individuals dealing with these issues, Kolakulathadi choornam (medicated potli):Potli has amazing medicinal value that helps to reduce the swelling and inflammation in the bones, Country mallow (sida cordifolia):It has anti-inflammatory properties that help to relieve nerve pain, joint pains, headache and body pain, Drumstick (moringa oleifera):Manages the pain and inflammatory conditions caused by arthritis, Gossypium herbaceum:Acts as an excellent pain reliever. One of the anti-inflammatory herbs for decreasing pain and swelling",,"Read the label carefully before use, Store in a cool and dry place, away from sunlight, Keep out of reach of children, Avoid any strong smell in the mouth, such as coffee, onion, hing, mint, camphor, garlic etc., while taking medicine, Avoid eating tobacco or drinking alcohol during the course"
https://www.1mg.com/otc/similia-camphorhus-oil-otc503518,,Similia Homoeo Laboratory,,,,
https://www.1mg.com/otc/tynor-compression-stocking-below-knee-classic-beige-xl-otc345862,Tynor I-16 Compression Stocking Below Knee,Tynor Orthotics Pvt. Ltd.,It is primarily used to provide relief in all forms of venous disease including blood pools or congests in legs.,,Use as per requirement or as directed by the physician.,
https://www.1mg.com/otc/lp-667-knee-sleeve-elastic-single-large-black-otc331291,LP 667 Knee Sleeve Elastic Single,LP Support,It is designed to conform naturally to the contours of the knee and shin area.,"It conforms naturally to the contours of the knee and shin area, It has elastic that helps it fit better, Designed by Orthopedics with high performance technology and therapeutic warmth that helps in joint pain, The design aids to provide a high compression support to the joints",Use as per requirement or as directed by the physician.,"Read the label carefully before use, Keep out of the reach of children, Store in a cool dry place away from direct sunlight"
https://www.1mg.com/otc/allen-a32-gout-drop-otc330399,Allen A32 Gout Drops,Allen Homoeo & Herbal Products Ltd,,"Each 5ml contains:, Rhus Toxicodendron 3x - 1.00 ml, Acidum Benzoicum 3x - 1.00 ml, Ledum Palustre 3x - 0.75 ml, Arnica Montana 3x - 0.75 ml, Causticum 3x - 0.25 ml, Ferrum Phosphoricum 3x - 0.25 gm, Bryonia Alba 3x - 0.75 ml, In Aqua Destillata, 30 ml, Liquid, It may help to reduce uric acid levels in the blood, helping in the management of gout and managing future flare-ups, This product may help to manage pain and inflammation in the smaller joints, which are commonly affected by gout, Regular use may help in reducing the frequency and severity of gout attacks, improving the quality of life for those affected, The drops may help to support overall joint health, addressing degenerative joint conditions and promoting better joint function and flexibility, It is a natural, homoeopathic formulation, making it a gentle option for managing gout-related symptoms without the harsh side effects often associated with conventional management",,"Read the label carefully before use, Store in a cool and dry place, away from sunlight, Keep out of reach of children, Do not exceed the recommended dosage"
https://www.1mg.com/otc/trois-nanotech-pain-relief-emulsion-otc289600,Trois Nanotech Emulsion,Venus Remedies Ltd,,"50 ml, Liquid",,
https://www.1mg.com/otc/wheezal-wl06-cervical-spondylitis-mild-drop-otc387862,Wheezal WL06 Cervical Spondylitis (Mild) Drop,Wheezal Homoeo Pharma,"• Primarily used for the treatment of Cervical Spondylitis and its associated ailments, • Relives pain and stiffness caused in the neck, vertigo, pain in shoulders and hands and headache, • Relieves pain in the joints and reduces its swelling., • Also helpful in relieving rheumatic pains spread over a wide surface at neck and loins, • Relieves darting pain in the shoulders, • Its homeopathic composition is safe to use and doesn’t trigger any side effects",,,"• Read the label carefully before use, • Do not exceed the recommended dose, • Keep out of the reach of children, • Store in a cool dry place away from direct sunlight and heat"
https://www.1mg.com/otc/sbl-conium-maculatum-dilution-cm-ch-otc385210,SBL Conium Maculatum Dilution,SBL Pvt Ltd,,,"Dosage should be directed by the physician.Maintain 30 minutes gap between drink, food or any other medication.Avoid strong smell in the mouth before taking a dose.",
https://www.1mg.com/otc/hapdco-rheumacon-pain-relief-oil-otc659823,Relaxomuv Balm,HAPDCO,,"Peppermint, Kapoor, Gandhapuro tail, Nilgiri Tail, Chah tail, Ganjani tail, Relaxomuv Balm relieves nasal and chest congestion for easy breathing, It alleviates headaches and body aches associated with the common cold, It provides effective relief from a stuffy nose, promoting clearer airways, It combats itchiness, ensuring a soothing experience, It eases muscular aches and pains, contributing to overall relaxation","Apply on the affected area 2-3 times a day, Or as advised by your healthcare practitioner","Read the label carefully before use, Store in a cool and dry place, away from sunlight, Keep out of reach of children"
https://www.1mg.com/otc/baidyanath-nagpur-rhuma-pain-oil-otc608120,Baidyanath (Nagpur) Rhuma Oil,Shree Baidyanath Ayurved Bhawan (P)Limited (Nagpur),,,Use as directed on the label.,
https://www.1mg.com/otc/sloan-s-liniment-kills-pain-reduces-swelling-strengthens-muscles-ligaments-otc315107,Sloan's Liniment,Piramal Enterprises Ltd,,Oil,,
https://www.1mg.com/otc/jiva-pain-calm-oil-pain-reliever-for-joint-pain-back-pain-frozen-shoulder-sprain-muscle-soreness-otc329877,Jiva Pain Calm Oil,Jiva Ayurvedic Pharmacy Ltd,,,,
https://www.1mg.com/otc/dr-willmar-schwabe-india-streptococcinum-dilution-1000-ch-otc406039,,Dr Willmar Schwabe India Pvt Ltd,,,,
https://www.1mg.com/otc/himalaya-rumalaya-pain-relief-gel-quick-relief-from-body-pain-ayurvedic-gel-otc90714,Himalaya Rumalaya Gel,Himalaya Wellness Company,,"30 gm, Gel",Apply a small quantity of the gel to the tender area and lightly massage it in or as directed by the physician.,
https://www.1mg.com/otc/dr.-reckeweg-aconitum-napellus-dilution-3x-otc372786,Dr. Reckeweg Aconite Nap Dilution,Dr Reckeweg & Co,,"Extract of the plant monkshood, Ethanol, Remedy for anxiety, fear, anguish of body and mind, Helps in reliving heaviness and burning headache, Useful in vertigo, Reduces inflammation and irritation in the eyes, Useful in digestive disorders such as heaviness and vomiting, Helps in treating inflammatory fever, Reduces bleeding of the nose, Provides relief from neuralgic pain in the face, Treats inflammation and congestion of the throat accompanied with burning pain, Helps in relieving severe cough with chest congestion, Useful in case of painful, scanty urination with a burning sensation in the bladder and urethra, Useful in treating epilepsy and hepatitis, Helpful in acute orchitis and dyspnea, Helps in the treatment of jaundice and pneumonia",Dosage should be directed by the physician.,"Read the label carefully before use, Use under medical supervision, Do not exceed the recommended dosage, Keep out of the reach of children, Store in a cool and dry place"
https://www.1mg.com/otc/lp-733-neoprene-knee-support-with-stays-otc331295,LP #733 Neoprene Knee Support with Stays,LP Support,"It is recommended in knee instability, collateral ligament injury, patellar subluxation/ tilting, and muscle strain.","Unique hook and loop closure design fits most knee sizes, Opening relieves pressure on the patella, Exclusive reinforced patella stabilizer prevents displacement, Spiral stays on each side allow limited flexion with rotational stability",Use as per requirement or as directed by the physician.,"Read the label carefully before use, Store in a cool dry place away from direct sunlight, Keep out of reach of the children, Avoid physical damage"
https://www.1mg.com/otc/moov-cool-therapy-gel-otc964102,Moov Cool Therapy Gel,Reckitt Benckiser Healthcare Pvt. Ltd.,,"Each gram of gel contains: Pudina Satva (Mentha piperita) extract (Aerial parts of plant) 8.0% w/w, Preservative: Benzyl Alcohol IP, Colouring Agents: Brilliant Blue FCF, Tartrazine Yellow., Gel., 20g.",Apply a thin film of the gel to the affected area and massage gently. Repeat 3-4 times daily for best results.,
https://www.1mg.com/otc/bjain-calcarea-phosphorica-dilution-6c-otc436879,Bjain Calcarea Phosphorica Dilution,Bjain Pharmaceuticals Pvt. Ltd.,,,Take 3-5 drops of the dilution in 1 teaspoon of water twice a day or as directed by the physician.,
https://www.1mg.com/otc/turmeric-curcumin-95-with-black-pepper-piperine-capsule-for-pain-relief-by-tata-1mg-tejasya-otc603942,Tata 1mg,Tata 1mg Healthcare Solutions Private Limited,,,,
https://www.1mg.com/otc/volini-maxx-pain-relief-spray-for-back-neck-joint-muscle-pain-bone-joint-muscle-care-otc457560,Volini Maxx Spray,Sun Pharmaceutical Industries Ltd,,"Diclofenac Diethylamine IP Equivalent to Dicoflenac Sodium, Methyl Salicylate IP, Menthol IP, Provides instant pain relief and supports bone, joint and muscle care, A unique formulation of 2% diclofenac makes it 100% stronger than other sprays, Provides effective relief from severe neck and back pain, Helps in relieving musculoskeletal and joint pain, Effective in healing pain due to strain and sprain, Useful in case of sports injuries, Has a unique 360-degree delivery mechanism that ensures standardised drug delivery, It provides instant and long-lasting pain relief from knee pain, joint pain, back pain, calf pain, and neck pain","Shake well before each use. Spray the contents from 5 cm distance on the affected areas 3-4 times in a day or, as directed by the physician.","Read the label carefully before use, Store in a cool and dry place away from direct sunlight, Keep out of reach of the children, Do not exceed the recommended dosage, For external use only, Should be applied only to intact skin surfaces and not to skin wounds and open injuries, Should not come into contact with eyes, mucous membranes and should not be ingested, Store in a cool and dry place"
https://www.1mg.com/otc/repl-dr.-advice-no.92-synovitis-drop-otc339449,,Renovision Exports Pvt Ltd,,,,
https://www.1mg.com/otc/sbl-eupatorium-perfoliatum-dilution-1000-ch-otc346558,SBL Eupatorium Perfoliatum Dilution,SBL Pvt Ltd,,"Extract of Common boneset plant, Ethanol, 30 ml, Liquid, Men and Women, Provides relief from throbbing pain in the head and helps in alleviating influenza and malaria, Helpful in severe bone pains and is useful in conditions associated with cachexia, Useful in vertigo, headaches and vomiting and is effective in reducing soreness, Helps in easing constipation, sore liver, coryza, cough and soreness in the chest",Use as directed by the physician.,"Store in a cool and dry place away from direct sunlight, Read the product label carefully before use, Keep out of reach of children, Do not exceed the recommended dosage"
https://www.1mg.com/otc/jiva-pain-calm-oil-pain-reliever-for-joint-pain-back-pain-frozen-shoulder-sprain-muscle-soreness-with-knee-cap-free-otc651981,Jiva Pain Calm Oil,Jiva Ayurvedic Pharmacy Ltd,,,,
https://www.1mg.com/otc/bjain-aurum-mur-nat.-dilution-6-ch-otc434056,Bjain Aurum Mur Nat. Dilution,Bjain Pharmaceuticals Pvt. Ltd.,,,,
https://www.1mg.com/otc/deve-herbes-pure-arnica-arnica-montana-oil-otc394784,,Deve Herbes,,,,
https://www.1mg.com/otc/volini-maxx-pain-relief-spray-for-back-neck-joint-muscle-pain-bone-joint-muscle-care-otc457561,Volini Maxx Spray,Sun Pharmaceutical Industries Ltd,,"Diclofenac Diethylamine IP Equivalent to Dicoflenac Sodium, Methyl Salicylate IP, Menthol IP, Provides instant pain relief and supports bone, joint and muscle care, A unique formulation of 2% diclofenac makes it 100% stronger than other sprays, Provides effective relief from severe neck and back pain, Helps in relieving musculoskeletal and joint pain, Effective in healing pain due to strain and sprain, Useful in case of sports injuries, Has a unique 360-degree delivery mechanism that ensures standardised drug delivery, It provides instant and long-lasting pain relief from knee pain, joint pain, back pain, calf pain, and neck pain","Shake well before each use. Spray the contents from 5 cm distance on the affected areas 3-4 times in a day or, as directed by the physician.","Read the label carefully before use, Store in a cool and dry place away from direct sunlight, Keep out of reach of the children, Do not exceed the recommended dosage, For external use only, Should be applied only to intact skin surfaces and not to skin wounds and open injuries, Should not come into contact with eyes, mucous membranes and should not be ingested, Store in a cool and dry place"
https://www.1mg.com/otc/bjain-rhus-toxicodendron-dilution-12-ch-otc434345,Bjain Rhus Toxicodendron Dilution,Bjain Pharmaceuticals Pvt. Ltd.,,,Take 3-5 drops of the dilution in 1 teaspoon of water twice a day or as directed by the physician.,
https://www.1mg.com/otc/jiva-pain-calm-oil-pain-reliever-for-joint-pain-back-pain-frozen-shoulder-sprain-muscle-soreness-otc651626,Jiva Pain Calm Oil,Jiva Ayurvedic Pharmacy Ltd,,,,
https://www.1mg.com/otc/adel-aconite-nap-dilution-200-otc328690,ADEL Aconitum Napellus Dilution,Adel Pekana Germany,,,Dosage should be prescribed by the physician.,
https://www.1mg.com/otc/sbl-mercurius-iodatus-flavus-dilution-6-ch-otc354648,,SBL Pvt Ltd,,,,
https://www.1mg.com/otc/pankajakasthuri-orthoherb-ayurvedic-oil-with-amla-for-joint-pain-relief-otc356687,Pankajakasthuri Orthoherb Oil,Pankajakasthuri Herbals India (P) Ltd.,,"Vasa (Adhatoda vasica, Rt, Dct), Eranda (Ricinus communis, Rt, Dct), Bilwa (Aegle marmelos, Rt, Dct), Thwak (Cinnamomum zeylanicum, St. Bk, Dct), Maricha (Piper nigrum, Dr. Fr, Dct), Lavanga (Syzygium aromaticum, Dr. Fr, Dct), Jati (Myristica fragrans, Pp, Dct), Pata (Cyclea peltata, Rt, Dct), Nimba (Azadirachta indica, Rt, bk, Dct), Sahachara (Strobilanthes ciliatus, Rt, Dct), Nirgundi (Vitex negundo, Lf, Dct), Bala (Sida retusa, Rt, Dct), Punarnava (Boerhavia diffusa, Pl, Dct), Gunja (Abrus precatorius, Rt, Dct), Dusparsa (Tragia involucrata, Rt, Dct) 2 g each. Amalaki (Phyllanthus emblica, Dr. Fr, Pst), Manjishta (Rubia cordifolia, Rt, Pst), Guggulu (Balsamodendron mukul, Lx, Pst), Chitraka (Plumbago zeylanica, Rt, Pst) 2.5 g each. Kera thaila (Cocos nucifera, Oil) 27.50 ml, Eranda thaila (Ricinus communis, Oil) 82.50 ml, Eucalyptus Oil (Eucalyptus globulus, Oil), 100 ml, Liquid, The oil has anti-inflammatory and analgesic properties, It imparts muscle tone and lubricates the joints, It also imparts firmness to the limbs, It can help stimulate circulation, It helps the lymphatic functioning for detoxification",,"Read the label carefully before use, Store in a cool and dry place, Keep out of reach of children"
https://www.1mg.com/otc/ecommercehub-ice-bags-for-pain-relief-9inch-otc966567,EcommerceHub Ice Bags for Pain Relief 9inch,EcommerceHub Enterprise,It is used for pain relief. This ice pack is usable as both hot and cold water ice Bags.,"This ice bag is leakproof and made with quality material, This ice pack for pain relief can keep water hot or cold for a longer time, Area of Use:Shoulder, thighs, arms, elbows and full body, Ice packs can help minimize swelling around the injury, reduce bleeding into the tissues, and reduce muscle spasms and pain, Ice packs are often used after injuries like ankle sprains have occurred","For cold therapy, simply fill with ice cubes and a little water to relieve discomfort and for hot therapy, just add some hot water (not boiling) and apply it to the needed areas","Read the label carefully before use, Keep out of reach of children, For external use only"
https://www.1mg.com/otc/moov-pain-relief-ointment-for-back-pain-joint-pain-knee-pain-muscle-pain-otc377375,"Moov Pain Relief Ointment for Back Pain, Joint Pain, Knee Pain, Muscle Pain",Reckitt Benckiser Healthcare Pvt. Ltd.,,"Ointment, 30g",,
https://www.1mg.com/otc/dr.-reckeweg-bovista-dilution-6-ch-otc373118,Dr. Reckeweg Bovista Dilution,Dr Reckeweg & Co,,"Puff Ball, Dilution, 11 ml, Male/Female, Reduces the pain in the head that increases early in the morning and the person feels like the head is growing, Excellent remedy for pimples that arise due to the use of excessive cosmetics, May reduce loose motions before and after periods when they come early with heavy flow, Good remedy for colicky pains which are better by eating, Effectively eases conditions like eczema, acne, and rashes, providing relief from itching and irritation, Helps in managing varicose veins and prevents easy bruising, promoting healthy blood flow",Use as directed by the physician.,"Store in a cool and dry place away from direct sunlight, Read the product label carefully before use, Keep out of reach of children, Do not exceed the recommended dosage, Avoid any strong smell in the mouth such as coffee, onion, hing, mint, camphor, garlic etc while taking the medicine, Keep at least half an hour gap between food/drink/ any other medicines and allopathic medicine"
https://www.1mg.com/otc/miduty-nerve-pain-relief-capsule-alpha-lipoic-acid-b-vitamins-neuropathy-support-otc918605,Miduty Nerve Pain Relief Capsule,Midvision Pvt Ltd,,,Use as directed on the label or as advised by your healthcare provider,
https://www.1mg.com/otc/sbl-eupatorium-perfoliatum-dilution-3-ch-otc352690,SBL Eupatorium Perfoliatum Dilution,SBL Pvt Ltd,,"Extract of Common boneset plant, Ethanol, 30 ml, Liquid, Men and Women, Provides relief from throbbing pain in the head and helps in alleviating influenza and malaria, Helpful in severe bone pains and is useful in conditions associated with cachexia, Useful in vertigo, headaches and vomiting and is effective in reducing soreness, Helps in easing constipation, sore liver, coryza, cough and soreness in the chest",Use as directed by the physician.,"Store in a cool and dry place away from direct sunlight, Read the product label carefully before use, Keep out of reach of children, Do not exceed the recommended dosage"
https://www.1mg.com/otc/dr.-reckeweg-syphilinum-dilution-10m-ch-otc375324,Dr. Reckeweg Syphilinum Dilution,Dr Reckeweg & Co,,"Syphilinum, 10ml, Dilution, It provides relief from shifting rheumatic pains and severe pain in long bones and muscles, It is effective in managing ulcerations in the mouth, nose, genitals, and skin, reducing burning sensations, It alleviates symptoms of dry, hard coughs, especially at night, It helps with conditions like rectal strictures, painful enemas, and fissures, improving overall rectal health",,"Do not exceed the recommended dosage, Read the label carefully before use, Store in a cool dry place away from direct sunlight, Keep out of reach of children, Avoid any strong smell in the mouth such as coffee, onion, hing, mint, camphor, garlic etc. while taking the medicine, Keep at least half an hour gap between food/drink/ any other medicines and allopathic medicine"
https://www.1mg.com/otc/pravek-maha-balvardhak-oil-otc601978,Pravek Maha Balvardhak Oil,Pravek Kalp Private Limited,,,Massage adequate quantity of oil gently on the affected areas till it is absorbed. Use 2-3 times in a day for better results or as directed by the physician.,
https://www.1mg.com/otc/dr-willmar-schwabe-india-ferrum-phosphoricum-biochemic-tablet-200x-otc338244,Dr Willmar Schwabe India Ferrum Phosphoricum Biochemic Tablet,Dr Willmar Schwabe India Pvt Ltd,,,As directed by the physician,
https://www.1mg.com/otc/sara-care-hb-101-hot-water-bottle-otc339312,Sara+Care HB 101 Hot Water Bottle,Sara Healthcare,The hot water bottle is used as a natural body warmer in winter and for heat therapy.,"Soft rubber provides comfort and full coverage to the injured area, Provides quick relief from muscular, joint, and menstrual pain, Small and compact design makes it handy and easy to carry, Can be used as a bed warmer","Do not use boiling water when filling the bottle, Fill the bottle to a maximum of two-thirds capacities, Check the bottle for any leakage by holding the bottle in an upside-down position, Expel air by lowering carefully on a flat surface until water appears at the opening, Screw the cap tightly to ensure that there is no leakage","Never fill the bottle with boiling water, Read the label carefully before use, Keep out of reach of the children, Store in a cool and dry place"
https://www.1mg.com/otc/volini-pain-relief-gel-for-sprain-muscle-joint-neck-low-back-pain-bone-joint-muscle-care-otc138818,Volini Pain Relief Gel,Sun Pharmaceutical Industries Ltd,,"Diclofenac Diethylamine Equivalent to Diclofenac Sodium 1% w/w, Methyl Salicylate IP, Menthol IP, Virgin Linseed Oil BP, Preservative, Benzyl Alcohol IP, Gel Base, The spray can offer relief when in pain and supports bone, muscle and joint care., It is effective for pain in the joints, knees, back, shoulders, and neck, It can work great on sports injuries such as muscle pulls, sprains, and strain, It provides instant and long-lasting pain relief from knee pain, joint pain, back pain, calf pain, and neck pain","The Volini pain relief bottle should be shaken well before spraying, Hold the spray bottle at a 5cm distance from the affected area and spray, You can use the spray about three to four times daily or as recommened by your physician","Read the label carefully before use, Store in a cool and dry place, away from sunlight, Keep out of reach of children, The Volini pain relief spray is meant for external application only, Use Volini per the doctor’s guidance, and be careful not to use more than the given dosage, Do not use the spray on open wounds or surfaces of the skin that are ruptured, The spray should not be ingested or come in contact with the eyes and mucous membranes, Avoid using the spray near a naked flame, Do not burn or make a hole in the bottle even after the spray is over"
https://www.1mg.com/otc/sbl-mentholum-dilution-6-ch-otc354556,SBL Mentholum Dilution,SBL Pvt Ltd,,"Menthol, Used in acute eustachian catarrh, pharyngitis, laryngitis and neuralgias, Known remedy for reducing the constant itching, Cures the frontal headache that continuous the pain over the frontal sinus, Helps person to deal with mental confusion",Use as directed by the physician,"Read the label carefully before use, Avoid eating tobacco or drinking alcohol during the course, Keep out of the reach of children, Use under medical supervision, Avoid any strong smell in the mouth such as coffee, onion, hing, mint, camphor, garlic etc while taking the medicine, Keep at least half an hour gap between food/drink/ any other medicines and allopathic medicine"
https://www.1mg.com/otc/lord-s-hernil-drop-otc392874,,Lord's Homoeopathic Laboratory Pvt Ltd,,,,
https://www.1mg.com/otc/bjain-syphillinum-dilution-30-ch-otc432416,Ortho-Aid Capsule,Bjain Pharmaceuticals Pvt. Ltd.,,,,
https://www.1mg.com/otc/oppo-1125-coolprene-knee-support-regular-otc502013,,OPPO Medical Inc,,,,
https://www.1mg.com/otc/pravek-dashmool-ghanvati-500mg-otc602010,Dashmool Ghanvati,Pravek Kalp Private Limited,,,As directed by the physician.,
https://www.1mg.com/otc/dr.-reckeweg-acidum-phosph-dilution-30-ch-otc326824,Dr. Reckeweg Acidum Phosphoricum Dilution,Dr Reckeweg & Co,,"Treats complications associated with mental as well as emotional trauma, Provides relief from headache due to exhaustion and mental weakness, Helps improve concentration, focus and memory and improves general mood, Improves physical and mental stress and corrects negative thinking patterns, It can be used to treat soreness of the eyes that leads to irritated and itchy eyes, Helps in relieving distension, nausea and vomiting in stomach, Improves digestion and stimulates appetite, Acts as a mild sedative and treats insomnia caused due to anxiety, Corrects sexual disorders in men and increases libido, Prevents premature greying of hair",Take 3-5 drops of dilution in a half cup of water thrice a day or as directed by the physician.,"Read the label carefully before use, Do not exceed the recommended dosage, Keep out of the reach of children, Store in a cool dry place away from direct sunlight and heat"
https://www.1mg.com/otc/comprezon-cotton-varicose-vein-stockings-class-2-above-knee-medium-beige-otc390232,Comprezon Cotton Varicose Vein Stockings Class 2 Above Knee,Dynamic Techno Medicals Pvt. Ltd.,To assist patients suffering from varicose veins and help prevent the pooling of blood.,"Prevents blood pooling:Applies graduated compression or high pressure at the ankle, and medium pressure at the thigh which allows blood to flow back up to the leg, Quality Assurance:It is the only brand manufactured in India which meets international specifications for varicose vein stockings, Economical Price:It is an economical alternative to imported brands and is exported to more than 40 countries, High-Quality Design:Manufactured using German Machinery and imported raw materials to provide accurate pressure for each indication of varicose veins, Material Content:65% Polyamide, 35% Elastane, Type:Compression Stockings, Toe Style:Peephole, Gender:Unisex, Latex Free:Yes, Pressure Class:Class 2, Height:AD-knee high, Available Sizes:Small, Medium, Large, XL, XXL- depending on the circumference of the ankle, knee and thigh, Ankle circumference in cm:Small- 19-23, Medium- 23-26, Large- 26-29, XL-29-31, XXL- 31-34, Indications of Class 2 Stockings:Severe varicose vein, Moderate oedema, Pregnancy varicosis, Mild post-traumatic swelling Healing, Post minor ulceration, Post superficial thrombophlebitis, Post Sclerotherapy, Post-surgery",As described by your physician,"Read the label carefully before use, Store in a cool, dry place away from direct sunlight, Avoid physical damage"
https://www.1mg.com/otc/haslab-bico-12-biochemic-compound-tablet-otc339550,Haslab Bico 12 Biochemic Compound Tablet,HASLAB,,"Ferrum Phosphoricum, Natrum Muriaticum, Kali Phosphoricum, Magnesia Phosphorica, It can help to relieve headaches due to congestion, overexertion, lack of sleep or anxiety, It can help to prevent gastric headaches with all gone feeling in the stomach, It can help to manage headaches with throbbing sensation, It can help to relieve stress and anxiety",As directed by the physician.,"Store it in a cool and dry place, Keep it away from direct sunlight, Keep it away from the reach of the children"
https://www.1mg.com/otc/yuvika-kakra-singhi-pistacia-integerrima-zebrawood-otc520177,,DKC AGROTECH PVT. LTD.,,,,
https://www.1mg.com/otc/dr-willmar-schwabe-india-ambrosia-artemisiaefolia-mother-tincture-q-otc390676,,Dr Willmar Schwabe India Pvt Ltd,,,,
https://www.1mg.com/otc/bjain-rhus-toxicodendron-dilution-30-ch-otc434339,Bjain Rhus Toxicodendron Dilution,Bjain Pharmaceuticals Pvt. Ltd.,,,Take 3-5 drops of the dilution in 1 teaspoon of water twice a day or as directed by the physician.,
https://www.1mg.com/otc/vissco-core-0301b-cervical-collar-without-chin-support-small-otc507630,Vissco Core 0301B Cervical Collar without Chin Support,Vissco Rehabilitation Aids Pvt. Ltd.,It has been designed to support the chin and cervical spine and helps to relieve the pain.,,"Place extending chin support below your chin, Adjust the hook and loop according to your comfort","Read the label carefully before use, Store in a cool dry place away from direct sunlight, Avoid any physical damage"
https://www.1mg.com/otc/vashisht-calc-flour-3x-gel-otc411894,,Vashisht Homoeopathic Pharmaceuticals,,,,
https://www.1mg.com/otc/tynor-e-03-wrist-forearm-splint-child-right-otc345640,Tynor E 03 Wrist & Forearm Splint,Tynor Orthotics Pvt. Ltd.,It helps to maintain the wrist in the neutral/functional position.,,Use a directed by the health-care professional.,
https://www.1mg.com/otc/sloan-s-liniment-kills-pain-reduces-swelling-strengthens-muscles-ligaments-otc315107,Sloan's Liniment,Piramal Enterprises Ltd,,Oil,,
https://www.1mg.com/otc/jiva-pain-calm-oil-pain-reliever-for-joint-pain-back-pain-frozen-shoulder-sprain-muscle-soreness-otc329877,Jiva Pain Calm Oil,Jiva Ayurvedic Pharmacy Ltd,,,,
https://www.1mg.com/otc/bluheat-neck-shoulder-heat-therapy-patches-heat-therapy-patch-safe-natural-4-hours-otc925306,BluHeat Neck & Shoulder Heat Therapy Patch,Pantheon Pharmchem,These patches reduce the stinging pain in the neck and the shoulder area.,"These patches are designed with natural, raw components, BluHeat Neck and Shoulder Pain Relief Patches offer natural pain relief by activating heat upon application, It helps swiftly alleviate neck and shoulder discomfort","Peel off the paper, Sick the BluHeat patch to the desired spot on clean dry skin, It may take 5 to 10 minutes for the BluHeat to reach the optimum temperature, After use dispose of normal household waste","Read the label carefully, Do not use it while sleeping and check occasionally, If used continuously on the same area of the body, it could cause redness on the skin, Discontinue using in cases of discomfort or irritation"
https://www.1mg.com/otc/himalaya-rumalaya-pain-relief-gel-quick-relief-from-body-pain-ayurvedic-gel-otc90714,Himalaya Rumalaya Gel,Himalaya Wellness Company,,"30 gm, Gel",Apply a small quantity of the gel to the tender area and lightly massage it in or as directed by the physician.,
https://www.1mg.com/otc/lp-969-wrist-support-elastic-single-small-otc331500,LP #969 Wrist Support Elastic Single,LP Support,"It is primarily used to provide relief in the condition of mild wrist injuries, strains or sprains.","Designed for mild wrist injuries, strains or sprains, Provides additional support for arthritis, sprains or strains and post-operative rehabilitation, Offers support and pain relief while allowing full range of motion",Use as per requirement or as directed by the physician.,"Read the label carefully before use, Store in a cool dry place away from direct sunlight, Keep out of reach of the children, Avoid physical damage"
https://www.1mg.com/otc/dr-willmar-schwabe-india-acetanilidum-dilution-30-ch-otc391732,,Dr Willmar Schwabe India Pvt Ltd,,,,
https://www.1mg.com/otc/moov-cool-therapy-gel-otc964102,Moov Cool Therapy Gel,Reckitt Benckiser Healthcare Pvt. Ltd.,,"Each gram of gel contains: Pudina Satva (Mentha piperita) extract (Aerial parts of plant) 8.0% w/w, Preservative: Benzyl Alcohol IP, Colouring Agents: Brilliant Blue FCF, Tartrazine Yellow., Gel., 20g.",Apply a thin film of the gel to the affected area and massage gently. Repeat 3-4 times daily for best results.,
https://www.1mg.com/otc/baidyanath-nagpur-mahanarayan-tel-pain-relief-oil-for-joint-muscular-pain-otc627268,Kerala Ayurveda Punarnavasavam,Shree Baidyanath Ayurved Bhawan (P)Limited (Nagpur),,Liquid,,
https://www.1mg.com/otc/bjain-arnica-montana-dilution-3x-otc716806,Bjain Arnica Montana Dilution,Bjain Pharmaceuticals Pvt. Ltd.,,,"10 to 15 drops in ¼ cup of water, two times a day, 10 minutes before or after meals or as prescribed by the physician.",
https://www.1mg.com/otc/bjain-calcarea-carbonica-dilution-30c-otc436434,Bjain Calcarea Carbonica Dilution,Bjain Pharmaceuticals Pvt. Ltd.,,,Take 3-5 drops of the dilution in 1 teaspoon of water twice a day or as directed by the physician.,
https://www.1mg.com/otc/jain-pain-off-tablet-otc942706,Jain Pain Off Tablet,Sri Jain Ayurvedic Pharmacy,,"Shuddha Guggulu Commiphora Wightii Musthak Brassica Nigra Shunti Zingiber Officinalis Maricha Piper Nigrum Pippali Piper Longum Erandamool Ricinus Communs Arjuna Terminalia Arjuna Trivrut Operculina Tupethum Suranjan Colchicum Luteum Lashun Allium Sativum, Garlic Gokshuru Tribulus Terrestris Ashwagandha Withania Somnifera Punernava Boerrhavia Diffuesa Vidanga Pureria Tuberosa Rasna Pluchea Lanceolata Yavakshar Hordeum Vulgare Ajamoda Carum Roxburghianum.",One to two tablets twice a day after meals.,
https://www.1mg.com/otc/volini-maxx-pain-relief-spray-for-back-neck-joint-muscle-pain-bone-joint-muscle-care-otc457560,Volini Maxx Spray,Sun Pharmaceutical Industries Ltd,,"Diclofenac Diethylamine IP Equivalent to Dicoflenac Sodium, Methyl Salicylate IP, Menthol IP, Provides instant pain relief and supports bone, joint and muscle care, A unique formulation of 2% diclofenac makes it 100% stronger than other sprays, Provides effective relief from severe neck and back pain, Helps in relieving musculoskeletal and joint pain, Effective in healing pain due to strain and sprain, Useful in case of sports injuries, Has a unique 360-degree delivery mechanism that ensures standardised drug delivery, It provides instant and long-lasting pain relief from knee pain, joint pain, back pain, calf pain, and neck pain","Shake well before each use. Spray the contents from 5 cm distance on the affected areas 3-4 times in a day or, as directed by the physician.","Read the label carefully before use, Store in a cool and dry place away from direct sunlight, Keep out of reach of the children, Do not exceed the recommended dosage, For external use only, Should be applied only to intact skin surfaces and not to skin wounds and open injuries, Should not come into contact with eyes, mucous membranes and should not be ingested, Store in a cool and dry place"
https://www.1mg.com/otc/sbl-aconitum-napellus-dilution-30-ch-otc345696,SBL Aconitum Napellus Dilution,SBL Pvt Ltd,,,Dosage should be prescribed by the physician.,
https://www.1mg.com/otc/vissco-0709-elastic-tubular-anklet-xxl-otc344577,,Vissco Rehabilitation Aids Pvt. Ltd.,,,,
https://www.1mg.com/otc/pankajakasthuri-orthoherb-ayurvedic-oil-with-amla-for-joint-pain-relief-otc356687,Pankajakasthuri Orthoherb Oil,Pankajakasthuri Herbals India (P) Ltd.,,"Vasa (Adhatoda vasica, Rt, Dct), Eranda (Ricinus communis, Rt, Dct), Bilwa (Aegle marmelos, Rt, Dct), Thwak (Cinnamomum zeylanicum, St. Bk, Dct), Maricha (Piper nigrum, Dr. Fr, Dct), Lavanga (Syzygium aromaticum, Dr. Fr, Dct), Jati (Myristica fragrans, Pp, Dct), Pata (Cyclea peltata, Rt, Dct), Nimba (Azadirachta indica, Rt, bk, Dct), Sahachara (Strobilanthes ciliatus, Rt, Dct), Nirgundi (Vitex negundo, Lf, Dct), Bala (Sida retusa, Rt, Dct), Punarnava (Boerhavia diffusa, Pl, Dct), Gunja (Abrus precatorius, Rt, Dct), Dusparsa (Tragia involucrata, Rt, Dct) 2 g each. Amalaki (Phyllanthus emblica, Dr. Fr, Pst), Manjishta (Rubia cordifolia, Rt, Pst), Guggulu (Balsamodendron mukul, Lx, Pst), Chitraka (Plumbago zeylanica, Rt, Pst) 2.5 g each. Kera thaila (Cocos nucifera, Oil) 27.50 ml, Eranda thaila (Ricinus communis, Oil) 82.50 ml, Eucalyptus Oil (Eucalyptus globulus, Oil), 100 ml, Liquid, The oil has anti-inflammatory and analgesic properties, It imparts muscle tone and lubricates the joints, It also imparts firmness to the limbs, It can help stimulate circulation, It helps the lymphatic functioning for detoxification",,"Read the label carefully before use, Store in a cool and dry place, Keep out of reach of children"
https://www.1mg.com/otc/haslab-hc-74-sanguinaria-complex-tablet-otc388247,,HASLAB,,,,
https://www.1mg.com/otc/sbl-hypericum-perforatum-mother-tincture-q-otc338480,,SBL Pvt Ltd,,,,
https://www.1mg.com/otc/miduty-nerve-pain-relief-capsule-alpha-lipoic-acid-b-vitamins-neuropathy-support-otc918605,Miduty Nerve Pain Relief Capsule,Midvision Pvt Ltd,,,Use as directed on the label or as advised by your healthcare provider,
https://www.1mg.com/otc/sbl-pothos-foetidus-dilution-1000-ch-otc348547,,SBL Pvt Ltd,,,,
https://www.1mg.com/otc/sbl-lithium-bromatum-dilution-30-ch-otc354253,SBL Lithium Bromatum Dilution,SBL Pvt Ltd,,"Helps in reducing numbness and headache, Effective in healing flushed appearance of face, Effective in treating insomnia and sleeplessness due to mental exertion, Provides effective relief from severe back pain, It is useful in treating cerebral congestion","Take 3-5 drops 2-3 times a day or, as directed by the physician.","Read the label carefully before use, Keep out of the reach of children, Use under medical supervision, Do not exceed the recommended dosage, Maintain half an hour gap between food,drink and any other medicines and homoeopathic medicine, Store in a cool and dry place"
https://www.1mg.com/otc/pravek-maha-balvardhak-oil-otc601978,Pravek Maha Balvardhak Oil,Pravek Kalp Private Limited,,,Massage adequate quantity of oil gently on the affected areas till it is absorbed. Use 2-3 times in a day for better results or as directed by the physician.,
https://www.1mg.com/otc/flamingo-knee-cap-small-otc348795,Flamingo Knee Cap,Ascent Meditech Limited,,"1 unit, Men/Women",Use as directed on the product leaflet.,
https://www.1mg.com/otc/sbl-eserinum-dilution-12-ch-otc352614,SBL Eserinum Dilution,SBL Pvt Ltd,,"Eserinum, It has relaxant properties and may promote muscle relaxation, sleep and relieve headaches, It helps in reducing headaches caused due to these imbalances, It improves overall health and well-being",Use as directed on the label.,"Read the label carefully before use, Store in a cool and dry place away from direct sunlight, Keep out of reach of children"
https://www.1mg.com/otc/jiva-pain-calm-oil-pain-reliever-for-joint-pain-back-pain-frozen-shoulder-sprain-muscle-soreness-with-knee-cap-free-otc651981,Jiva Pain Calm Oil,Jiva Ayurvedic Pharmacy Ltd,,,,
https://www.1mg.com/otc/dominion-care-combo-pack-of-accu-paduka-accupressure-massage-slipper-and-manipol-massager-otc516305,Dominion Care Combo Pack of Accu Paduka Accupressure Massage Slipper and Manipol Massager,Kapil Plastic Mould,,,Use as per requirement or as directed by the physician.,"Read the label carefully before use, Store in a cool dry place away from direct sunlight, Keep out of reach of the children, Avoid physical damage"
https://www.1mg.com/otc/tynor-c03-elastic-shoulder-immobiliser-xl-otc345524,Tynor C-03 Elastic Shoulder Immobiliser,Tynor Orthotics Pvt. Ltd.,It helps to reduce abduction and arm rotation by positioning the arm close to the body.,,Measure the circumference around the chest and wear accordingly.,"Read the label carefully before use, Keep out of reach of the children, Store in a cool dry place"
https://www.1mg.com/otc/volini-maxx-pain-relief-spray-for-back-neck-joint-muscle-pain-bone-joint-muscle-care-otc457561,Volini Maxx Spray,Sun Pharmaceutical Industries Ltd,,"Diclofenac Diethylamine IP Equivalent to Dicoflenac Sodium, Methyl Salicylate IP, Menthol IP, Provides instant pain relief and supports bone, joint and muscle care, A unique formulation of 2% diclofenac makes it 100% stronger than other sprays, Provides effective relief from severe neck and back pain, Helps in relieving musculoskeletal and joint pain, Effective in healing pain due to strain and sprain, Useful in case of sports injuries, Has a unique 360-degree delivery mechanism that ensures standardised drug delivery, It provides instant and long-lasting pain relief from knee pain, joint pain, back pain, calf pain, and neck pain","Shake well before each use. Spray the contents from 5 cm distance on the affected areas 3-4 times in a day or, as directed by the physician.","Read the label carefully before use, Store in a cool and dry place away from direct sunlight, Keep out of reach of the children, Do not exceed the recommended dosage, For external use only, Should be applied only to intact skin surfaces and not to skin wounds and open injuries, Should not come into contact with eyes, mucous membranes and should not be ingested, Store in a cool and dry place"
https://www.1mg.com/otc/jain-pain-off-oil-otc347253,"Kabiron Kab-Cast Fiber Glass Casting Tape 3"" x 4yrds 7.5cm x 3.6m",Sri Jain Ayurvedic Pharmacy,,,,
https://www.1mg.com/otc/bjain-rhus-toxicodendron-dilution-6-ch-otc434333,Bjain Rhus Toxicodendron Dilution,Bjain Pharmaceuticals Pvt. Ltd.,,,Take 3-5 drops of the dilution in 1 teaspoon of water twice a day or as directed by the physician.,
https://www.1mg.com/otc/jiva-pain-calm-oil-pain-reliever-for-joint-pain-back-pain-frozen-shoulder-sprain-muscle-soreness-otc651626,Jiva Pain Calm Oil,Jiva Ayurvedic Pharmacy Ltd,,,,
https://www.1mg.com/otc/wheezal-wl20-inflammation-drop-otc387885,Wheezal WL20 Inflammation Drop,Wheezal Homoeo Pharma,,"Belladonna, Phytolacca. Dec, Aco. Nap, Kalmia. Lat, Mag phos, Zinc, Valeriana, It provides effective relief from inflammatory conditions, reducing inflammation in the affected area and alleviating symptoms such as burning sensation, redness, and swelling, It relieves symptoms commonly associated with inflammation, including restlessness, aching, soreness, and related issues, promoting overall comfort and well-being, It helps deal with inflammatory fevers and conditions characterized by heat in hands and coldness in feet, restoring balance to the body's temperature regulation mechanisms, It provides relief from rheumatic pain and inflammatory conditions associated with heart conditions, addressing discomfort and promoting cardiovascular health, It acts as an extremely potent anti-spasmodic solution, effectively dealing with muscle cramps with excruciating pain, enhancing muscle relaxation and reducing spasms",Take 10-15 drops of Wheezal WL20 Inflammation Drop in little water four times a day before meals or as directed by the physician,"Read the label carefully before use, Store in a cool and dry place, away from sunlight, Keep out of reach of children"
https://www.1mg.com/otc/moov-pain-relief-ointment-for-back-pain-joint-pain-knee-pain-muscle-pain-otc377375,"Moov Pain Relief Ointment for Back Pain, Joint Pain, Knee Pain, Muscle Pain",Reckitt Benckiser Healthcare Pvt. Ltd.,,"Ointment, 30g",,
https://www.1mg.com/otc/medopharm-wellness-pain-relief-spray-for-back-pain-muscle-pain-joint-pain-shoulder-pain-and-knee-pain-otc850559,"Medopharm Wellness Pain Relief Spray for Back Pain, Muscle Pain, Joint Pain, Shoulder Pain and Knee Pain",Medopharm Wellness Pvt Ltd,,"Analgesic, Cinnamon oil, Nirgundi oil, Lavang oil, Pinus Roxburghi, and Gandhapura Pathra Taila., It relieves arthritis pain, back pain, shoulder pain, neck pain, ankle pain, sprains, and joint pain, This spray provides instant relief and long-lasting support, It is useful for injuries due to sports activities, gym workouts and daily activities, It may provide 3x fast action, It is easy to carry, portable, and a travel-friendly pack",Use the spray at an angle so that it is not inhaled or sprayed into your eyes.,"Protect from heat and sunlight, Keep out of reach of children, Avoid contact with eyes and broken skin, Wash hands after using"
https://www.1mg.com/otc/omnigel-pain-relief-from-sprain-injury-back-pain-muscle-pain-body-pain-knee-pain-joint-pain-otc855479,Omnigel,Cipla Ltd,,"Linseed Oil BP, Diclofenac Diethylamine BP Equivalent to Diclofenac Sodium, Methyl Salicylate IP, Menthol IP, Benzyl Alcohol IP (As Preservative) in water-washable base, Linseed oil has anti-inflammatory properties and minimises inflammation and swelling, Diclofenac is an anti-inflammatory that inhibits the release of chemicals that are responsible for causing pain and inflammation, Methyl salicylate and menthol work topically to relieve pain, Gel",Use as directed by the healthcare professional.,"Read the label carefully before use, Store below 25C. Do not freeze, Keep out of reach of children"
https://www.1mg.com/otc/volini-pain-relief-gel-for-sprain-muscle-joint-neck-low-back-pain-bone-joint-muscle-care-otc138818,Volini Pain Relief Gel,Sun Pharmaceutical Industries Ltd,,"Diclofenac Diethylamine Equivalent to Diclofenac Sodium 1% w/w, Methyl Salicylate IP, Menthol IP, Virgin Linseed Oil BP, Preservative, Benzyl Alcohol IP, Gel Base, The spray can offer relief when in pain and supports bone, muscle and joint care., It is effective for pain in the joints, knees, back, shoulders, and neck, It can work great on sports injuries such as muscle pulls, sprains, and strain, It provides instant and long-lasting pain relief from knee pain, joint pain, back pain, calf pain, and neck pain","The Volini pain relief bottle should be shaken well before spraying, Hold the spray bottle at a 5cm distance from the affected area and spray, You can use the spray about three to four times daily or as recommened by your physician","Read the label carefully before use, Store in a cool and dry place, away from sunlight, Keep out of reach of children, The Volini pain relief spray is meant for external application only, Use Volini per the doctor’s guidance, and be careful not to use more than the given dosage, Do not use the spray on open wounds or surfaces of the skin that are ruptured, The spray should not be ingested or come in contact with the eyes and mucous membranes, Avoid using the spray near a naked flame, Do not burn or make a hole in the bottle even after the spray is over"
https://www.1mg.com/otc/medopharm-wellness-supergin-ointment-for-muscle-aches-joint-discomfort-arthritis-sprains-and-strains-otc601920,"Medopharm Wellness Instant Pain Relief Ointment Suitable for Muscle Aches, Joint Discomfort, Arthritis, Sprains, and Strains",Medopharm Wellness Pvt Ltd,,"Nilgiri oil, Nirgundi oil, camphor, and menthol.",,
https://www.1mg.com/otc/sbl-carbo-animalis-dilution-200-ch-otc346102,SBL Carbo Animalis Dilution,SBL Pvt Ltd,,"Reduces pain and dryness in throat, Helps in reducing anxiety and nausea which increases during night, Helps in treating irregular periods and weakness in women, It is a effective remedy for reducing hardness in glands, Provides relief from pain in the tail bone",Dosage should be directed by the physician. It can be safely taken along with allopathic medicines.,"Read the label carefully before use, Keep out of the reach of children, Use under medical supervision, Do not exceed the recommended dosage, Maintain half an hour gap between food, drink and any other medicine, Avoid any strong smell in the mouth while taking medicine e.g. camphor, garlic, onion, coffee and hing, Store in a cool and dry place"
https://www.1mg.com/otc/volini-pain-relief-gel-for-sprain-muscle-joint-neck-low-back-pain-bone-joint-muscle-care-otc313229,Volini Pain Relief Gel,Sun Pharmaceutical Industries Ltd,,"Diclofenac Diethylamine Equivalent to Diclofenac Sodium 1% w/w, Methyl Salicylate IP, Menthol IP, Virgin Linseed Oil BP, Preservative, Benzyl Alcohol IP, Gel Base, The spray can offer relief when in pain and supports bone, muscle and joint care., It is effective for pain in the joints, knees, back, shoulders, and neck, It can work great on sports injuries such as muscle pulls, sprains, and strain, It provides instant and long-lasting pain relief from knee pain, joint pain, back pain, calf pain, and neck pain","The Volini pain relief bottle should be shaken well before spraying, Hold the spray bottle at a 5cm distance from the affected area and spray, You can use the spray about three to four times daily or as recommened by your physician","Read the label carefully before use, Store in a cool and dry place, away from sunlight, Keep out of reach of children, The Volini pain relief spray is meant for external application only, Use Volini per the doctor’s guidance, and be careful not to use more than the given dosage, Do not use the spray on open wounds or surfaces of the skin that are ruptured, The spray should not be ingested or come in contact with the eyes and mucous membranes, Avoid using the spray near a naked flame, Do not burn or make a hole in the bottle even after the spray is over"
https://www.1mg.com/otc/dr-willmar-schwabe-india-trichosanthes-dioica-dilution-30-ch-otc391888,,Dr Willmar Schwabe India Pvt Ltd,,,,
https://www.1mg.com/otc/mcp-ice-bag-otc537825,MCP Ice Bag,MCP,"Cold therapy can be used for headaches, fever, toothache, sprain, bruises, bumps and other sports injuries, while hot therapy can be used for muscle pain, spasms, sprains, strains and stiffness etc.","It has a secure and leak-proof lock system, Superior leak-resistant cap, Good heat and corrosion-resistant PP ring, Waterproof rubberised fabric with a plastic screw cap to securely keep the ice and melt water inside the bag, Material:Latex-free cotton dacron fabric, Package Dimension:L 25 x B 15 x H 5 cm, Product Dimension:L 6.5 x B 7 x H 23 cm","For cold therapy, simply fill it with ice cubes and a little water to relieve discomfort, For hot therapy, just add some hot water (not boiling) and apply it to the required areas","Read the label carefully before use, Store in a cool and dry place away from direct sunlight, Keep out of reach of children"
https://www.1mg.com/otc/bjain-calcarea-phosphorica-dilution-1000-ch-otc436864,Bjain Calcarea Phosphorica Dilution,Bjain Pharmaceuticals Pvt. Ltd.,,,Take 3-5 drops of the dilution in 1 teaspoon of water twice a day or as directed by the physician.,
https://www.1mg.com/otc/sbl-natrum-sulphuricum-0-25-lm-otc366296,,SBL Pvt Ltd,,,,
https://www.1mg.com/otc/bakson-b6-inflammation-drop-otc388002,Bakson's B6 Inflammation Drop,Bakson Drugs &  Pharmaceuticals Pvt. ltd.,,,"It is advised to take 10-15 drops of the product diluted in water every two hours, six times a day, for acute cases. The suggested dosage for chronic conditions is twice daily. Reduce the dosage to once daily or as directed by a doctor to prevent aggravation.",
https://www.1mg.com/otc/renewa-accu-pressure-reflex-ball-air-filled-otc491772,,Dr. Sayani's Health Care Pvt. Ltd.,,,,
https://www.1mg.com/otc/dr.-reckeweg-vaccininum-dilution-200-ch-otc331529,Dr. Reckeweg Vaccininum Dilution,Dr Reckeweg & Co,,"Vaccininum, 11ml, Liquid dilution, It helps in managing chronic conditions like Vaccinosis and neuralgias, reducing discomfort, It eases indigestion symptoms, especially those with great flatulent distension, improving digestive health, It is effective in relieving whooping cough, providing respiratory relief, It addresses various skin issues such as pimples, blotches, and eruptions similar to variola, promoting clearer skin, It reduces irritability, impatience, and nervousness, helping to improve mood and mental state",,"Do not exceed the recommended dosage, Read the label carefully before use, Store in a cool dry place away from direct sunlight, Keep out of reach of children, Avoid any strong smell in the mouth such as coffee, onion, hing, mint, camphor, garlic etc. while taking the medicine, Keep at least half an hour gap between food/drink/ any other medicines and allopathic medicine"
https://www.1mg.com/otc/sbl-balsum-peruvianum-dilution-12-ch-otc351281,SBL Balsum Peruvianum Dilution,SBL Pvt Ltd,,"Balsam Peru, Reduces inflammation of the mucous membranes and effectively cures runny nose and cold, An effective remedy for stomach infection that causes indigestion with nausea and vomiting, Helpful in treating stomach related disorders such as infection, inflammation of intestines and vomiting, Effective in treating eruptions, ulceration and chronic nasal infection, Effectively in treating chronic inflammation of the lungs and relieves obstruction in the chest, Urinary disorders such as scanty urine with bladder infection are effectively treated using this remedy, Fever associated with cold and hay fever is cured by Balsa Peru, Useful in treating menstrual disorders with abnormal discharge from the vagina",Take 3-5 drops of dilution in 1 teaspoon of water three times a day or as directed by the physician.,"Read the label carefully before use, Use under medical supervision, Do not exceed the recommended dosage, Keep out of reach of children, Store in a cool dry place away direct sunlight and heat"
https://www.1mg.com/otc/bjain-bellis-perennis-dilution-3x-otc435117,Bjain Bellis Perennis Dilution,Bjain Pharmaceuticals Pvt. Ltd.,,,,
https://www.1mg.com/otc/tynor-i-70-medical-compression-stocking-mid-thigh-medium-otc345883,Tynor I-70 Medical Compression Stocking Mid Thigh Class 2,Tynor Orthotics Pvt. Ltd.,It is primarily used to provide relief in all forms of venous disease including blood pools or congests in legs.,,Use as per requirement or as directed by the physician.,
https://www.1mg.com/otc/bjain-camphora-dilution-3x-otc437362,Bjain Magnesium Phosphoricum Dilution,Bjain Pharmaceuticals Pvt. Ltd.,,Magnesium Phosphoricum,,
https://www.1mg.com/otc/bjain-kali-chloricum-dilution-30-ch-otc440802,Bjain Kali Chloricum Dilution,Bjain Pharmaceuticals Pvt. Ltd.,,Kali Chloricum,,
https://www.1mg.com/otc/keshavsrushti-vanaushadhi-uttan-rumalin-taila-otc961066,Keshavsrushti Vanaushadhi Uttan Rumalin Taila,Uttan Vanoushadhi Sanshowushan Sanstha,,"Nirgundi, Shatavari, Anant mool and Shigaru",,
https://www.1mg.com/otc/sloan-s-liniment-kills-pain-reduces-swelling-strengthens-muscles-ligaments-otc315107,Sloan's Liniment,Piramal Enterprises Ltd,,Oil,,
https://www.1mg.com/otc/jiva-pain-calm-oil-pain-reliever-for-joint-pain-back-pain-frozen-shoulder-sprain-muscle-soreness-otc329877,Jiva Pain Calm Oil,Jiva Ayurvedic Pharmacy Ltd,,,,
https://www.1mg.com/otc/iodex-balm-for-pain-relief-from-headaches-sprains-neck-shoulder-joints-back-muscular-pain-otc328583,Moyzen Moisturising Liquid,GlaxoSmithKline Consumer Healthcare,,Liquid,,
https://www.1mg.com/otc/himalaya-rumalaya-pain-relief-gel-quick-relief-from-body-pain-ayurvedic-gel-otc90714,Himalaya Rumalaya Gel,Himalaya Wellness Company,,"30 gm, Gel",Apply a small quantity of the gel to the tender area and lightly massage it in or as directed by the physician.,
https://www.1mg.com/otc/sbl-tanacetum-vulgare-dilution-6-ch-otc359024,,SBL Pvt Ltd,,,,
https://www.1mg.com/otc/dr-willmar-schwabe-india-spigelia-marilandica-dilution-30-ch-otc392056,Dr Willmar Schwabe India Spigelia Marilandica Dilution,Dr Willmar Schwabe India Pvt Ltd,,"Extract of spegelia plant, Ethanol, Water, It is an excellent remedy for angina, Cures dizziness and treats restlessness, Cures vertigo, nausea and headaches, Heals neuralgia of eyes, Reduces toothache, Cures sore throat, Treats urine with white sedimentation, Cures abdominal pains, Eases nerve pains",Dosage should be prescribed by the physician,"Read the label carefully, Self medication is not advised, Do not exceed the recommended dose, Keep out of the reach of children, Avoid any kind of strong smell in the mouth while taking the dose"
https://www.1mg.com/otc/moov-cool-therapy-gel-otc964102,Moov Cool Therapy Gel,Reckitt Benckiser Healthcare Pvt. Ltd.,,"Each gram of gel contains: Pudina Satva (Mentha piperita) extract (Aerial parts of plant) 8.0% w/w, Preservative: Benzyl Alcohol IP, Colouring Agents: Brilliant Blue FCF, Tartrazine Yellow., Gel., 20g.",Apply a thin film of the gel to the affected area and massage gently. Repeat 3-4 times daily for best results.,
https://www.1mg.com/otc/renewa-orthopaedic-back-rest-gel-pillow-memory-foam-back-rest-cushion-otc491874,Renewa Orthopaedic Back Pillow Gel,Dr. Sayani's Health Care Pvt. Ltd.,It is designed to help provide support to the back and ease pain. It helps in correcting posture.,"Comes with a gel base that has a cooling effect, Helps provide relief to aching joints and muscles, Used to prevent pain in the back and neck",Use as directed on the manual.,"Read the label carefully before use, Store in a cool dry place away from direct sunlight, Keep out of reach of the children"
https://www.1mg.com/otc/sbl-arundo-mauritanica-dilution-30-ch-otc351172,,SBL Pvt Ltd,,,,
https://www.1mg.com/otc/sbl-syphilinum-dilution-200-ch-otc348817,SBL Syphilinum Dilution,SBL Pvt Ltd,,"30 ml, Liquid",,
https://www.1mg.com/otc/haslab-drox-2-arthiron-drop-otc339503,,HASLAB,,,,
https://www.1mg.com/otc/volini-maxx-pain-relief-spray-for-back-neck-joint-muscle-pain-bone-joint-muscle-care-otc457560,Volini Maxx Spray,Sun Pharmaceutical Industries Ltd,,"Diclofenac Diethylamine IP Equivalent to Dicoflenac Sodium, Methyl Salicylate IP, Menthol IP, Provides instant pain relief and supports bone, joint and muscle care, A unique formulation of 2% diclofenac makes it 100% stronger than other sprays, Provides effective relief from severe neck and back pain, Helps in relieving musculoskeletal and joint pain, Effective in healing pain due to strain and sprain, Useful in case of sports injuries, Has a unique 360-degree delivery mechanism that ensures standardised drug delivery, It provides instant and long-lasting pain relief from knee pain, joint pain, back pain, calf pain, and neck pain","Shake well before each use. Spray the contents from 5 cm distance on the affected areas 3-4 times in a day or, as directed by the physician.","Read the label carefully before use, Store in a cool and dry place away from direct sunlight, Keep out of reach of the children, Do not exceed the recommended dosage, For external use only, Should be applied only to intact skin surfaces and not to skin wounds and open injuries, Should not come into contact with eyes, mucous membranes and should not be ingested, Store in a cool and dry place"
https://www.1mg.com/otc/vissco-core-0621-thumb-spica-splint-universal-otc344562,Vissco Core 0621 Thumb Spica Splint Universal,Vissco Rehabilitation Aids Pvt. Ltd.,"It is useful in managing injuries of the first carpometacarpal joint, ligament laxity of thumb, game keeper’s thumb, Bennett's fracture scaphoid, and Fracture De Quarvains syndrome.","Provides a comfortable wearing experience and treats thumb injury, Constructed from light breathable material which does not cause irritation, The ergonomic design allows full hand and finger movement which is sleek, trendy, and comfortable",Use as directed in the instruction manual.,"Read the label carefully before use, Keep out of reach of children, Maintain hygiene"
https://www.1mg.com/otc/viaggi-super-soft-memory-foam-neck-pillow-yellow-forest-otc510209,Viaggi Super Soft Memory Foam Neck Pillow,Siddhivinayak Enterprises,It is designed to help support and cradle the neck and head while in a sitting position in the car. It is useful in preventing neck pain.,"It is comfortable and has great tensile strength, It does not scratch the surface of the skin, Four fold increase in life expectancy, Has a soft breathable cover, It is super soft and provides cervical support, It works as an orthopedic neck pillow, It is ideal for home, travel, flight, or in the car especially on long trips",Read the instruction manual for detailed use or as directed by the physician.,"Read the instruction manual carefully before use, Keep out of the reach of children, Store in a cool and dry place"
https://www.1mg.com/otc/pankajakasthuri-orthoherb-ayurvedic-oil-with-amla-for-joint-pain-relief-otc356687,Pankajakasthuri Orthoherb Oil,Pankajakasthuri Herbals India (P) Ltd.,,"Vasa (Adhatoda vasica, Rt, Dct), Eranda (Ricinus communis, Rt, Dct), Bilwa (Aegle marmelos, Rt, Dct), Thwak (Cinnamomum zeylanicum, St. Bk, Dct), Maricha (Piper nigrum, Dr. Fr, Dct), Lavanga (Syzygium aromaticum, Dr. Fr, Dct), Jati (Myristica fragrans, Pp, Dct), Pata (Cyclea peltata, Rt, Dct), Nimba (Azadirachta indica, Rt, bk, Dct), Sahachara (Strobilanthes ciliatus, Rt, Dct), Nirgundi (Vitex negundo, Lf, Dct), Bala (Sida retusa, Rt, Dct), Punarnava (Boerhavia diffusa, Pl, Dct), Gunja (Abrus precatorius, Rt, Dct), Dusparsa (Tragia involucrata, Rt, Dct) 2 g each. Amalaki (Phyllanthus emblica, Dr. Fr, Pst), Manjishta (Rubia cordifolia, Rt, Pst), Guggulu (Balsamodendron mukul, Lx, Pst), Chitraka (Plumbago zeylanica, Rt, Pst) 2.5 g each. Kera thaila (Cocos nucifera, Oil) 27.50 ml, Eranda thaila (Ricinus communis, Oil) 82.50 ml, Eucalyptus Oil (Eucalyptus globulus, Oil), 100 ml, Liquid, The oil has anti-inflammatory and analgesic properties, It imparts muscle tone and lubricates the joints, It also imparts firmness to the limbs, It can help stimulate circulation, It helps the lymphatic functioning for detoxification",,"Read the label carefully before use, Store in a cool and dry place, Keep out of reach of children"
https://www.1mg.com/otc/vissco-core-0301b-cervical-collar-without-chin-support-xxl-otc507634,Vissco Core 0301B Cervical Collar without Chin Support,Vissco Rehabilitation Aids Pvt. Ltd.,It has been designed to support the chin and cervical spine and helps to relieve the pain.,,"Place extending chin support below your chin, Adjust the hook and loop according to your comfort","Read the label carefully before use, Store in a cool dry place away from direct sunlight, Avoid any physical damage"
https://www.1mg.com/otc/miduty-nerve-pain-relief-capsule-alpha-lipoic-acid-b-vitamins-neuropathy-support-otc918605,Miduty Nerve Pain Relief Capsule,Midvision Pvt Ltd,,,Use as directed on the label or as advised by your healthcare provider,
https://www.1mg.com/otc/dr-willmar-schwabe-india-spigelia-dilution-30-ch-otc392070,Dr Willmar Schwabe India Spigelia Dilution,Dr Willmar Schwabe India Pvt Ltd,,"Extract of spegelia plant, Ethanol, Water, It is an excellent remedy for angina, Cures dizziness and treats restlessness, Cures vertigo, nausea and headaches, Heals neuralgia of eyes, Reduces toothache, Cures sore throat, Treats urine with white sedimentation, Cures abdominal pains, Eases nerve pains",Dosage should be prescribed by the physician,"Read the label carefully, Self medication is not advised, Do not exceed the recommended dose, Keep out of the reach of children, Avoid any kind of strong smell in the mouth while taking the dose"
https://www.1mg.com/otc/pravek-maha-balvardhak-oil-otc601978,Pravek Maha Balvardhak Oil,Pravek Kalp Private Limited,,,Massage adequate quantity of oil gently on the affected areas till it is absorbed. Use 2-3 times in a day for better results or as directed by the physician.,
https://www.1mg.com/otc/sbl-hydrophobinum-dilution-200-ch-otc347942,SBL Hydrophobinum Dilution 200 CH,SBL Pvt Ltd,,"Helps in reducing pain in bones, Provides relief from chronic headache, It helps in curing sore throat, It also helps in reducing uterine sensitivity in women, Relieves spasmodic contractions of respiratory muscles, Helps in treating pain in stomach accompanied with watery stools",Dosage should be directed by the physician. It can be safely taken along with the other allopathic medicines.,"Read the label carefully before use, Keep out of the reach of children, Use under medical supervision, Do not exceed the recommended dosage, Maintain half an hour gap between food, drink and any other homoeopathic medicine, Avoid any strong smell in the mouth while taking medicine e.g. camphor, garlic, onion, coffee and hing, Store in a cool and dry place"
https://www.1mg.com/otc/waldon-pl-620-ac-electric-handheld-full-body-hammer-massager-otc839832,Waldon PL-620 AC Electric Handheld Full Body Hammer Massager,Passim Medichem Agencies,It is mainly used for a full body massager.,"It relieves tension and fatigue to revitalise any part of the body, It helps to relax taut muscles and tense nerves after hard work, It is portable and convenient to use at home or in the office, It alleviates aches and pain in the arms, neck and shoulders, It has a flower massage head, wave massage head, finger head, and brush and round massage head",Use as directed on the label.,"Children and disabled people should not use this machine, Do not use this machine in damp places, such as bath room, Do not use this machine within an hour of food intake, This product should not be used by pregnant women or people with skin and other diseases, Please make sure that the machine is switched off before charging the massage head, Do not place in direct sunlight, Make sure that the product does not come in contact with water, Do not use this machine when you feel unwell"
https://www.1mg.com/otc/jiva-pain-calm-oil-pain-reliever-for-joint-pain-back-pain-frozen-shoulder-sprain-muscle-soreness-with-knee-cap-free-otc651981,Jiva Pain Calm Oil,Jiva Ayurvedic Pharmacy Ltd,,,,
https://www.1mg.com/otc/sbl-ocimum-basilicum-mother-tincture-q-otc338653,,SBL Pvt Ltd,,,,
https://www.1mg.com/otc/volini-maxx-pain-relief-spray-for-back-neck-joint-muscle-pain-bone-joint-muscle-care-otc457561,Volini Maxx Spray,Sun Pharmaceutical Industries Ltd,,"Diclofenac Diethylamine IP Equivalent to Dicoflenac Sodium, Methyl Salicylate IP, Menthol IP, Provides instant pain relief and supports bone, joint and muscle care, A unique formulation of 2% diclofenac makes it 100% stronger than other sprays, Provides effective relief from severe neck and back pain, Helps in relieving musculoskeletal and joint pain, Effective in healing pain due to strain and sprain, Useful in case of sports injuries, Has a unique 360-degree delivery mechanism that ensures standardised drug delivery, It provides instant and long-lasting pain relief from knee pain, joint pain, back pain, calf pain, and neck pain","Shake well before each use. Spray the contents from 5 cm distance on the affected areas 3-4 times in a day or, as directed by the physician.","Read the label carefully before use, Store in a cool and dry place away from direct sunlight, Keep out of reach of the children, Do not exceed the recommended dosage, For external use only, Should be applied only to intact skin surfaces and not to skin wounds and open injuries, Should not come into contact with eyes, mucous membranes and should not be ingested, Store in a cool and dry place"
https://www.1mg.com/otc/tynor-a-05-lumbo-sacral-belt-xxl-belt-grey-otc335701,Tynor A-05 Lumbo Sacral Belt,Tynor Orthotics Pvt. Ltd.,It is used to support and immobilize the lumbosacral region and correct the postural deformity to relieve low back pain syndrome.,,,
https://www.1mg.com/otc/sbl-typhoidinum-dilution-1000-ch-otc348789,SBL Typhoidinum Dilution,SBL Pvt Ltd,,"Reduces the bloated, flatulence and red spots on abdomen, Controls the loose motions that is sometimes blood stained and foul smelling along with typhoid fever, Decreases the coldness with high temperature",As prescribed by physician. Can be taken with Allopathic medicines.,"Read the label carefully before use, Avoid eating tobacco or drinking alcohol during the course, Keep out of the reach of children, Use under medical supervision, Avoid any strong smell in the mouth such as coffee, onion, hing, mint, camphor, garlic etc while taking the medicine, Keep at least half an hour gap between food/drink/ any other medicines and allopathic medicine"
https://www.1mg.com/otc/jiva-pain-calm-oil-pain-reliever-for-joint-pain-back-pain-frozen-shoulder-sprain-muscle-soreness-otc651626,Jiva Pain Calm Oil,Jiva Ayurvedic Pharmacy Ltd,,,,
https://www.1mg.com/otc/renewa-contoured-cervical-pillow-otc506191,,Dr. Sayani's Health Care Pvt. Ltd.,,,,
https://www.1mg.com/otc/bjain-aesculus-hippocastanum-dilution-6c-otc429198,Bjain Aesculus Hippocastanum Dilution,Bjain Pharmaceuticals Pvt. Ltd.,,,As directed by the physician,
https://www.1mg.com/otc/moov-pain-relief-ointment-for-back-pain-joint-pain-knee-pain-muscle-pain-otc377375,"Moov Pain Relief Ointment for Back Pain, Joint Pain, Knee Pain, Muscle Pain",Reckitt Benckiser Healthcare Pvt. Ltd.,,"Ointment, 30g",,
https://www.1mg.com/otc/lp-710-hinged-knee-support-single-large-black-otc331347,LP #710 Hinged Knee Support,LP Support,It is used to improve the movement and helps in the treatment of arthritis and any ligament sprain.,,Use as directed by the health care professional.,"Read the label carefully before use, Keep out of reach of the children, Store in a cool dry place away from direct sunlight"
https://www.1mg.com/otc/volini-pain-relief-gel-for-sprain-muscle-joint-neck-low-back-pain-bone-joint-muscle-care-otc138818,Volini Pain Relief Gel,Sun Pharmaceutical Industries Ltd,,"Diclofenac Diethylamine Equivalent to Diclofenac Sodium 1% w/w, Methyl Salicylate IP, Menthol IP, Virgin Linseed Oil BP, Preservative, Benzyl Alcohol IP, Gel Base, The spray can offer relief when in pain and supports bone, muscle and joint care., It is effective for pain in the joints, knees, back, shoulders, and neck, It can work great on sports injuries such as muscle pulls, sprains, and strain, It provides instant and long-lasting pain relief from knee pain, joint pain, back pain, calf pain, and neck pain","The Volini pain relief bottle should be shaken well before spraying, Hold the spray bottle at a 5cm distance from the affected area and spray, You can use the spray about three to four times daily or as recommened by your physician","Read the label carefully before use, Store in a cool and dry place, away from sunlight, Keep out of reach of children, The Volini pain relief spray is meant for external application only, Use Volini per the doctor’s guidance, and be careful not to use more than the given dosage, Do not use the spray on open wounds or surfaces of the skin that are ruptured, The spray should not be ingested or come in contact with the eyes and mucous membranes, Avoid using the spray near a naked flame, Do not burn or make a hole in the bottle even after the spray is over"
https://www.1mg.com/otc/doliosis-d48-fracto-heal-liquid-complex-otc392557,Doliosis D48 Fracto Heal Drop,Doliosis Holistic Medicine and Foods Pvt. Ltd.,,Blend of homoeopathic mixtures,Use as directed on the label or as advised by your healthcare provider.,
https://www.1mg.com/otc/samson-cervical-orthosis-philadelphia-soft-cervical-collar-for-neck-support-pain-relief-and-injury-recovery-large-beige-otc487923,Samson CA-0101 Cervical Orthosis,Samson Scientifics & Surgicals,"Cervical collar or neck brace is primarily used to support a person’s neck, applied for traumatic head or neck injuries.",,Wear the collar with the collar directed up to fit snugly over the shoulders and wrap around to the back of the neck.,
https://www.1mg.com/otc/wheezal-wl21-joint-relief-drop-otc387887,Wheezal WL21 Joint Relief Drop,Wheezal Homoeo Pharma,,"Benzoic Acid, Bryonia, Nat Phos, Rhus Tox, Stellaria Media, It provides effective relief from rheumatic pain, muscle aches, and joint discomfort, alleviating inflammation, soreness, and restricted movement associated with rheumatic conditions, It helps reduce stitching pains triggered by motion, offering relief from discomfort experienced during movement and promoting greater ease of mobility, It provides relief from cracking of joints, addressing associated discomfort and promoting joint health and flexibility, It offers quick relief from rheumatic pains that may shift constantly between different body parts, providing comfort and improving the overall quality of life, It is formulated with natural ingredients such as Benzoic Acid, Bryonia, Nat Phos, and Rhus Tox, known for their therapeutic properties in addressing rheumatic pain and promoting joint health, ensuring safe and effective relief without adverse effects",Take 10-15 drops of Wheezal WL21 Joint Relief Drop with water four times a day before meals or as directed by the physician,"Read the label carefully before use, Store in a cool and dry place, away from sunlight, Keep out of reach of children"
https://www.1mg.com/otc/antarth-gold-tablet-30-each-otc940540,Antarth Gold Tablet,Millennium Herbal Care,,"Glucosamine Hydrochloride 1500mg, Methyl Sulfonyl Methane 1050mg, Sallaki ext. (Boswellia serrata) Exd.45mg, Shuddha Guggal ext. (Commiphora mukul) Exd. 45mg, Haridra ext. (Curcuma longa) Rz. 25mg, Soonth ext. (Zingiber officinale) Rz. 25mg, Ashwagandha ext. (Withania somnifera) Rt. 25mg, Langli ext. (Gloriosa superba) Rt. 25mg, Chopchini ext. (Smilax china) Tuber 20mg, Rasna ext. (Pluchea lanceolata) Lf. 20mg, Dhanyak ext. (Coriandrum sativum) Fr. 20mg, Nirgundi ext. (Vitex negundo) Lf. 17mg, Pippali ext. (Piper longum) Fr. 15mg, Punarnava ext. (Boerhavia diffusa) Rt. 6mg, Helps reduce pain and improve joint movement, Provides relief from joint pain, inflammation, and stiffness, Improves long-term mobility and flexibility of joints and overall quality of life, It is stomach-friendly and safe",Take 3 tablets daily with a sufficient quantity of water as a dietary supplement or as recommended by your healthcare professional.,"Read the label carefully before use, Store in a cool and dry place, away from sunlight, Keep out of reach of children, The result may vary from person to person depending on the individual body condition, the severity of the ailment pattern of application/intake, etc, This product is intended for use as directed, Consult a healthcare professional for specific medical concerns"
https://www.1mg.com/otc/dr-willmar-schwabe-india-alpha-ha-drop-otc327175,Dr Willmar Schwabe India Alpha - HA Drop,Dr Willmar Schwabe India Pvt Ltd,,"Alpha - HA, It can help relieve throbbing, tearing, and digging pain, It may aid in relieving pain in the forehead, occiput, and temples, It might control headaches due to overexposure to the sun",10-20 drops thrice daily or as directed by the healthcare professional.,"The product contains alcohol. In the case of children, pregnant and lactating ladies and in certain serious liver and alcohol problems, consult a specialist., Read the label carefully before use, Store in a cool and dry place, Keep out of reach of children"
https://www.1mg.com/otc/allen-s-calsil-drop-otc399611,,Allen Healthcare,,,,
https://www.1mg.com/otc/tynor-d-25-anklet-comfeel-pair-large-otc335741,Tynor D-25 Anklet Comfeel (Pair),Tynor Orthotics Pvt. Ltd.,"Is knitted on 3-dimensional computer controlled circular looms, it conforms to the complex anatomy of the ankle with exactness.",,Use as per requirement or as directed by the physician.,
https://www.1mg.com/otc/aurthot-ls-belt-contoured-large-otc389245,Synergy LS Belt (Contoured),Aurthot Surgicals (OPC) Private Limited,It facilitates support to the lumbar spine.,,Use as per requirement or as directed by the healthcare physician.,
https://www.1mg.com/otc/sbl-rhustox-ointment-otc331004,SBL Rhustox Ointment,SBL Pvt Ltd,,"RhusToxicodendron MT, ParaffinumMolle, The ointment may help to deal with sciatic pains, joint pains and muscular pains, It helps deal with hot and painful swelling of joints, stiff joints and stiffness of the nape and neck, The product provides relief to backache and addresses complaints that arise after sprains, overwork or getting wet after perspiration, It helps to reduce tearing pain along the ulnar nerve, It may help to overcome numbness after overwork and exposure, The formula may help with skin conditions, eruptions and eczema",Apply on the affected area two times a day or as prescribed by the physician,"Keep out of reach of children, Store in a cool and dry place, For external usage only, Read the label before use"
https://www.1mg.com/otc/bjain-aesculus-hippocastanum-dilution-12-ch-otc429175,Bjain Aesculus Hippocastanum Dilution,Bjain Pharmaceuticals Pvt. Ltd.,,,As directed by the physician,
https://www.1mg.com/otc/bjain-magnesium-phosphoricum-dilution-30c-otc709174,Bjain Cucurbita Pepo Dilution,Bjain Pharmaceuticals Pvt. Ltd.,,,Take 3-5 drops of the dilution in 1 teaspoon of water twice a day or as directed by the physician.,
https://www.1mg.com/otc/sbl-tellurium-dilution-30-ch-otc348849,SBL Tellurium Dilution,SBL Pvt Ltd,,Liquid,,
https://www.1mg.com/otc/tynor-b03-cervical-collar-hard-adjustable-large-otc345484,Tynor B-03 Cervical Collar Hard Adjustable,Tynor Orthotics Pvt. Ltd.,Recommended where a rigid immobilization of the cervical region is required.,"It has better cushioning thus provides better comfort, It has a long functional life, Made up of fabric that provides better ventilation, It ensures rigid support, It is used to improve aesthetics, It is Latex free",Use as per requirement or as directed by the physician.,"Read the label carefully before use, Keep out of the reach of children, Store in a cool and dry place"
https://www.1mg.com/otc/masolin-herbal-katch-pain-relief-oil-50ml-each-otc852541,Masolin Herbal Katch Pain Relief Oil,Masolin Herbal Pvt Ltd,,"Eucalyptus oil, Groundnut oil, Olive oil, Seuli, Shunth, Mashkalai, Kulathakalai, Bherenda, It contains herbs like seuli, shunth, mashkalai, kulathakalai, and bherenda which help in reducing muscle stiffness and regularizing blood circulation post orthopaedic surgery, Helpful in easing joint pain and reducing stiffness, Improves movement and relieves inflammation, Relieves arthritis, gout, spondylitis etc","Gently massage 3-5ml twice daily half an hour before bath and at bedtime, Do not wash or wipe off for at least half an hour","For external use only, Read the label carefully before use, Store in a cool and dry place, away from sunlight"
https://www.1mg.com/otc/tata-1mg-wrist-support-with-thumb-universal-otc871913,Tata 1mg Wrist Support with Thumb (Universal),Tata 1mg Healthcare Solutions Private Limited,,,,
https://www.1mg.com/otc/sloan-s-liniment-kills-pain-reduces-swelling-strengthens-muscles-ligaments-otc315107,Sloan's Liniment,Piramal Enterprises Ltd,,Oil,,
https://www.1mg.com/otc/jiva-pain-calm-oil-pain-reliever-for-joint-pain-back-pain-frozen-shoulder-sprain-muscle-soreness-otc329877,Jiva Pain Calm Oil,Jiva Ayurvedic Pharmacy Ltd,,,,
https://www.1mg.com/otc/millennium-herbal-care-antarth-liniment-50ml-each-otc636306,Millennium Herbal Care Antarth Liniment,Millennium Herbal Care,,,A sufficient quantity of liniment should be taken and gently massage over the affected area. It can be applied two to three times a day based on the severity of pain.,
https://www.1mg.com/otc/himalaya-rumalaya-pain-relief-gel-quick-relief-from-body-pain-ayurvedic-gel-otc90714,Himalaya Rumalaya Gel,Himalaya Wellness Company,,"30 gm, Gel",Apply a small quantity of the gel to the tender area and lightly massage it in or as directed by the physician.,
https://www.1mg.com/otc/dr-willmar-schwabe-india-influenzinum-dilution-200-ch-otc404165,,Dr Willmar Schwabe India Pvt Ltd,,,,
https://www.1mg.com/otc/bjain-kali-carbonicum-dilution-200-ch-otc440620,Bjain Kali Carbonicum Dilution,Bjain Pharmaceuticals Pvt. Ltd.,,,,
https://www.1mg.com/otc/moov-cool-therapy-gel-otc964102,Moov Cool Therapy Gel,Reckitt Benckiser Healthcare Pvt. Ltd.,,"Each gram of gel contains: Pudina Satva (Mentha piperita) extract (Aerial parts of plant) 8.0% w/w, Preservative: Benzyl Alcohol IP, Colouring Agents: Brilliant Blue FCF, Tartrazine Yellow., Gel., 20g.",Apply a thin film of the gel to the affected area and massage gently. Repeat 3-4 times daily for best results.,
https://www.1mg.com/otc/vissco-tennis-elbow-support-0605-small-otc344537,,Vissco Rehabilitation Aids Pvt. Ltd.,,,,
https://www.1mg.com/otc/sbl-niccolum-metallicum-dilution-12-ch-otc355123,,SBL Pvt Ltd,,,,
https://www.1mg.com/otc/sbl-cholesterinum-dilution-30-ch-otc346159,SBL Cholesterinum Dilution,SBL Pvt Ltd,,"Cholesterinum is an effective remedy for the treatment of high cholesterol, Primarily used for the treatment of renal colic and effectively treats symptoms associated, Acts as a mild sedative and helps in the treatment of insomnia and other sleep disorders, Helps in reducing cholesterol, Cholesterinum is an excellent tonic for liver and relieves pain the liver region, Prevents the recurring attacks of gall stones and relives pain associated with it, Helps in reducing inflammation of pancreas, It can also be used for the treatment of nausea and vomiting",Take 3-5 drops of dilution in 1 teaspoon of water three times a day or as directed by the physician.,"Read the label carefully before use, Do not exceed the recommended dosage, Keep out of the reach of children, Store in a cool dry place away from sunlight and heat"
https://www.1mg.com/otc/dr.-reckeweg-onosmodium-virginianum-dilution-1000-ch-otc331798,Dr. Reckeweg Onosmodium Virginianum Dilution,Dr Reckeweg & Co,,"Onosmodium Virginianum, Liquid Dilution, The dilution helps get relief from headaches, especially those caused by eye strain, It eases neck and spinal discomfort, It can help to get relief from general fatigue and weakness, It provides support for nervous system health",Use as directed by a healthcare professional.,"Keep away from the direct sunlight, Keep out of the reach of children, Store in a cool and dry place"
https://www.1mg.com/otc/volini-maxx-pain-relief-spray-for-back-neck-joint-muscle-pain-bone-joint-muscle-care-otc457560,Volini Maxx Spray,Sun Pharmaceutical Industries Ltd,,"Diclofenac Diethylamine IP Equivalent to Dicoflenac Sodium, Methyl Salicylate IP, Menthol IP, Provides instant pain relief and supports bone, joint and muscle care, A unique formulation of 2% diclofenac makes it 100% stronger than other sprays, Provides effective relief from severe neck and back pain, Helps in relieving musculoskeletal and joint pain, Effective in healing pain due to strain and sprain, Useful in case of sports injuries, Has a unique 360-degree delivery mechanism that ensures standardised drug delivery, It provides instant and long-lasting pain relief from knee pain, joint pain, back pain, calf pain, and neck pain","Shake well before each use. Spray the contents from 5 cm distance on the affected areas 3-4 times in a day or, as directed by the physician.","Read the label carefully before use, Store in a cool and dry place away from direct sunlight, Keep out of reach of the children, Do not exceed the recommended dosage, For external use only, Should be applied only to intact skin surfaces and not to skin wounds and open injuries, Should not come into contact with eyes, mucous membranes and should not be ingested, Store in a cool and dry place"
https://www.1mg.com/otc/dr.-reckeweg-carbo-animal-dilution-30-ch-otc326859,Dr. Reckeweg Carbo Animal Dilution,Dr Reckeweg & Co,,"Carbo Animal, Dilution, 11 ml, Male/Female, By restoring vital energy levels, this remedy helps improve stamina and resilience, promoting a sense of vitality and vigour, It assists in maintaining healthy digestive function, alleviating symptoms such as bloating, gas, and indigestion, This remedy offers relief from respiratory ailments such as coughs, colds, and asthma, promoting clear breathing and respiratory comfort, It contributes to the maintenance of radiant, healthy skin, addressing issues such as acne, eczema, and dryness",Use as directed by the physician.,"Store in a cool and dry place away from direct sunlight, Read the product label carefully before use, Keep out of reach of children, Do not exceed the recommended dosage"
https://www.1mg.com/otc/kairali-kairheal-oil-otc327604,Kairali Kairheal Oil,Kairali Ayurvedic Products Pvt. Ltd.,,"Rice bran, Paribhadra, Grihakanya, Tamboolavali, Sigru, Neeladurva, Paribhadra, Karanja, Sathavari, Varavarnini, Narekela thaila, The formulation speeds up the recovery of dislocated bones and restores them to their original form and strength, It helps to manage sprains, muscle strains and injuries to elbows, knees, wrists or ankles, The ingredients may help to reduce swelling and soothe inflammation, The oil may help to improve joint health and increase flexibility and mobility",Apply on the affected area and massage gently,"Keep out of reach of children, Store in a cool and dry place, For external usage only, Read the label before use"
https://www.1mg.com/otc/pankajakasthuri-orthoherb-ayurvedic-oil-with-amla-for-joint-pain-relief-otc356687,Pankajakasthuri Orthoherb Oil,Pankajakasthuri Herbals India (P) Ltd.,,"Vasa (Adhatoda vasica, Rt, Dct), Eranda (Ricinus communis, Rt, Dct), Bilwa (Aegle marmelos, Rt, Dct), Thwak (Cinnamomum zeylanicum, St. Bk, Dct), Maricha (Piper nigrum, Dr. Fr, Dct), Lavanga (Syzygium aromaticum, Dr. Fr, Dct), Jati (Myristica fragrans, Pp, Dct), Pata (Cyclea peltata, Rt, Dct), Nimba (Azadirachta indica, Rt, bk, Dct), Sahachara (Strobilanthes ciliatus, Rt, Dct), Nirgundi (Vitex negundo, Lf, Dct), Bala (Sida retusa, Rt, Dct), Punarnava (Boerhavia diffusa, Pl, Dct), Gunja (Abrus precatorius, Rt, Dct), Dusparsa (Tragia involucrata, Rt, Dct) 2 g each. Amalaki (Phyllanthus emblica, Dr. Fr, Pst), Manjishta (Rubia cordifolia, Rt, Pst), Guggulu (Balsamodendron mukul, Lx, Pst), Chitraka (Plumbago zeylanica, Rt, Pst) 2.5 g each. Kera thaila (Cocos nucifera, Oil) 27.50 ml, Eranda thaila (Ricinus communis, Oil) 82.50 ml, Eucalyptus Oil (Eucalyptus globulus, Oil), 100 ml, Liquid, The oil has anti-inflammatory and analgesic properties, It imparts muscle tone and lubricates the joints, It also imparts firmness to the limbs, It can help stimulate circulation, It helps the lymphatic functioning for detoxification",,"Read the label carefully before use, Store in a cool and dry place, Keep out of reach of children"
https://www.1mg.com/otc/bjain-arnica-montana-dilution-50m-ch-otc433316,Bjain Arnica Montana Dilution,Bjain Pharmaceuticals Pvt. Ltd.,,,"10 to 15 drops in ¼ cup of water, two times a day, 10 minutes before or after meals or as prescribed by the physician.",
https://www.1mg.com/otc/doliosis-d3-headache-liquid-complex-otc392454,Doliosis D3 Headache Drops,Doliosis Holistic Medicine and Foods Pvt. Ltd.,,"30 ml, Liquid",,
https://www.1mg.com/otc/miduty-nerve-pain-relief-capsule-alpha-lipoic-acid-b-vitamins-neuropathy-support-otc918605,Miduty Nerve Pain Relief Capsule,Midvision Pvt Ltd,,,Use as directed on the label or as advised by your healthcare provider,
https://www.1mg.com/otc/jolly-combo-pack-of-red-gold-ortho-capsules-oil-otc508406,Jolly Combo Pack of Red Gold Ortho Capsules & Oil,Jolly Pharma,,"Ashwagandha, Shilajeet, Amla, Behara, Sonth, The active components of these herbs stimulate blood circulation within stiff muscles and limbs, They relieve body ache, muscular pains, severe joint pain or swelling, The oil is absorbed quickly and spreads over the affected area",Use as directed on the label or as advised by your healthcare provider.,"Read the label carefully before use, Store in a cool and dry place away from direct sunlight, Keep out of reach of children"
https://www.1mg.com/otc/pravek-maha-balvardhak-oil-otc601978,Pravek Maha Balvardhak Oil,Pravek Kalp Private Limited,,,Massage adequate quantity of oil gently on the affected areas till it is absorbed. Use 2-3 times in a day for better results or as directed by the physician.,
https://www.1mg.com/otc/dominion-care-combo-pack-of-accu-paduka-accupressure-massage-slipper-and-2in1-twister-otc516317,,Kapil Plastic Mould,,,,
https://www.1mg.com/otc/bjain-azadirachta-indica-dilution-1000-ch-otc434102,Bjain Azadirachta Indica Dilution,Bjain Pharmaceuticals Pvt. Ltd.,,,As directed by the physician.,
https://www.1mg.com/otc/jiva-pain-calm-oil-pain-reliever-for-joint-pain-back-pain-frozen-shoulder-sprain-muscle-soreness-with-knee-cap-free-otc651981,Jiva Pain Calm Oil,Jiva Ayurvedic Pharmacy Ltd,,,,
https://www.1mg.com/otc/dr-willmar-schwabe-india-spigelia-marilandica-dilution-200-ch-otc405928,Dr Willmar Schwabe India Spigelia Marilandica Dilution,Dr Willmar Schwabe India Pvt Ltd,,"Extract of spegelia plant, Ethanol, Water, It is an excellent remedy for angina, Cures dizziness and treats restlessness, Cures vertigo, nausea and headaches, Heals neuralgia of eyes, Reduces toothache, Cures sore throat, Treats urine with white sedimentation, Cures abdominal pains, Eases nerve pains",Dosage should be prescribed by the physician,"Read the label carefully, Self medication is not advised, Do not exceed the recommended dose, Keep out of the reach of children, Avoid any kind of strong smell in the mouth while taking the dose"
https://www.1mg.com/otc/zixa-strong-fast-acting-pain-relief-spray-dual-action-heals-back-pain-muscle-pain-knee-pain-joint-pain-75ml-each-otc888216,"ZIXA Strong Fast Acting Pain Relief Spray, Dual action, Heals Back Pain, Muscle Pain, Knee Pain, Joint Pain",Jenburkt Pharmaceuticals Ltd,,"Gandhapura patra tail, pudina satva, nilgiri tail, camphor, thymol",Spray on the affected area.,
https://www.1mg.com/otc/volini-maxx-pain-relief-spray-for-back-neck-joint-muscle-pain-bone-joint-muscle-care-otc457561,Volini Maxx Spray,Sun Pharmaceutical Industries Ltd,,"Diclofenac Diethylamine IP Equivalent to Dicoflenac Sodium, Methyl Salicylate IP, Menthol IP, Provides instant pain relief and supports bone, joint and muscle care, A unique formulation of 2% diclofenac makes it 100% stronger than other sprays, Provides effective relief from severe neck and back pain, Helps in relieving musculoskeletal and joint pain, Effective in healing pain due to strain and sprain, Useful in case of sports injuries, Has a unique 360-degree delivery mechanism that ensures standardised drug delivery, It provides instant and long-lasting pain relief from knee pain, joint pain, back pain, calf pain, and neck pain","Shake well before each use. Spray the contents from 5 cm distance on the affected areas 3-4 times in a day or, as directed by the physician.","Read the label carefully before use, Store in a cool and dry place away from direct sunlight, Keep out of reach of the children, Do not exceed the recommended dosage, For external use only, Should be applied only to intact skin surfaces and not to skin wounds and open injuries, Should not come into contact with eyes, mucous membranes and should not be ingested, Store in a cool and dry place"
https://www.1mg.com/otc/dr-willmar-schwabe-india-natrum-arsenicum-dilution-30-ch-otc405808,,Dr Willmar Schwabe India Pvt Ltd,,,,
https://www.1mg.com/otc/flamingo-abdominal-belt-small-otc348745,Flamingo Abdominal Belt,Ascent Meditech Limited,It is used to support the abdominal area and provides comfort to the back as well.,,,
https://www.1mg.com/otc/jiva-pain-calm-oil-pain-reliever-for-joint-pain-back-pain-frozen-shoulder-sprain-muscle-soreness-otc651626,Jiva Pain Calm Oil,Jiva Ayurvedic Pharmacy Ltd,,,,
https://www.1mg.com/otc/bjain-eucalyptus-globulus-dilution-1000-ch-otc438800,Bjain Eucalyptus Globulus Dilution,Bjain Pharmaceuticals Pvt. Ltd.,,,,
https://www.1mg.com/otc/advay-electric-heating-pad-otc493142,Advay Electric Heating Pad,Advay Consumer Care Pvt Ltd,It helps to provide relief from pain in affected areas and saves the hassle and time of changing water like in ordinary bottles.,,"Plug in the male pin of the cable to the electric socket and plug in the other end to the female electric socket in the bag, Remove the plug now and use the hot water bag as per your needs. If the bag has lost the heat after the use then reheat it if you need to use it again, Switch on the power supply, once properly plugged, you will see the red light on the bag at the end of the socket. Wait for the bag to reach the desired temperature, After use, store the heating pad back and ensure that the bag is not very hot while storing it","Take all precautions as you would take while using any electric device, Avoid using when the pad is charging and is connected to the socket, Store it properly once the pad cools down, If there is any leakage, it must not be used, Read the label carefully before use, Store in a cool dry place away from direct sunlight, Keep away from young children and the elderly who are immobile"
https://www.1mg.com/otc/moov-pain-relief-ointment-for-back-pain-joint-pain-knee-pain-muscle-pain-otc377375,"Moov Pain Relief Ointment for Back Pain, Joint Pain, Knee Pain, Muscle Pain",Reckitt Benckiser Healthcare Pvt. Ltd.,,"Ointment, 30g",,
https://www.1mg.com/otc/bjain-kali-carbonicum-dilution-30-ch-otc440621,Bjain Kali Carbonicum Dilution,Bjain Pharmaceuticals Pvt. Ltd.,,,,
https://www.1mg.com/otc/patanjali-divya-peedantak-vati-tablet-relieves-joint-pain-muscular-pain-otc323574,Patanjali Divya Peedantak Vati,Patanjali Divya Pharmacy,,"Guggul Shuddha(Balsamodendron Mukul), Surenjan Meethi (Colchicum Luteum), Ashwagandha (Withania Somnifera), Shilajeet Shuddha (Asphaltum), Kuchla Shuddha (Strychnos Nux-vomica), Nagarmotha (Cyperus Scariosus), Rasna(Pluchea Lanceolata), Nirgundi (Vitex Negundo), Punarnava Mool (Boerhaavia Diffusa), Methi (Trigonella Foenumgraecum), Nisoth (Operculina Turpethum), Stavar (Asparagus Racemosus), Harjord (Cissus Quadrangularis), Haldi (Curcuma Longa), Sonth (Zingiber Officinale), Kutki (Picrorhiza Kurroa), Godanti Bhasma, Muktashukti Bhasma, Yograg Guggul (Classical Product), Ajwain (Trachyspermum Ammi),Praval Pishti (Corallium Rubrum), Nirgundi (Vitex Nigundo), Dasmool (Classical Product), Giloy(Tinospora Cordifolia), Tablet",,
https://www.1mg.com/otc/volini-pain-relief-gel-for-sprain-muscle-joint-neck-low-back-pain-bone-joint-muscle-care-otc138818,Volini Pain Relief Gel,Sun Pharmaceutical Industries Ltd,,"Diclofenac Diethylamine Equivalent to Diclofenac Sodium 1% w/w, Methyl Salicylate IP, Menthol IP, Virgin Linseed Oil BP, Preservative, Benzyl Alcohol IP, Gel Base, The spray can offer relief when in pain and supports bone, muscle and joint care., It is effective for pain in the joints, knees, back, shoulders, and neck, It can work great on sports injuries such as muscle pulls, sprains, and strain, It provides instant and long-lasting pain relief from knee pain, joint pain, back pain, calf pain, and neck pain","The Volini pain relief bottle should be shaken well before spraying, Hold the spray bottle at a 5cm distance from the affected area and spray, You can use the spray about three to four times daily or as recommened by your physician","Read the label carefully before use, Store in a cool and dry place, away from sunlight, Keep out of reach of children, The Volini pain relief spray is meant for external application only, Use Volini per the doctor’s guidance, and be careful not to use more than the given dosage, Do not use the spray on open wounds or surfaces of the skin that are ruptured, The spray should not be ingested or come in contact with the eyes and mucous membranes, Avoid using the spray near a naked flame, Do not burn or make a hole in the bottle even after the spray is over"
https://www.1mg.com/otc/similia-gaultheria-pro-mother-tincture-q-otc574374,Similia Gaultheria Pro Mother Tincture,Similia Homoeo Laboratory,,"Gaultheria Pro, This solution gives relief from rheumatic, sciatic, joint, and muscular pains, It helps to reduce the swelling of joints and muscles, It provides relief from backache and sprains, It may relieve painful swelling of joints, muscles, tendons, and ligaments","15 drops in one ounce of water, two times daily for 5 days, Or as advised by your healthcare practitioner","Read the label carefully before use, Store in a cool and dry place, away from sunlight, Keep out of reach of children"
https://www.1mg.com/otc/bjain-galium-aparine-dilution-1000-ch-otc438751,Bjain Galium Aparine Dilution,Bjain Pharmaceuticals Pvt. Ltd.,,,Take 3-5 drops of the dilution in 1 teaspoon of water twice a day or as directed by the physician.,
https://www.1mg.com/otc/dr-willmar-schwabe-india-ferrum-phosphoricum-biochemic-tablet-3x-otc448597,Dr Willmar Schwabe India Ferrum Phosphoricum Biochemic Tablet,Dr Willmar Schwabe India Pvt Ltd,,,As directed by the physician,
https://www.1mg.com/otc/gurukul-kangri-dard-har-tail-otc648775,Gurukul Kangri Dard Har Tail,Gurukul Kangri Pharmacy,,"Asparagus Racemosus, Desmodium Gangeticum, Uraria Picta, Curcuma Zedoaria, Sidacordifolla, Ricinus Communis, Solanum Indicum, Herbal formulation to alleviate joint and muscular pain, Reduces swelling and inflammation, Also gives relief from stiffness of joints and muscles",Use as advised by the healthcare professional.,"Read the label carefully before use, Keep out of reach of children, Store in a cool and dry place"
https://www.1mg.com/otc/bjain-camphora-dilution-6x-otc437356,Bjain Magnesium Phosphoricum Dilution,Bjain Pharmaceuticals Pvt. Ltd.,,Magnesium Phosphoricum,,
https://www.1mg.com/otc/tynor-d-01-ankle-binder-large-otc344134,Tynor D-01 Ankle Binder,Tynor Orthotics Pvt. Ltd.,"It is useful in the case of muscle, tendon, and ligament injuries and inflammation.",,Use as per requirement or as directed by the physician.,
https://www.1mg.com/otc/bjain-rhus-toxicodendron-dilution-50m-ch-otc434341,Bjain Rhus Toxicodendron Dilution,Bjain Pharmaceuticals Pvt. Ltd.,,,Take 3-5 drops of the dilution in 1 teaspoon of water twice a day or as directed by the physician.,
https://www.1mg.com/otc/kerala-ayurveda-amruthotharam-kwath-otc360682,Kerala Ayurveda Amruthotharam Kwath,Kerala Ayurveda Limited,,,Take 15 ml Kwath diluted with 60 ml boiled and cooled water twice daily before food or as directed by the Physician,
https://www.1mg.com/otc/calcium-and-vitamin-d3-tablets-with-zinc-magnesium-alfalfa-citrate-malate-form-by-tata-1mg-otc536094,"Tata 1mg Calcium + Vitamin D3, Zinc, Magnesium and Alfalfa Tablets for Joint Health & Immunity",Tata 1mg Healthcare Solutions Private Limited,,"Calcium citrate malate, Vitamin D3, Zinc, Magnesium, Alfalfa, Vitamin K2-7, Tablet",Take two tablets daily or as prescribed by your medical practitioner.,
https://www.1mg.com/otc/lp-723-neoprene-tennis-elbow-support-with-strap-xl-otc331406,LP 723 Neoprene Tennis Elbow Support with Strap,LP Support,"It is primarily used to provide relief in the case of lateral epicondylitis, weak and painful elbow joints, for prevention and control of bursitis /tendinitis.","Aims to facilitate relief in case of tennis elbows, It is used for lateral epicondylitis and prevention and control of bursitis and tendinitis, Provides comfort in arthritis pain, Easy to wear and remove and provides utmost comfort to the elbow, Helps to protect the elbow & arm during any activity, It consists of an attached strap which offers adjustable compression, Reduces wrist and finger tension, Permits limited movement to avoid stiffness, Provides comfortable fit, Measure:CM Unit- S= 22.9-25.4 cm, M= 25.4-27.9 cm, L= 27.9-30.5 cm, XL= 30.5-33.0 cm, Measure:Inch Unit- S= 9-10 "", M= 10-11 "", L= 11-12 "", XL=12-13 """,Use as per requirement or as directed by the physician.,"Read the label carefully before use, Store in a cool dry place away from direct sunlight, Keep out of reach of the children, Avoid physical damage"
https://www.1mg.com/otc/deve-herbes-pure-amla-emblica-officinalis-oil-otc394757,Deve Herbes Pure Amla Oil,Deve Herbes,,"Cold Pressed Extracted Carrier Oils, Pure Amla oil is aperient, carminative and diuretic., It has astringent and antibacterial properties., Enriches hair growth and pigmentation by stimulating the hair roots and scalp., Prevents premature graying of hair and dandruff., Deve Herbes products are Vegan and Cruelty-Free.",As directed by healthcare professional.,"Read the label carefully before use, Store in a cool and dry place, away from sunlight, Keep out of the reach of children"
https://www.1mg.com/otc/sri-sri-tattva-pinda-taila-otc330760,Sri Sri Tattva Pinda Taila,Sriveda Sattva Pvt Ltd,,"100 ml, Oil",,
https://www.1mg.com/otc/dr.-reckeweg-chininum-sulph-dilution-30-ch-otc326834,,Dr Reckeweg & Co,,,,
https://www.1mg.com/otc/bjain-natrum-salicylicum-dilution-1000-ch-otc702833,Bjain Natrum Salicylicum Dilution,Bjain Pharmaceuticals Pvt. Ltd.,,Natrum Salicylicum,Take Bjain Natrum Salicylicum Dilution as directed by the physician.,
https://www.1mg.com/otc/lp-250z-elbow-compression-sleeve-single-small-otc331231,LP #250Z Elbow Compression Sleeve Single,LP Support,It is useful in treating elbow sprain and strain as well as slight injuries and trauma.,"Provide warmth and compression on the wrist and hand region, Adjustable compression by winding wrap, Easy and simple wear, Useful for protecting weaken muscles and preventing sports injuries",Use as per requirement or as directed by the physician.,"Read the label carefully before use, Keep out of the reach of children, Store in a cool dry place away from direct sunlight"
https://www.1mg.com/otc/sloan-s-liniment-kills-pain-reduces-swelling-strengthens-muscles-ligaments-otc315107,Sloan's Liniment,Piramal Enterprises Ltd,,Oil,,
https://www.1mg.com/otc/jiva-pain-calm-oil-pain-reliever-for-joint-pain-back-pain-frozen-shoulder-sprain-muscle-soreness-otc329877,Jiva Pain Calm Oil,Jiva Ayurvedic Pharmacy Ltd,,,,
https://www.1mg.com/otc/newnik-ic900-ice-bag-green-otc427994,Newnik IC900 Ice Bag,Newnik Lifecare Pvt. Ltd,"It gives immediate relief for back pain, joint pain, shoulder pain, and ankle pain.","Soft fabric provides comfort and coverage of injured area, Has a large cap for ice cubes and long-lasting coolness, It reaches all contours of the body, Relieves pain and swelling, Comfortable, soft, and durable water-repellent outer cover, High-quality engineering plastic neck fitting, Cold therapy for back pain, sports injuries, sprains and strains, post-surgical recovery, inflammatory arthritis, tendonitis, migraine headaches as well as heat exhaustion, Colours:Blue and Maroon","Open the lid in a counter-clockwise direction, Fill the bag with ice till ⅔ of the level. Do not use hot water, as it may destroy the bag, Tighten the lid in a clockwise direction, It can be used for 15 to 20 minutes, Place the ice bag on the affected areas, After use, hang the bag downwards for drying. Do not dry in direct sunlight","Read the label carefully before use, Keep the bag away from direct contact with sunlight, Do not use hot water, as it may destroy the bag, Keep out of reach of children"
https://www.1mg.com/otc/himalaya-rumalaya-pain-relief-gel-quick-relief-from-body-pain-ayurvedic-gel-otc90714,Himalaya Rumalaya Gel,Himalaya Wellness Company,,"30 gm, Gel",Apply a small quantity of the gel to the tender area and lightly massage it in or as directed by the physician.,
https://www.1mg.com/otc/repl-dr.-advice-no.15-amaebic-dysentry-drop-otc339342,,Renovision Exports Pvt Ltd,,,,
https://www.1mg.com/otc/moov-cool-therapy-gel-otc964102,Moov Cool Therapy Gel,Reckitt Benckiser Healthcare Pvt. Ltd.,,"Each gram of gel contains: Pudina Satva (Mentha piperita) extract (Aerial parts of plant) 8.0% w/w, Preservative: Benzyl Alcohol IP, Colouring Agents: Brilliant Blue FCF, Tartrazine Yellow., Gel., 20g.",Apply a thin film of the gel to the affected area and massage gently. Repeat 3-4 times daily for best results.,
https://www.1mg.com/otc/bjain-rhus-toxicodendron-dilution-6x-otc434343,Bjain Rhus Toxicodendron Dilution,Bjain Pharmaceuticals Pvt. Ltd.,,,Take 3-5 drops of the dilution in 1 teaspoon of water twice a day or as directed by the physician.,
https://www.1mg.com/otc/tynor-a-05-lumbo-sacral-belt-medium-otc335697,Tynor A-05 Lumbo Sacral Belt,Tynor Orthotics Pvt. Ltd.,It is used to support and immobilize the lumbosacral region and correct the postural deformity to relieve low back pain syndrome.,,,
https://www.1mg.com/otc/bjain-calcarea-phosphorica-dilution-10m-ch-otc436868,Bjain Calcarea Phosphorica Dilution,Bjain Pharmaceuticals Pvt. Ltd.,,,Take 3-5 drops of the dilution in 1 teaspoon of water twice a day or as directed by the physician.,
https://www.1mg.com/otc/tynor-f-02-finger-cot-splint-large-otc346209,Tynor F-02 Finger Cot Splint,Tynor Orthotics Pvt. Ltd.,High patient compliance allows and free movement of the joint.,,Use as per requirement or as directed by the physician.,
https://www.1mg.com/otc/volini-maxx-pain-relief-spray-for-back-neck-joint-muscle-pain-bone-joint-muscle-care-otc457560,Volini Maxx Spray,Sun Pharmaceutical Industries Ltd,,"Diclofenac Diethylamine IP Equivalent to Dicoflenac Sodium, Methyl Salicylate IP, Menthol IP, Provides instant pain relief and supports bone, joint and muscle care, A unique formulation of 2% diclofenac makes it 100% stronger than other sprays, Provides effective relief from severe neck and back pain, Helps in relieving musculoskeletal and joint pain, Effective in healing pain due to strain and sprain, Useful in case of sports injuries, Has a unique 360-degree delivery mechanism that ensures standardised drug delivery, It provides instant and long-lasting pain relief from knee pain, joint pain, back pain, calf pain, and neck pain","Shake well before each use. Spray the contents from 5 cm distance on the affected areas 3-4 times in a day or, as directed by the physician.","Read the label carefully before use, Store in a cool and dry place away from direct sunlight, Keep out of reach of the children, Do not exceed the recommended dosage, For external use only, Should be applied only to intact skin surfaces and not to skin wounds and open injuries, Should not come into contact with eyes, mucous membranes and should not be ingested, Store in a cool and dry place"
https://www.1mg.com/otc/dr.-reckeweg-acid-oxalic-dilution-30-ch-otc326832,Dr. Reckeweg Acid Oxalic Dilution,Dr Reckeweg & Co,,"Oxalic Acid, 10 ml, Liquid dilution, The dilution provides relief from severe a headache, confusion and vertigo, It is helpful in relieving sneezing with running nose, It effectively relieves diarrhoea and manages allergic rhinitis, It provides relief from itching and dryness in the nose, It is effective in relieving stomach pain, It helps in relieving burning sensation in urethra and painful urination, It is helpful in managing sharp and cutting joint pains, It is useful in skin related ailments such as sensitivity, soreness and extreme sweat",,"Read the label carefully before use, Use under medical supervision, Store in a cool, dry place away from direct sunlight, Keep out of reach of children, Avoid self-medication, consult a physician for appropriate dosage and usage"
https://www.1mg.com/otc/vissco-0101-sacro-lumber-belt-large-beige-otc344511,Vissco 0101 Sacro Lumber Belt,Vissco Rehabilitation Aids Pvt. Ltd.,"It is useful to help support and provide relief to the lumbar region. It aids treatment and relieves pain due to Osteochondrosis, Spondylosis , Facet Syndrome, slipped disc,, Osteoporosis and post surgical lumbo-sacral immobilization.","The fabric that it is made up of has antibacterial and anti fungal properties, They provide noticeable therapeutic relief for the lumbar spine, It is useful in supporting the back, It uses loop elastic technology, It promotes good posture and even helps reduce pelvic anterotation, This product gives soft support to the body while still allowing it to move, It is made up of breathable fabric",Use as directed by the physician.,"Store in a cool and dry place, Keep out of the reach of children, Read the manual carefully"
https://www.1mg.com/otc/pankajakasthuri-orthoherb-ayurvedic-oil-with-amla-for-joint-pain-relief-otc356687,Pankajakasthuri Orthoherb Oil,Pankajakasthuri Herbals India (P) Ltd.,,"Vasa (Adhatoda vasica, Rt, Dct), Eranda (Ricinus communis, Rt, Dct), Bilwa (Aegle marmelos, Rt, Dct), Thwak (Cinnamomum zeylanicum, St. Bk, Dct), Maricha (Piper nigrum, Dr. Fr, Dct), Lavanga (Syzygium aromaticum, Dr. Fr, Dct), Jati (Myristica fragrans, Pp, Dct), Pata (Cyclea peltata, Rt, Dct), Nimba (Azadirachta indica, Rt, bk, Dct), Sahachara (Strobilanthes ciliatus, Rt, Dct), Nirgundi (Vitex negundo, Lf, Dct), Bala (Sida retusa, Rt, Dct), Punarnava (Boerhavia diffusa, Pl, Dct), Gunja (Abrus precatorius, Rt, Dct), Dusparsa (Tragia involucrata, Rt, Dct) 2 g each. Amalaki (Phyllanthus emblica, Dr. Fr, Pst), Manjishta (Rubia cordifolia, Rt, Pst), Guggulu (Balsamodendron mukul, Lx, Pst), Chitraka (Plumbago zeylanica, Rt, Pst) 2.5 g each. Kera thaila (Cocos nucifera, Oil) 27.50 ml, Eranda thaila (Ricinus communis, Oil) 82.50 ml, Eucalyptus Oil (Eucalyptus globulus, Oil), 100 ml, Liquid, The oil has anti-inflammatory and analgesic properties, It imparts muscle tone and lubricates the joints, It also imparts firmness to the limbs, It can help stimulate circulation, It helps the lymphatic functioning for detoxification",,"Read the label carefully before use, Store in a cool and dry place, Keep out of reach of children"
https://www.1mg.com/otc/bjain-natrum-salicylicum-dilution-200c-otc436623,Bjain Natrum Salicylicum Dilution,Bjain Pharmaceuticals Pvt. Ltd.,,Natrum Salicylicum,Take Bjain Natrum Salicylicum Dilution as directed by the physician.,
https://www.1mg.com/otc/tata-1mg-wrist-support-neoprene-wrist-brace-with-thumb-support-universal-size-otc811665,"Tata 1mg Wrist Support, Neoprene Wrist Brace with Thumb Support, Universal Size",Tata 1mg Healthcare Solutions Private Limited,,,,
https://www.1mg.com/otc/miduty-nerve-pain-relief-capsule-alpha-lipoic-acid-b-vitamins-neuropathy-support-otc918605,Miduty Nerve Pain Relief Capsule,Midvision Pvt Ltd,,,Use as directed on the label or as advised by your healthcare provider,
https://www.1mg.com/otc/sbl-pothos-foetidus-dilution-3-ch-otc355897,,SBL Pvt Ltd,,,,
https://www.1mg.com/otc/dr-willmar-schwabe-india-hypericum-perforatum-tablet-1x-otc327312,Dr Willmar Schwabe India Hypericum Perforatum Tablet,Dr Willmar Schwabe India Pvt Ltd,,"Hypericum Perforatum, 250mg, Tablet, It can help to be useful in the management of emotional and nervous complaints, This formula may help to be useful in nerve injuries, intense headaches, and pain, It can also help to reduce stress, This tablet can be beneficial for managing nervousness",,"Read the label carefully before use, Store in a cool and dry place, Keep out of reach of children"
https://www.1mg.com/otc/pravek-maha-balvardhak-oil-otc601978,Pravek Maha Balvardhak Oil,Pravek Kalp Private Limited,,,Massage adequate quantity of oil gently on the affected areas till it is absorbed. Use 2-3 times in a day for better results or as directed by the physician.,
https://www.1mg.com/otc/kairali-prabhanjanavimardanam-thailam-otc327375,Kairali Prabhanjanavimardanam Thailam,Kairali Ayurvedic Products Pvt. Ltd.,,"Thailam (Sesamum indicum), Bala (Sida cordifolia), Sathavari (Asparagus racemosus), Sigru (Moringa oleifera), Varuna (Crataeva nurvala), Arka (Calotropis gigantea), Karanja (Pongamia pinnata), Vajigandha (Withania somnifera), Eranda (Ricinus communis), Koranta (Barleria prionites), Varistha Panchamula, Oil, The oil can help in managing concerns associated with pain, abdominal pain, backache, and hernia, It can help in managing concerns associated with pounding or pricking pain, loss of strength and numbness, Kairali Prabhanjanavimardanam Thailam can help in managing concerns associated with rheumatism and arthritis, especially lumbago, sciatica, lumbar spondylosis and lower backache",,"Read the label carefully before use, Store in a cool and dry place, away from sunlight, Keep out of reach of children, Don’t exceed the recommended dosage"
https://www.1mg.com/otc/jiva-pain-calm-oil-pain-reliever-for-joint-pain-back-pain-frozen-shoulder-sprain-muscle-soreness-with-knee-cap-free-otc651981,Jiva Pain Calm Oil,Jiva Ayurvedic Pharmacy Ltd,,,,
https://www.1mg.com/otc/yuvika-makoy-makoh-solanum-nigrum-black-night-shade-otc520495,,DKC AGROTECH PVT. LTD.,,,,
https://www.1mg.com/otc/volini-maxx-pain-relief-spray-for-back-neck-joint-muscle-pain-bone-joint-muscle-care-otc457561,Volini Maxx Spray,Sun Pharmaceutical Industries Ltd,,"Diclofenac Diethylamine IP Equivalent to Dicoflenac Sodium, Methyl Salicylate IP, Menthol IP, Provides instant pain relief and supports bone, joint and muscle care, A unique formulation of 2% diclofenac makes it 100% stronger than other sprays, Provides effective relief from severe neck and back pain, Helps in relieving musculoskeletal and joint pain, Effective in healing pain due to strain and sprain, Useful in case of sports injuries, Has a unique 360-degree delivery mechanism that ensures standardised drug delivery, It provides instant and long-lasting pain relief from knee pain, joint pain, back pain, calf pain, and neck pain","Shake well before each use. Spray the contents from 5 cm distance on the affected areas 3-4 times in a day or, as directed by the physician.","Read the label carefully before use, Store in a cool and dry place away from direct sunlight, Keep out of reach of the children, Do not exceed the recommended dosage, For external use only, Should be applied only to intact skin surfaces and not to skin wounds and open injuries, Should not come into contact with eyes, mucous membranes and should not be ingested, Store in a cool and dry place"
https://www.1mg.com/otc/oppo-4091-cervical-collar-soft-small-otc352960,,OPPO Medical Inc,,,,
https://www.1mg.com/otc/jiva-pain-calm-oil-pain-reliever-for-joint-pain-back-pain-frozen-shoulder-sprain-muscle-soreness-otc651626,Jiva Pain Calm Oil,Jiva Ayurvedic Pharmacy Ltd,,,,
https://www.1mg.com/otc/bjain-aesculus-hippocastanum-dilution-10m-ch-otc429146,Bjain Aesculus Hippocastanum Dilution,Bjain Pharmaceuticals Pvt. Ltd.,,,As directed by the physician,
https://www.1mg.com/otc/moov-pain-relief-ointment-for-back-pain-joint-pain-knee-pain-muscle-pain-otc377375,"Moov Pain Relief Ointment for Back Pain, Joint Pain, Knee Pain, Muscle Pain",Reckitt Benckiser Healthcare Pvt. Ltd.,,"Ointment, 30g",,
https://www.1mg.com/otc/dyna-orthopaedic-heating-belt-universal-otc476092,Dyna Orthopaedic Heating Belt Universal,Dynamic Techno Medicals Pvt. Ltd.,"It is an electronic heating belt that provides warmth to the desired area and helps relax the muscles, decrease spasms and relieve pain.","It has three temperature settings- low, medium and high, It is equipped with an in-built thermostat for accurate temperature control, It has four layers of insulation on either side for proper heat distribution, Comes with a cover and straps for hands-free operation","Connect to the power supply, Sit in a comfortable position, Place the heating pad on the affected area, Wrap the belt and fasten the hook and loop closure to hold it, Adjust the regulator to the desired heat level","Read the label carefully before use, Keep out of reach of children, Handle it with care"
https://www.1mg.com/otc/sbl-naja-tripudians-dilution-200-ch-otc348373,SBL Naja Tripudians Dilution,SBL Pvt Ltd,,"30 ml, Liquid",,
https://www.1mg.com/otc/volini-pain-relief-gel-for-sprain-muscle-joint-neck-low-back-pain-bone-joint-muscle-care-otc138818,Volini Pain Relief Gel,Sun Pharmaceutical Industries Ltd,,"Diclofenac Diethylamine Equivalent to Diclofenac Sodium 1% w/w, Methyl Salicylate IP, Menthol IP, Virgin Linseed Oil BP, Preservative, Benzyl Alcohol IP, Gel Base, The spray can offer relief when in pain and supports bone, muscle and joint care., It is effective for pain in the joints, knees, back, shoulders, and neck, It can work great on sports injuries such as muscle pulls, sprains, and strain, It provides instant and long-lasting pain relief from knee pain, joint pain, back pain, calf pain, and neck pain","The Volini pain relief bottle should be shaken well before spraying, Hold the spray bottle at a 5cm distance from the affected area and spray, You can use the spray about three to four times daily or as recommened by your physician","Read the label carefully before use, Store in a cool and dry place, away from sunlight, Keep out of reach of children, The Volini pain relief spray is meant for external application only, Use Volini per the doctor’s guidance, and be careful not to use more than the given dosage, Do not use the spray on open wounds or surfaces of the skin that are ruptured, The spray should not be ingested or come in contact with the eyes and mucous membranes, Avoid using the spray near a naked flame, Do not burn or make a hole in the bottle even after the spray is over"
https://www.1mg.com/otc/bjain-aesculus-hippocastanum-dilution-30c-otc429228,Bjain Aesculus Hippocastanum Dilution,Bjain Pharmaceuticals Pvt. Ltd.,,,As directed by the physician,
https://www.1mg.com/otc/sbl-lycipersicum-escule-mother-tincture-q-otc338667,SBL Lycipersicum Escule Mother Tincture Q,SBL Pvt Ltd,,"Lycipersicum Escule Mother Tincture, 30 ml, Liquid, This dilution may help in relieving general discomfort and aches in the muscles and joints, particularly in the limbs, The product can assist in promoting comfort in the lower limbs and supporting joint flexibility, It may help support respiratory health, especially in cases of sensitivity to dust and irritation, The formula may assist in maintaining proper digestion and managing frequent urination, It may support overall vitality and well-being, helping to reduce general fatigue and discomfort",,"Read the label carefully before use, Store in a cool and dry place, away from sunlight, Keep out of reach of children, Don’t exceed the recommended dosage, Maintain a half-hour gap between food, drink, or any other medicines and homoeopathic medicine, Avoid strong smells such as camphor, garlic, onion, coffee, and hing while taking this medicine, Use under medical supervision"
https://www.1mg.com/otc/sbl-agaricus-muscarius-dilution-200-ch-otc345714,SBL Agaricus Muscarius Dilution,SBL Pvt Ltd,,Agaricus Muscarius,Take 2-3 drops 3-5 times a day or as directed by the physician.,
https://www.1mg.com/otc/sbl-calcarea-carbonica-0-8-lm-otc361651,,SBL Pvt Ltd,,,,
https://www.1mg.com/otc/dr-willmar-schwabe-india-colocynthis-dilution-6-ch-otc400303,,Dr Willmar Schwabe India Pvt Ltd,,,,
https://www.1mg.com/otc/dr.-reckeweg-hypericum-per-dilution-50m-ch-otc376074,,Dr Reckeweg & Co,,,,
https://www.1mg.com/otc/healthtokri-electric-rechargeable-heating-gel-warm-bag-otc488059,Healthtokri Electric Rechargeable Heating Gel Warm Bag,Healthtokri,The electric heating pad helps relieve pain in affected areas and saves the hassle and time of changing water like in ordinary hot bottles,"Rechargeable heating pad is easy to use, Requires low electricity consumption, Helps provide relief from pains and sprains, Can be used in winter to provide warmth, Simple to use as it does not require filling of water","Plug the male pin of the cable into the electric socket and plug in the other end to the female electric socket in the bag, Remove the plug now and use the hot bag as per your needs, If the bag has lost the heat after use, then reheat using the same process","Do not use the device when it is plugged into a power source, Cool down the heating pad after use before storing, If there is any leakage, it must not be used, Read the label carefully before use, Store in a cool, dry place away from direct sunlight, Keep out of reach of children"
https://www.1mg.com/otc/dr-willmar-schwabe-india-calcarea-hypophosphorosa-dilution-30-ch-otc398319,,Dr Willmar Schwabe India Pvt Ltd,,,,
https://www.1mg.com/otc/adven-fevecare-drop-otc328939,,Adven Biotech Pvt Ltd,,,,
https://www.1mg.com/otc/vissco-silicon-finger-ring-0618-universal-otc344565,,Vissco Rehabilitation Aids Pvt. Ltd.,,,,
https://www.1mg.com/otc/bjain-calcarea-phosphorica-dilution-12c-otc715224,Bjain Calcarea Phosphorica Dilution,Bjain Pharmaceuticals Pvt. Ltd.,,,Take 3-5 drops of the dilution in 1 teaspoon of water twice a day or as directed by the physician.,
https://www.1mg.com/otc/sbl-lecithinum-dilution-200-ch-otc348122,,SBL Pvt Ltd,,,,
https://www.1mg.com/otc/tynor-a-05-lumbo-sacral-belt-xl-otc335700,Tynor A-05 Lumbo Sacral Belt,Tynor Orthotics Pvt. Ltd.,It is used to support and immobilize the lumbosacral region and correct the postural deformity to relieve low back pain syndrome.,,,
https://www.1mg.com/otc/pil-orthodex-pain-relief-spray-instant-relief-from-pain-inflammation-sports-injuries-otc869202,Orthodex Pain Relief Spray,Psychotropics India Ltd,,"Diclofenac Diethylamine IP 1.16% w/w, Eq. to Diclofenac Sodium IP 1.00% w/w, Methyl Salicylate IP 10.0% w/w, Virgin Linseed Oil BP 3.0% w/w, Menthol IP 5.0% w/w, Excipients & Propellant q.s 100%w/w",Use as directed on the label,
https://www.1mg.com/otc/sloan-s-liniment-kills-pain-reduces-swelling-strengthens-muscles-ligaments-otc315107,Sloan's Liniment,Piramal Enterprises Ltd,,Oil,,
https://www.1mg.com/otc/jiva-pain-calm-oil-pain-reliever-for-joint-pain-back-pain-frozen-shoulder-sprain-muscle-soreness-otc329877,Jiva Pain Calm Oil,Jiva Ayurvedic Pharmacy Ltd,,,,
https://www.1mg.com/otc/deve-herbes-pure-tamanu-calophyllum-inophyllum-cold-pressed-oil-otc396989,Deve Herbes Pure Tamanu Oil,Deve Herbes,,"Tamanu oil has anti-inflammatory, anti-viral, anti-fungal and anti-oxidant properties, Helps in treating acne, eczema, psoriasis, strectc marks, skin rashes, aging and sunburns, It nourishes and rejuvenates the skin and also prevents premature signs of aging","Take few drops of pure tamanu oil directly by the glass dropper on your palm and massage directly on to face, hair or body.","To Increase the shelf life of oil keep it away from heat and light, Read the label carefully before use, Keep out of the reach of children, Should be protected from direct light, Avoid the contact with eyes, In case of contact with eyes, remove with water immediately"
https://www.1mg.com/otc/himalaya-rumalaya-pain-relief-gel-quick-relief-from-body-pain-ayurvedic-gel-otc90714,Himalaya Rumalaya Gel,Himalaya Wellness Company,,"30 gm, Gel",Apply a small quantity of the gel to the tender area and lightly massage it in or as directed by the physician.,
https://www.1mg.com/otc/dr.-reckeweg-china-off-mother-tincture-q-otc327767,,Dr Reckeweg & Co,,,,
https://www.1mg.com/otc/tynor-c-08-cast-shoe-xl-otc335722,,Tynor Orthotics Pvt. Ltd.,,,,
https://www.1mg.com/otc/moov-cool-therapy-gel-otc964102,Moov Cool Therapy Gel,Reckitt Benckiser Healthcare Pvt. Ltd.,,"Each gram of gel contains: Pudina Satva (Mentha piperita) extract (Aerial parts of plant) 8.0% w/w, Preservative: Benzyl Alcohol IP, Colouring Agents: Brilliant Blue FCF, Tartrazine Yellow., Gel., 20g.",Apply a thin film of the gel to the affected area and massage gently. Repeat 3-4 times daily for best results.,
https://www.1mg.com/otc/vansaar-45-rhuma-care-massage-oil-for-long-lasting-pain-relief-suitable-for-joint-pains-100-ayurvedic-otc605753,Baidyanath Rhuma Oil,Riaan Wellnes Pvt Ltd,,"50 ml, Oil, Key Benefits:",,
https://www.1mg.com/otc/sbl-x-ray-dilution-30-ch-otc348668,SBL X-Ray Dilution,SBL Pvt Ltd,,"Controls and reduces the sticking pain in parts of face, head and muscular pain in the neck, Effective to dry throat, mouth and tongue when it becomes difficult in swallowing, Increases the sexual desire and fertility in men and controls Gonorrhea, Affective in treating eczema which is dry and itches, Helps in reducing dry wrinkles, warts, cracks on feet and breaking of nails",As prescribed by the physician. Can be taken along with allopathic medicines.,"Read the label carefully before use, Avoid eating tobacco or drinking alcohol during the course, Keep out of the reach of children, Use under medical supervision, Avoid any strong smell in the mouth such as coffee, onion, hing, mint, camphor, garlic etc while taking the medicine, Keep at least half an hour gap between food/drink/ any other medicines and allopathic medicine"
https://www.1mg.com/otc/dr-willmar-schwabe-india-bacopa-monnieri-dilution-6-ch-otc397854,,Dr Willmar Schwabe India Pvt Ltd,,,,
https://www.1mg.com/otc/volini-maxx-pain-relief-spray-for-back-neck-joint-muscle-pain-bone-joint-muscle-care-otc457560,Volini Maxx Spray,Sun Pharmaceutical Industries Ltd,,"Diclofenac Diethylamine IP Equivalent to Dicoflenac Sodium, Methyl Salicylate IP, Menthol IP, Provides instant pain relief and supports bone, joint and muscle care, A unique formulation of 2% diclofenac makes it 100% stronger than other sprays, Provides effective relief from severe neck and back pain, Helps in relieving musculoskeletal and joint pain, Effective in healing pain due to strain and sprain, Useful in case of sports injuries, Has a unique 360-degree delivery mechanism that ensures standardised drug delivery, It provides instant and long-lasting pain relief from knee pain, joint pain, back pain, calf pain, and neck pain","Shake well before each use. Spray the contents from 5 cm distance on the affected areas 3-4 times in a day or, as directed by the physician.","Read the label carefully before use, Store in a cool and dry place away from direct sunlight, Keep out of reach of the children, Do not exceed the recommended dosage, For external use only, Should be applied only to intact skin surfaces and not to skin wounds and open injuries, Should not come into contact with eyes, mucous membranes and should not be ingested, Store in a cool and dry place"
https://www.1mg.com/otc/sbl-kali-carbonicum-dilution-cm-ch-otc385260,SBL Kali Carbonicum Dilution,SBL Pvt Ltd,,"30 ml, Liquid",,
https://www.1mg.com/otc/tynor-a-11-chest-binder-xl-otc345463,Tynor A-11 Chest Binder,Tynor Orthotics Pvt. Ltd.,To support the chest after traumatic injury.,"50 mm thick PUF pad hold and binds the fractured sternum without compromising on patient comfort, Strong elastic band gives good grip and helps in equidistribution of pressure, Reduces post-operative pain and discomfiture, Facilitates phlegm expulsion after cardio thoracic surgery",Use as per requirement or as directed by the physician.,"Read the label carefully before use, Keep out of the reach of children, Store in a cool and dry place"
https://www.1mg.com/otc/pankajakasthuri-orthoherb-ayurvedic-oil-with-amla-for-joint-pain-relief-otc356687,Pankajakasthuri Orthoherb Oil,Pankajakasthuri Herbals India (P) Ltd.,,"Vasa (Adhatoda vasica, Rt, Dct), Eranda (Ricinus communis, Rt, Dct), Bilwa (Aegle marmelos, Rt, Dct), Thwak (Cinnamomum zeylanicum, St. Bk, Dct), Maricha (Piper nigrum, Dr. Fr, Dct), Lavanga (Syzygium aromaticum, Dr. Fr, Dct), Jati (Myristica fragrans, Pp, Dct), Pata (Cyclea peltata, Rt, Dct), Nimba (Azadirachta indica, Rt, bk, Dct), Sahachara (Strobilanthes ciliatus, Rt, Dct), Nirgundi (Vitex negundo, Lf, Dct), Bala (Sida retusa, Rt, Dct), Punarnava (Boerhavia diffusa, Pl, Dct), Gunja (Abrus precatorius, Rt, Dct), Dusparsa (Tragia involucrata, Rt, Dct) 2 g each. Amalaki (Phyllanthus emblica, Dr. Fr, Pst), Manjishta (Rubia cordifolia, Rt, Pst), Guggulu (Balsamodendron mukul, Lx, Pst), Chitraka (Plumbago zeylanica, Rt, Pst) 2.5 g each. Kera thaila (Cocos nucifera, Oil) 27.50 ml, Eranda thaila (Ricinus communis, Oil) 82.50 ml, Eucalyptus Oil (Eucalyptus globulus, Oil), 100 ml, Liquid, The oil has anti-inflammatory and analgesic properties, It imparts muscle tone and lubricates the joints, It also imparts firmness to the limbs, It can help stimulate circulation, It helps the lymphatic functioning for detoxification",,"Read the label carefully before use, Store in a cool and dry place, Keep out of reach of children"
https://www.1mg.com/otc/miduty-nerve-pain-relief-capsule-alpha-lipoic-acid-b-vitamins-neuropathy-support-otc918605,Miduty Nerve Pain Relief Capsule,Midvision Pvt Ltd,,,Use as directed on the label or as advised by your healthcare provider,
https://www.1mg.com/otc/sbl-echinacea-angustifolia-tablet-1x-otc330985,,SBL Pvt Ltd,,,,
https://www.1mg.com/otc/vissco-core-0508-hernia-belt-with-double-pad-large-otc344548,,Vissco Rehabilitation Aids Pvt. Ltd.,,,,
https://www.1mg.com/otc/pravek-maha-balvardhak-oil-otc601978,Pravek Maha Balvardhak Oil,Pravek Kalp Private Limited,,,Massage adequate quantity of oil gently on the affected areas till it is absorbed. Use 2-3 times in a day for better results or as directed by the physician.,
https://www.1mg.com/otc/curobes-tablet-otc581183,Curobes Tablet,Cause & Cure Pvt Ltd,,,Use as directed by the physician.,
https://www.1mg.com/otc/dr-willmar-schwabe-india-harungana-madagascariensis-dilution-1000-ch-otc403703,,Dr Willmar Schwabe India Pvt Ltd,,,,
https://www.1mg.com/otc/jiva-pain-calm-oil-pain-reliever-for-joint-pain-back-pain-frozen-shoulder-sprain-muscle-soreness-with-knee-cap-free-otc651981,Jiva Pain Calm Oil,Jiva Ayurvedic Pharmacy Ltd,,,,
https://www.1mg.com/otc/baidyanath-nagpur-saptagun-taila-otc627325,Baidyanath (Nagpur) Saptagun Taila,Shree Baidyanath Ayurved Bhawan (P)Limited (Nagpur),,"Composition: Quantity Used Per 10ml:, Manjistha – 0.625 gm, Haridra – 156.36 mg, Nimba – 0.63 gm, Nirgundi – 0.63 gm, Haritaki – 0.63 gm, Bibhitaki – 0.63 gm, Amalaki – 0.63 gm, Sarala – 0.5 gm, Turuska – 0.5 gm, Rala – 0.5 gm, Guggulu – 0.5 gm, Madanaka – 0.5 gm, Karpura – 0.629 gm, Tarpin Taila – 0.31 gm, Kajuput Taila – 0.31 gm, Nilgiri Taila – 0.31 gm, Til Taila – q.s. to 10 ml., Supports external application:Traditionally used for burns, sprains, and boils, Contains Ayurvedic herbal oils:Formulated with Til Taila, Kajuput Taila, and Nilgiri Taila, May provide soothing effects:Known in Ayurveda for its potential topical benefits, Manjistha:Traditionally valued for supporting skin health and maintaining a balanced complexion., Haridra (Turmeric):Known for its beneficial properties that may help support skin and overall wellness., Nimba (Neem):Used in Ayurveda for maintaining skin purity and general well-being., Nirgundi:Traditionally used for its soothing properties, often applied for external comfort., Guggulu:Recognised in Ayurveda for its role in supporting joint and skin health., 50 ml",,"For external use only, Store in a cool and dry place, Keep away from direct sunlight, Shake well before use, Read the label carefully before use, Keep out of reach of children"
https://www.1mg.com/otc/lp-727ca-extreme-back-support-universal-otc331595,LP #727CA Extreme Back Support Universal,LP Support,"It is primarily recommended for HIVD (Herniated lntervertebral Disc), Muscle strain/ sprain, and Low back pain.","Comes with four pliable metal stays which provide extra support to back muscle and joint, and limit extreme back motion, Encompasses hook and loop closure which allows adjustable compression, Useful in retaining body heat for constant moist heat to the entire lower back muscle group",Use as per requirement or as directed by the physician.,"Read the label carefully before use, Store in a cool dry place away from direct sunlight, Keep out of reach of the children, Avoid physical damage"
https://www.1mg.com/otc/volini-maxx-pain-relief-spray-for-back-neck-joint-muscle-pain-bone-joint-muscle-care-otc457561,Volini Maxx Spray,Sun Pharmaceutical Industries Ltd,,"Diclofenac Diethylamine IP Equivalent to Dicoflenac Sodium, Methyl Salicylate IP, Menthol IP, Provides instant pain relief and supports bone, joint and muscle care, A unique formulation of 2% diclofenac makes it 100% stronger than other sprays, Provides effective relief from severe neck and back pain, Helps in relieving musculoskeletal and joint pain, Effective in healing pain due to strain and sprain, Useful in case of sports injuries, Has a unique 360-degree delivery mechanism that ensures standardised drug delivery, It provides instant and long-lasting pain relief from knee pain, joint pain, back pain, calf pain, and neck pain","Shake well before each use. Spray the contents from 5 cm distance on the affected areas 3-4 times in a day or, as directed by the physician.","Read the label carefully before use, Store in a cool and dry place away from direct sunlight, Keep out of reach of the children, Do not exceed the recommended dosage, For external use only, Should be applied only to intact skin surfaces and not to skin wounds and open injuries, Should not come into contact with eyes, mucous membranes and should not be ingested, Store in a cool and dry place"
https://www.1mg.com/otc/jiva-pain-calm-oil-pain-reliever-for-joint-pain-back-pain-frozen-shoulder-sprain-muscle-soreness-otc651626,Jiva Pain Calm Oil,Jiva Ayurvedic Pharmacy Ltd,,,,
https://www.1mg.com/otc/lord-s-l-117-dysmenorrhea-amenorrhea-drop-otc448914,,Lord's Homoeopathic Laboratory Pvt Ltd,,,,
https://www.1mg.com/otc/dr-willmar-schwabe-india-mentholum-dilution-30-ch-otc405416,,Dr Willmar Schwabe India Pvt Ltd,,,,
https://www.1mg.com/otc/moov-pain-relief-ointment-for-back-pain-joint-pain-knee-pain-muscle-pain-otc377375,"Moov Pain Relief Ointment for Back Pain, Joint Pain, Knee Pain, Muscle Pain",Reckitt Benckiser Healthcare Pvt. Ltd.,,"Ointment, 30g",,
https://www.1mg.com/otc/keshavsrushti-vanaushadhi-uttan-rumalin-taila-otc961067,Keshavsrushti Vanaushadhi Uttan Rumalin Taila,Uttan Vanoushadhi Sanshowushan Sanstha,,"Nirgundi, Shatavari, Anant mool and Shigaru",,
https://www.1mg.com/otc/volini-pain-relief-gel-for-sprain-muscle-joint-neck-low-back-pain-bone-joint-muscle-care-otc138818,Volini Pain Relief Gel,Sun Pharmaceutical Industries Ltd,,"Diclofenac Diethylamine Equivalent to Diclofenac Sodium 1% w/w, Methyl Salicylate IP, Menthol IP, Virgin Linseed Oil BP, Preservative, Benzyl Alcohol IP, Gel Base, The spray can offer relief when in pain and supports bone, muscle and joint care., It is effective for pain in the joints, knees, back, shoulders, and neck, It can work great on sports injuries such as muscle pulls, sprains, and strain, It provides instant and long-lasting pain relief from knee pain, joint pain, back pain, calf pain, and neck pain","The Volini pain relief bottle should be shaken well before spraying, Hold the spray bottle at a 5cm distance from the affected area and spray, You can use the spray about three to four times daily or as recommened by your physician","Read the label carefully before use, Store in a cool and dry place, away from sunlight, Keep out of reach of children, The Volini pain relief spray is meant for external application only, Use Volini per the doctor’s guidance, and be careful not to use more than the given dosage, Do not use the spray on open wounds or surfaces of the skin that are ruptured, The spray should not be ingested or come in contact with the eyes and mucous membranes, Avoid using the spray near a naked flame, Do not burn or make a hole in the bottle even after the spray is over"
https://www.1mg.com/otc/dhootapapeshwar-shwasakuthar-rasa-otc498181,Dhootapapeshwar Shwasakuthar Rasa,Shree Dhootapapeshwar Ltd,,,,
https://www.1mg.com/otc/sbl-influenzinum-dilution-1000-ch-otc347958,SBL Influenzinum Dilution,SBL Pvt Ltd,,,As directed by the physician,
https://www.1mg.com/otc/aurthot-philadelphia-collar-xl-otc389327,,Aurthot Surgicals (OPC) Pvt Ltd,,,,
https://www.1mg.com/otc/samson-cervical-orthosis-philadelphia-soft-cervical-collar-for-neck-support-pain-relief-and-injury-recovery-medium-beige-otc487921,Samson CA-0101 Cervical Orthosis,Samson Scientifics & Surgicals,"Cervical collar or neck brace is primarily used to support a person’s neck, applied for traumatic head or neck injuries.",,Wear the collar with the collar directed up to fit snugly over the shoulders and wrap around to the back of the neck.,
https://www.1mg.com/otc/tynor-i-15-compression-stocking-mid-thigh-open-toe-large-otc345865,Tynor I-15 Compression Stocking Mid Thigh,Tynor Orthotics Pvt. Ltd.,It is primarily used to provide relief in all forms of venous disease including blood pools or congests in legs.,,Use as per requirement or as directed by the physician.,
https://www.1mg.com/otc/sbl-carbo-animalis-dilution-30-ch-otc346101,SBL Carbo Animalis Dilution,SBL Pvt Ltd,,"Reduces pain and dryness in throat, Helps in reducing anxiety and nausea which increases during night, Helps in treating irregular periods and weakness in women, It is a effective remedy for reducing hardness in glands, Provides relief from pain in the tail bone",Dosage should be directed by the physician. It can be safely taken along with allopathic medicines.,"Read the label carefully before use, Keep out of the reach of children, Use under medical supervision, Do not exceed the recommended dosage, Maintain half an hour gap between food, drink and any other medicine, Avoid any strong smell in the mouth while taking medicine e.g. camphor, garlic, onion, coffee and hing, Store in a cool and dry place"
https://www.1mg.com/otc/dr-willmar-schwabe-india-naja-tripudians-dilution-12-ch-otc394943,,Dr Willmar Schwabe India Pvt Ltd,,,,
https://www.1mg.com/otc/dr.-reckeweg-rhus-tox-dilution-3x-otc375046,Dr Reckeweg Rhus Toxicodendron Dilution,Dr Reckeweg & Co,,"Rhus Toxicodendron, Provides effective treatment for eczema and relieves conditions of itchiness and rashes, Helpful in the treatment of conditions associated with herpes, Highly effective in the treatment of pains associated with arthritis and rheumatism, Helps in relieving symptoms related to flu and viral infections, Helpful in the treatment of sore, dry throat and excessive cough, It is also helpful in curing prolonged menses with heavy discharge accompanied by abdominal pain, It is also used to correct psychological issues such as depression and anxiety",,"Read the label carefully before use, Do not exceed the recommended dose, Keep out of the reach of children, Use under medical supervision, Store in a cool, dry place away from direct sunlight and heat"
https://www.1mg.com/otc/bjain-aesculus-hippocastanum-dilution-12-ch-otc718178,Bjain Aesculus Hippocastanum Dilution,Bjain Pharmaceuticals Pvt. Ltd.,,,As directed by the physician,
https://www.1mg.com/otc/new-life-nl-8-slip-disc-drop-otc325813,New Life NL 8 Slip Disc Drop,New Life Laboratories Pvt Ltd,,"Calcarea Phosphorica, Calcarea Fluorica, Silicea, Aesculus Hippocastanum, Tellurium, Kali Carbonicum, Hypericum Perforatum, Excipients, Liquid",,
https://www.1mg.com/otc/dr-willmar-schwabe-india-andrographis-paniculata-dilution-30-ch-otc396202,,Dr Willmar Schwabe India Pvt Ltd,,,,
https://www.1mg.com/otc/broncho-rub-pain-relief-balm-cool-relief-otc684768,Broncho Rub Pain Relief Balm Cool Relief,IPI India Pvt Ltd,,"Menthol 15g, Methyl salicylate 12g, Camphor 5g, Eucalyptus oil 5g, It is a fast-absorbing balm that provides instant relief, It has powerful pain-relieving action that provides long-lasting relief, It gives relief from all kinds of muscle, joint and back pain, It provides a cooling effect to the affected area",Apply thick and evenly to be affected areas of the body up to 3-4 times per day. Do not apply to broken or inflamed skin,"Avoid contact with mouth, eyes and mucous membranes, Keep away from children, If pregnant or breastfeeding, consult a healthcare practitioner before use, For external use only"
https://www.1mg.com/otc/haslab-drox-27-chloramphenicol-drop-otc339530,,HASLAB,,,,
https://www.1mg.com/otc/dr-willmar-schwabe-india-ginkgo-biloba-dilution-200-ch-otc403360,,Dr Willmar Schwabe India Pvt Ltd,,,,
https://www.1mg.com/otc/sloan-s-liniment-kills-pain-reduces-swelling-strengthens-muscles-ligaments-otc315107,Sloan's Liniment,Piramal Enterprises Ltd,,Oil,,
https://www.1mg.com/otc/jiva-pain-calm-oil-pain-reliever-for-joint-pain-back-pain-frozen-shoulder-sprain-muscle-soreness-otc329877,Jiva Pain Calm Oil,Jiva Ayurvedic Pharmacy Ltd,,,,
https://www.1mg.com/otc/sbl-bromium-dilution-30-ch-otc346047,SBL Bromium Dilution 6 CH,SBL Pvt Ltd,,,Take as directed by the physician and can be used with allopathic medicines.,
https://www.1mg.com/otc/himalaya-rumalaya-pain-relief-gel-quick-relief-from-body-pain-ayurvedic-gel-otc90714,Himalaya Rumalaya Gel,Himalaya Wellness Company,,"30 gm, Gel",Apply a small quantity of the gel to the tender area and lightly massage it in or as directed by the physician.,
https://www.1mg.com/otc/dr.-reckeweg-zincum-sulf-dilution-200-ch-otc331373,,Dr Reckeweg & Co,,,,
https://www.1mg.com/otc/sbl-pancreatinum-dilution-6-ch-otc355535,,SBL Pvt Ltd,,,,
https://www.1mg.com/otc/moov-cool-therapy-gel-otc964102,Moov Cool Therapy Gel,Reckitt Benckiser Healthcare Pvt. Ltd.,,"Each gram of gel contains: Pudina Satva (Mentha piperita) extract (Aerial parts of plant) 8.0% w/w, Preservative: Benzyl Alcohol IP, Colouring Agents: Brilliant Blue FCF, Tartrazine Yellow., Gel., 20g.",Apply a thin film of the gel to the affected area and massage gently. Repeat 3-4 times daily for best results.,
https://www.1mg.com/otc/aurthot-clavicle-brace-large-otc389256,,Aurthot Surgicals (OPC) Pvt Ltd,,,,
https://www.1mg.com/otc/tynor-i12-ortho-stockinette-10-meter-125mm-otc345871,Tynor I-12 Ortho Stockinette 10 Meter (125MM),Tynor Orthotics Pvt. Ltd.,It is used to provide relief in orthopedic injuries or diseases.,"Offers quick healing, Comfortable and reduces pain, Designed from stretchable and breathable fabric, It provides ease to the patients of orthopedic injuries or diseases, It is hypoallergenic, The cotton fabric is easy to wash and can be conveniently reused for as long as required, It is knit and woven such that the fabric is four way stretchable",Use as per requirement or as directed by the physician.,"Read the label carefully before use, Store in a cool dry place away from direct sunlight, Keep out of reach of the children, Avoid physical damage"
https://www.1mg.com/otc/sbl-luffa-operculata-dilution-30-ch-otc354356,,SBL Pvt Ltd,,,,
https://www.1mg.com/otc/dr-willmar-schwabe-india-ratanhia-mother-tincture-q-otc391558,,Dr Willmar Schwabe India Pvt Ltd,,,,
https://www.1mg.com/otc/volini-maxx-pain-relief-spray-for-back-neck-joint-muscle-pain-bone-joint-muscle-care-otc457560,Volini Maxx Spray,Sun Pharmaceutical Industries Ltd,,"Diclofenac Diethylamine IP Equivalent to Dicoflenac Sodium, Methyl Salicylate IP, Menthol IP, Provides instant pain relief and supports bone, joint and muscle care, A unique formulation of 2% diclofenac makes it 100% stronger than other sprays, Provides effective relief from severe neck and back pain, Helps in relieving musculoskeletal and joint pain, Effective in healing pain due to strain and sprain, Useful in case of sports injuries, Has a unique 360-degree delivery mechanism that ensures standardised drug delivery, It provides instant and long-lasting pain relief from knee pain, joint pain, back pain, calf pain, and neck pain","Shake well before each use. Spray the contents from 5 cm distance on the affected areas 3-4 times in a day or, as directed by the physician.","Read the label carefully before use, Store in a cool and dry place away from direct sunlight, Keep out of reach of the children, Do not exceed the recommended dosage, For external use only, Should be applied only to intact skin surfaces and not to skin wounds and open injuries, Should not come into contact with eyes, mucous membranes and should not be ingested, Store in a cool and dry place"
https://www.1mg.com/otc/tynor-e-03-wrist-forearm-splint-large-left-otc345648,Tynor E 03 Wrist & Forearm Splint,Tynor Orthotics Pvt. Ltd.,It helps to maintain the wrist in the neutral/functional position.,,Use a directed by the health-care professional.,
https://www.1mg.com/otc/crampeze-tablet-with-calcium-magnesium-potassium-l-carnitine-multivitamins-otc736231,Crampeze Tablet (10 Each),Friska Nutraceuticals Pvt Ltd,,"L-carnitine, Potassium, Vitamin E, B12, D2, B6, B5, B1, Chromium, Magnesium, Magnesium, Hydroxypropyl, It can reduce blood glucose levels and relieve muscle cramps, It may relieve diabetic leg cramps, calf muscle cramps, and exercise-induced cramps, The tablet can relieve menstrual cramps, night cramps, foot and leg cramps, Magnesium plays a role in neuromuscular transmission and muscle contraction and can assist in the management of muscle cramps",Use as directed by the dietician.,"Read the label carefully before use, Store in a cool and dry place, away from sunlight, Keep out of reach of children, Use under medical supervision, Don’t exceed the recommended dosage, Appropriate overages added to compensate for the possible loss of storage, Not for medical use"
https://www.1mg.com/otc/pankajakasthuri-orthoherb-ayurvedic-oil-with-amla-for-joint-pain-relief-otc356687,Pankajakasthuri Orthoherb Oil,Pankajakasthuri Herbals India (P) Ltd.,,"Vasa (Adhatoda vasica, Rt, Dct), Eranda (Ricinus communis, Rt, Dct), Bilwa (Aegle marmelos, Rt, Dct), Thwak (Cinnamomum zeylanicum, St. Bk, Dct), Maricha (Piper nigrum, Dr. Fr, Dct), Lavanga (Syzygium aromaticum, Dr. Fr, Dct), Jati (Myristica fragrans, Pp, Dct), Pata (Cyclea peltata, Rt, Dct), Nimba (Azadirachta indica, Rt, bk, Dct), Sahachara (Strobilanthes ciliatus, Rt, Dct), Nirgundi (Vitex negundo, Lf, Dct), Bala (Sida retusa, Rt, Dct), Punarnava (Boerhavia diffusa, Pl, Dct), Gunja (Abrus precatorius, Rt, Dct), Dusparsa (Tragia involucrata, Rt, Dct) 2 g each. Amalaki (Phyllanthus emblica, Dr. Fr, Pst), Manjishta (Rubia cordifolia, Rt, Pst), Guggulu (Balsamodendron mukul, Lx, Pst), Chitraka (Plumbago zeylanica, Rt, Pst) 2.5 g each. Kera thaila (Cocos nucifera, Oil) 27.50 ml, Eranda thaila (Ricinus communis, Oil) 82.50 ml, Eucalyptus Oil (Eucalyptus globulus, Oil), 100 ml, Liquid, The oil has anti-inflammatory and analgesic properties, It imparts muscle tone and lubricates the joints, It also imparts firmness to the limbs, It can help stimulate circulation, It helps the lymphatic functioning for detoxification",,"Read the label carefully before use, Store in a cool and dry place, Keep out of reach of children"
https://www.1mg.com/otc/dr-willmar-schwabe-india-hypericum-perforatum-dilution-12-ch-otc404092,,Dr Willmar Schwabe India Pvt Ltd,,,,
https://www.1mg.com/otc/bjain-eupatorium-perfoliatum-dilution-30c-otc438830,Bjain Eupatorium Perfoliatum Dilution,Bjain Pharmaceuticals Pvt. Ltd.,,,,
https://www.1mg.com/otc/miduty-nerve-pain-relief-capsule-alpha-lipoic-acid-b-vitamins-neuropathy-support-otc918605,Miduty Nerve Pain Relief Capsule,Midvision Pvt Ltd,,,Use as directed on the label or as advised by your healthcare provider,
https://www.1mg.com/otc/tynor-i-15-compression-stocking-mid-thigh-open-toe-medium-otc345864,Tynor I-15 Compression Stocking Mid Thigh,Tynor Orthotics Pvt. Ltd.,It is primarily used to provide relief in all forms of venous disease including blood pools or congests in legs.,,Use as per requirement or as directed by the physician.,
https://www.1mg.com/otc/pravek-maha-balvardhak-oil-otc601978,Pravek Maha Balvardhak Oil,Pravek Kalp Private Limited,,,Massage adequate quantity of oil gently on the affected areas till it is absorbed. Use 2-3 times in a day for better results or as directed by the physician.,
https://www.1mg.com/otc/tata-1mg-hot-water-bag-for-period-cramps-pain-relief-by-tata-1mg-red-otc808483,TATA 1mg Hot Water Bag,Tata 1mg Healthcare Solutions Private Limited,"The hot water bottle helps relieve joint pains, muscular cramps, menstrual pains, stomach aches, backaches, and arthritic pains and thus helps you relax.",,,
https://www.1mg.com/otc/bhargava-rhomo-oil-otc326143,Bhargava Rhomo Oil,Bhargava Phytolab,,,Use as directed on the label or as advised by the physician.,
https://www.1mg.com/otc/jiva-pain-calm-oil-pain-reliever-for-joint-pain-back-pain-frozen-shoulder-sprain-muscle-soreness-with-knee-cap-free-otc651981,Jiva Pain Calm Oil,Jiva Ayurvedic Pharmacy Ltd,,,,
https://www.1mg.com/otc/medilexicon-ortho-rheumolex-drop-otc402442,Medilexicon Ortho Rheumolex Drop,Medilexicon,,"Arnica Montana, Benzoic acid, Bryonia, Dulcamara, Kali Iodide, It is a dietary supplement that supports healthy bones and joints, It has anti-inflammatory and analgesic properties to help reduce pain, inflammation and swelling, It helps reduce joint and muscle stiffness and restore mobility, It tones up the musculoskeletal system, It relieves pain, stiffness and impaired functioning of affected parts",Use as directed on the label or as directed by your physician,"Read the product label carefully before use, Store in a cool and dry place away from direct sunlight, Keep out of reach of children, Consult a doctor before taking any supplement, Do not exceed the recommended dosage, Pregnant or nursing mothers, children, and people with medical conditions must consult a physician before taking this supplement, Do not use if the product appears to be tampered with or the seal is broken"
https://www.1mg.com/otc/nt-denv-47-capsule-otc711013,,Capro Labs Exports India Pvt Ltd.,,,,
https://www.1mg.com/otc/volini-maxx-pain-relief-spray-for-back-neck-joint-muscle-pain-bone-joint-muscle-care-otc457561,Volini Maxx Spray,Sun Pharmaceutical Industries Ltd,,"Diclofenac Diethylamine IP Equivalent to Dicoflenac Sodium, Methyl Salicylate IP, Menthol IP, Provides instant pain relief and supports bone, joint and muscle care, A unique formulation of 2% diclofenac makes it 100% stronger than other sprays, Provides effective relief from severe neck and back pain, Helps in relieving musculoskeletal and joint pain, Effective in healing pain due to strain and sprain, Useful in case of sports injuries, Has a unique 360-degree delivery mechanism that ensures standardised drug delivery, It provides instant and long-lasting pain relief from knee pain, joint pain, back pain, calf pain, and neck pain","Shake well before each use. Spray the contents from 5 cm distance on the affected areas 3-4 times in a day or, as directed by the physician.","Read the label carefully before use, Store in a cool and dry place away from direct sunlight, Keep out of reach of the children, Do not exceed the recommended dosage, For external use only, Should be applied only to intact skin surfaces and not to skin wounds and open injuries, Should not come into contact with eyes, mucous membranes and should not be ingested, Store in a cool and dry place"
https://www.1mg.com/otc/relispray-nitron-pain-relief-cooling-spray-otc425998,Relispray Nitron Pain Relief Cooling Spray,MidasCare Pharmaceuticals Pvt Ltd,,"Pudina Ka Phool, Wintergreen, Camphor, Turpentine Oil, Cinnamon oil, Clove oil, Eucalyptus oil, Aerosol spray, Relispray Nitron penetrates the skin and carries cooling and the medicinal properties right to the pain area, Relispray Nitron does not need rubbing or touching of the wound, therefore preventing any further damage, Uses cooling technology to work on pain including joint pain, muscle pull, back and neck pain and helps to a large extent in relieving pain caused by arthritis, Relispray Nitron provides instant relief from any pain ailment and in case of an impact injury, Infused with advanced ice pack solution condensed to 10 degrees, when sprayed it creates a rapid action of reducing swelling, cooling the wound healing it at the same time, Relispray Nitron can easily be carried in a player’s kit bag or a normal bag, Ideal to keep at home when there are children around",Use as directed by the physician.,"Read the label carefully before use, Keep out of the reach of children, Should be protected from direct light, Do not pierce or burn even when empty, Do not spray near eyes or face, Do not spray on open wounds or broken skin, Avoid direct inhalation"
https://www.1mg.com/otc/bioforce-blooume-3-bakosan-drop-otc326967,Bioforce Blooume 3 Bakosan Drop,Bioforce,,"Arnica Montana 30, Bellis Perennis 30, Hypericum Perforatum 30, Rhus Toxicodendron 30, Ruta Graveolens 30, Symphytum Officinale 30., Drops, Male/Female, Helps provide relief from muscle soreness and stiffness and promotes mobility and flexibility, Helps ease discomfort associated with bruises, sprains, and strains which accelerates the healing process, May alleviate nerve pain and neuralgia which in turn provides relief from shooting or stabbing sensations, Supports joint mobility and function by managing joint pain and inflammation","Adults:20 drops in a tablespoon of water, 1/2 an hour before eating, 3 to 5 times daily or as directed by the physician, Children:Half the adult dose or as directed by the physician","Store in a cool and dry place away from direct sunlight, Read the product label carefully before use, Keep out of reach of children, Do not exceed the recommended dosage"
https://www.1mg.com/otc/jiva-pain-calm-oil-pain-reliever-for-joint-pain-back-pain-frozen-shoulder-sprain-muscle-soreness-otc651626,Jiva Pain Calm Oil,Jiva Ayurvedic Pharmacy Ltd,,,,
https://www.1mg.com/otc/broncho-rub-pain-relief-balm-cool-relief-otc685260,Broncho Rub Pain Relief Balm Cool Relief,IPI India Pvt Ltd,,"Menthol 15g, Methyl salicylate 12g, Camphor 5g, Eucalyptus oil 5g, It is a fast-absorbing balm that provides instant relief, It has powerful pain-relieving action that provides long-lasting relief, It gives relief from all kinds of muscle, joint and back pain, It provides a cooling effect to the affected area",Apply thick and evenly to be affected areas of the body up to 3-4 times per day. Do not apply to broken or inflamed skin,"Avoid contact with mouth, eyes and mucous membranes, Keep away from children, If pregnant or breastfeeding, consult a healthcare practitioner before use, For external use only"
https://www.1mg.com/otc/tripurna-pain-reliever-oil-60ml-each-otc966740,Tripurna Pain Reliever Oil (60ml Each),Vedshakti Healthcare,,"Wintergreen Oil, Mahanarayan Oil, Kapoor, Tarpin Oil, Malkangni Oil, Guggal Oil, Mahamash Oil, Panchgun Oil, Pudina Satva, Maha Vishgarbha Oil, Til Oil (q.s.), Helpful in joint pain such as knee pain, back pain, elbow pain, neck pain, shoulder pain, and other joint discomforts, Enriched with the goodness of 9 essential oils, Anyone can use it for managing joint discomfort, Manages old and stringent pain","Apply a sufficient quantity of Tripurna Pain Reliever Oil on the affected area, and gently massage until it is absorbed completely, Repeat this 3 to 4 times daily, or as directed by the healthcare professional","Read the label carefully, Store in a cool, dry place, Keep out of reach of children, Do not exceed the recommended dose"
https://www.1mg.com/otc/moov-pain-relief-ointment-for-back-pain-joint-pain-knee-pain-muscle-pain-otc377375,"Moov Pain Relief Ointment for Back Pain, Joint Pain, Knee Pain, Muscle Pain",Reckitt Benckiser Healthcare Pvt. Ltd.,,"Ointment, 30g",,
https://www.1mg.com/otc/sbl-angustura-vera-dilution-200-ch-otc345851,SBL Angustura Vera Dilution,SBL Pvt Ltd,,"Angustura, Alcohol, Useful in treating abdominal problems like diarrhoea, Cures stiffness and tension of muscles and joints, Treats skin elements, Acts upon spinal motor nerves mucous membranes, Treats rheumatic affected bones, Helps get rid of headache with vertigo and flashes in front of eyes",Dosage should be directed by the physician. It can be taken along with other allopathic medicines.,"Read the label carefully before use, Do not exceed the recommended dosage, Keep out of the reach of children, Store in a cool dry place away from direct sunlight, Maintain half an hour gap between food,drink and any other medicines"
https://www.1mg.com/otc/allen-s-paintox-drop-otc399650,,Allen Healthcare,,,,
https://www.1mg.com/otc/volini-pain-relief-gel-for-sprain-muscle-joint-neck-low-back-pain-bone-joint-muscle-care-otc138818,Volini Pain Relief Gel,Sun Pharmaceutical Industries Ltd,,"Diclofenac Diethylamine Equivalent to Diclofenac Sodium 1% w/w, Methyl Salicylate IP, Menthol IP, Virgin Linseed Oil BP, Preservative, Benzyl Alcohol IP, Gel Base, The spray can offer relief when in pain and supports bone, muscle and joint care., It is effective for pain in the joints, knees, back, shoulders, and neck, It can work great on sports injuries such as muscle pulls, sprains, and strain, It provides instant and long-lasting pain relief from knee pain, joint pain, back pain, calf pain, and neck pain","The Volini pain relief bottle should be shaken well before spraying, Hold the spray bottle at a 5cm distance from the affected area and spray, You can use the spray about three to four times daily or as recommened by your physician","Read the label carefully before use, Store in a cool and dry place, away from sunlight, Keep out of reach of children, The Volini pain relief spray is meant for external application only, Use Volini per the doctor’s guidance, and be careful not to use more than the given dosage, Do not use the spray on open wounds or surfaces of the skin that are ruptured, The spray should not be ingested or come in contact with the eyes and mucous membranes, Avoid using the spray near a naked flame, Do not burn or make a hole in the bottle even after the spray is over"
https://www.1mg.com/otc/sbl-natrum-sulphuricum-0-1-lm-otc366272,,SBL Pvt Ltd,,,,
https://www.1mg.com/otc/dr-willmar-schwabe-india-indium-metallicum-dilution-200-ch-otc404143,,Dr Willmar Schwabe India Pvt Ltd,,,,
https://www.1mg.com/otc/dr-willmar-schwabe-india-pancreatinum-dilution-30-ch-otc394432,,Dr Willmar Schwabe India Pvt Ltd,,,,
https://www.1mg.com/otc/dr-willmar-schwabe-india-azadirachta-indica-dilution-1000-ch-otc397837,,Dr Willmar Schwabe India Pvt Ltd,,,,
https://www.1mg.com/otc/vissco-stretchable-2d-knee-cap-knee-support-for-pain-relief-and-injury-in-pair-large-otc448685,Vissco 2703 Pro 2D Knee Cap,Vissco Rehabilitation Aids Pvt. Ltd.,It is primarily used to give support and stability to the knee.,,Use as per requirement or as directed by the physician.,"Read the label carefully before use, Store in a cool dry place away from direct sunlight, Keep out of reach of the children, Avoid physical damage"
https://www.1mg.com/otc/sbl-menyanthes-trifoliata-dilution-200-ch-otc354571,,SBL Pvt Ltd,,,,
https://www.1mg.com/otc/deve-herbes-pure-arnica-arnica-montana-oil-otc394795,,Deve Herbes,,,,
https://www.1mg.com/otc/bjain-arnica-montana-mother-tincture-q-otc444405,Inlife Evening Primrose Oil Capsule,Bjain Pharmaceuticals Pvt. Ltd.,,"Evening Primrose Oil, 60 liquid filled capsules, Softgel",,
https://www.1mg.com/otc/myovedic-massage-oil-otc493112,Myovedic Massage Oil,BT Aushadhalaya,,"Guggulu, Vidang, Langali, Nirgundi, Bakuchi, Iranda thaila, Sixamum Indicum., This herbal oil is specifically designed for external use through massage., Ashwagandha and Bala are known for their abilities to promote muscle and joint health, making the oil ideal for individuals facing physical stress and discomfort., Shatavari contributes to stress reduction and promotes a sense of calm and balance., Ksheerabala, a combination of Bala and milk, is traditionally used for its soothing properties., Sesame oil serves as a base oil, facilitating the absorption of herbal benefits into the skin., Crafted following time-honored Ayurvedic principles, this oil reflects the commitment to quality and authenticity in Ayurveda practices.",,"For external use only., Store in a cool, dry place, away from direct sunlight."
https://www.1mg.com/otc/sbl-agaricus-muscarius-dilution-30-ch-otc345713,SBL Agaricus Muscarius Dilution,SBL Pvt Ltd,,Agaricus Muscarius,Take 2-3 drops 3-5 times a day or as directed by the physician.,
https://www.1mg.com/otc/adel-geranium-m-mother-tincture-q-otc327664,ADEL Geranium M Mother Tincture Q,Adel Pekana Germany,,"Geranium Maculatum, Extra Neutral Alcohol, Helps reduce gastritis issues, Provides relief from stomach ulcers, Reduces soreness in nipples",Take 3-5 drops two to three times a day or as prescribed by the physician.,"Read the label carefully before use, Do not exceed the recommended dose, Keep out of the reach of children, Store in a cool and dry place"
https://www.1mg.com/otc/bioforce-blooume-25-migrainosan-drop-otc326959,Bioforce Blooume 25 Migrainosan Drop,Bioforce,,"Ammi Visnaga 1x, Chionanthus Virginica 6x, Cimicifuga Racemosa 6x, Ignatia Amara 6x, Iris Versicolor 3x, Secale Cornutum 6x, Spigelia 6x., Drops, 30 ml, Male/Female, Provides relief from various types of migraines, including tension headaches and throbbing pain, Reduces sensitivity to light and sound associated with migraines, promoting a more comfortable experience during episodes, Helps alleviate accompanying symptoms such as nausea, dizziness, and visual disturbances, Supports overall well-being by addressing the underlying causes of migraines, rather than just masking symptoms","Adults:20 drops in a tablespoon of water, 1/2 an hour before eating, 3 to 5 times daily or as directed by the physician, Children:Half the adult dose or as directed by the physician","Store in a cool and dry place away from direct sunlight, Read the product label carefully before use, Keep out of reach of children, Do not exceed the recommended dosage"
https://www.1mg.com/otc/dr-willmar-schwabe-india-spigelia-dilution-200-ch-otc392067,Dr Willmar Schwabe India Spigelia Dilution,Dr Willmar Schwabe India Pvt Ltd,,"Extract of spegelia plant, Ethanol, Water, It is an excellent remedy for angina, Cures dizziness and treats restlessness, Cures vertigo, nausea and headaches, Heals neuralgia of eyes, Reduces toothache, Cures sore throat, Treats urine with white sedimentation, Cures abdominal pains, Eases nerve pains",Dosage should be prescribed by the physician,"Read the label carefully, Self medication is not advised, Do not exceed the recommended dose, Keep out of the reach of children, Avoid any kind of strong smell in the mouth while taking the dose"
https://www.1mg.com/otc/vissco-3d-knee-cap-with-donut-padding-knee-support-for-pain-relief-knee-injury-large-otc448667,Vissco 2705 Pro 3D Knee Cap with Donut Padding,Vissco Rehabilitation Aids Pvt. Ltd.,"Provides support for musculoskeletal health, vascular health and helps in pain management.","Fit:Ergonomic, Material:Cotton Elastic",Wear this compression sleeve as you would wear socks so that the broader end is above the knee.,"Read the label carefully before use, Keep out of the reach of children, Store in cool and dry place, Should be protected from sunlight"
https://www.1mg.com/otc/sloan-s-liniment-kills-pain-reduces-swelling-strengthens-muscles-ligaments-otc315107,Sloan's Liniment,Piramal Enterprises Ltd,,Oil,,
https://www.1mg.com/otc/jiva-pain-calm-oil-pain-reliever-for-joint-pain-back-pain-frozen-shoulder-sprain-muscle-soreness-otc329877,Jiva Pain Calm Oil,Jiva Ayurvedic Pharmacy Ltd,,,,
https://www.1mg.com/otc/himalaya-rumalaya-pain-relief-gel-quick-relief-from-body-pain-ayurvedic-gel-otc90714,Himalaya Rumalaya Gel,Himalaya Wellness Company,,"30 gm, Gel",Apply a small quantity of the gel to the tender area and lightly massage it in or as directed by the physician.,
https://www.1mg.com/otc/sbl-andrographis-paniculata-dilution-200-ch-otc350971,SBL Andrographis Paniculata Dilution,SBL Pvt Ltd,,"Andrographis Paniculata extracts, Helpful in chronic fevers and helps in boosting immunity system, Treats chronic digestive problems, Effective in treating skin troubles, Treats diarrhoea and excessive flatulence, Effective if there is a history of jaundice, Recommend in case of frequent infection of the respiratory tract, Useful in conditions including enlarged jaundice, liver, and liver damage due to medications, Reduces the giddiness, heaviness and throbbing pain in the back of the head, Helps to treat a sore throat, redness and difficulty in swallowing","Take 3-5 drops of the medicine in 1 teaspoon of water, thrice a day or as recommended by the physician","Read the label carefully before use, Self-medication is not advised, Do not exceed the recommended dose, Keep out of the reach of children"
https://www.1mg.com/otc/moov-cool-therapy-gel-otc964102,Moov Cool Therapy Gel,Reckitt Benckiser Healthcare Pvt. Ltd.,,"Each gram of gel contains: Pudina Satva (Mentha piperita) extract (Aerial parts of plant) 8.0% w/w, Preservative: Benzyl Alcohol IP, Colouring Agents: Brilliant Blue FCF, Tartrazine Yellow., Gel., 20g.",Apply a thin film of the gel to the affected area and massage gently. Repeat 3-4 times daily for best results.,
https://www.1mg.com/otc/medigrip-ayurvedic-pain-relief-patch-medium-brown-otc831128,Medigrip Ayurvedic Pain Relief Patch,Precision Coatings Pvt Ltd,,"Gandpura talia, Pudina salva, Karpura, It helps provide relief from muscular and skeletal pain, It may reduce irritation and itching, Pudina helps induce a cooling effect","Clean aching part, Dry the area, Remove the release paper, Apply patch","Read the label carefully before use, Store in a cool and dry place away from direct sunlight, Keep it out of the reach of children, Apply only on uncut skin"
https://www.1mg.com/otc/sbl-viola-odorata-dilution-1000-ch-otc348700,,SBL Pvt Ltd,,,,
https://www.1mg.com/otc/anju-pain-off-oil-otc517571,Anju Pain-Off Oil,Anju Pharmaceuticals,,"Menthol, Kapoor (Camphor), Gandhepure Oil, Nilgiri Oil, Oil Turpentine, Oil Cajuputi, Oil Jayfal, Made with natural oils, Helps with muscle injury, Reduces muscle and joint pain, Helps with sprain and arthritis related aches",Use as directed.,"Read the label carefully before use, Store in a cool and dry place away from direct sunlight, Keep out of reach of the children"
https://www.1mg.com/otc/volini-maxx-pain-relief-spray-for-back-neck-joint-muscle-pain-bone-joint-muscle-care-otc457560,Volini Maxx Spray,Sun Pharmaceutical Industries Ltd,,"Diclofenac Diethylamine IP Equivalent to Dicoflenac Sodium, Methyl Salicylate IP, Menthol IP, Provides instant pain relief and supports bone, joint and muscle care, A unique formulation of 2% diclofenac makes it 100% stronger than other sprays, Provides effective relief from severe neck and back pain, Helps in relieving musculoskeletal and joint pain, Effective in healing pain due to strain and sprain, Useful in case of sports injuries, Has a unique 360-degree delivery mechanism that ensures standardised drug delivery, It provides instant and long-lasting pain relief from knee pain, joint pain, back pain, calf pain, and neck pain","Shake well before each use. Spray the contents from 5 cm distance on the affected areas 3-4 times in a day or, as directed by the physician.","Read the label carefully before use, Store in a cool and dry place away from direct sunlight, Keep out of reach of the children, Do not exceed the recommended dosage, For external use only, Should be applied only to intact skin surfaces and not to skin wounds and open injuries, Should not come into contact with eyes, mucous membranes and should not be ingested, Store in a cool and dry place"
https://www.1mg.com/otc/dr-willmar-schwabe-india-hypericum-perforatum-dilution-1000-ch-otc404094,,Dr Willmar Schwabe India Pvt Ltd,,,,
https://www.1mg.com/otc/pankajakasthuri-orthoherb-ayurvedic-oil-with-amla-for-joint-pain-relief-otc356687,Pankajakasthuri Orthoherb Oil,Pankajakasthuri Herbals India (P) Ltd.,,"Vasa (Adhatoda vasica, Rt, Dct), Eranda (Ricinus communis, Rt, Dct), Bilwa (Aegle marmelos, Rt, Dct), Thwak (Cinnamomum zeylanicum, St. Bk, Dct), Maricha (Piper nigrum, Dr. Fr, Dct), Lavanga (Syzygium aromaticum, Dr. Fr, Dct), Jati (Myristica fragrans, Pp, Dct), Pata (Cyclea peltata, Rt, Dct), Nimba (Azadirachta indica, Rt, bk, Dct), Sahachara (Strobilanthes ciliatus, Rt, Dct), Nirgundi (Vitex negundo, Lf, Dct), Bala (Sida retusa, Rt, Dct), Punarnava (Boerhavia diffusa, Pl, Dct), Gunja (Abrus precatorius, Rt, Dct), Dusparsa (Tragia involucrata, Rt, Dct) 2 g each. Amalaki (Phyllanthus emblica, Dr. Fr, Pst), Manjishta (Rubia cordifolia, Rt, Pst), Guggulu (Balsamodendron mukul, Lx, Pst), Chitraka (Plumbago zeylanica, Rt, Pst) 2.5 g each. Kera thaila (Cocos nucifera, Oil) 27.50 ml, Eranda thaila (Ricinus communis, Oil) 82.50 ml, Eucalyptus Oil (Eucalyptus globulus, Oil), 100 ml, Liquid, The oil has anti-inflammatory and analgesic properties, It imparts muscle tone and lubricates the joints, It also imparts firmness to the limbs, It can help stimulate circulation, It helps the lymphatic functioning for detoxification",,"Read the label carefully before use, Store in a cool and dry place, Keep out of reach of children"
https://www.1mg.com/otc/nature-s-velvet-papaya-leaf-extract-500mg-capsule-otc367023,,Natures Velvet Lifecare,,,,
https://www.1mg.com/otc/lp-271z-thigh-compression-sleeve-medium-otc331440,Uses:,LP Support,"It is used to enhance the explosive strength of thigh muscles, improving kicking and jumping.",,Use as directed by the health-care professional and Make sure the power band is positioned around the knee.,"Read the label carefully before use, Keep out of reach of the children, Store in a cool dry place"
https://www.1mg.com/otc/miduty-nerve-pain-relief-capsule-alpha-lipoic-acid-b-vitamins-neuropathy-support-otc918605,Miduty Nerve Pain Relief Capsule,Midvision Pvt Ltd,,,Use as directed on the label or as advised by your healthcare provider,
https://www.1mg.com/otc/pravek-maha-balvardhak-oil-otc601978,Pravek Maha Balvardhak Oil,Pravek Kalp Private Limited,,,Massage adequate quantity of oil gently on the affected areas till it is absorbed. Use 2-3 times in a day for better results or as directed by the physician.,
https://www.1mg.com/otc/r3set-instant-pain-relief-nanotech-gel-otc871757,R3SET Instant Pain Relief Nanotech Gel,Venus Remedies Ltd,,"Wintergreen leaf oil, Nilgiri leaf oil, Menthol leaf, Kapoor bark oil, Nirgundi leaf extract, Shallaki myriad extract, Ajmoda seed extract, Tablet, Provides long-lasting relief with the goodness of herbal and organic ingredients, Helps in relieving all kinds of body, muscle, joint, sprain, and arthritis pain, R3SET pain relief gel is made with a unique nanotechnology formula for 150% faster absorption and deep penetration for better results, Pain relief gel is enriched with pain relieving herbal essential oils like eucalyptus globulus essential oil, and extracts of menthol, celery or apium gravelens, chinese chastetree herb",,"Store at room temperature (25 degrees C to 10 degrees c), Protect from direct sunlight, For external use only, Not to be used on wounds, Avoid contact with eyes, Keep out of reach of children, Exposure to direct light and heat may result in discolouration without affecting efficacy of the product"
https://www.1mg.com/otc/jiva-pain-calm-oil-pain-reliever-for-joint-pain-back-pain-frozen-shoulder-sprain-muscle-soreness-with-knee-cap-free-otc651981,Jiva Pain Calm Oil,Jiva Ayurvedic Pharmacy Ltd,,,,
https://www.1mg.com/otc/rejoint-uc-undenatured-type-ii-collagen-capsule-gluten-free-otc830419,Rejoint UC Capsule,Abbott,,"Undenatured Type-Il Collagen, Bulking agent {Micro Crystalline Cellulose (INS460 (i))}, Glidant {Stearic Acid (INS 470 (i))}, Capsule shell{Gelatin (INS 428)}, Preservatives {Methyl Paraben Sodium (INS 219) & Propyl paraben Sodium (INS217)}, A peptide and component of joint cartilage, Oral ingestion appears to reduce autoimmunity to the body's own UC-II, resulting in less inflammation in instances of osteoarthritis and rheumatism, Benefits to joint health, Natural ingredient derived from chicken sternum cartilage containing a glycosylated",As directed by the physician,"Read the label carefully before use, Do not exceed the recommended dose, Keep out of reach and sight of children, Store the formulation in cool and dry place"
https://www.1mg.com/otc/sbl-baryta-iodata-dilution-30-ch-otc346004,SBL Baryta Iodatum Dilution,SBL Pvt Ltd,,"Increases the strength of the mind and reduces the confusion and increase concentration, Balances the mood swings, anger, depression and introvert nature, Headache in morning which is better when in open surroundings and becomes worse from any noise or tying of hair, Controls the increased white cell count, Mononucleosis, Excellent remedy for complications arising from tonsillitis, where the tonsils and surrounding areas are filled with pus and are very painful with tonsils and breasts are swollen and hard, Acts positively when used with children who are malnourished, who does not grow as they should, who catches a cold very easily and has swollen and hard glands, Controls and balances the thyroid which is affected greatly, showing hyperthyroidism with shaking and trembling, and eye balls are protruded out",Use as directed by the physician.,"Read the label carefully before use, Avoid eating tobacco or drinking alcohol during the course, Keep out of the reach of children, Use under medical supervision, Avoid any strong smell in the mouth such as coffee, onion, hing, mint, camphor, garlic etc while taking the medicine, Keep at least half an hour gap between food/drink/ any other medicines and allopathic medicine"
https://www.1mg.com/otc/volini-maxx-pain-relief-spray-for-back-neck-joint-muscle-pain-bone-joint-muscle-care-otc457561,Volini Maxx Spray,Sun Pharmaceutical Industries Ltd,,"Diclofenac Diethylamine IP Equivalent to Dicoflenac Sodium, Methyl Salicylate IP, Menthol IP, Provides instant pain relief and supports bone, joint and muscle care, A unique formulation of 2% diclofenac makes it 100% stronger than other sprays, Provides effective relief from severe neck and back pain, Helps in relieving musculoskeletal and joint pain, Effective in healing pain due to strain and sprain, Useful in case of sports injuries, Has a unique 360-degree delivery mechanism that ensures standardised drug delivery, It provides instant and long-lasting pain relief from knee pain, joint pain, back pain, calf pain, and neck pain","Shake well before each use. Spray the contents from 5 cm distance on the affected areas 3-4 times in a day or, as directed by the physician.","Read the label carefully before use, Store in a cool and dry place away from direct sunlight, Keep out of reach of the children, Do not exceed the recommended dosage, For external use only, Should be applied only to intact skin surfaces and not to skin wounds and open injuries, Should not come into contact with eyes, mucous membranes and should not be ingested, Store in a cool and dry place"
https://www.1mg.com/otc/tynor-d-14-thigh-support-medium-otc345617,Tynor D-14 Thigh Support,Tynor Orthotics Pvt. Ltd.,"It is a four-way stretchable weaving enhances comfort and compression, offers sturdiness, stability to thighs, reduces thigh pain symptoms and cramping.",,Use a directed by the health-care professional.,"Read the label carefully before use, Keep out of reach of the children, Store in a cool dry place"
https://www.1mg.com/otc/dr.-reckeweg-onosmodium-virginianum-dilution-200-ch-otc331797,Dr. Reckeweg Onosmodium Virginianum Dilution,Dr Reckeweg & Co,,"Onosmodium Virginianum, Liquid Dilution, The dilution helps get relief from headaches, especially those caused by eye strain, It eases neck and spinal discomfort, It can help to get relief from general fatigue and weakness, It provides support for nervous system health",Use as directed by a healthcare professional.,"Keep away from the direct sunlight, Keep out of the reach of children, Store in a cool and dry place"
https://www.1mg.com/otc/jiva-pain-calm-oil-pain-reliever-for-joint-pain-back-pain-frozen-shoulder-sprain-muscle-soreness-otc651626,Jiva Pain Calm Oil,Jiva Ayurvedic Pharmacy Ltd,,,,
https://www.1mg.com/otc/vissco-core-0301b-cervical-collar-without-chin-support-large-otc507632,Vissco Core 0301B Cervical Collar without Chin Support,Vissco Rehabilitation Aids Pvt. Ltd.,It has been designed to support the chin and cervical spine and helps to relieve the pain.,,"Place extending chin support below your chin, Adjust the hook and loop according to your comfort","Read the label carefully before use, Store in a cool dry place away from direct sunlight, Avoid any physical damage"
https://www.1mg.com/otc/bjain-syphillinum-dilution-10m-otc836714,Ortho-Aid Capsule,Bjain Pharmaceuticals Pvt. Ltd.,,,,
https://www.1mg.com/otc/moov-pain-relief-ointment-for-back-pain-joint-pain-knee-pain-muscle-pain-otc377375,"Moov Pain Relief Ointment for Back Pain, Joint Pain, Knee Pain, Muscle Pain",Reckitt Benckiser Healthcare Pvt. Ltd.,,"Ointment, 30g",,
https://www.1mg.com/otc/superfine-comfort-orthopedic-lumbar-back-rest-chair-memory-foam-seating-cushion-for-sciatica-back-pain-relief-otc753004,Superfine Comfort Orthopedic Lumbar Back Rest Cushion for Sciatica,Superfine Comfort Products,Superfine Comfort Orthopedic Lumbar Back Rest Cushion for Sciatica is used to provide support to Lumbar muscles.,,Use as directed on the label or as advised by your physician.,
https://www.1mg.com/otc/dolentia-relax-gel-with-diclofenac-diethylamine-menthol-otc244925,Dolentia Relax Gel,Akumentis Healthcare Ltd,,"Diclofenac, Linseed oil, Menthol, Methyl salicylate, Thiocolchicoside, Oleum Lini, Benzyl Alcohol, Diclofenac is a potent analgesic which relieves pain and inflammation, Linseed oil acts as a local anesthetic that helps in reducing inflammation and enhances diclofenac absorption, Menthol present in the gel also provided the affected area with a cooling effect, The antipyretic ingredients help to eventually bring down the fever as well",Use Dolentia Relax Gel as directed by the physician.,"For external use only, Do not freeze, Replace the cap tightly after use, Read the label carefully before use, Do not exceed the recommended dose, Keep out of the reach of children, Store at a cool and dry place, Should be protected from direct sunlight"
https://www.1mg.com/otc/volini-pain-relief-gel-for-sprain-muscle-joint-neck-low-back-pain-bone-joint-muscle-care-otc138818,Volini Pain Relief Gel,Sun Pharmaceutical Industries Ltd,,"Diclofenac Diethylamine Equivalent to Diclofenac Sodium 1% w/w, Methyl Salicylate IP, Menthol IP, Virgin Linseed Oil BP, Preservative, Benzyl Alcohol IP, Gel Base, The spray can offer relief when in pain and supports bone, muscle and joint care., It is effective for pain in the joints, knees, back, shoulders, and neck, It can work great on sports injuries such as muscle pulls, sprains, and strain, It provides instant and long-lasting pain relief from knee pain, joint pain, back pain, calf pain, and neck pain","The Volini pain relief bottle should be shaken well before spraying, Hold the spray bottle at a 5cm distance from the affected area and spray, You can use the spray about three to four times daily or as recommened by your physician","Read the label carefully before use, Store in a cool and dry place, away from sunlight, Keep out of reach of children, The Volini pain relief spray is meant for external application only, Use Volini per the doctor’s guidance, and be careful not to use more than the given dosage, Do not use the spray on open wounds or surfaces of the skin that are ruptured, The spray should not be ingested or come in contact with the eyes and mucous membranes, Avoid using the spray near a naked flame, Do not burn or make a hole in the bottle even after the spray is over"
https://www.1mg.com/otc/rex-arq-biranjasaf-otc329269,,Rex (U&A) Remedies Pvt. Ltd.,,,,
https://www.1mg.com/otc/sbl-prunus-spinosa-dilution-30-ch-otc356380,,SBL Pvt Ltd,,,,
https://www.1mg.com/otc/dominion-care-combo-pack-of-accu-paduka-accupressure-massage-slipper-and-relax-tone-massager-otc516249,,Kapil Plastic Mould,,,,
https://www.1mg.com/otc/dominion-care-combo-pack-of-accu-paduka-accupressure-massage-slipper-and-slim-sauna-belt-otc516313,,Kapil Plastic Mould,,,,
https://www.1mg.com/otc/jolly-red-gold-ortho-oil-otc508412,Jolly Red Gold Ortho Oil,Jolly Pharma,,"Wintergreen oil, Nilgiri oil, Linseed oil, Maha narayan oil, Maha vishgarbha oil, Maha mash oil, Kapoor, Menthol, Sesamum indicum, This oil has anti-inflammatory properties that may help provide relief from inflammation of the joint, It has analgesic and antioxidant properties that may help deal with severe pain in joints and muscles, It may help combat stiffness and swelling of joints and bones, This oil can be effective in dealing with frozen shoulder, lumbago and sciatica",Use as directed on the label or as advised by your healthcare provider.,"Read the label carefully before use, Do not exceed the recommended dosage, Store in a cool and dry place away from direct sunlight, Keep out of reach of children"
https://www.1mg.com/otc/bio-india-complex-5-hayfever-drop-otc403392,Bio India Complex 5 Hayfever Drop,Bio-India Pharma Pvt Ltd,,"Apis mellifica, Luffa operculata, Okoubaka, Galphimia glauca, Bio India Complex 5 Hayfever Drop is beneficial for managing Hay fever and symptoms related to it, It aid in reducing nasal congestion and also relieves the symptoms of allergic rhinitis, It helps in relieving watery nose and the other symptoms of flu and fever",Use as directed on the label or as advised by your physician.,"Read the label carefully before use, Do not exceed the recommended dosage, Store in a cool and dry place away from direct sunlight, Keep out of reach of children"
https://www.1mg.com/otc/sbl-arnica-montana-dilution-dilution-30-ch-otc338218,SBL Arnica Montana Dilution,SBL Pvt Ltd,,"Arnica Montana, Liquid",,
https://www.1mg.com/otc/dr.-reckeweg-pyrogenium-dilution-10m-ch-otc374981,,Dr Reckeweg & Co,,,,
https://www.1mg.com/otc/tynor-f-02-finger-cot-splint-small-otc346208,Tynor F-02 Finger Cot Splint,Tynor Orthotics Pvt. Ltd.,High patient compliance allows and free movement of the joint.,,Use as per requirement or as directed by the physician.,
https://www.1mg.com/otc/dr.-johns-j-47-calcification-drop-otc387653,,Nanak Laboratories Pvt Ltd,,,,
https://www.1mg.com/otc/vissco-0705-knee-cap-medium-beige-otc448649,Vissco 0705 Elastic Tubular Knee Cap,Vissco Rehabilitation Aids Pvt. Ltd.,"Generally used in cases of osteoarthritis knee and for post-surgery or post-arthroscopy muscle and ligament strains bursitis to improve blood flow and provide compression, support and stability to the knees reducing pain.","Helps stabilization of weak knees, increase of circulation, and reduction of pain in knees, Provides controlled mobility and bending flexion, Provides support and stability for medical and lateral ligaments",It is worn by a simple pull like socks with the broader end facing upwards.,"Read the label carefully before use, Hand wash with mild detergent and water at room temperature, Do not dry clean"
https://www.1mg.com/otc/monisons-pain-balm-100gm-each-otc978656,Monison Pain Balm,Monji Vishram & Co.,,"Pudina, Wintergreen Oil, Nilgiri Oil, It is an ayurvedic product, This product helps relieve headaches, This balm may also help to reduce body pain, colds, joint pain and muscle pain",Use as directed on the label or as suggested by a healthcare practitioner.,"Store it in a cool and dry place, Keep it away from direct sunlight, Keep it away from the reach of the children"
https://www.1mg.com/otc/lp-641-knee-support-elastic-single-small-black-otc331164,LP #641 Knee Support Elastic,LP Support,These supports are used to prevent knee ache and it helps to treat knee injuries.,,"Sit comfortably on a chair and apply the support on the affected area, Make sure they are not tight, you should not feel any numbness and walk around and smooth the knee support to eliminate the wrinkles","Hand wash in cold water with mild soap. Rinse thoroughly, Air dry at room temperature. Do not machine wash and dry, Should a rash or irritation occur, discontinue use and consult your physician"
https://www.1mg.com/otc/sloan-s-liniment-kills-pain-reduces-swelling-strengthens-muscles-ligaments-otc315107,Sloan's Liniment,Piramal Enterprises Ltd,,Oil,,
https://www.1mg.com/otc/jiva-pain-calm-oil-pain-reliever-for-joint-pain-back-pain-frozen-shoulder-sprain-muscle-soreness-otc329877,Jiva Pain Calm Oil,Jiva Ayurvedic Pharmacy Ltd,,,,
https://www.1mg.com/otc/dr.-reckeweg-eupatorium-purpureum-dilution-200-ch-otc335319,Dr. Reckeweg Eupatorium Purpureum Dilution,Dr Reckeweg & Co,,"Plant extract of Joe-Pye weed, Ethanol, Effective in managing the condition of albuminuria, Helps reduce irritation in the bladder, Helpful in the condition of blood in urine, Useful in case of enlarged prostate, Relieves impotency and sterility, Soothes headaches with vertigo, May relieve pain in the kidneys, Eases pain in the urethra on urinating, Relieves sensation of heaviness in the back, Provides relief from pain around the left ovary, 10 ML, Liquid dilution","Take 3-5 drops 2-3 times in a day or, as prescribed by a physician.","Use under medical supervision, Store in a cool and dry place, away from direct sunlight, Consult a doctor before use, especially for individuals with specific medical conditions, Keep out of the reach of children"
https://www.1mg.com/otc/himalaya-rumalaya-pain-relief-gel-quick-relief-from-body-pain-ayurvedic-gel-otc90714,Himalaya Rumalaya Gel,Himalaya Wellness Company,,"30 gm, Gel",Apply a small quantity of the gel to the tender area and lightly massage it in or as directed by the physician.,
https://www.1mg.com/otc/hicks-comfort-c-18-hot-water-bottle-plain-otc397944,Hicks Comfort C-18 Hot Water Bottle Plain,Hicks Thermometers India Limited,"The hot water bottle effectively relieves joint pains, muscular cramps, menstrual pains, stomach, backaches and arthritic and rheumatic pains and helps you relax.","Made with a high-quality rubber that can resist hot water pressure, Provides relief from joint aches and muscular pains, Keeps the water hot for a longer time, Leak-proof:Yes, Small and compact design makes it handy and easy to carry, Can be used as a bed warmer","Do not use boiling water when filling the bottle, Fill the bottle to a maximum of two-thirds capacities, Check the bottle for any leakage by holding the bottle in an upside-down position, Expel air by lowering carefully on a flat surface until water appears at the opening, Screw the cap tightly to ensure that there is no leakage","Never fill the bottle with boiling water, Read the label carefully before use, Keep out of reach of the children, Store in a cool and dry place"
https://www.1mg.com/otc/sbl-kali-carbonicum-dilution-30c-otc348865,SBL Kali Carbonicum Dilution,SBL Pvt Ltd,,"30 ml, Liquid",,
https://www.1mg.com/otc/moov-cool-therapy-gel-otc964102,Moov Cool Therapy Gel,Reckitt Benckiser Healthcare Pvt. Ltd.,,"Each gram of gel contains: Pudina Satva (Mentha piperita) extract (Aerial parts of plant) 8.0% w/w, Preservative: Benzyl Alcohol IP, Colouring Agents: Brilliant Blue FCF, Tartrazine Yellow., Gel., 20g.",Apply a thin film of the gel to the affected area and massage gently. Repeat 3-4 times daily for best results.,
https://www.1mg.com/otc/sbl-berberis-vulgaris-0-13-lm-otc361312,,SBL Pvt Ltd,,,,
https://www.1mg.com/otc/tynor-i59-scrotal-support-medium-otc345867,Tynor I-59 Scrotal Support,Tynor Orthotics Pvt. Ltd.,To provide support to the scrotum after operation or injury,,Read the user manual/ instruction leaflet carefully.,
https://www.1mg.com/otc/uma-ayurveda-sandhisakha-oil-for-musculoskeletal-pain-inflammation-otc687640,Uma Ayurveda Sandhisakha Herbal Oil | Oil for Joint Pain| Ayurvedic Pain Relief Oil for Arthritis | 50 ml,Uma Ayurvedics Private Limited,,,,
https://www.1mg.com/otc/vissco-0705-knee-cap-large-beige-otc448650,Vissco 0705 Elastic Tubular Knee Cap,Vissco Rehabilitation Aids Pvt. Ltd.,"Generally used in cases of osteoarthritis knee and for post-surgery or post-arthroscopy muscle and ligament strains bursitis to improve blood flow and provide compression, support and stability to the knees reducing pain.","Helps stabilization of weak knees, increase of circulation, and reduction of pain in knees, Provides controlled mobility and bending flexion, Provides support and stability for medical and lateral ligaments",It is worn by a simple pull like socks with the broader end facing upwards.,"Read the label carefully before use, Hand wash with mild detergent and water at room temperature, Do not dry clean"
https://www.1mg.com/otc/volini-maxx-pain-relief-spray-for-back-neck-joint-muscle-pain-bone-joint-muscle-care-otc457560,Volini Maxx Spray,Sun Pharmaceutical Industries Ltd,,"Diclofenac Diethylamine IP Equivalent to Dicoflenac Sodium, Methyl Salicylate IP, Menthol IP, Provides instant pain relief and supports bone, joint and muscle care, A unique formulation of 2% diclofenac makes it 100% stronger than other sprays, Provides effective relief from severe neck and back pain, Helps in relieving musculoskeletal and joint pain, Effective in healing pain due to strain and sprain, Useful in case of sports injuries, Has a unique 360-degree delivery mechanism that ensures standardised drug delivery, It provides instant and long-lasting pain relief from knee pain, joint pain, back pain, calf pain, and neck pain","Shake well before each use. Spray the contents from 5 cm distance on the affected areas 3-4 times in a day or, as directed by the physician.","Read the label carefully before use, Store in a cool and dry place away from direct sunlight, Keep out of reach of the children, Do not exceed the recommended dosage, For external use only, Should be applied only to intact skin surfaces and not to skin wounds and open injuries, Should not come into contact with eyes, mucous membranes and should not be ingested, Store in a cool and dry place"
https://www.1mg.com/otc/bjain-calcarea-phosphorica-dilution-10m-ch-otc715226,Bjain Calcarea Phosphorica Dilution,Bjain Pharmaceuticals Pvt. Ltd.,,,Take 3-5 drops of the dilution in 1 teaspoon of water twice a day or as directed by the physician.,
https://www.1mg.com/otc/sbl-pothos-foetidus-mother-tincture-q-otc338428,SBL Pothos Foetidus Mother Tincture,SBL Pvt Ltd,,"Pothos Foetidus, Liquid, SBL Pothos Foetidus Mother Tincture Q is indicated for respiratory problems. It may help relieve symptoms such as spasmodic cough with troublesome respiration, sudden feelings of anguish and sweat with cough, and asthma, This homoeopathic medicine may be beneficial for sore throat, SBL Pothos Foetidus Mother Tincture may provide relief from headaches",,"Read the label carefully before use, Store in a cool and dark place, Keep out of reach of children"
https://www.1mg.com/otc/pankajakasthuri-orthoherb-ayurvedic-oil-with-amla-for-joint-pain-relief-otc356687,Pankajakasthuri Orthoherb Oil,Pankajakasthuri Herbals India (P) Ltd.,,"Vasa (Adhatoda vasica, Rt, Dct), Eranda (Ricinus communis, Rt, Dct), Bilwa (Aegle marmelos, Rt, Dct), Thwak (Cinnamomum zeylanicum, St. Bk, Dct), Maricha (Piper nigrum, Dr. Fr, Dct), Lavanga (Syzygium aromaticum, Dr. Fr, Dct), Jati (Myristica fragrans, Pp, Dct), Pata (Cyclea peltata, Rt, Dct), Nimba (Azadirachta indica, Rt, bk, Dct), Sahachara (Strobilanthes ciliatus, Rt, Dct), Nirgundi (Vitex negundo, Lf, Dct), Bala (Sida retusa, Rt, Dct), Punarnava (Boerhavia diffusa, Pl, Dct), Gunja (Abrus precatorius, Rt, Dct), Dusparsa (Tragia involucrata, Rt, Dct) 2 g each. Amalaki (Phyllanthus emblica, Dr. Fr, Pst), Manjishta (Rubia cordifolia, Rt, Pst), Guggulu (Balsamodendron mukul, Lx, Pst), Chitraka (Plumbago zeylanica, Rt, Pst) 2.5 g each. Kera thaila (Cocos nucifera, Oil) 27.50 ml, Eranda thaila (Ricinus communis, Oil) 82.50 ml, Eucalyptus Oil (Eucalyptus globulus, Oil), 100 ml, Liquid, The oil has anti-inflammatory and analgesic properties, It imparts muscle tone and lubricates the joints, It also imparts firmness to the limbs, It can help stimulate circulation, It helps the lymphatic functioning for detoxification",,"Read the label carefully before use, Store in a cool and dry place, Keep out of reach of children"
https://www.1mg.com/otc/tynor-j-09-knee-support-sportif-neoprene-small-otc345764,Bjain Chionanthus Virginica Mother Tincture,Tynor Orthotics Pvt. Ltd.,,Chionanthus Virginica,Take Bjain Chionanthus Virginica Mother Tincture as directed by the physician.,
https://www.1mg.com/otc/miduty-nerve-pain-relief-capsule-alpha-lipoic-acid-b-vitamins-neuropathy-support-otc918605,Miduty Nerve Pain Relief Capsule,Midvision Pvt Ltd,,,Use as directed on the label or as advised by your healthcare provider,
https://www.1mg.com/otc/sbl-streptomycinum-dilution-6-ch-otc358631,,SBL Pvt Ltd,,,,
https://www.1mg.com/otc/pravek-maha-balvardhak-oil-otc601978,Pravek Maha Balvardhak Oil,Pravek Kalp Private Limited,,,Massage adequate quantity of oil gently on the affected areas till it is absorbed. Use 2-3 times in a day for better results or as directed by the physician.,
https://www.1mg.com/otc/bjain-arnica-montana-dilution-3x-otc433315,Bjain Arnica Montana Dilution,Bjain Pharmaceuticals Pvt. Ltd.,,,"10 to 15 drops in ¼ cup of water, two times a day, 10 minutes before or after meals or as prescribed by the physician.",
https://www.1mg.com/otc/bjain-syphillinum-dilution-200-ch-otc432421,Ortho-Aid Capsule,Bjain Pharmaceuticals Pvt. Ltd.,,,,
https://www.1mg.com/otc/jiva-pain-calm-oil-pain-reliever-for-joint-pain-back-pain-frozen-shoulder-sprain-muscle-soreness-with-knee-cap-free-otc651981,Jiva Pain Calm Oil,Jiva Ayurvedic Pharmacy Ltd,,,,
https://www.1mg.com/otc/shenaro-lifestyle-s-cotton-organic-and-eco-friendly-pain-relief-wheat-bag-ebony-black-otc731230,Shenaro Lifestyle's Cotton Organic and Eco-Friendly Pain Relief Wheat Bag,Kamal International,"The wheat bag can be used for hot and cold therapy to reduce pain, sprains, cramps, or other bodily discomforts.","Ergonomic design:The bag is rectangular, providing full coverage. The bag moulds to the contour of the area that it is being applied to, Reusable and easy to clean:The outer cover is removable and can be washed in the washing machine, Aromatherapy:The bag comes with a fresh lavender aroma that helps to induce sleep and relaxation. The calming scent of lavender eases the mind, Organic pain and stress relief:The cellular structure of wheat provides insulation properties to reduce pain and stress, Heat therapy:Targets back pain, neck pain, muscle spasms, workout soreness, stiffness, etc., Cool therapy:Targets headaches, heat flashes, bruises, inflammation, burns, fever, etc., Contents:Inner bag with grains, Outer removable cover","For heat therapy, heat in the microwave for 3-5 minutes maximum, For cool therapy, refrigerate for 1-2 hours","Read the label carefully before use, Store in a cool and dry place, Keep out of reach of children, For external use only"
https://www.1mg.com/otc/volini-maxx-pain-relief-spray-for-back-neck-joint-muscle-pain-bone-joint-muscle-care-otc457561,Volini Maxx Spray,Sun Pharmaceutical Industries Ltd,,"Diclofenac Diethylamine IP Equivalent to Dicoflenac Sodium, Methyl Salicylate IP, Menthol IP, Provides instant pain relief and supports bone, joint and muscle care, A unique formulation of 2% diclofenac makes it 100% stronger than other sprays, Provides effective relief from severe neck and back pain, Helps in relieving musculoskeletal and joint pain, Effective in healing pain due to strain and sprain, Useful in case of sports injuries, Has a unique 360-degree delivery mechanism that ensures standardised drug delivery, It provides instant and long-lasting pain relief from knee pain, joint pain, back pain, calf pain, and neck pain","Shake well before each use. Spray the contents from 5 cm distance on the affected areas 3-4 times in a day or, as directed by the physician.","Read the label carefully before use, Store in a cool and dry place away from direct sunlight, Keep out of reach of the children, Do not exceed the recommended dosage, For external use only, Should be applied only to intact skin surfaces and not to skin wounds and open injuries, Should not come into contact with eyes, mucous membranes and should not be ingested, Store in a cool and dry place"
https://www.1mg.com/otc/sbl-theridion-dilution-30-ch-otc348840,SBL Theridion Dilution 30 CH,SBL Pvt Ltd,,"Useful in treating vertigo, Provides relief from nausea and headache, Useful in seasickness and car sickness, Effective in curing insomnia, Reduces throbbing pain in the eyeballs, Reduces burning sensation in liver, Helps in reducing cardiac anxiety and pain in the chest",Dosage should be directed by the physician. It can be safely taken along with allopathic medicines.,"Read the label carefully before use, Keep out of the reach of children, Use under medical supervision, Do not exceed the recommended dosage, Maintain half an hour gap between food, drink and any other medicines and homoeopathic medicine, Avoid any strong smell in the mouth while taking medicine e.g. camphor, garlic, onion, coffee and hing, Store in a cool and dry place"
https://www.1mg.com/otc/yuvika-koshiya-lakdi-madhumeh-lakdi-quassia-wood-otc520326,,DKC AGROTECH PVT. LTD.,,,,
https://www.1mg.com/otc/jiva-pain-calm-oil-pain-reliever-for-joint-pain-back-pain-frozen-shoulder-sprain-muscle-soreness-otc651626,Jiva Pain Calm Oil,Jiva Ayurvedic Pharmacy Ltd,,,,
https://www.1mg.com/otc/moov-pain-relief-ointment-for-back-pain-joint-pain-knee-pain-muscle-pain-otc377375,"Moov Pain Relief Ointment for Back Pain, Joint Pain, Knee Pain, Muscle Pain",Reckitt Benckiser Healthcare Pvt. Ltd.,,"Ointment, 30g",,
https://www.1mg.com/otc/volini-pain-relief-gel-for-sprain-muscle-joint-neck-low-back-pain-bone-joint-muscle-care-otc138818,Volini Pain Relief Gel,Sun Pharmaceutical Industries Ltd,,"Diclofenac Diethylamine Equivalent to Diclofenac Sodium 1% w/w, Methyl Salicylate IP, Menthol IP, Virgin Linseed Oil BP, Preservative, Benzyl Alcohol IP, Gel Base, The spray can offer relief when in pain and supports bone, muscle and joint care., It is effective for pain in the joints, knees, back, shoulders, and neck, It can work great on sports injuries such as muscle pulls, sprains, and strain, It provides instant and long-lasting pain relief from knee pain, joint pain, back pain, calf pain, and neck pain","The Volini pain relief bottle should be shaken well before spraying, Hold the spray bottle at a 5cm distance from the affected area and spray, You can use the spray about three to four times daily or as recommened by your physician","Read the label carefully before use, Store in a cool and dry place, away from sunlight, Keep out of reach of children, The Volini pain relief spray is meant for external application only, Use Volini per the doctor’s guidance, and be careful not to use more than the given dosage, Do not use the spray on open wounds or surfaces of the skin that are ruptured, The spray should not be ingested or come in contact with the eyes and mucous membranes, Avoid using the spray near a naked flame, Do not burn or make a hole in the bottle even after the spray is over"
https://www.1mg.com/otc/bjain-galium-aparine-dilution-1000-ch-otc438737,Bjain Galium Aparine Dilution,Bjain Pharmaceuticals Pvt. Ltd.,,,Take 3-5 drops of the dilution in 1 teaspoon of water twice a day or as directed by the physician.,
https://www.1mg.com/otc/dr.-reckeweg-kali-carbonic-dilution-1000-ch-otc334924,,Dr Reckeweg & Co,,,,
https://www.1mg.com/otc/dr-willmar-schwabe-india-ratanhia-dilution-30-ch-otc393619,,Dr Willmar Schwabe India Pvt Ltd,,,,
https://www.1mg.com/otc/bjain-granatum-dilution-12-ch-otc440128,Bjain Granatum Dilution,Bjain Pharmaceuticals Pvt. Ltd.,,Granatum,,
https://www.1mg.com/otc/bjain-natrum-salicylicum-dilution-1000-ch-otc436612,Bjain Natrum Salicylicum Dilution,Bjain Pharmaceuticals Pvt. Ltd.,,Natrum Salicylicum,Take Bjain Natrum Salicylicum Dilution as directed by the physician.,
https://www.1mg.com/otc/dr-willmar-schwabe-india-abies-canadensis-dilution-200-ch-otc397269,,Dr Willmar Schwabe India Pvt Ltd,,,,
https://www.1mg.com/otc/dr-willmar-schwabe-india-anacardium-orientale-mother-tincture-q-otc390766,,Dr Willmar Schwabe India Pvt Ltd,,,,
https://www.1mg.com/otc/vissco-2d-ankle-support-stretchable-ankle-support-for-injured-ankles-arthritic-pain-xl-otc448779,Vissco 2707 Pro 2D Ankle Support,Vissco Rehabilitation Aids Pvt. Ltd.,The Pro 2D Ankle support provides compression and support to the ankle.The scientific design and perfect fit helps in injury prevention and reducing pain.,"Anti-Slip Structure:Specially designed to support the parts firmly and its innovating knitting structure helps in better shock absorption ad anti slippage during activities, Comfortable Material:It is made from a blend of natural and synthetic yarn, and elastic with larger pores enabling your skin to breathe and aerate better, Excellent Stability:It provides excellent stability and compression to the ankle which aids comfortable immobilization","It can be worn during ankle sprain, muscle strain, post ankle surgery rehab, swelling or oedema to the ankle and Achilles tendonitis.","Read the user manual carefully before use, Keep out of the reach of children"
https://www.1mg.com/otc/volini-maxx-pain-relief-spray-for-back-neck-joint-muscle-pain-bone-joint-muscle-care-otc457560,Volini Maxx Spray,Sun Pharmaceutical Industries Ltd,,"Diclofenac Diethylamine IP Equivalent to Dicoflenac Sodium, Methyl Salicylate IP, Menthol IP, Provides instant pain relief and supports bone, joint and muscle care, A unique formulation of 2% diclofenac makes it 100% stronger than other sprays, Provides effective relief from severe neck and back pain, Helps in relieving musculoskeletal and joint pain, Effective in healing pain due to strain and sprain, Useful in case of sports injuries, Has a unique 360-degree delivery mechanism that ensures standardised drug delivery, It provides instant and long-lasting pain relief from knee pain, joint pain, back pain, calf pain, and neck pain","Shake well before each use. Spray the contents from 5 cm distance on the affected areas 3-4 times in a day or, as directed by the physician.","Read the label carefully before use, Store in a cool and dry place away from direct sunlight, Keep out of reach of the children, Do not exceed the recommended dosage, For external use only, Should be applied only to intact skin surfaces and not to skin wounds and open injuries, Should not come into contact with eyes, mucous membranes and should not be ingested, Store in a cool and dry place"
https://www.1mg.com/otc/viopatch-herbal-pain-relief-patch-large-otc483977,Viopatch Herbal Pain Relief Patch,Unexo Life Sciences Pvt. Ltd.,,"Gandhpura oil, Menthol, Camphor, Eucalyptus oil, Clove oil, It is ideally suited for patients undergoing musculoskeletal pain and similar conditions, It is a 100% herbal and waterproof supplement with zero use of chemicals, The patch is applied externally and therefore does not cause any digestive issues, This patch requires no reapplication after every few hours and infuses the medicine at a controlled rate for 12 hours, It is non-messy and non-greasy, making it easy to apply under clothing",,"Read the user manual carefully before use, Keep out of the reach of children, Store in a cool, dry place away from direct sunlight"
https://www.1mg.com/otc/herbal-hills-gautyhills-gout-care-tablet-otc377269,Herbal Hills Gautyhills Gout Care Tablet,Isha Agro Developers Pvt Ltd,,,,
https://www.1mg.com/otc/sbl-arnica-montana-dilution-dilution-12-ch-otc351135,SBL Arnica Montana Dilution,SBL Pvt Ltd,,"Arnica Montana, Liquid",,
https://www.1mg.com/otc/dr-willmar-schwabe-india-natrum-salicylicum-trituration-tablet-3x-otc401490,,Dr Willmar Schwabe India Pvt Ltd,,,,
https://www.1mg.com/otc/bjain-taxus-baccatta-mother-tincture-q-otc445543,,Bjain Pharmaceuticals Pvt. Ltd.,,,,
https://www.1mg.com/otc/dr-willmar-schwabe-india-ratanhia-dilution-12-ch-otc393618,,Dr Willmar Schwabe India Pvt Ltd,,,,
https://www.1mg.com/otc/sloan-s-liniment-kills-pain-reduces-swelling-strengthens-muscles-ligaments-otc315107,Sloan's Liniment,Piramal Enterprises Ltd,,Oil,,
https://www.1mg.com/otc/jiva-pain-calm-oil-pain-reliever-for-joint-pain-back-pain-frozen-shoulder-sprain-muscle-soreness-otc329877,Jiva Pain Calm Oil,Jiva Ayurvedic Pharmacy Ltd,,,,
https://www.1mg.com/otc/sbl-aconitum-napellus-dilution-cm-ch-otc385109,SBL Aconitum Napellus Dilution,SBL Pvt Ltd,,,Dosage should be prescribed by the physician.,
https://www.1mg.com/otc/himalaya-rumalaya-pain-relief-gel-quick-relief-from-body-pain-ayurvedic-gel-otc90714,Himalaya Rumalaya Gel,Himalaya Wellness Company,,"30 gm, Gel",Apply a small quantity of the gel to the tender area and lightly massage it in or as directed by the physician.,
https://www.1mg.com/otc/dr.-johns-geri-plex-sugar-free-drop-otc390280,,Nanak Laboratories Pvt Ltd,,,,
https://www.1mg.com/otc/dr.-reckeweg-hypericum-per-dilution-30-ch-otc326727,,Dr Reckeweg & Co,,,,
https://www.1mg.com/otc/moov-cool-therapy-gel-otc964102,Moov Cool Therapy Gel,Reckitt Benckiser Healthcare Pvt. Ltd.,,"Each gram of gel contains: Pudina Satva (Mentha piperita) extract (Aerial parts of plant) 8.0% w/w, Preservative: Benzyl Alcohol IP, Colouring Agents: Brilliant Blue FCF, Tartrazine Yellow., Gel., 20g.",Apply a thin film of the gel to the affected area and massage gently. Repeat 3-4 times daily for best results.,
https://www.1mg.com/otc/dr-willmar-schwabe-india-lupulinum-dilution-30-ch-otc405118,Dr Willmar Schwabe India Lupulinum Dilution,Dr Willmar Schwabe India Pvt Ltd,,"Willmar schwabe lupulinum, Lupulinum is useful in conditions of the nervous system attended with nausea, dizziness, and headache, It is beneficial for drawing and twitching in almost every muscle, For genito-urinary irritations, and irritation of the bladder, Lupulinum is effective",Use as directed on the label or as suggested by health care professionals.,"Store in a cool and dry place away from direct sunlight, Read the label carefully, Keep out of reach of children"
https://www.1mg.com/otc/wheezal-relievo-pain-killer-oil-otc624131,Wheezal Relievo Pain Killer Oil,Wheezal Homoeo Pharma,,Belladona,Use as directed on the label or as advised by your healthcare provider.,
https://www.1mg.com/otc/doliosis-d65-bedsorin-liquid-complex-otc392592,Doliosis D65 Bedsorin Drop,Doliosis Holistic Medicine and Foods Pvt. Ltd.,,,One can take 3 to 6 drops three times a day or as directed by the physician.,
https://www.1mg.com/otc/volini-maxx-pain-relief-spray-for-back-neck-joint-muscle-pain-bone-joint-muscle-care-otc457560,Volini Maxx Spray,Sun Pharmaceutical Industries Ltd,,"Diclofenac Diethylamine IP Equivalent to Dicoflenac Sodium, Methyl Salicylate IP, Menthol IP, Provides instant pain relief and supports bone, joint and muscle care, A unique formulation of 2% diclofenac makes it 100% stronger than other sprays, Provides effective relief from severe neck and back pain, Helps in relieving musculoskeletal and joint pain, Effective in healing pain due to strain and sprain, Useful in case of sports injuries, Has a unique 360-degree delivery mechanism that ensures standardised drug delivery, It provides instant and long-lasting pain relief from knee pain, joint pain, back pain, calf pain, and neck pain","Shake well before each use. Spray the contents from 5 cm distance on the affected areas 3-4 times in a day or, as directed by the physician.","Read the label carefully before use, Store in a cool and dry place away from direct sunlight, Keep out of reach of the children, Do not exceed the recommended dosage, For external use only, Should be applied only to intact skin surfaces and not to skin wounds and open injuries, Should not come into contact with eyes, mucous membranes and should not be ingested, Store in a cool and dry place"
https://www.1mg.com/otc/jiva-ayurveda-combo-pack-of-pain-calm-oil-200ml-pain-calm-120-tablet-otc651629,Jiva Ayurveda Combo Pack of Pain Calm Oil 200ml & Pain Calm 120 Tablet,Jiva Ayurvedic Pharmacy Ltd,,,,"Read the label carefully before use, Store in a cool and dry place away from direct sunlight, Keep out of reach of the children"
https://www.1mg.com/otc/pankajakasthuri-orthoherb-ayurvedic-oil-with-amla-for-joint-pain-relief-otc356687,Pankajakasthuri Orthoherb Oil,Pankajakasthuri Herbals India (P) Ltd.,,"Vasa (Adhatoda vasica, Rt, Dct), Eranda (Ricinus communis, Rt, Dct), Bilwa (Aegle marmelos, Rt, Dct), Thwak (Cinnamomum zeylanicum, St. Bk, Dct), Maricha (Piper nigrum, Dr. Fr, Dct), Lavanga (Syzygium aromaticum, Dr. Fr, Dct), Jati (Myristica fragrans, Pp, Dct), Pata (Cyclea peltata, Rt, Dct), Nimba (Azadirachta indica, Rt, bk, Dct), Sahachara (Strobilanthes ciliatus, Rt, Dct), Nirgundi (Vitex negundo, Lf, Dct), Bala (Sida retusa, Rt, Dct), Punarnava (Boerhavia diffusa, Pl, Dct), Gunja (Abrus precatorius, Rt, Dct), Dusparsa (Tragia involucrata, Rt, Dct) 2 g each. Amalaki (Phyllanthus emblica, Dr. Fr, Pst), Manjishta (Rubia cordifolia, Rt, Pst), Guggulu (Balsamodendron mukul, Lx, Pst), Chitraka (Plumbago zeylanica, Rt, Pst) 2.5 g each. Kera thaila (Cocos nucifera, Oil) 27.50 ml, Eranda thaila (Ricinus communis, Oil) 82.50 ml, Eucalyptus Oil (Eucalyptus globulus, Oil), 100 ml, Liquid, The oil has anti-inflammatory and analgesic properties, It imparts muscle tone and lubricates the joints, It also imparts firmness to the limbs, It can help stimulate circulation, It helps the lymphatic functioning for detoxification",,"Read the label carefully before use, Store in a cool and dry place, Keep out of reach of children"
https://www.1mg.com/otc/aurthot-pouch-arm-sling-xl-otc389253,,Aurthot Surgicals (OPC) Pvt Ltd,,,,
https://www.1mg.com/otc/dr.-reckeweg-x-ray-dilution-30-ch-otc326311,Dr. Reckeweg X-Ray Dilution,Dr Reckeweg & Co,,"10 M, Liquid, Helps reduces the sticking pain in parts of the face, and head and muscular pain in the neck, Effective for dry throat, mouth and tongue when it becomes difficult to swallow, Affective in managing eczema which is dry and itches, Helps in reducing dry wrinkles, warts, cracks on feet and breaking of nails",Use as directed by a healthcare professional,"Read the label carefully before use, Store in a cool and dry place, Protect from direct sunlight, Avoid any strong smells in the mouth, such as coffee, onion, hing, mint, camphor, garlic, etc., while taking the medicine, Keep at least half an hour gap between food/drink / any other medicines and allopathic medicines"
https://www.1mg.com/otc/miduty-nerve-pain-relief-capsule-alpha-lipoic-acid-b-vitamins-neuropathy-support-otc918605,Miduty Nerve Pain Relief Capsule,Midvision Pvt Ltd,,,Use as directed on the label or as advised by your healthcare provider,
https://www.1mg.com/otc/tynor-d-25-anklet-comfeel-pair-xl-otc335754,Tynor D-25 Anklet Comfeel (Pair),Tynor Orthotics Pvt. Ltd.,"Is knitted on 3-dimensional computer controlled circular looms, it conforms to the complex anatomy of the ankle with exactness.",,Use as per requirement or as directed by the physician.,
https://www.1mg.com/otc/haslab-drox-11-fluron-drop-otc339513,,HASLAB,,,,
https://www.1mg.com/otc/pravek-maha-balvardhak-oil-otc601978,Pravek Maha Balvardhak Oil,Pravek Kalp Private Limited,,,Massage adequate quantity of oil gently on the affected areas till it is absorbed. Use 2-3 times in a day for better results or as directed by the physician.,
https://www.1mg.com/otc/aurthot-pouch-arm-sling-medium-otc389251,,Aurthot Surgicals (OPC) Pvt Ltd,,,,
https://www.1mg.com/otc/bio-india-complex-2-antitussive-drop-otc403364,,Bio-India Pharma Pvt Ltd,,,,
https://www.1mg.com/otc/jiva-pain-calm-oil-pain-reliever-for-joint-pain-back-pain-frozen-shoulder-sprain-muscle-soreness-with-knee-cap-free-otc651981,Jiva Pain Calm Oil,Jiva Ayurvedic Pharmacy Ltd,,,,
https://www.1mg.com/otc/healthbest-jointbest-tablet-otc652748,HealthBest Jointbest Tablet,Healthbest Private Limited,,"Glucosamine Sulphate Potassium Chloride, Methylsulfonylmethane, Chondroitin Sulphate, Zinc, Vitamin B12, Folic Acid, Copper, Vitamin D3, Vitamin C, Glucosamine helps stimulate the manufacture of proteoglycans in healthy joints, Chondroitin is a component of healthy joints that attracts water to the tissue, which helps the joint stay elastic and function as a shock absorber for joints, MSM (methylsulfonylmethane) is a natural sulfur to help form antioxidants and serve as a key structural nutrient in healthy joints, May help to give shape, strength and support to other tissues within the body, This combination of ingredients has been proven to support joint structure, function and comfort",Take one tablet a day or as directed by the physician.,"Read the label carefully before use, Keep out of reach of the children, Store in a cool dry place"
https://www.1mg.com/otc/bjain-bellis-perennis-dilution-1000-ch-otc435114,Bjain Bellis Perennis Dilution,Bjain Pharmaceuticals Pvt. Ltd.,,,,
https://www.1mg.com/otc/volini-maxx-pain-relief-spray-for-back-neck-joint-muscle-pain-bone-joint-muscle-care-otc457561,Volini Maxx Spray,Sun Pharmaceutical Industries Ltd,,"Diclofenac Diethylamine IP Equivalent to Dicoflenac Sodium, Methyl Salicylate IP, Menthol IP, Provides instant pain relief and supports bone, joint and muscle care, A unique formulation of 2% diclofenac makes it 100% stronger than other sprays, Provides effective relief from severe neck and back pain, Helps in relieving musculoskeletal and joint pain, Effective in healing pain due to strain and sprain, Useful in case of sports injuries, Has a unique 360-degree delivery mechanism that ensures standardised drug delivery, It provides instant and long-lasting pain relief from knee pain, joint pain, back pain, calf pain, and neck pain","Shake well before each use. Spray the contents from 5 cm distance on the affected areas 3-4 times in a day or, as directed by the physician.","Read the label carefully before use, Store in a cool and dry place away from direct sunlight, Keep out of reach of the children, Do not exceed the recommended dosage, For external use only, Should be applied only to intact skin surfaces and not to skin wounds and open injuries, Should not come into contact with eyes, mucous membranes and should not be ingested, Store in a cool and dry place"
https://www.1mg.com/otc/tata-1mg-knee-support-knee-cap-for-men-women-sports-pain-relief-comfort-xl-black-otc811802,Tata 1mg Knee Support Lite,Tata 1mg Healthcare Solutions Private Limited,,,,
https://www.1mg.com/otc/bjain-echinacea-angustifolia-mother-tincture-q-otc445639,Bjain Echinacea Angustifolia Mother Tincture,Bjain Pharmaceuticals Pvt. Ltd.,,Echinacea Angustifolia,Take Bjain Echinacea Angustifolia Mother Tincture as 10 drops in 1/4th cup of water three times a day or as directed by physician.,
https://www.1mg.com/otc/jiva-pain-calm-oil-pain-reliever-for-joint-pain-back-pain-frozen-shoulder-sprain-muscle-soreness-otc651626,Jiva Pain Calm Oil,Jiva Ayurvedic Pharmacy Ltd,,,,
https://www.1mg.com/otc/tynor-i-44-hot-cold-pack-universal-otc344149,Tynor I-44 Hot & Cold Pack Universal,Tynor Orthotics Pvt. Ltd.,"It may help reduce swelling, muscle spasms, headaches and pain from minor injuries.",,,
https://www.1mg.com/otc/moov-pain-relief-ointment-for-back-pain-joint-pain-knee-pain-muscle-pain-otc377375,"Moov Pain Relief Ointment for Back Pain, Joint Pain, Knee Pain, Muscle Pain",Reckitt Benckiser Healthcare Pvt. Ltd.,,"Ointment, 30g",,
https://www.1mg.com/otc/sbl-bovista-dilution-200-ch-otc346045,SBL Bovista Dilution,SBL Pvt Ltd,,"Improves the grip on the hands, when everything seems to fall from the hands, Reduces the pain in the head that increases early in the morning and person feels like the head is growing, Scalp itches, which is painful that gives you the feeling to scratch until its sore, It helps with kids suffering from stammering, Excellent remedy for pimples that arise due to the use of excessive cosmetics, Reduces loose motions before and after periods when they come early with heavy flow, Good remedy for colicky pains which are better by eating, pain becomes severe that makes him bend forward",As prescribed by physician. Can be taken along with allopathic medicines.,"Read the label carefully before use, Avoid eating tobacco or drinking alcohol during the course, Keep out of the reach of children, Use under medical supervision, Avoid any strong smell in the mouth such as coffee, onion, hing, mint, camphor, garlic etc while taking the medicine, Keep at least half an hour gap between food/drink/ any other medicines and allopathic medicine"
https://www.1mg.com/otc/bjain-galium-aparine-dilution-30c-otc438753,Bjain Galium Aparine Dilution,Bjain Pharmaceuticals Pvt. Ltd.,,,Take 3-5 drops of the dilution in 1 teaspoon of water twice a day or as directed by the physician.,
https://www.1mg.com/otc/volini-pain-relief-gel-for-sprain-muscle-joint-neck-low-back-pain-bone-joint-muscle-care-otc138818,Volini Pain Relief Gel,Sun Pharmaceutical Industries Ltd,,"Diclofenac Diethylamine Equivalent to Diclofenac Sodium 1% w/w, Methyl Salicylate IP, Menthol IP, Virgin Linseed Oil BP, Preservative, Benzyl Alcohol IP, Gel Base, The spray can offer relief when in pain and supports bone, muscle and joint care., It is effective for pain in the joints, knees, back, shoulders, and neck, It can work great on sports injuries such as muscle pulls, sprains, and strain, It provides instant and long-lasting pain relief from knee pain, joint pain, back pain, calf pain, and neck pain","The Volini pain relief bottle should be shaken well before spraying, Hold the spray bottle at a 5cm distance from the affected area and spray, You can use the spray about three to four times daily or as recommened by your physician","Read the label carefully before use, Store in a cool and dry place, away from sunlight, Keep out of reach of children, The Volini pain relief spray is meant for external application only, Use Volini per the doctor’s guidance, and be careful not to use more than the given dosage, Do not use the spray on open wounds or surfaces of the skin that are ruptured, The spray should not be ingested or come in contact with the eyes and mucous membranes, Avoid using the spray near a naked flame, Do not burn or make a hole in the bottle even after the spray is over"
https://www.1mg.com/otc/sbl-aconitum-napellus-dilution-6-ch-otc349029,SBL Aconitum Napellus Dilution,SBL Pvt Ltd,,,Dosage should be prescribed by the physician.,
https://www.1mg.com/otc/dr-willmar-schwabe-india-bio-combination-12-bc-12-tablet-otc338272,,Dr Willmar Schwabe India Pvt Ltd,,,,
https://www.1mg.com/otc/sbl-conium-maculatum-dilution-12-ch-otc352119,SBL Conium Maculatum Dilution,SBL Pvt Ltd,,,"Dosage should be directed by the physician.Maintain 30 minutes gap between drink, food or any other medication.Avoid strong smell in the mouth before taking a dose.",
https://www.1mg.com/otc/leewell-variclose-varicose-veins-cream-for-external-haemorrhoids-piles-varicocele-aloevera-butchers-broom-horse-chestnut-extract-otc862132,Variclose Vein Care Topical Phyto Cream,Leewell Pharmaceuticals Pvt Ltd,,"Composition: Each 10 Grams Contains:, Liquid Extracts of Diosmin (Citrus Extract) 200 mg, Chlorella Vulgaris 20 mg, Butchers Broom Extract 100 mg, Horse Chestnut Extract 100 mg, Vitis Vinifera Leaves 30 mg, Aloe Vera Gel 100 mg, Curcumin 30 mg, Menthol 50 mg, Garlic Oil 30 mg, Cypress Oil 30 mg, Gotu Kola 50 mg, Echinacea 50 mg, Cod Oil Base 50 mg, Cream Base q.s., Supports healthy circulation:Helps improve blood flow in the veins, contributing to overall vein health., May help support normal vein function:Assists in maintaining proper vein structure and function for overall comfort., Helps maintain vein pressure:Works to balance pressure within the veins, supporting vascular well-being., Supports vein repair:Helps in maintaining vein integrity while helping to reduce swelling and discomfort., Soothes heavy legs and ankles:Useful for swollen legs, ankles, and feet, which may help in cases of spider veins., 50 gm",,"Store in a cool, dry, and dark place, below 30°C, Keep out of reach of children, Do not exceed the recommended usage, Consult a physician before use, especially if any underlying condition exists, For external use only"
https://www.1mg.com/otc/kairali-kairkare-plus-ayurvedic-oil-otc327614,Kairali Kairkare Plus Ayurvedic Oil,Kairali Ayurvedic Products Pvt. Ltd.,,"Dry Ginger, Garlic, Tamarind, Kairkare Plus is specifically formulated to provide relief from pain and body aches, The oil promotes enhanced blood circulation in the body, It eases pain and inflammation, It alleviates numbness of the joints, The oil is also beneficial for muscular spasms","Gently massage with Kairkare Plus Kairali's Body Massage Oil over the body where pain persists twice daily or as required, Or as advised by your healthcare practitioner","Read the label carefully before use, Store in a cool and dry place, away from sunlight, Keep out of reach of children"
https://www.1mg.com/otc/vissco-3d-ankle-support-stretchable-ankle-support-for-injured-ankles-arthritic-pain-swelling-xxl-otc448812,Vissco 2709 Pro 3D Ankle Support,Vissco Rehabilitation Aids Pvt. Ltd.,Primarily used to gain relief from inflammatory conditions of the ankle joints which cause great pain and swelling.,"It relieves arthritic pains and keeps joints and muscle flexible, Its rubber ring helps guide the patella position, Provides better support to the knees for side to side movement and even during normal walking, Proper use of this product protects the knees and joints from any injury causing incident",Read the instruction manual for detailed use or as directed by the physician.,"Read the instruction manual carefully before use, Keep out of the reach of children, Do not wash or bleach"
https://www.1mg.com/otc/bhumija-lifesciences-sea-buckthorne-juice-otc378125,,Bhumija Lifesciences,,,,
https://www.1mg.com/otc/sbl-thymol-dilution-30-ch-otc348825,,SBL Pvt Ltd,,,,
https://www.1mg.com/otc/trois-gel-otc640337,Trois Gel,Venus Remedies Ltd,,"Gaultheria procumbens oil, Eucalyptus globulus oil, Menthol, Vitex negundo ext., Apium graveolens ext., It helps relieve muscle pain, neck pain, ankle pain and knee or shoulder stiffness, It helps manage pain due to sprains and strains, It improves the mobility of the joints, It can be used for various problems such as osteoarthritis, rheumatoid arthritis, gout, fibromyalgia",Apply the gel to the affected area and massage till absorbed.,"In case of an allergic response, discontinue the use of the product, Read the label carefully before use, Keep in a cool dry place away from direct sunlight, Use under medical supervision"
https://www.1mg.com/otc/tynor-i10-ortho-stockinette-10-meter-75mm-otc345870,Tynor I-10 Ortho Stockinette 10 Meter (75MM),Tynor Orthotics Pvt. Ltd.,It is used to provide relief in orthopedic injuries or diseases.,"Offers quick healing, Comfortable and reduces pain, Designed from stretchable and breathable fabric, It provides ease to the patients of orthopedic injuries or diseases, It is hypoallergenic, The cotton fabric is easy to wash and can be conveniently reused for as long as required, It is knit and woven such that the fabric is four way stretchable",Use as per requirement or as directed by the physician.,"Read the label carefully before use, Store in a cool dry place away from direct sunlight, Keep out of reach of the children, Avoid physical damage"
https://www.1mg.com/otc/dr-willmar-schwabe-india-terminalia-arjuna-dilution-200-ch-otc406348,,Dr Willmar Schwabe India Pvt Ltd,,,,
https://www.1mg.com/otc/bjain-magnesium-phosphoricum-dilution-1000-ch-otc438501,Bjain Cucurbita Pepo Dilution,Bjain Pharmaceuticals Pvt. Ltd.,,,Take 3-5 drops of the dilution in 1 teaspoon of water twice a day or as directed by the physician.,
https://www.1mg.com/otc/keshavsrushti-vanaushadhi-uttan-liquid-balm-otc961064,Keshavsrushti Vanaushadhi Uttan Liquid Balm,Uttan Vanoushadhi Sanshowushan Sanstha,,"Pudina, Lavang, Pataliputra, It helps improve blood circulation and relieves muscle aches and pain, Provides relief from stress, Eases sore muscles and joint pains, Contains antispasmodic properties, Acts as a painkiller","Sufficient quantity to be rubbed on affected painful parts twice or thrice a day, Not recommended for those with known sensitivity to any of the ingredients","Read the label carefully before use, Store in a cool and dry place, away from sunlight, Keep out of reach of children"
https://www.1mg.com/otc/dr-willmar-schwabe-india-pancreatinum-dilution-1000-ch-otc394430,,Dr Willmar Schwabe India Pvt Ltd,,,,
https://www.1mg.com/otc/comprezon-classic-varicose-vein-stockings-above-knee-1-pair-medium-beige-otc390153,Comprezon Classic Varicose Vein Stockings Above Knee (1 Pair),Dynamic Techno Medicals Pvt. Ltd.,These stockings are used to relieve from the symptoms and progression of varicose veins.,"Helps prevent pooling of blood in legs which causes varicose veins, Designed to apply high compression to the ankle, knee and thigh promoting blood to flow back up to the leg, It is manufactured using German machinery and imported raw materials aiding in accurate pressure required for each indication of varicose vein, The ankle circumference in cms for size small is 19-23, medium is 23-26, large is 26-29, X-Large is 29-31 and XXLarge is 31-34",Read the user manual for usage instructions.,"Read the user manual carefully before use, Keep out of the reach of children, Store in a cool dry place away from direct sunlight"
https://www.1mg.com/otc/sloan-s-liniment-kills-pain-reduces-swelling-strengthens-muscles-ligaments-otc315107,Sloan's Liniment,Piramal Enterprises Ltd,,Oil,,
https://www.1mg.com/otc/jiva-pain-calm-oil-pain-reliever-for-joint-pain-back-pain-frozen-shoulder-sprain-muscle-soreness-otc329877,Jiva Pain Calm Oil,Jiva Ayurvedic Pharmacy Ltd,,,,
https://www.1mg.com/otc/flamingo-knee-cap-large-otc348797,Flamingo Knee Cap,Ascent Meditech Limited,,"1 unit, Men/Women",Use as directed on the product leaflet.,
https://www.1mg.com/otc/himalaya-rumalaya-pain-relief-gel-quick-relief-from-body-pain-ayurvedic-gel-otc90714,Himalaya Rumalaya Gel,Himalaya Wellness Company,,"30 gm, Gel",Apply a small quantity of the gel to the tender area and lightly massage it in or as directed by the physician.,
https://www.1mg.com/otc/dr.-reckeweg-sabadilla-dilution-30-ch-otc326462,,Dr Reckeweg & Co,,,,
https://www.1mg.com/otc/dr-willmar-schwabe-india-salolum-dilution-6-ch-otc393197,Dr Willmar Schwabe India Salolum Dilution,Dr Willmar Schwabe India Pvt Ltd,,,Dosage should be directed by the physician,
https://www.1mg.com/otc/moov-cool-therapy-gel-otc964102,Moov Cool Therapy Gel,Reckitt Benckiser Healthcare Pvt. Ltd.,,"Each gram of gel contains: Pudina Satva (Mentha piperita) extract (Aerial parts of plant) 8.0% w/w, Preservative: Benzyl Alcohol IP, Colouring Agents: Brilliant Blue FCF, Tartrazine Yellow., Gel., 20g.",Apply a thin film of the gel to the affected area and massage gently. Repeat 3-4 times daily for best results.,
https://www.1mg.com/otc/dr-willmar-schwabe-india-rhus-toxicodendron-mother-tincture-q-otc391592,,Dr Willmar Schwabe India Pvt Ltd,,,,
https://www.1mg.com/otc/bjain-galium-aparine-dilution-30-ch-otc438739,Bjain Galium Aparine Dilution,Bjain Pharmaceuticals Pvt. Ltd.,,,Take 3-5 drops of the dilution in 1 teaspoon of water twice a day or as directed by the physician.,
https://www.1mg.com/otc/volini-maxx-pain-relief-spray-for-back-neck-joint-muscle-pain-bone-joint-muscle-care-otc457560,Volini Maxx Spray,Sun Pharmaceutical Industries Ltd,,"Diclofenac Diethylamine IP Equivalent to Dicoflenac Sodium, Methyl Salicylate IP, Menthol IP, Provides instant pain relief and supports bone, joint and muscle care, A unique formulation of 2% diclofenac makes it 100% stronger than other sprays, Provides effective relief from severe neck and back pain, Helps in relieving musculoskeletal and joint pain, Effective in healing pain due to strain and sprain, Useful in case of sports injuries, Has a unique 360-degree delivery mechanism that ensures standardised drug delivery, It provides instant and long-lasting pain relief from knee pain, joint pain, back pain, calf pain, and neck pain","Shake well before each use. Spray the contents from 5 cm distance on the affected areas 3-4 times in a day or, as directed by the physician.","Read the label carefully before use, Store in a cool and dry place away from direct sunlight, Keep out of reach of the children, Do not exceed the recommended dosage, For external use only, Should be applied only to intact skin surfaces and not to skin wounds and open injuries, Should not come into contact with eyes, mucous membranes and should not be ingested, Store in a cool and dry place"
https://www.1mg.com/otc/healing-pharma-healing-belladona-plaster-otc904185,Healing Pharma Healing Belladona Plaster,Healing Pharma India Pvt Ltd,,Belladonna Plaster,,
https://www.1mg.com/otc/pankajakasthuri-orthoherb-ayurvedic-oil-with-amla-for-joint-pain-relief-otc356687,Pankajakasthuri Orthoherb Oil,Pankajakasthuri Herbals India (P) Ltd.,,"Vasa (Adhatoda vasica, Rt, Dct), Eranda (Ricinus communis, Rt, Dct), Bilwa (Aegle marmelos, Rt, Dct), Thwak (Cinnamomum zeylanicum, St. Bk, Dct), Maricha (Piper nigrum, Dr. Fr, Dct), Lavanga (Syzygium aromaticum, Dr. Fr, Dct), Jati (Myristica fragrans, Pp, Dct), Pata (Cyclea peltata, Rt, Dct), Nimba (Azadirachta indica, Rt, bk, Dct), Sahachara (Strobilanthes ciliatus, Rt, Dct), Nirgundi (Vitex negundo, Lf, Dct), Bala (Sida retusa, Rt, Dct), Punarnava (Boerhavia diffusa, Pl, Dct), Gunja (Abrus precatorius, Rt, Dct), Dusparsa (Tragia involucrata, Rt, Dct) 2 g each. Amalaki (Phyllanthus emblica, Dr. Fr, Pst), Manjishta (Rubia cordifolia, Rt, Pst), Guggulu (Balsamodendron mukul, Lx, Pst), Chitraka (Plumbago zeylanica, Rt, Pst) 2.5 g each. Kera thaila (Cocos nucifera, Oil) 27.50 ml, Eranda thaila (Ricinus communis, Oil) 82.50 ml, Eucalyptus Oil (Eucalyptus globulus, Oil), 100 ml, Liquid, The oil has anti-inflammatory and analgesic properties, It imparts muscle tone and lubricates the joints, It also imparts firmness to the limbs, It can help stimulate circulation, It helps the lymphatic functioning for detoxification",,"Read the label carefully before use, Store in a cool and dry place, Keep out of reach of children"
https://www.1mg.com/otc/xymoheal-spray-for-pain-swelling-sprains-strains-backache-muscle-stiffness-joint-pain-otc300608,,Corona Remedies Pvt Ltd,,,,
https://www.1mg.com/otc/allen-relax-pain-killer-oil-otc330411,Allex Relax Painkiller Oil,Allen Homoeo & Herbal Products Ltd,,"Arnica Montana oil, Rhus toxicodendron oil, Ruta grayeolens oil, Gaultheria procumbens oil, Guaiacum oil, It is useful to reduce headache and backache, It helps to remove the stiffness and soreness of the muscles, It is beneficial for neuralgic and rheumatic pain, It can be used on sprained muscles or joints to provide relief, It reduces the swelling, bruises, inflammation and the redness around the affected muscle(s) or joint(s)","Shake well before use, Take an ample amount of oil, Apply gently on the affected area, Repeat this twice a day or as prescribed by the physician","Store in a cool and dry place, Keep out of reach of childen, It should not be swallowed, For external use only, Refer to the label for more information"
https://www.1mg.com/otc/miduty-nerve-pain-relief-capsule-alpha-lipoic-acid-b-vitamins-neuropathy-support-otc918605,Miduty Nerve Pain Relief Capsule,Midvision Pvt Ltd,,,Use as directed on the label or as advised by your healthcare provider,
https://www.1mg.com/otc/lp-757ca-extreme-ankle-support-single-otc331299,LP #757CA Extreme Ankle Support,LP Support,"It can be used in high impact, sporting activities or by individuals where repetitive ankle injuries are common.",,Measure circumference just above the ankle bone and wear accordingly.,"Read the label carefully before use, Keep out of reach of the children, Store in a cool dry place"
https://www.1mg.com/otc/viaggi-inflatable-neck-pillow-with-cover-otc510156,Viaggi Inflatable Neck Pillow with Cover,Siddhivinayak Enterprises,"It is a supporting pillow, used to provide comfort to the neck area and helps to reduce the pain.",,Use as directed by the manual.,"Read the label carefully before use, Store in a cool dry place away from direct sunlight, Keep out of reach of the children, Avoid physical damage"
https://www.1mg.com/otc/pravek-maha-balvardhak-oil-otc601978,Pravek Maha Balvardhak Oil,Pravek Kalp Private Limited,,,Massage adequate quantity of oil gently on the affected areas till it is absorbed. Use 2-3 times in a day for better results or as directed by the physician.,
https://www.1mg.com/otc/bjain-quercus-glandium-spiritus-dilution-6x-otc434697,,Bjain Pharmaceuticals Pvt. Ltd.,,,,
https://www.1mg.com/otc/dr-willmar-schwabe-india-galium-aparine-mother-tincture-q-otc390990,,Dr Willmar Schwabe India Pvt Ltd,,,,
https://www.1mg.com/otc/jiva-pain-calm-oil-pain-reliever-for-joint-pain-back-pain-frozen-shoulder-sprain-muscle-soreness-with-knee-cap-free-otc651981,Jiva Pain Calm Oil,Jiva Ayurvedic Pharmacy Ltd,,,,
https://www.1mg.com/otc/dr-willmar-schwabe-india-granatum-dilution-30-ch-otc403540,,Dr Willmar Schwabe India Pvt Ltd,,,,
https://www.1mg.com/otc/sbl-vipera-torva-dilution-12-ch-otc358948,,SBL Pvt Ltd,,,,
https://www.1mg.com/otc/volini-maxx-pain-relief-spray-for-back-neck-joint-muscle-pain-bone-joint-muscle-care-otc457561,Volini Maxx Spray,Sun Pharmaceutical Industries Ltd,,"Diclofenac Diethylamine IP Equivalent to Dicoflenac Sodium, Methyl Salicylate IP, Menthol IP, Provides instant pain relief and supports bone, joint and muscle care, A unique formulation of 2% diclofenac makes it 100% stronger than other sprays, Provides effective relief from severe neck and back pain, Helps in relieving musculoskeletal and joint pain, Effective in healing pain due to strain and sprain, Useful in case of sports injuries, Has a unique 360-degree delivery mechanism that ensures standardised drug delivery, It provides instant and long-lasting pain relief from knee pain, joint pain, back pain, calf pain, and neck pain","Shake well before each use. Spray the contents from 5 cm distance on the affected areas 3-4 times in a day or, as directed by the physician.","Read the label carefully before use, Store in a cool and dry place away from direct sunlight, Keep out of reach of the children, Do not exceed the recommended dosage, For external use only, Should be applied only to intact skin surfaces and not to skin wounds and open injuries, Should not come into contact with eyes, mucous membranes and should not be ingested, Store in a cool and dry place"
https://www.1mg.com/otc/dr-willmar-schwabe-india-bacopa-monnieri-dilution-30-ch-otc397853,,Dr Willmar Schwabe India Pvt Ltd,,,,
https://www.1mg.com/otc/healthtrek-pvc-hot-and-cold-pack-for-multipurpose-use-blue-otc946092,Healthtrek PVC Hot and Cold Pack for Multipurpose Use,Healthtrek Healthcare,It is used to provide relief from pain,"Flexible versatility:Conforms seamlessly to body contours for optimal pain relief, Safe and non-toxic:Quality PVC material helps ensure worry-free and healthy use, Quick temperature transitions:Efficiently adapts for fast, effective relief during therapy, Easy to clean:Simple maintenance for hygienic, repeated use over time, Durable pvc material:Resilient material helps ensure long-lasting and reliable use, Versatile hot/cold therapy:Adapts to temperature changes, offering flexibility for different applications, Reusable and cost-efficient:Can be used repeatedly, providing a cost-effective pain relief solution, Conforms to body shape:Molds to the body for targeted and effective therapy","Heat or chill per preference, Use for targeted hot or cold therapy","Read the label carefully before use, Keep out of reach of children"
https://www.1mg.com/otc/jiva-pain-calm-oil-pain-reliever-for-joint-pain-back-pain-frozen-shoulder-sprain-muscle-soreness-otc651626,Jiva Pain Calm Oil,Jiva Ayurvedic Pharmacy Ltd,,,,
https://www.1mg.com/otc/dr-willmar-schwabe-india-streptococcinum-dilution-200-ch-otc406040,,Dr Willmar Schwabe India Pvt Ltd,,,,
https://www.1mg.com/otc/renewa-aerosoft-cervical-pillow-with-bamboo-duvet-cover-otc491662,,Dr. Sayani's Health Care Pvt. Ltd.,,,,
https://www.1mg.com/otc/moov-pain-relief-ointment-for-back-pain-joint-pain-knee-pain-muscle-pain-otc377375,"Moov Pain Relief Ointment for Back Pain, Joint Pain, Knee Pain, Muscle Pain",Reckitt Benckiser Healthcare Pvt. Ltd.,,"Ointment, 30g",,
https://www.1mg.com/otc/bjain-kali-carbonicum-dilution-12-ch-otc440625,Bjain Kali Carbonicum Dilution,Bjain Pharmaceuticals Pvt. Ltd.,,,,
https://www.1mg.com/otc/accusure-hot-cold-pack-otc450971,AccuSure Hot & Cold Pack,Microgene Diagnostic Systems (P) Ltd,"It is a heatable and refrigerable gel pack that provides instant relief from body aches, muscle sprains and pains.","Item dimensions: ‎ 24 x 16 x 4 centimetres, Easy to use and carry, It is bacteria free and odour free","Hot pack:, Heat on the microwave for one minute, If it is not warm enough, heat again for 15 seconds, To reuse, reheat for 30 seconds, Cold pack:, Put the pack inside a plastic sealable pouch and put in the freezer for 1 to 2 hours","Read the label carefully before use, Do not overheat the bag, Handle the product with care"
https://www.1mg.com/otc/volini-pain-relief-gel-for-sprain-muscle-joint-neck-low-back-pain-bone-joint-muscle-care-otc138818,Volini Pain Relief Gel,Sun Pharmaceutical Industries Ltd,,"Diclofenac Diethylamine Equivalent to Diclofenac Sodium 1% w/w, Methyl Salicylate IP, Menthol IP, Virgin Linseed Oil BP, Preservative, Benzyl Alcohol IP, Gel Base, The spray can offer relief when in pain and supports bone, muscle and joint care., It is effective for pain in the joints, knees, back, shoulders, and neck, It can work great on sports injuries such as muscle pulls, sprains, and strain, It provides instant and long-lasting pain relief from knee pain, joint pain, back pain, calf pain, and neck pain","The Volini pain relief bottle should be shaken well before spraying, Hold the spray bottle at a 5cm distance from the affected area and spray, You can use the spray about three to four times daily or as recommened by your physician","Read the label carefully before use, Store in a cool and dry place, away from sunlight, Keep out of reach of children, The Volini pain relief spray is meant for external application only, Use Volini per the doctor’s guidance, and be careful not to use more than the given dosage, Do not use the spray on open wounds or surfaces of the skin that are ruptured, The spray should not be ingested or come in contact with the eyes and mucous membranes, Avoid using the spray near a naked flame, Do not burn or make a hole in the bottle even after the spray is over"
https://www.1mg.com/otc/newnik-ic900-ice-bag-maroon-otc427990,Newnik IC900 Ice Bag,Newnik Lifecare Pvt. Ltd,"It gives immediate relief for back pain, joint pain, shoulder pain, and ankle pain.","Soft fabric provides comfort and coverage of injured area, Has a large cap for ice cubes and long-lasting coolness, It reaches all contours of the body, Relieves pain and swelling, Comfortable, soft, and durable water-repellent outer cover, High-quality engineering plastic neck fitting, Cold therapy for back pain, sports injuries, sprains and strains, post-surgical recovery, inflammatory arthritis, tendonitis, migraine headaches as well as heat exhaustion, Colours:Blue and Maroon","Open the lid in a counter-clockwise direction, Fill the bag with ice till ⅔ of the level. Do not use hot water, as it may destroy the bag, Tighten the lid in a clockwise direction, It can be used for 15 to 20 minutes, Place the ice bag on the affected areas, After use, hang the bag downwards for drying. Do not dry in direct sunlight","Read the label carefully before use, Keep the bag away from direct contact with sunlight, Do not use hot water, as it may destroy the bag, Keep out of reach of children"
https://www.1mg.com/otc/lp-944-ankle-support-single-small-otc331333,LP #944 Ankle Support Single,LP Support,Primarily used to gain relief from inflammatory conditions of the ankle joints which cause great pain and swelling.,"It can be used in high impact, sporting activities or by individuals where repetitive ankle injuries are common, It also helps to control swelling, oedema or sprains and rollovers of the ankle, Ensures easy application and removal",Use as per requirement or as directed by the physician.,"Read the label carefully before use, Keep out of the reach of children, Store in a cool dry place away from direct sunlight"
https://www.1mg.com/otc/3m-plaster-of-paris-cast-b.p.-15cm-x-2.7m-otc393430,,3M India Limited,,,,
https://www.1mg.com/otc/dr.-reckeweg-pyrogenium-dilution-cm-ch-otc374985,,Dr Reckeweg & Co,,,,
https://www.1mg.com/otc/lp-667-knee-sleeve-elastic-single-medium-otc331290,LP 667 Knee Sleeve Elastic Single,LP Support,It is designed to conform naturally to the contours of the knee and shin area.,"It conforms naturally to the contours of the knee and shin area, It has elastic that helps it fit better, Designed by Orthopedics with high performance technology and therapeutic warmth that helps in joint pain, The design aids to provide a high compression support to the joints",Use as per requirement or as directed by the physician.,"Read the label carefully before use, Keep out of the reach of children, Store in a cool dry place away from direct sunlight"
https://www.1mg.com/otc/aurthot-pouch-arm-sling-large-otc389252,,Aurthot Surgicals (OPC) Pvt Ltd,,,,
https://www.1mg.com/otc/dr-willmar-schwabe-india-aloe-socotrina-mother-tincture-q-otc390662,,Dr Willmar Schwabe India Pvt Ltd,,,,
https://www.1mg.com/otc/renewa-4-way-stretching-knee-cap-elastic-knee-support-otc491896,Renewa Elastic Knee Support,Dr. Sayani's Health Care Pvt. Ltd.,"It facilitates support, protection, and stability to the injured knee.",,Use as per requirement or as directed by the physician.,"Read the label carefully before use, Store in a cool dry place away from direct sunlight, Keep out of reach of the children, Avoid physical damage"
https://www.1mg.com/otc/sensur-spray-otc740509,,Integrace Pvt Ltd,,,,
https://www.1mg.com/otc/aurthot-frog-splint-finger-splint-otc389343,,Aurthot Surgicals (OPC) Pvt Ltd,,,,
https://www.1mg.com/otc/flamingo-varicose-vein-stockings-xxl-otc348778,Flamingo Varicose Vein Stockings,Ascent Meditech Limited,,"1 pair of stockings, Females",Use as per requirement,
https://www.1mg.com/otc/zixa-strong-fast-acting-pain-relief-roll-on-dual-action-heals-back-pain-muscle-pain-knee-pain-joint-pain-headache-50ml-each-otc888322,"ZIXA Strong Fast Acting Pain Relief Roll On, Dual action, Heals Back Pain, Muscle Pain, Knee Pain, Joint Pain & Headache",Jenburkt Pharmaceuticals Ltd,,"Gandhapura patra tail, pudina satva, nilgiri tail, camphor, thymol",Spray on the affected area.,
https://www.1mg.com/otc/lp-650-ankle-sleeve-single-medium-blue-otc331154,LP #650 Ankle Sleeve,LP Support,It is used to reduce joint pain and muscle swelling.,,Measure the circumference of the ankle and wear accordingly.,"Read the label carefully before use, Keep out of reach of the children, Store in a cool dry place"
https://www.1mg.com/otc/comprezon-classic-varicose-vein-stockings-class-1-below-knee-large-beige-otc390137,Comprezon Classic Varicose Vein Stockings Class 1 Below Knee,Dynamic Techno Medicals Pvt. Ltd.,It is primarily used to assist patients suffering from varicose veins and prevents pooling of blood.,,Use as per requirement or as directed by the physician.,
https://www.1mg.com/otc/sloan-s-liniment-kills-pain-reduces-swelling-strengthens-muscles-ligaments-otc315107,Sloan's Liniment,Piramal Enterprises Ltd,,Oil,,
https://www.1mg.com/otc/jiva-pain-calm-oil-pain-reliever-for-joint-pain-back-pain-frozen-shoulder-sprain-muscle-soreness-otc329877,Jiva Pain Calm Oil,Jiva Ayurvedic Pharmacy Ltd,,,,
https://www.1mg.com/otc/sbl-saccharum-lactis-dilution-200-ch-otc358043,,SBL Pvt Ltd,,,,
https://www.1mg.com/otc/himalaya-rumalaya-pain-relief-gel-quick-relief-from-body-pain-ayurvedic-gel-otc90714,Himalaya Rumalaya Gel,Himalaya Wellness Company,,"30 gm, Gel",Apply a small quantity of the gel to the tender area and lightly massage it in or as directed by the physician.,
https://www.1mg.com/otc/sbl-arnica-montana-0-26-lm-otc360850,,SBL Pvt Ltd,,,,
https://www.1mg.com/otc/dr.-reckeweg-pyrogenium-dilution-200-ch-otc331717,,Dr Reckeweg & Co,,,,
https://www.1mg.com/otc/moov-cool-therapy-gel-otc964102,Moov Cool Therapy Gel,Reckitt Benckiser Healthcare Pvt. Ltd.,,"Each gram of gel contains: Pudina Satva (Mentha piperita) extract (Aerial parts of plant) 8.0% w/w, Preservative: Benzyl Alcohol IP, Colouring Agents: Brilliant Blue FCF, Tartrazine Yellow., Gel., 20g.",Apply a thin film of the gel to the affected area and massage gently. Repeat 3-4 times daily for best results.,
https://www.1mg.com/otc/aurthot-clavicle-brace-small-otc389254,,Aurthot Surgicals (OPC) Pvt Ltd,,,,
https://www.1mg.com/otc/bjain-scutellaria-dilution-200-ch-otc433602,,Bjain Pharmaceuticals Pvt. Ltd.,,,,
https://www.1mg.com/otc/dr.-reckeweg-hypericum-per-dilution-200-ch-otc335080,,Dr Reckeweg & Co,,,,
https://www.1mg.com/otc/sbl-dolichos-dilution-1000-ch-otc348949,,SBL Pvt Ltd,,,,
https://www.1mg.com/otc/volini-maxx-pain-relief-spray-for-back-neck-joint-muscle-pain-bone-joint-muscle-care-otc457560,Volini Maxx Spray,Sun Pharmaceutical Industries Ltd,,"Diclofenac Diethylamine IP Equivalent to Dicoflenac Sodium, Methyl Salicylate IP, Menthol IP, Provides instant pain relief and supports bone, joint and muscle care, A unique formulation of 2% diclofenac makes it 100% stronger than other sprays, Provides effective relief from severe neck and back pain, Helps in relieving musculoskeletal and joint pain, Effective in healing pain due to strain and sprain, Useful in case of sports injuries, Has a unique 360-degree delivery mechanism that ensures standardised drug delivery, It provides instant and long-lasting pain relief from knee pain, joint pain, back pain, calf pain, and neck pain","Shake well before each use. Spray the contents from 5 cm distance on the affected areas 3-4 times in a day or, as directed by the physician.","Read the label carefully before use, Store in a cool and dry place away from direct sunlight, Keep out of reach of the children, Do not exceed the recommended dosage, For external use only, Should be applied only to intact skin surfaces and not to skin wounds and open injuries, Should not come into contact with eyes, mucous membranes and should not be ingested, Store in a cool and dry place"
https://www.1mg.com/otc/vissco-0620-elbow-brace-large-otc344534,Vissco 0620 Elbow Brace,Vissco Rehabilitation Aids Pvt. Ltd.,"It is useful in treating chronic postoperative and posttraumatic inflammation and prevent tennis elbow, golfer’s elbow and rower’s elbow.","It provides support to weak and strained muscles and targets compression enabling pain relief, It applies pressure on specific areas to relieve tension at the tendon inserts, It product is skin friendly, It is made using crochet technology that allows for an air permeable fabric that gives a ventilating effect and reduces sweat, Provides soft support to the body while still allowing it to move, Fabrics are tested for anti-fungal and anti-bacterial properties, Fabric can be stretched in any direction instead of the previous horizontal stretch for better comfort and support",Use as directed by the physician.,"Store in a cool and dry place, Keep out of the reach of children, Read the manual carefully"
https://www.1mg.com/otc/dr.-reckeweg-eupatorium-perf-dilution-200-ch-otc335314,Dr. Reckeweg Eupatorium Perf Dilution 30 CH,Dr Reckeweg & Co,,"Extract of Common boneset plant, Liquid, Provides relief from throbbing pain in the head, Helpful in severe bone pains and cachexia, Useful in vertigo, headaches and vomiting, Effective in reducing soreness and helps in easing constipation and sore liver, Manages coryza, cough and soreness in the chest, Also helps manage gout",Take 3-5 drops 2-3 times in a day or as directed by the physician.,"Do not exceed the recommended dosage, Read the label carefully before use, Store in a cool dry place away from direct sunlight, Keep out of reach of children, Avoid any strong smell in the mouth such as coffee, onion, hing, mint, camphor, garlic etc. while taking the medicine, Keep at least half an hour gap between food/drink/ any other medicines and allopathic medicine"
https://www.1mg.com/otc/pankajakasthuri-orthoherb-ayurvedic-oil-with-amla-for-joint-pain-relief-otc356687,Pankajakasthuri Orthoherb Oil,Pankajakasthuri Herbals India (P) Ltd.,,"Vasa (Adhatoda vasica, Rt, Dct), Eranda (Ricinus communis, Rt, Dct), Bilwa (Aegle marmelos, Rt, Dct), Thwak (Cinnamomum zeylanicum, St. Bk, Dct), Maricha (Piper nigrum, Dr. Fr, Dct), Lavanga (Syzygium aromaticum, Dr. Fr, Dct), Jati (Myristica fragrans, Pp, Dct), Pata (Cyclea peltata, Rt, Dct), Nimba (Azadirachta indica, Rt, bk, Dct), Sahachara (Strobilanthes ciliatus, Rt, Dct), Nirgundi (Vitex negundo, Lf, Dct), Bala (Sida retusa, Rt, Dct), Punarnava (Boerhavia diffusa, Pl, Dct), Gunja (Abrus precatorius, Rt, Dct), Dusparsa (Tragia involucrata, Rt, Dct) 2 g each. Amalaki (Phyllanthus emblica, Dr. Fr, Pst), Manjishta (Rubia cordifolia, Rt, Pst), Guggulu (Balsamodendron mukul, Lx, Pst), Chitraka (Plumbago zeylanica, Rt, Pst) 2.5 g each. Kera thaila (Cocos nucifera, Oil) 27.50 ml, Eranda thaila (Ricinus communis, Oil) 82.50 ml, Eucalyptus Oil (Eucalyptus globulus, Oil), 100 ml, Liquid, The oil has anti-inflammatory and analgesic properties, It imparts muscle tone and lubricates the joints, It also imparts firmness to the limbs, It can help stimulate circulation, It helps the lymphatic functioning for detoxification",,"Read the label carefully before use, Store in a cool and dry place, Keep out of reach of children"
https://www.1mg.com/otc/panchgavyam-paingavyam-veg-capsule-for-joint-pain-otc854555,Panchgavyam Paingavyam Veg Capsule,Anjney Panchgavyam India,,"Kantkari, It aids to provide relief from joint and muscular pain, It helps to reduce internal swelling and inflammation, It can help to alleviate chronic pain and reduce joint stiffness, It supports joint, bone and muscle health",,"Store in a cool and dry place, Dont use during pregnancy and lactation and others can use under observation only"
https://www.1mg.com/otc/sbl-caesalpinia-bonducella-mother-tincture-q-otc338798,,SBL Pvt Ltd,,,,
https://www.1mg.com/otc/miduty-nerve-pain-relief-capsule-alpha-lipoic-acid-b-vitamins-neuropathy-support-otc918605,Miduty Nerve Pain Relief Capsule,Midvision Pvt Ltd,,,Use as directed on the label or as advised by your healthcare provider,
https://www.1mg.com/otc/vissco-5601-platinum-elbow-support-with-silicone-pressure-pad-large-otc448592,Vissco 5601 Platinum Elbow Support with Silicone Pressure Pad,Vissco Rehabilitation Aids Pvt. Ltd.,It is primarily used in the condition of tendonitis (lateral epicondylitis).,,Use as per requirement or as directed by the physician.,"Read the label carefully before use, Store in a cool dry place away from direct sunlight, Keep out of reach of the children, Avoid physical damage"
https://www.1mg.com/otc/vissco-0709-elastic-tubular-anklet-medium-otc344574,,Vissco Rehabilitation Aids Pvt. Ltd.,,,,
https://www.1mg.com/otc/pravek-maha-balvardhak-oil-otc601978,Pravek Maha Balvardhak Oil,Pravek Kalp Private Limited,,,Massage adequate quantity of oil gently on the affected areas till it is absorbed. Use 2-3 times in a day for better results or as directed by the physician.,
https://www.1mg.com/otc/dr-willmar-schwabe-india-cadmium-sulphuricum-dilution-30-ch-otc398146,,Dr Willmar Schwabe India Pvt Ltd,,,,
https://www.1mg.com/otc/sbl-aranea-diadema-dilution-200-ch-otc345905,SBL Aranea Diadema Dilution,SBL Pvt Ltd,,"Papal-cross spider, Relive from the sensations of swelling, Provides relief from severe pain, redness and tenderness in joints, Helpful for parasite transmitted by an infected mosquito bite, Relieves the pain caused by excessive bleeding while coughing, being on periods or while passing stool with pain in stomach, Prevents the fever and chills and helps in healing the limb pains",Take 3-5 drops two to three times a day with a substantial gap of half an hour before consuming this or as directed by the physician. Avoid strong flavors before or after the consumption for half an hour,"Read the label carefully before use, Do not exceed the recommended dose, Keep out of the reach of children, Use under medical supervision, Store in a cool dry place away from direct sunlight"
https://www.1mg.com/otc/jiva-pain-calm-oil-pain-reliever-for-joint-pain-back-pain-frozen-shoulder-sprain-muscle-soreness-with-knee-cap-free-otc651981,Jiva Pain Calm Oil,Jiva Ayurvedic Pharmacy Ltd,,,,
https://www.1mg.com/otc/sbl-gnaphalium-polycephalum-mother-tincture-q-otc338724,,SBL Pvt Ltd,,,,
https://www.1mg.com/otc/volini-maxx-pain-relief-spray-for-back-neck-joint-muscle-pain-bone-joint-muscle-care-otc457561,Volini Maxx Spray,Sun Pharmaceutical Industries Ltd,,"Diclofenac Diethylamine IP Equivalent to Dicoflenac Sodium, Methyl Salicylate IP, Menthol IP, Provides instant pain relief and supports bone, joint and muscle care, A unique formulation of 2% diclofenac makes it 100% stronger than other sprays, Provides effective relief from severe neck and back pain, Helps in relieving musculoskeletal and joint pain, Effective in healing pain due to strain and sprain, Useful in case of sports injuries, Has a unique 360-degree delivery mechanism that ensures standardised drug delivery, It provides instant and long-lasting pain relief from knee pain, joint pain, back pain, calf pain, and neck pain","Shake well before each use. Spray the contents from 5 cm distance on the affected areas 3-4 times in a day or, as directed by the physician.","Read the label carefully before use, Store in a cool and dry place away from direct sunlight, Keep out of reach of the children, Do not exceed the recommended dosage, For external use only, Should be applied only to intact skin surfaces and not to skin wounds and open injuries, Should not come into contact with eyes, mucous membranes and should not be ingested, Store in a cool and dry place"
https://www.1mg.com/otc/samson-ca0107-cervical-pillow-contoured-universal-grey-otc487766,Samson CA0107 Cervical Pillow (Contoured),Samson Scientifics & Surgicals,Provides support to the neck without creating any stress or discomfort and helps get rid of unwanted stiffness and pain in the neck when sleeping.,"Soft and cushiony feel, Anatomically shaped, moulded from PU Foam with optimal density, provides effective support to the neck., It has a scientific design, maintains the neck in slight hyperextension and provides muscle relaxation, It has a long functional life and good resilience, Ergonomically designed, it is extremely comfortable with very smooth contours, It has two different heights on two different sides to accommodate short and long necks, Covered with soft fabric, provides a nice touch, feel and plush look. It is removable and washable",As directed by the physician,"Read the label carefully before use, Store in a cool and dry place, away from sunlight, Keep out of the reach of children"
https://www.1mg.com/otc/aksobha-kids-teddy-bear-pain-relief-herbal-hot-cold-therapy-pack-otc828856,Aksobha Kids Teddy Bear Pain Relief Herbal Hot & Cold Therapy Pack,Aksobha,It helps soothe a child's achy muscles or ease a stomach ache,"These heating packs contain only natural flax seeds, organic cotton fabric and lavender essential oil, It is environmentally friendly and lasts for many years, It has no chemicals, no risk of electric shock and no plastic",,"If the pack gets dirty, wipe it with a damp cloth and dry, Do not immerse in water or wash the pack, Heat the packs and use them frequently, Do not heat pack for longer than 2 mins or as directed, The pack can be put in a cloth bag and stored in the freezer if not used for long, Read the label carefully before use"
https://www.1mg.com/otc/jiva-pain-calm-oil-pain-reliever-for-joint-pain-back-pain-frozen-shoulder-sprain-muscle-soreness-otc651626,Jiva Pain Calm Oil,Jiva Ayurvedic Pharmacy Ltd,,,,
https://www.1mg.com/otc/3m-plaster-of-paris-cast-b.p.-10cm-x-2.7m-otc393419,3M Plaster of Paris Cast B.P. 10cm x 2.7m,3M India Limited,It primarily helps to condition broken bones and manage fractures.,"It is a roller Paris plaster cast for managing fractures, It has a good holding capacity, It allows easy breathability",Read the instruction on the pack.,"Read the label carefully before use, Store in a cool and dry environment, Keep out of reach of children, Take help from medical experts"
https://www.1mg.com/otc/bjain-agaricus-muscarius-dilution-1000-ch-otc429490,Bjain Agaricus Muscarius Dilution,Bjain Pharmaceuticals Pvt. Ltd.,,,Bjain Agaricus Muscarius Dilution should be taken 3-5 drops in 1 teaspoon of water three times a day or as directed by the physician.,
https://www.1mg.com/otc/moov-pain-relief-ointment-for-back-pain-joint-pain-knee-pain-muscle-pain-otc377375,"Moov Pain Relief Ointment for Back Pain, Joint Pain, Knee Pain, Muscle Pain",Reckitt Benckiser Healthcare Pvt. Ltd.,,"Ointment, 30g",,
https://www.1mg.com/otc/bjain-hypericum-perforatum-mother-tincture-q-otc445026,,Bjain Pharmaceuticals Pvt. Ltd.,,,,
https://www.1mg.com/otc/bjain-lecithin-dilution-12-ch-otc440308,Bjain Lecithin Dilution,Bjain Pharmaceuticals Pvt. Ltd.,,Lecithin,Bjain Lecithin Dilution should be taken 3-5 drops in half cup of water three times a day or as directed by the physician.,
https://www.1mg.com/otc/volini-pain-relief-gel-for-sprain-muscle-joint-neck-low-back-pain-bone-joint-muscle-care-otc138818,Volini Pain Relief Gel,Sun Pharmaceutical Industries Ltd,,"Diclofenac Diethylamine Equivalent to Diclofenac Sodium 1% w/w, Methyl Salicylate IP, Menthol IP, Virgin Linseed Oil BP, Preservative, Benzyl Alcohol IP, Gel Base, The spray can offer relief when in pain and supports bone, muscle and joint care., It is effective for pain in the joints, knees, back, shoulders, and neck, It can work great on sports injuries such as muscle pulls, sprains, and strain, It provides instant and long-lasting pain relief from knee pain, joint pain, back pain, calf pain, and neck pain","The Volini pain relief bottle should be shaken well before spraying, Hold the spray bottle at a 5cm distance from the affected area and spray, You can use the spray about three to four times daily or as recommened by your physician","Read the label carefully before use, Store in a cool and dry place, away from sunlight, Keep out of reach of children, The Volini pain relief spray is meant for external application only, Use Volini per the doctor’s guidance, and be careful not to use more than the given dosage, Do not use the spray on open wounds or surfaces of the skin that are ruptured, The spray should not be ingested or come in contact with the eyes and mucous membranes, Avoid using the spray near a naked flame, Do not burn or make a hole in the bottle even after the spray is over"
https://www.1mg.com/otc/dr.-morepen-pain-bye-ortho-oil-otc829284,Dr. Morepen Pain Bye Ortho Oil,Dr. Morepen Limited,,,Apply 5-10 ml to the affected area and massage gently.,
https://www.1mg.com/otc/dr-willmar-schwabe-india-anhalonium-lewinii-dilution-1000-ch-otc396112,,Dr Willmar Schwabe India Pvt Ltd,,,,
https://www.1mg.com/otc/dr-willmar-schwabe-india-magnesia-phosphoricum-biochemic-tablet-3x-otc448613,Dr Willmar Schwabe India Magnesia Phosphoricum Biochemic Tablet,Dr Willmar Schwabe India Pvt Ltd,,,,
https://www.1mg.com/otc/sbl-hypericum-perforatum-dilution-6-ch-otc349089,SBL Hypericum Perforatum Dilution,SBL Pvt Ltd,,"30 ml, Liquid, Men and Women",Use as directed by the physician.,
https://www.1mg.com/otc/bjain-syphillinum-dilution-200-ch-otc432418,Ortho-Aid Capsule,Bjain Pharmaceuticals Pvt. Ltd.,,,,
https://www.1mg.com/otc/bjain-calcarea-phosphorica-dilution-10m-ch-otc436874,Bjain Calcarea Phosphorica Dilution,Bjain Pharmaceuticals Pvt. Ltd.,,,Take 3-5 drops of the dilution in 1 teaspoon of water twice a day or as directed by the physician.,
https://www.1mg.com/otc/caripaya-tablet-otc332491,Caripaya Tablet,Meyer Organics Pvt Ltd,,"Extract of eranda karkati (Carica papaya L.f), Caripaya Tablet contains Carica papaya leaf extract, which is believed to have a specific neutralizing effect on dengue viral-infected plasma, exerting a protective role on platelets. It may help increase the low platelet count in conditions such as dengue fever, Caripaya Tablet, with its Carica papaya leaf extract, may stimulate the bone marrow. This can be beneficial for overall bone health and the production of blood cells, Caripaya Tablet aids in the fight against dengue by stimulating the immune system. It may help enhance the body's defence mechanisms, Tablet",1 tablet three times a day or as directed by a healthcare professional,"Read the label carefully before use, Store in a cool and dry place, Keep out of reach of children"
https://www.1mg.com/otc/tynor-e-03-wrist-forearm-splint-child-left-otc345645,Tynor E 03 Wrist & Forearm Splint,Tynor Orthotics Pvt. Ltd.,It helps to maintain the wrist in the neutral/functional position.,,Use a directed by the health-care professional.,
https://www.1mg.com/otc/repl-dr.-advice-no.83-phthisical-fever-drop-otc339431,,Renovision Exports Pvt Ltd,,,,
https://www.1mg.com/otc/sbl-orthomuv-massage-oil-spray-otc330957,,SBL Pvt Ltd,,,,
https://www.1mg.com/otc/lp-667-knee-sleeve-elastic-single-small-black-otc331289,LP 667 Knee Sleeve Elastic Single,LP Support,It is designed to conform naturally to the contours of the knee and shin area.,"It conforms naturally to the contours of the knee and shin area, It has elastic that helps it fit better, Designed by Orthopedics with high performance technology and therapeutic warmth that helps in joint pain, The design aids to provide a high compression support to the joints",Use as per requirement or as directed by the physician.,"Read the label carefully before use, Keep out of the reach of children, Store in a cool dry place away from direct sunlight"
https://www.1mg.com/otc/sbl-solanum-nigrum-dilution-12-ch-otc358396,,SBL Pvt Ltd,,,,
https://www.1mg.com/otc/sloan-s-liniment-kills-pain-reduces-swelling-strengthens-muscles-ligaments-otc315107,Sloan's Liniment,Piramal Enterprises Ltd,,Oil,,
https://www.1mg.com/otc/jiva-pain-calm-oil-pain-reliever-for-joint-pain-back-pain-frozen-shoulder-sprain-muscle-soreness-otc329877,Jiva Pain Calm Oil,Jiva Ayurvedic Pharmacy Ltd,,,,
https://www.1mg.com/otc/basic-ayurveda-brihat-kasturi-bhairav-ras-with-gold-otc450537,,Basic Ayurveda,,,,
https://www.1mg.com/otc/himalaya-rumalaya-pain-relief-gel-quick-relief-from-body-pain-ayurvedic-gel-otc90714,Himalaya Rumalaya Gel,Himalaya Wellness Company,,"30 gm, Gel",Apply a small quantity of the gel to the tender area and lightly massage it in or as directed by the physician.,
https://www.1mg.com/otc/sbl-arnica-montana-dilution-dilution-6-ch-otc351134,SBL Arnica Montana Dilution,SBL Pvt Ltd,,"Arnica Montana, Liquid",,
https://www.1mg.com/otc/aurthot-ankle-support-pair-xl-otc389274,,Aurthot Surgicals (OPC) Private Limited,,,,
https://www.1mg.com/otc/moov-cool-therapy-gel-otc964102,Moov Cool Therapy Gel,Reckitt Benckiser Healthcare Pvt. Ltd.,,"Each gram of gel contains: Pudina Satva (Mentha piperita) extract (Aerial parts of plant) 8.0% w/w, Preservative: Benzyl Alcohol IP, Colouring Agents: Brilliant Blue FCF, Tartrazine Yellow., Gel., 20g.",Apply a thin film of the gel to the affected area and massage gently. Repeat 3-4 times daily for best results.,
https://www.1mg.com/otc/wheezal-wl35-headache-drop-otc387910,Wheezal WL35 Headache Drop,Wheezal Homoeo Pharma,"• It is mainly used to provide relief from headache caused due to overuse of laptops and mobile phones, • Students with excessive use of computer and improper posture along with constant stare in computer devices often suffer from combination of eyestrain, exhaustion, anxiety, stress, and associated issues. Wheezal Headache Drop uses active ingredients to combat any such issues, • Relives severe and throbbing headache and provides almost instant relief, • Corrects troubled vision, • Relieves pain the neck and back area due to improper sitting postures, • Its homeopathic combination makes it safe to use and doesn’t trigger any side effects",,,"• Read the label carefully before use, • Do not exceed the recommended dose, • Keep out of the reach of children, • Store in a cool dry place away from direct sunlight and heat"
https://www.1mg.com/otc/vissco-0603-wrist-binder-double-lock-large-otc448546,Vissco 0603 Wrist Binder Double Lock,Vissco Rehabilitation Aids Pvt. Ltd.,Primarily used during injury to wrist or during sprains. Beneficial for patients suffering from osteoarthritis and for the prevention of sports injury.,"Skin Friendly:It uses skin friendly material which prevents irritation and itchy sensation, Easy to breathe:Uses light-weight material which does not lead to stiffness and does not affect mobility, Soft Support:It offers soft support to people who are using to treat an injury or pains related to osteoarthritis, Double Locking:Ensure close grip fit which does not become loose upon long time use",Wrap the binder around the area of the wrist. Hook and loop fasteners are provided to lock.,"Read the user manual carefully before use, Keep out of the reach of children"
https://www.1mg.com/otc/bjain-natrum-salicylicum-dilution-6c-otc702827,Bjain Natrum Salicylicum Dilution,Bjain Pharmaceuticals Pvt. Ltd.,,Natrum Salicylicum,Take Bjain Natrum Salicylicum Dilution as directed by the physician.,
https://www.1mg.com/otc/orthodocs-thermogel-pain-relief-gel-for-muscle-joint-knee-pain-30gm-each-otc633167,Orthodocs Thermogel (30gm Each),Nava Healthcare Pvt Ltd,,"Aceclofenac, Linseed oil, Methyl Salicilate, Primarily used for pain relief, Orthodocs Thermogel Pain Relief Cream may help relieve irritation and swelling around the affected area, Orthodocs Thermogel pain relief cream comes with a single quick absorption formula that enables it to act fast and clear pain, Rapid Pain Relief: The gel’s combination of ingredients works promptly to alleviate discomfort, providing immediate comfort and managing pain, Effective Inflammation Reduction: Aceclofenac targets inflammation, helping to potentially reduce swelling and redness, Improved Blood Circulation: Linseed oil may support improved blood flow to the affected area, promoting faster healing, Soothing and Cooling Sensation: Menthol offers a cooling effect, numbing pain receptors and providing relief, Deep Tissue Penetration: The gel penetrates deeply into muscle and joint tissues, addressing pain at its source., Long-lasting Relief: The sustained release of active ingredients ensures prolonged relief, allowing uninterrupted comfort, Cost-Effective Solution: By providing effective pain relief, Orthodocs Thermogel can help reduce the need for multiple over-the-counter medications.",Apply a sufficient quantity of Orthodocs Thermogel to the affected area as a thin film and massage gently to facilitate penetration. Repeat three times a day.,"Only for external use, Store at a temperature not exceeding 25°C. Do not freeze, Keep away from direct sunlight"
https://www.1mg.com/otc/volini-maxx-pain-relief-spray-for-back-neck-joint-muscle-pain-bone-joint-muscle-care-otc457560,Volini Maxx Spray,Sun Pharmaceutical Industries Ltd,,"Diclofenac Diethylamine IP Equivalent to Dicoflenac Sodium, Methyl Salicylate IP, Menthol IP, Provides instant pain relief and supports bone, joint and muscle care, A unique formulation of 2% diclofenac makes it 100% stronger than other sprays, Provides effective relief from severe neck and back pain, Helps in relieving musculoskeletal and joint pain, Effective in healing pain due to strain and sprain, Useful in case of sports injuries, Has a unique 360-degree delivery mechanism that ensures standardised drug delivery, It provides instant and long-lasting pain relief from knee pain, joint pain, back pain, calf pain, and neck pain","Shake well before each use. Spray the contents from 5 cm distance on the affected areas 3-4 times in a day or, as directed by the physician.","Read the label carefully before use, Store in a cool and dry place away from direct sunlight, Keep out of reach of the children, Do not exceed the recommended dosage, For external use only, Should be applied only to intact skin surfaces and not to skin wounds and open injuries, Should not come into contact with eyes, mucous membranes and should not be ingested, Store in a cool and dry place"
https://www.1mg.com/otc/dr.-reckeweg-nux-mosch-dilution-200-ch-otc331812,,Dr Reckeweg & Co,,,,
https://www.1mg.com/otc/shenaro-lifestyle-s-cotton-organic-and-eco-friendly-pain-relief-wheat-bag-imperial-red-otc731228,Shenaro Lifestyle's Cotton Organic and Eco-Friendly Pain Relief Wheat Bag,Kamal International,"The wheat bag can be used for hot and cold therapy to reduce pain, sprains, cramps, or other bodily discomforts.","Ergonomic design:The bag is rectangular, providing full coverage. The bag moulds to the contour of the area that it is being applied to, Reusable and easy to clean:The outer cover is removable and can be washed in the washing machine, Aromatherapy:The bag comes with a fresh lavender aroma that helps to induce sleep and relaxation. The calming scent of lavender eases the mind, Organic pain and stress relief:The cellular structure of wheat provides insulation properties to reduce pain and stress, Heat therapy:Targets back pain, neck pain, muscle spasms, workout soreness, stiffness, etc., Cool therapy:Targets headaches, heat flashes, bruises, inflammation, burns, fever, etc., Contents:Inner bag with grains, Outer removable cover","For heat therapy, heat in the microwave for 3-5 minutes maximum, For cool therapy, refrigerate for 1-2 hours","Read the label carefully before use, Store in a cool and dry place, Keep out of reach of children, For external use only"
https://www.1mg.com/otc/pankajakasthuri-orthoherb-ayurvedic-oil-with-amla-for-joint-pain-relief-otc356687,Pankajakasthuri Orthoherb Oil,Pankajakasthuri Herbals India (P) Ltd.,,"Vasa (Adhatoda vasica, Rt, Dct), Eranda (Ricinus communis, Rt, Dct), Bilwa (Aegle marmelos, Rt, Dct), Thwak (Cinnamomum zeylanicum, St. Bk, Dct), Maricha (Piper nigrum, Dr. Fr, Dct), Lavanga (Syzygium aromaticum, Dr. Fr, Dct), Jati (Myristica fragrans, Pp, Dct), Pata (Cyclea peltata, Rt, Dct), Nimba (Azadirachta indica, Rt, bk, Dct), Sahachara (Strobilanthes ciliatus, Rt, Dct), Nirgundi (Vitex negundo, Lf, Dct), Bala (Sida retusa, Rt, Dct), Punarnava (Boerhavia diffusa, Pl, Dct), Gunja (Abrus precatorius, Rt, Dct), Dusparsa (Tragia involucrata, Rt, Dct) 2 g each. Amalaki (Phyllanthus emblica, Dr. Fr, Pst), Manjishta (Rubia cordifolia, Rt, Pst), Guggulu (Balsamodendron mukul, Lx, Pst), Chitraka (Plumbago zeylanica, Rt, Pst) 2.5 g each. Kera thaila (Cocos nucifera, Oil) 27.50 ml, Eranda thaila (Ricinus communis, Oil) 82.50 ml, Eucalyptus Oil (Eucalyptus globulus, Oil), 100 ml, Liquid, The oil has anti-inflammatory and analgesic properties, It imparts muscle tone and lubricates the joints, It also imparts firmness to the limbs, It can help stimulate circulation, It helps the lymphatic functioning for detoxification",,"Read the label carefully before use, Store in a cool and dry place, Keep out of reach of children"
https://www.1mg.com/otc/dr-willmar-schwabe-india-alpha-mp-drop-otc326047,Dhootapapeshwar Mahayogaraj Guggul,Dr Willmar Schwabe India Pvt Ltd,,"30/60/1000 tablets, Tablet",,
https://www.1mg.com/otc/barphani-sarvang-pida-hari-massage-oil-otc882709,1ratti Kamdudha Ras,Shri Barphani Pharma,,"Giloya satva, Svarna gairika, This barphani oil is useful for female complaints such as leucorrhea and heavy menstrual bleeding, It is beneficial for gastritis, diarrhea with blood discharge and diabetes, This pain relief oil is rich in antioxidants that help in boosting the body's metabolism and also helps relieve body pain",2 tablets twice a day or as directed by your physician.,"Read the label carefully before use, Store in a cool and dry place away from direct sunlight, Keep out of reach of children"
https://www.1mg.com/otc/miduty-nerve-pain-relief-capsule-alpha-lipoic-acid-b-vitamins-neuropathy-support-otc918605,Miduty Nerve Pain Relief Capsule,Midvision Pvt Ltd,,,Use as directed on the label or as advised by your healthcare provider,
https://www.1mg.com/otc/tanyx-proeffect-pain-relief-device-otc797879,TANYX Proeffect Pain Relief Device,PRG Pharma Pvt Ltd,"It reduces low back pain, fatigue, shoulder pain, neck pain, arthritis, knee or other chronic body pains.","TANYX Proeffect Pain Relief Device provides relief from chronic body pain in a drug-free way, It is a portable and disposable device, TANYX Proeffect Pain Relief Device is effective for reducing fatigue, weakness, and muscle cramps, It regulates blood circulation and produces warmth, and sustains the wellness of the joints","Apply gel pads, place them on the body, and forget the pain.","TANYX must not be applied onto the breasts, open wounds and irritated skin, Do not apply it on the forehead and face, over the carotid artery (side region of the neck), TANYX should not be used in body parts with metal prostheses, Do not use in case the pain aetiology is unknown, Avoid using if the patient is bearing a pacemaker or defibrillator, Do not use high-frequency surgical devices; during pregnancy (the safety of electrical stimulation in pregnant women is not established); in painful conditions caused by: appendicitis, gastralgia (stomach pain), hepatitis, etc."
https://www.1mg.com/otc/bjain-pyrogenium-dilution-200-ch-otc434804,Bjain Pyrogenium Dilution,Bjain Pharmaceuticals Pvt. Ltd.,,,Take 5 drops in half cup water 3 times a day or as directed by the physician.,
https://www.1mg.com/otc/pravek-maha-balvardhak-oil-otc601978,Pravek Maha Balvardhak Oil,Pravek Kalp Private Limited,,,Massage adequate quantity of oil gently on the affected areas till it is absorbed. Use 2-3 times in a day for better results or as directed by the physician.,
https://www.1mg.com/otc/dr-willmar-schwabe-india-bismuthum-subnitricum-dilution-12-ch-otc397181,Dr Willmar Schwabe India Bismuthum Subnitricum Dilution,Dr Willmar Schwabe India Pvt Ltd,,"Provides effective relief from neuralgic pain in the head, Helps in treating toothache and swollen gum, Effective in healing ulcers on the side of tongue, Helps in treatment of inflammation of the mucosal lining of the alimentary canal, Helps in relieving stomachache and vomiting, Useful in curing diarrhoea with pain in the stomach, Reduces weakness and relieves painful cramps in limbs","Take 3-5 drops 2-3 times a day or, as directed by the physician.","Read the label carefully before use, Keep out of the reach of children, Use under medical supervision, Do not exceed the recommended dosage, Maintain half an hour gap between food,drink and any other medicines and homoeopathic medicine, Store in a cool and dry place"
https://www.1mg.com/otc/dr-willmar-schwabe-india-yohimbinum-hydrochloricum-dilution-6-ch-otc406783,Dr Willmar Schwabe India Yohimbinum Hydrochloricum Dilution,Dr Willmar Schwabe India Pvt Ltd,,"Extracts from bark of Yohimbe tree, Reduces stress levels, Controls blood pressure, Supports weight loss, Stimulates sex organs, Promotes milk production in women, Reduces impotency, Resolves appetite loss, Cures delayed menses","Dosage should be advised by the physician. Maintain 30 minutes gap between drink, food or any other medication. Avoid a strong smell in the mouth before taking a dose","Read the label carefully, Self-medication is not advised, Do not exceed the recommended dose, Keep out of the reach of children"
https://www.1mg.com/otc/jiva-pain-calm-oil-pain-reliever-for-joint-pain-back-pain-frozen-shoulder-sprain-muscle-soreness-with-knee-cap-free-otc651981,Jiva Pain Calm Oil,Jiva Ayurvedic Pharmacy Ltd,,,,
https://www.1mg.com/otc/sbl-ferrum-sulphuricum-dilution-1000-ch-otc352907,SBL Ferrum Sulphuricum Dilution,SBL Pvt Ltd,,"Ferrum sulphuricum, Alcohol, Relieves watery painless diarrhoea with vertigo, Relieves edema of lower limbs, Relieves helminthiasis and ascarides, Relieves gallbladder pain and abdominal flatulence, Cures loss of appetite and bulimia, Treats eructation of flatus, vomiting and gastritis, Gets rid of severe headache and vertigo, Provides relief to ear wall pain, Helps to get rid of chronic toothache, Relieves swelling and urine with blood, Treats male sexual problems like gonorrhoea, Relieves women sexual problems like abnormal bleeding and leucorrhoea",Dosage should be directed by the physician.,"Read the label carefully before use, Do not exceed recommended dosage, Keep out of reach of children, Avoid any physical damage, Store in a cool dry place away from direct sunlight"
https://www.1mg.com/otc/bjain-rhus-toxicodendron-dilution-3x-otc434349,Bjain Rhus Toxicodendron Dilution,Bjain Pharmaceuticals Pvt. Ltd.,,,Take 3-5 drops of the dilution in 1 teaspoon of water twice a day or as directed by the physician.,
https://www.1mg.com/otc/volini-maxx-pain-relief-spray-for-back-neck-joint-muscle-pain-bone-joint-muscle-care-otc457561,Volini Maxx Spray,Sun Pharmaceutical Industries Ltd,,"Diclofenac Diethylamine IP Equivalent to Dicoflenac Sodium, Methyl Salicylate IP, Menthol IP, Provides instant pain relief and supports bone, joint and muscle care, A unique formulation of 2% diclofenac makes it 100% stronger than other sprays, Provides effective relief from severe neck and back pain, Helps in relieving musculoskeletal and joint pain, Effective in healing pain due to strain and sprain, Useful in case of sports injuries, Has a unique 360-degree delivery mechanism that ensures standardised drug delivery, It provides instant and long-lasting pain relief from knee pain, joint pain, back pain, calf pain, and neck pain","Shake well before each use. Spray the contents from 5 cm distance on the affected areas 3-4 times in a day or, as directed by the physician.","Read the label carefully before use, Store in a cool and dry place away from direct sunlight, Keep out of reach of the children, Do not exceed the recommended dosage, For external use only, Should be applied only to intact skin surfaces and not to skin wounds and open injuries, Should not come into contact with eyes, mucous membranes and should not be ingested, Store in a cool and dry place"
https://www.1mg.com/otc/balu-herbals-ortholuna-oil-otc490838,Balu Herbals Ortholuna Oil,Balu Herbals,,"Arka, Datura, Nirgundi, Neem leaves, Erranda, Nilgiri pattha, Laisan, Mustard oil, Till oil, Nilgiri oil, Menthol, Mudha karpura, Cinnamon oil, Devadaru oil, Methyl Salicylate, Provides quick and effective relief from joint and muscle pain, Reduces inflammation and swelling associated with arthritis and other conditions, Helps relax tense muscles, promoting flexibility and mobility, Enhances blood flow to affected areas, helping in the healing process, Nourishes and rejuvenates the skin, leaving it soft and supple, Acts as a natural painkiller, alleviating discomfort without harsh chemicals, Helps alleviate muscle spasms and cramps, promoting comfort and relaxation","Apply a few drops of Ortholuna pain oil on the affected area, gently massage it with lukewarm water or as directed by the vaidya.","Store in a cool and dry place away from direct sunlight, Read the product label carefully before use, Keep out of reach of children, For external use only, Keep the container closed immediately after use"
https://www.1mg.com/otc/viaggi-lumber-memory-foam-pillow-otc510192,Viaggi Lumber Memory Foam Pillow,Siddhivinayak Enterprises,It is designed to help provide support to the back and ease pain. It helps in correcting posture.,"Comes with a memory foam that moulds in order to fit the body perfectly, Helps to treat aching joints and muscles, Used to prevent pain in the back and neck, The pillow acts as a back support for car seat and office chair",Use as directed on the manual.,"Read the label carefully before use, Store in a cool dry place away from direct sunlight, Keep out of reach of the children"
https://www.1mg.com/otc/jiva-pain-calm-oil-pain-reliever-for-joint-pain-back-pain-frozen-shoulder-sprain-muscle-soreness-otc651626,Jiva Pain Calm Oil,Jiva Ayurvedic Pharmacy Ltd,,,,
https://www.1mg.com/otc/bjain-eucalyptus-globulus-dilution-12-ch-otc438799,Bjain Eucalyptus Globulus Dilution,Bjain Pharmaceuticals Pvt. Ltd.,,,,
https://www.1mg.com/otc/kas-madhu-herbal-coldrub-10gm-each-otc613416,,Tulison Pharma,,,,
https://www.1mg.com/otc/moov-pain-relief-ointment-for-back-pain-joint-pain-knee-pain-muscle-pain-otc377375,"Moov Pain Relief Ointment for Back Pain, Joint Pain, Knee Pain, Muscle Pain",Reckitt Benckiser Healthcare Pvt. Ltd.,,"Ointment, 30g",,
https://www.1mg.com/otc/tynor-compression-stocking-below-knee-classic-beige-small-otc345859,Tynor I-16 Compression Stocking Below Knee,Tynor Orthotics Pvt. Ltd.,It is primarily used to provide relief in all forms of venous disease including blood pools or congests in legs.,,Use as per requirement or as directed by the physician.,
https://www.1mg.com/otc/tynor-e-44-wrist-splint-with-thumb-medium-otc345682,Tynor E-44 Wrist Splint With Thumb,Tynor Orthotics Pvt. Ltd.,It is an ideal brace for conditions where immobilization of wrist and thumb is required. The wrist can be maintained in the dorsiflexion and thumb in the abduction.,,Use a directed by the health-care professional.,"Read the label carefully before use, Keep out of reach of the children, Store in a cool dry place"
https://www.1mg.com/otc/volini-pain-relief-gel-for-sprain-muscle-joint-neck-low-back-pain-bone-joint-muscle-care-otc138818,Volini Pain Relief Gel,Sun Pharmaceutical Industries Ltd,,"Diclofenac Diethylamine Equivalent to Diclofenac Sodium 1% w/w, Methyl Salicylate IP, Menthol IP, Virgin Linseed Oil BP, Preservative, Benzyl Alcohol IP, Gel Base, The spray can offer relief when in pain and supports bone, muscle and joint care., It is effective for pain in the joints, knees, back, shoulders, and neck, It can work great on sports injuries such as muscle pulls, sprains, and strain, It provides instant and long-lasting pain relief from knee pain, joint pain, back pain, calf pain, and neck pain","The Volini pain relief bottle should be shaken well before spraying, Hold the spray bottle at a 5cm distance from the affected area and spray, You can use the spray about three to four times daily or as recommened by your physician","Read the label carefully before use, Store in a cool and dry place, away from sunlight, Keep out of reach of children, The Volini pain relief spray is meant for external application only, Use Volini per the doctor’s guidance, and be careful not to use more than the given dosage, Do not use the spray on open wounds or surfaces of the skin that are ruptured, The spray should not be ingested or come in contact with the eyes and mucous membranes, Avoid using the spray near a naked flame, Do not burn or make a hole in the bottle even after the spray is over"
https://www.1mg.com/otc/omega-pain-killer-liniment-otc788023,Omega Pain Killer Liniment,IPI India Pvt Ltd,,"Methyl Silicate, Camphor, Menthol, It can provide relief from back, muscle and joint pain, It may help relieve muscle cramps and nerve pains, It can alleviate stiff neck and headache, It might help ease minor sprains and strains","Apply a liberal amount to the affected area, Gently massage until absorbed into the skin, Repeat 3-4 times if necessary","Keep out of reach of children, If accidentally swallowed, induce vomiting and call a physician, Avoid getting into the eyes or on mucous membranes, Discontinue use if skin redness or irritation develops"
https://www.1mg.com/otc/bjain-kali-carbonicum-dilution-12-ch-otc709942,Bjain Kali Carbonicum Dilution,Bjain Pharmaceuticals Pvt. Ltd.,,,,
https://www.1mg.com/otc/zandu-balm-effective-relief-from-cold-headache-body-ache-otc794225,Zandu Balm,Emami Ltd,,"Mentha, Gaultheria, Eucalyptus, Trachyspermum ammi, Base Q. S, Solid balm, Headache:Helps provide relief from headaches effectively, Cold:May aid in relieving cough and cold, Backache:Helps relieve lower backache",Massage gently on the affected area.,"Read the label carefully before use, Store in a cool and dry place away from direct sunlight, Keep out of reach of the children"
https://www.1mg.com/otc/tynor-b-07-cervical-collar-soft-large-otc345506,Uses:,Tynor Orthotics Pvt. Ltd.,"It is used as a prophylactic collar, reduces pain and provides comfortable support during travelling.",,Measure the distance between the edge of the sternum and lower jaw with the neck in the extension position.,"Read the label carefully before use, Keep out of reach of the children, Store in a cool dry place"
https://www.1mg.com/otc/dr-ortho-combo-pack-of-pain-relief-oil-120ml-ointment-30gm-otc472720,Dr. Ortho Combo Pack of Pain Relief Oil 120ml and Pain Relief Ointment 30gm,Dr Ortho Ayurvedic,,"Linoleic acid, Menthol, These Ayurvedic herbs have proved its efficacy in pain management, It helps to improve the condition of painful joints by directly focusing on the painful joint areas, Assists to trear pains such as knee pain, low back pain, shoulder pain, and other joints pains effectively",Use Dr. Ortho Combo Pack of Pain Relief Oil 120ml and Pain Relief Ointment 30gm as directed by the physician.,"Read the label carefully before use, Do not exceed the recommended dose, Keep out of the reach of children, Store in cool and dry place, Should be protected from direct light"
https://www.1mg.com/otc/sbl-orthomuv-ointment-otc331001,SBL Orthomuv Ointment,SBL Pvt Ltd,,"Rhus toxicodendron, Ruta graveolens, Ledum palustre, It helps to deal with joint pains and muscular strains, tenderness at knee-joint and hot and painful swelling of joints, It may provide relief from tearing pain in tendons and ligaments, It helps to reduce pain and stiffness in wrists, hands, feet and ankles, The formula may help to overcome numbness after overwork and exposure, It helps to manage ligaments and tendons injuries and the periosteum or lining of the bones, It helps to deal with skin conditions like shingles, hives, febrile blisters, chicken pox, poison ivy and rashes, It may provide strength to the bones and tissues of the body",Apply on the affected area two times a day or as prescribed by the physician,"Keep out of reach of children, Store in a cool and dry place, For external usage only, Read the label before use"
https://www.1mg.com/otc/haslab-bico-11-biochemic-compound-tablet-otc339549,Haslab Bico 11 Biochemic Compound Tablet,HASLAB,,"Ferrum phosphoricum, Kali Muriaticum, Natrum Muriaticum, Kali Sulphuricum, Natrum Sulphuricum, It may help to manage febrile conditions associated with the initial stages of inflammatory diseases, t helps to relieve fever and congestion problems, It can get help to reduce inflammation of any organ or part of the body, It can help to prevent sudden swellings, pneumonia, pleurisy and other inflammatory affections that end in suppuration, It may help to improve your appetite",As directed by the physician.,"Store it in a cool and dry place, Keep it away from direct sunlight, Keep it away from the reach of the children"
https://www.1mg.com/otc/sbl-acidum-muriaticum-mother-tincture-q-otc338873,,SBL Pvt Ltd,,,,
https://www.1mg.com/otc/comprezon-classic-varicose-vein-stockings-above-knee-1-pair-xxl-beige-otc390158,Comprezon Classic Varicose Vein Stockings Above Knee (1 Pair),Dynamic Techno Medicals Pvt. Ltd.,These stockings are used to relieve from the symptoms and progression of varicose veins.,"Helps prevent pooling of blood in legs which causes varicose veins, Designed to apply high compression to the ankle, knee and thigh promoting blood to flow back up to the leg, It is manufactured using German machinery and imported raw materials aiding in accurate pressure required for each indication of varicose vein, The ankle circumference in cms for size small is 19-23, medium is 23-26, large is 26-29, X-Large is 29-31 and XXLarge is 31-34",Read the user manual for usage instructions.,"Read the user manual carefully before use, Keep out of the reach of children, Store in a cool dry place away from direct sunlight"
https://www.1mg.com/otc/bjain-tinospora-cordifolia-mother-tincture-q-otc445350,Bjain Tinospora Cordifolia Mother Tincture,Bjain Pharmaceuticals Pvt. Ltd.,,,Take 10-15 drops of mother tincture in half cup of water twice a day or as directed by the physician.,
https://www.1mg.com/otc/bhargava-antigrin-drop-otc327571,Bhargava Antigrin Drop,Bhargava Phytolab,,"Sanguinaria Can.3X HPI 2.0 ml, Belladonna 4X HPI 3.0 ml, Iris Ver. 2X HPI 2.0 ml, Acetanilide 6 HPI 1.5 ml, Caffeine 6 HPI 1.5 ml., Syrup",10-15 Drops in half a cup of water thrice a day or as directed by the Physician.,
https://www.1mg.com/otc/dr.-reckeweg-bio-combination-14-bc-14-tablet-otc326273,Dr. Reckeweg Bio-Combination 14 (BC 14) Tablet,Dr Reckeweg & Co,,"Ferrum Phosphorica, Kali Muriaticum, Kali Sulphuricum, Dr. Reckeweg Bio-Combination 14 (BC 14) Tablet is beneficial in relieving fever, cough, runny nose and watering of eyes, It contains Kali Muriaticum which ids the body in clearing congestions before they turn yellow, saving energy and distress, It also contains Ferrum Phosphorica which helps provide toughness and strength to blood vessel and artery walls",Use as directed on the label or as advised by the physician.,"Read the label carefully before use, Avoid eating tobacco or drinking alcohol during the course, Keep out of the reach of children, Use under medical supervision, Avoid any strong smell in the mouth such as coffee, onion, hing, mint, camphor, garlic etc. while taking the medicine, Keep at least half an hour gap between food, drink and any other medicines"
https://www.1mg.com/otc/tynor-e-30-forearm-splint-universal-otc345677,Tynor E-30 Forearm Splint,Tynor Orthotics Pvt. Ltd.,It helps to treat local pain and inflammation.,,Use a directed by the health-care professional.,"Read the label carefully before use, Keep out of reach of the children, Store in a cool dry place"
https://www.1mg.com/otc/isha-surgical-hot-cold-multicolor-bag-otc569803,,Isha Surgical,,,,
https://www.1mg.com/otc/sbl-helleborus-niger-mother-tincture-q-otc338714,SBL Helleborus Niger Mother Tincture Q,SBL Pvt Ltd,,"Helleborus Niger, 30 ml, Liquid, It may help relieve confusion and lethargy, supporting better clarity and alertness, The product may assist in managing severe inflammatory conditions related to the nerves, supporting overall nerve health, It may help alleviate headaches and digestive discomfort, contributing to overall well-being, The formula can support emotional health, helping to ease low mood, irritability",,"Read the label carefully before use, Store in a cool and dry place, away from sunlight, Keep out of reach of children, Avoid any strong smells such as coffee, onion, hing, mint, camphor, or garlic while taking the medicine"
https://www.1mg.com/otc/sloan-s-liniment-kills-pain-reduces-swelling-strengthens-muscles-ligaments-otc315107,Sloan's Liniment,Piramal Enterprises Ltd,,Oil,,
https://www.1mg.com/otc/jiva-pain-calm-oil-pain-reliever-for-joint-pain-back-pain-frozen-shoulder-sprain-muscle-soreness-otc329877,Jiva Pain Calm Oil,Jiva Ayurvedic Pharmacy Ltd,,,,
https://www.1mg.com/otc/special-kalonji-oil-otc685483,Special Kalonji Oil,Drugs Laboratories,,"Kalonji 100%, Sodium benzoate 0.01%, Preservative, Kalonji oil is used to treat diabetes, pain and digestive problems, It is an effective remedy for reducing plaques, inflammation and killing bacteria in healing wounds, This oil provides strength to bones and joints, This product helps to provide acne-free, smooth and hydrated skin, It is useful in the treatment of asthma, whooping cough and cough, It helps to prevent Alzheimer's and Parkinson's diseases",Read the label carefully before use or use as advised by the doctor.,"Protect from direct sunlight, heat and moisture, Do not exceed recommended dosage, Do not use it if the seal is broken, Keep out of reach of children, Store in a cool, dark and dry place below 25◦ C"
https://www.1mg.com/otc/himalaya-rumalaya-pain-relief-gel-quick-relief-from-body-pain-ayurvedic-gel-otc90714,Himalaya Rumalaya Gel,Himalaya Wellness Company,,"30 gm, Gel",Apply a small quantity of the gel to the tender area and lightly massage it in or as directed by the physician.,
https://www.1mg.com/otc/sbl-bellis-perennis-dilution-200-ch-otc346012,SBL Bellis Perennis Dilution,SBL Pvt Ltd,,"It is primarily used for the treatment of injuries to soft tissue such as breasts and abdomen, Highly effective in the treatment of injuries to bones or sprains in the muscle tissue, It also helps in treating conditions related to internal bleeding during pregnancy, Effective in the treatment of varicose veins with bruises on the external surface, It helps in treating problems associated with pregnancy such as the inability to walk properly due to varicose veins",Take 3-5 drops in 1 teaspoon of water thrice a day or as directed by the physician.,"Read the label carefully before use, Do not exceed the recommended dose, Keep out of the reach of children, Use under medical supervision, Store in a cool dry place away from direct sunlight and heat"
https://www.1mg.com/otc/lama-vat-gajankush-ras-otc559781,,Lama Pharmaceuticals,,,,
https://www.1mg.com/otc/moov-cool-therapy-gel-otc964102,Moov Cool Therapy Gel,Reckitt Benckiser Healthcare Pvt. Ltd.,,"Each gram of gel contains: Pudina Satva (Mentha piperita) extract (Aerial parts of plant) 8.0% w/w, Preservative: Benzyl Alcohol IP, Colouring Agents: Brilliant Blue FCF, Tartrazine Yellow., Gel., 20g.",Apply a thin film of the gel to the affected area and massage gently. Repeat 3-4 times daily for best results.,
https://www.1mg.com/otc/bjain-galium-aparine-dilution-3x-otc711238,Bjain Galium Aparine Dilution,Bjain Pharmaceuticals Pvt. Ltd.,,,Take 3-5 drops of the dilution in 1 teaspoon of water twice a day or as directed by the physician.,
https://www.1mg.com/otc/similia-arnica-montana-dilution-30-ch-otc574813,Similia Arnica Montana Dilution 200 CH,Similia Homoeo Laboratory,,"Provides effective relief from fainting, dizziness and pain in the head, Helps in treating retinal haemorrhages and swelling in eyes, It is primarily used for the treatment of post-injury bruises and sores, Extremely beneficial for those who are sensitive to medical injuries and are prone to suffer from motion sickness, Reduces swelling and soreness in the injured area, Restricts bleeding around the injured area, Provides effective relief from pain in the chest and breathing difficulties",Take 3-5 drops of the dilution in 1 teaspoon of water thrice a day or as directed by the physician.,"Read the label carefully before use, Use under medical supervision, Do not exceed the recommended dosage, Keep out of the reach of children, Store in a cool dry place away from direct sunlight and heat"
https://www.1mg.com/otc/tynor-d-07-knee-cap-with-patellar-ring-medium-otc344154,Tynor D 07 Knee Cap with Patellar Ring,Tynor Orthotics Pvt. Ltd.,It is used to provide support to knee joint and ligaments.,,Use as per requirement or as directed by the physician.,
https://www.1mg.com/otc/bjain-calcarea-phosphorica-dilution-200c-otc715220,Bjain Calcarea Phosphorica Dilution,Bjain Pharmaceuticals Pvt. Ltd.,,,Take 3-5 drops of the dilution in 1 teaspoon of water twice a day or as directed by the physician.,
https://www.1mg.com/otc/volini-maxx-pain-relief-spray-for-back-neck-joint-muscle-pain-bone-joint-muscle-care-otc457560,Volini Maxx Spray,Sun Pharmaceutical Industries Ltd,,"Diclofenac Diethylamine IP Equivalent to Dicoflenac Sodium, Methyl Salicylate IP, Menthol IP, Provides instant pain relief and supports bone, joint and muscle care, A unique formulation of 2% diclofenac makes it 100% stronger than other sprays, Provides effective relief from severe neck and back pain, Helps in relieving musculoskeletal and joint pain, Effective in healing pain due to strain and sprain, Useful in case of sports injuries, Has a unique 360-degree delivery mechanism that ensures standardised drug delivery, It provides instant and long-lasting pain relief from knee pain, joint pain, back pain, calf pain, and neck pain","Shake well before each use. Spray the contents from 5 cm distance on the affected areas 3-4 times in a day or, as directed by the physician.","Read the label carefully before use, Store in a cool and dry place away from direct sunlight, Keep out of reach of the children, Do not exceed the recommended dosage, For external use only, Should be applied only to intact skin surfaces and not to skin wounds and open injuries, Should not come into contact with eyes, mucous membranes and should not be ingested, Store in a cool and dry place"
https://www.1mg.com/otc/pankajakasthuri-orthoherb-ayurvedic-oil-with-amla-for-joint-pain-relief-otc356687,Pankajakasthuri Orthoherb Oil,Pankajakasthuri Herbals India (P) Ltd.,,"Vasa (Adhatoda vasica, Rt, Dct), Eranda (Ricinus communis, Rt, Dct), Bilwa (Aegle marmelos, Rt, Dct), Thwak (Cinnamomum zeylanicum, St. Bk, Dct), Maricha (Piper nigrum, Dr. Fr, Dct), Lavanga (Syzygium aromaticum, Dr. Fr, Dct), Jati (Myristica fragrans, Pp, Dct), Pata (Cyclea peltata, Rt, Dct), Nimba (Azadirachta indica, Rt, bk, Dct), Sahachara (Strobilanthes ciliatus, Rt, Dct), Nirgundi (Vitex negundo, Lf, Dct), Bala (Sida retusa, Rt, Dct), Punarnava (Boerhavia diffusa, Pl, Dct), Gunja (Abrus precatorius, Rt, Dct), Dusparsa (Tragia involucrata, Rt, Dct) 2 g each. Amalaki (Phyllanthus emblica, Dr. Fr, Pst), Manjishta (Rubia cordifolia, Rt, Pst), Guggulu (Balsamodendron mukul, Lx, Pst), Chitraka (Plumbago zeylanica, Rt, Pst) 2.5 g each. Kera thaila (Cocos nucifera, Oil) 27.50 ml, Eranda thaila (Ricinus communis, Oil) 82.50 ml, Eucalyptus Oil (Eucalyptus globulus, Oil), 100 ml, Liquid, The oil has anti-inflammatory and analgesic properties, It imparts muscle tone and lubricates the joints, It also imparts firmness to the limbs, It can help stimulate circulation, It helps the lymphatic functioning for detoxification",,"Read the label carefully before use, Store in a cool and dry place, Keep out of reach of children"
https://www.1mg.com/otc/dr.-reckeweg-bromium-dilution-30-ch-otc326881,Dr. Reckeweg Bromium Dilution,Dr Reckeweg & Co,,"Bromine, Ethanol, Water, Liquid, The dilution may help in managing dry cough with hoarseness and burning pain behind the sternum, It reduces sweating, maintains strength and reduces sore discharges, It can help regulate temperature and not get hot which is worse in the evening till midnight, It may help in relieving pain in the headaches caused by sun heat and rapid movements, This dilution can help in managing nasal discharge with blockage of the right nostril, Dr. Reckeweg Bromium Dilution can help reduce the tonsil pain when any food or liquid is swallowed, This formulation may help manage pain behind the chest region with a lot of dry cough and hoarseness, It can help in reducing pus-filled pimples",,"Read the label carefully before use, Store in a cool and dry place, away from sunlight, Keep out of reach of children, Don’t exceed the recommended dosage"
https://www.1mg.com/otc/dr-willmar-schwabe-india-ferrum-phosphoricum-biochemic-tablet-6x-otc448598,Dr Willmar Schwabe India Ferrum Phosphoricum Biochemic Tablet,Dr Willmar Schwabe India Pvt Ltd,,,As directed by the physician,
https://www.1mg.com/otc/miduty-nerve-pain-relief-capsule-alpha-lipoic-acid-b-vitamins-neuropathy-support-otc918605,Miduty Nerve Pain Relief Capsule,Midvision Pvt Ltd,,,Use as directed on the label or as advised by your healthcare provider,
https://www.1mg.com/otc/kerala-ayurveda-bala-thailam-otc361070,Kerala Ayurveda Bala Thailam,Kerala Ayurveda Limited,,,,
https://www.1mg.com/otc/comprezon-classic-varicose-vein-stockings-class-2-below-knee-1-pair-large-beige-otc389318,Comprezon Classic Varicose Vein Stockings Class 2 Below Knee (1 Pair),Dynamic Techno Medicals Pvt. Ltd.,It is primarily used to assist patients suffering from varicose veins and prevents pooling of blood.,"Prevents blood pooling: Applies graduated compression or high pressure at the ankle, medium pressure at the thigh which allows blood to flow back up to the leg, Quality Assurance: It is the only brand manufactured in India which meets international specifications for varicose vein stockings, Economical Price: It is an economical alternative to imported brands and is exported to more than 40 countries, High Quality Design: Manufactured using German Machinery and imported raw materials to provide accurate pressure for each indication of varicose veins, Toe Style: Peep hole",Use as per requirement or as directed by the healthcare physician.,"Read the label carefully before use, Store in a cool dry place away from direct sunlight, Keep out of reach of the children, Avoid physical damage"
https://www.1mg.com/otc/pravek-maha-balvardhak-oil-otc601978,Pravek Maha Balvardhak Oil,Pravek Kalp Private Limited,,,Massage adequate quantity of oil gently on the affected areas till it is absorbed. Use 2-3 times in a day for better results or as directed by the physician.,
https://www.1mg.com/otc/dr.-johns-geri-plex-sugar-free-drop-otc392442,,Nanak Laboratories Pvt Ltd,,,,
https://www.1mg.com/otc/jiva-pain-calm-oil-pain-reliever-for-joint-pain-back-pain-frozen-shoulder-sprain-muscle-soreness-with-knee-cap-free-otc651981,Jiva Pain Calm Oil,Jiva Ayurvedic Pharmacy Ltd,,,,
https://www.1mg.com/otc/dr.-reckeweg-china-dilution-cm-ch-otc373347,Dr. Reckeweg China Off Dilution,Dr Reckeweg & Co,,"Cinchona Officinalis, Highly potent remedy for the treatment of stomach disorders including nausea and vomiting, Relieves pain in the lower abdomen and treats conditions associated with flatulence, Beneficial remedy to reduce inflammation of liver and can be used to manage jaundice, Cinchona is a powerful remedy to relieve pain in liver associated with gallstones, Manages digestive disorders including conditions of diarrhoea with bodily weakness, Provides relief from pain in the pelvis",Take 3-5 drops of dilution in 1 teaspoon of water three times a day or as directed by the physician.,"Read the label carefully before use, Do not exceed the recommended dosage, Keep out of the reach of children, Store in a cool dry place away from direct sunlight and heat"
https://www.1mg.com/otc/sbl-bromium-dilution-6-ch-otc351398,SBL Bromium Dilution 6 CH,SBL Pvt Ltd,,,Take as directed by the physician and can be used with allopathic medicines.,
https://www.1mg.com/otc/volini-maxx-pain-relief-spray-for-back-neck-joint-muscle-pain-bone-joint-muscle-care-otc457561,Volini Maxx Spray,Sun Pharmaceutical Industries Ltd,,"Diclofenac Diethylamine IP Equivalent to Dicoflenac Sodium, Methyl Salicylate IP, Menthol IP, Provides instant pain relief and supports bone, joint and muscle care, A unique formulation of 2% diclofenac makes it 100% stronger than other sprays, Provides effective relief from severe neck and back pain, Helps in relieving musculoskeletal and joint pain, Effective in healing pain due to strain and sprain, Useful in case of sports injuries, Has a unique 360-degree delivery mechanism that ensures standardised drug delivery, It provides instant and long-lasting pain relief from knee pain, joint pain, back pain, calf pain, and neck pain","Shake well before each use. Spray the contents from 5 cm distance on the affected areas 3-4 times in a day or, as directed by the physician.","Read the label carefully before use, Store in a cool and dry place away from direct sunlight, Keep out of reach of the children, Do not exceed the recommended dosage, For external use only, Should be applied only to intact skin surfaces and not to skin wounds and open injuries, Should not come into contact with eyes, mucous membranes and should not be ingested, Store in a cool and dry place"
https://www.1mg.com/otc/sbl-physalis-alkekengi-dilution-1000-ch-otc356020,,SBL Pvt Ltd,,,,
https://www.1mg.com/otc/dr-willmar-schwabe-india-leucas-aspera-dilution-30-ch-otc404860,,Dr Willmar Schwabe India Pvt Ltd,,,,
https://www.1mg.com/otc/jiva-pain-calm-oil-pain-reliever-for-joint-pain-back-pain-frozen-shoulder-sprain-muscle-soreness-otc651626,Jiva Pain Calm Oil,Jiva Ayurvedic Pharmacy Ltd,,,,
https://www.1mg.com/otc/renewa-hot-water-bag-hot-water-bottle-for-pain-relief-otc491720,Renewa Hot Water Bag,Dr. Sayani's Health Care Pvt. Ltd.,"Helps manage arthritic pain, rheumatic and back pain","Soft fibre provides comfort and complete coverage of injured area, Helps provide relief from muscular and menstrual pain, The small and compact design makes it more handy and easy to carry, The water bag is leakproof and has longer life, It is suitable for children and elders","Fill to a maximum of two-thirds capacity, Check the bottle for any leakage by holding the bottle in an upside-down position, Expel air by lowering carefully onto a flat surface until water appears at the opening, Screw the stopper sufficiently tight to ensure that there is no leakage","Read the label carefully before use, Store in a cool and dry place, away from sunlight, Keep out of reach of children, When filling the bottle, do not use boiling water"
https://www.1mg.com/otc/dr.-reckeweg-bio-combination-12-bc-12-tablet-otc326275,,Dr Reckeweg & Co,,,,
https://www.1mg.com/otc/moov-pain-relief-ointment-for-back-pain-joint-pain-knee-pain-muscle-pain-otc377375,"Moov Pain Relief Ointment for Back Pain, Joint Pain, Knee Pain, Muscle Pain",Reckitt Benckiser Healthcare Pvt. Ltd.,,"Ointment, 30g",,
https://www.1mg.com/otc/adven-sporid-drop-otc328956,,Adven Biotech Pvt Ltd,,,,
https://www.1mg.com/otc/kerala-ayurveda-dhanwantharam-thailam-supports-muscle-skin-health-otc361110,Kerala Ayurveda Dhanwantharam Thailam,Kerala Ayurveda Limited,,"Country mallow or bala, Indian ginseng or ashwagandha, Gooseberry or amla, Indian bael or bilva, Sesame oil, Oil, Dhanwantharam Thailam supports the well-being of muscles and joints, making it ideal for those dealing with physical discomfort, When used for postnatal massages, it aids new mothers in their postpartum recovery process, In Ayurveda, it is traditionally used for neurological health and well-being, This oil adheres to the principles of Ayurveda, providing a holistic approach to health and well-being",,"For external use only, Store in a cool, dry place, away from direct sunlight, Keep away from the reach of children"
https://www.1mg.com/otc/volini-pain-relief-gel-for-sprain-muscle-joint-neck-low-back-pain-bone-joint-muscle-care-otc138818,Volini Pain Relief Gel,Sun Pharmaceutical Industries Ltd,,"Diclofenac Diethylamine Equivalent to Diclofenac Sodium 1% w/w, Methyl Salicylate IP, Menthol IP, Virgin Linseed Oil BP, Preservative, Benzyl Alcohol IP, Gel Base, The spray can offer relief when in pain and supports bone, muscle and joint care., It is effective for pain in the joints, knees, back, shoulders, and neck, It can work great on sports injuries such as muscle pulls, sprains, and strain, It provides instant and long-lasting pain relief from knee pain, joint pain, back pain, calf pain, and neck pain","The Volini pain relief bottle should be shaken well before spraying, Hold the spray bottle at a 5cm distance from the affected area and spray, You can use the spray about three to four times daily or as recommened by your physician","Read the label carefully before use, Store in a cool and dry place, away from sunlight, Keep out of reach of children, The Volini pain relief spray is meant for external application only, Use Volini per the doctor’s guidance, and be careful not to use more than the given dosage, Do not use the spray on open wounds or surfaces of the skin that are ruptured, The spray should not be ingested or come in contact with the eyes and mucous membranes, Avoid using the spray near a naked flame, Do not burn or make a hole in the bottle even after the spray is over"
https://www.1mg.com/otc/dr-willmar-schwabe-india-ferrum-phosphoricum-biochemic-tablet-30x-otc338243,Dr Willmar Schwabe India Ferrum Phosphoricum Biochemic Tablet,Dr Willmar Schwabe India Pvt Ltd,,,As directed by the physician,
https://www.1mg.com/otc/nagarjuna-dhaanwantharam-thailam-otc376473,Nagarjuna Dhaanwantharam Thailam,Nagarjuna Ayurvedic Centre,,"Balamoola, Paya, Yava, Kola, Kulattha, Dashamoola, Bilva, Agnimantha, Shyonaka, Patala.,Gambhari, Brihati, Kantakari, Gokshura, Shalaparni, Prishnaparni, Til Taila, Meda, Mahameda, Daru, Manjishta, Kakoli, Ksheerakakoli, Chandana, Sariva, Kushta, Tagara, Jeevaka, Rishabhaka, Saindhava Lavana, Kalanusari, Shaileya, Vacha, Agaru, Punarnava, Ashwagandha, Shatavari, Ksheerashukla, Yashti, Haritaki, Vibhitaki, Amla, Shatahva, Mashaparni, Mudgaparni, Ela, Twak and Patra, It helps relieve joint pain and stiffness, It reduces inflammation and swelling, It nourishes and strengthens muscles and joints, It improves flexibility and mobility, It promotes overall joint and musculoskeletal health",,"Store in a cool and dry place, Keep away from the direct sunlight, Read the label carefully before use"
https://www.1mg.com/otc/doliosis-d8-flu-liquid-complex-otc392472,Doliosis D8 Flu Drops,Doliosis Holistic Medicine and Foods Pvt. Ltd.,,"30 ml, Liquid",,
https://www.1mg.com/otc/bjain-syphillinum-dilution-1000-ch-otc432417,Ortho-Aid Capsule,Bjain Pharmaceuticals Pvt. Ltd.,,,,
https://www.1mg.com/otc/dr-willmar-schwabe-india-melilotus-alba-dilution-30-ch-otc405359,,Dr Willmar Schwabe India Pvt Ltd,,,,
https://www.1mg.com/otc/repl-dr.-advice-no.69-measales-drop-otc339405,,Renovision Exports Pvt Ltd,,,,
https://www.1mg.com/otc/dr.-reckeweg-bovista-dilution-10m-ch-otc373119,Dr. Reckeweg Bovista Dilution,Dr Reckeweg & Co,,"Puff Ball, Dilution, 11 ml, Male/Female, Reduces the pain in the head that increases early in the morning and the person feels like the head is growing, Excellent remedy for pimples that arise due to the use of excessive cosmetics, May reduce loose motions before and after periods when they come early with heavy flow, Good remedy for colicky pains which are better by eating, Effectively eases conditions like eczema, acne, and rashes, providing relief from itching and irritation, Helps in managing varicose veins and prevents easy bruising, promoting healthy blood flow",Use as directed by the physician.,"Store in a cool and dry place away from direct sunlight, Read the product label carefully before use, Keep out of reach of children, Do not exceed the recommended dosage, Avoid any strong smell in the mouth such as coffee, onion, hing, mint, camphor, garlic etc while taking the medicine, Keep at least half an hour gap between food/drink/ any other medicines and allopathic medicine"
https://www.1mg.com/otc/dr-willmar-schwabe-india-penicillinum-dilution-200-ch-otc394348,,Dr Willmar Schwabe India Pvt Ltd,,,,
https://www.1mg.com/otc/aurthot-hot-cold-gel-pack-large-otc389269,Synergy Hot & Cold Gel Pack,Aurthot Surgicals (OPC) Private Limited,The hot and cold gel pack is primarily used to reduce post-operative swelling and pain. It may also be used to heal sore muscles and body stiffness.,"The gel pack can be useful for swelling, pain, sore muscles, and body stiffness, The pack is refrigerator and microwave safe, Reusable:The gel pack is reusable and can be used multiple times alternatively, Safety:The pack is durable, burst, and puncture-resistant","For cold use:Store in the refrigerator for 10-15 minutes minimum and apply to the desired area, For hot use:Dip the gel pack into a bowl of hot water for a few minutes and apply to the desired area","The pack is durable, burst, and puncture-resistant, Read the label carefully before use, Store in a cool and dry place, Keep out of reach of children"
https://www.1mg.com/otc/flamingo-hc-1010-cool-pack-large-otc347026,Flamingo HC-1010 Cool Pack Large,Ascent Meditech Limited,"It is helpful in fever, insect bites, sunstroke, sports injuries, toothaches and migraines.",,,
https://www.1mg.com/otc/vissco-2-in-1-anklet-binder-to-support-stability-to-the-ankle-sprain-swelling-muscle-medium-otc448847,Vissco 2708 Pro Ankler,Vissco Rehabilitation Aids Pvt. Ltd.,Used to provide stability to the ankle joint.,,Wear this compression sleeve as you would wear shocks.,
https://www.1mg.com/otc/sbl-iridium-metallicum-dilution-1000-ch-otc353675,SBL Iridium Metallicum Dilution,SBL Pvt Ltd,,"Helps in improving concentration, Useful in treating coryza, Effectvie in curing respiratory ailments such as cough and chronic discharge from throat, Helps in reducing pain in thighs and joints, Useful in conditions of rheumatism and gout, Helps in reducing weakness and exhaustion after illness",Dosage should be directed by the physician. It can be taken along with allopathic medicines.,"Read the label carefully before use, Keep out of the reach of children, Use under medical supervision, Do not exceed the recommended dosage, Maintain half an hour gap between food, drink and any other medicines and homoeopathic medicine, Avoid any strong smell in the mouth while taking medicine e.g. camphor, garlic, onion, coffee and hing, Store in a cool and dry place"
https://www.1mg.com/otc/tynor-i-46-back-rest-universal-for-pain-relief-otc344137,Tynor,Tynor Orthotics Pvt. Ltd.,"It is placed on the car seat, chair, bed or floor etc. to maintain a natural low back curve, supporting and holding the body, enhancing comfort and relieving the anterior pressure on the vertebras.","Anatomic design, Maintains the natural low back curve, Provide side supports and hold the body, enhances comfort, Relives the anterior pressure on the vertebras, High resilience, better cushioning, High density and longer functional life, Opened cell foam, soft and comfortable, Smart cover which is removable and washable",Use as per requirement or as directed by the physician.,"Read the label carefully before use, Keep out of the reach of children, Store in a cool and dry place"
https://www.1mg.com/otc/vissco-stretchable-2d-knee-cap-knee-support-for-pain-relief-and-injury-in-pair-medium-otc448683,Vissco 2703 Pro 2D Knee Cap,Vissco Rehabilitation Aids Pvt. Ltd.,It is primarily used to give support and stability to the knee.,,Use as per requirement or as directed by the physician.,"Read the label carefully before use, Store in a cool dry place away from direct sunlight, Keep out of reach of the children, Avoid physical damage"
https://www.1mg.com/otc/sloan-s-liniment-kills-pain-reduces-swelling-strengthens-muscles-ligaments-otc315107,Sloan's Liniment,Piramal Enterprises Ltd,,Oil,,
https://www.1mg.com/otc/jiva-pain-calm-oil-pain-reliever-for-joint-pain-back-pain-frozen-shoulder-sprain-muscle-soreness-otc329877,Jiva Pain Calm Oil,Jiva Ayurvedic Pharmacy Ltd,,,,
https://www.1mg.com/otc/dr-ortho-ayurvedic-medicine-pain-relief-oil-bone-joint-muscle-care-oil-otc451622,Dr Ortho an Ayurvedic Medicine Oil,Dr Ortho Ayurvedic,,Syrup,,
https://www.1mg.com/otc/himalaya-rumalaya-pain-relief-gel-quick-relief-from-body-pain-ayurvedic-gel-otc90714,Himalaya Rumalaya Gel,Himalaya Wellness Company,,"30 gm, Gel",Apply a small quantity of the gel to the tender area and lightly massage it in or as directed by the physician.,
https://www.1mg.com/otc/sbl-rhus-toxicodendron-dilution-200-ch-otc338182,SBL Rhus Toxicodendron Dilution,SBL Pvt Ltd,,,Take 3-5 drops of dilution in 1 teaspoon water thrice a day or as directed by the physician.,
https://www.1mg.com/otc/dr-willmar-schwabe-india-comocladia-dentata-dilution-200-ch-otc400309,,Dr Willmar Schwabe India Pvt Ltd,,,,
https://www.1mg.com/otc/moov-cool-therapy-gel-otc964102,Moov Cool Therapy Gel,Reckitt Benckiser Healthcare Pvt. Ltd.,,"Each gram of gel contains: Pudina Satva (Mentha piperita) extract (Aerial parts of plant) 8.0% w/w, Preservative: Benzyl Alcohol IP, Colouring Agents: Brilliant Blue FCF, Tartrazine Yellow., Gel., 20g.",Apply a thin film of the gel to the affected area and massage gently. Repeat 3-4 times daily for best results.,
https://www.1mg.com/otc/bjain-muira-puama-mother-tincture-q-otc445175,Bjain Muira Puama Mother Tincture,Bjain Pharmaceuticals Pvt. Ltd.,,Muira Puama,Take Bjain Muira Puama Mother Tincture as directed by the physician.,
https://www.1mg.com/otc/bjain-camphora-dilution-12-ch-otc437358,Bjain Magnesium Phosphoricum Dilution,Bjain Pharmaceuticals Pvt. Ltd.,,Magnesium Phosphoricum,,
https://www.1mg.com/otc/sbl-cassia-fistula-dilution-200-ch-otc351677,SBL Cassia Fistula Dilution,SBL Pvt Ltd,,"Helps in the easy passage of bowel, Helps in the reducing body pain associated with fever, Removes fatigue and tiredness, Improves concentration, Helpful in sleep, Relieves stiffness in joints",As directed by the physician.,"Read the label carefully before use, Do not exceed the recommended dose, Keep out of reach and sight of children, Store the formulation in cool and dry place"
https://www.1mg.com/otc/tynor-b03-cervical-collar-hard-adjustable-small-otc345482,Tynor B-03 Cervical Collar Hard Adjustable,Tynor Orthotics Pvt. Ltd.,Recommended where a rigid immobilization of the cervical region is required.,"It has better cushioning thus provides better comfort, It has a long functional life, Made up of fabric that provides better ventilation, It ensures rigid support, It is used to improve aesthetics, It is Latex free",Use as per requirement or as directed by the physician.,"Read the label carefully before use, Keep out of the reach of children, Store in a cool and dry place"
https://www.1mg.com/otc/volini-maxx-pain-relief-spray-for-back-neck-joint-muscle-pain-bone-joint-muscle-care-otc457560,Volini Maxx Spray,Sun Pharmaceutical Industries Ltd,,"Diclofenac Diethylamine IP Equivalent to Dicoflenac Sodium, Methyl Salicylate IP, Menthol IP, Provides instant pain relief and supports bone, joint and muscle care, A unique formulation of 2% diclofenac makes it 100% stronger than other sprays, Provides effective relief from severe neck and back pain, Helps in relieving musculoskeletal and joint pain, Effective in healing pain due to strain and sprain, Useful in case of sports injuries, Has a unique 360-degree delivery mechanism that ensures standardised drug delivery, It provides instant and long-lasting pain relief from knee pain, joint pain, back pain, calf pain, and neck pain","Shake well before each use. Spray the contents from 5 cm distance on the affected areas 3-4 times in a day or, as directed by the physician.","Read the label carefully before use, Store in a cool and dry place away from direct sunlight, Keep out of reach of the children, Do not exceed the recommended dosage, For external use only, Should be applied only to intact skin surfaces and not to skin wounds and open injuries, Should not come into contact with eyes, mucous membranes and should not be ingested, Store in a cool and dry place"
https://www.1mg.com/otc/tynor-j-15-neoprene-hinged-knee-wrap-small-otc346221,Tynor J-15 Knee Wrap Hinged (Neoprene),Tynor Orthotics Pvt. Ltd.,It is used to provide support to knee joint and ligaments.,"Ensures customized compression, Easy application, better sizing flexibility, and better fitting, Ensures longer life, appealing aesthetics, and color fastness, Better body heat retention increases blood circulation for faster healing",Use as per requirement or as directed by the physician.,"Read the label carefully before use, Keep out of the reach of children, Store in a cool and dry place"
https://www.1mg.com/otc/sbl-alstonia-scholaris-mother-tincture-q-otc338840,,SBL Pvt Ltd,,,,
https://www.1mg.com/otc/pankajakasthuri-orthoherb-ayurvedic-oil-with-amla-for-joint-pain-relief-otc356687,Pankajakasthuri Orthoherb Oil,Pankajakasthuri Herbals India (P) Ltd.,,"Vasa (Adhatoda vasica, Rt, Dct), Eranda (Ricinus communis, Rt, Dct), Bilwa (Aegle marmelos, Rt, Dct), Thwak (Cinnamomum zeylanicum, St. Bk, Dct), Maricha (Piper nigrum, Dr. Fr, Dct), Lavanga (Syzygium aromaticum, Dr. Fr, Dct), Jati (Myristica fragrans, Pp, Dct), Pata (Cyclea peltata, Rt, Dct), Nimba (Azadirachta indica, Rt, bk, Dct), Sahachara (Strobilanthes ciliatus, Rt, Dct), Nirgundi (Vitex negundo, Lf, Dct), Bala (Sida retusa, Rt, Dct), Punarnava (Boerhavia diffusa, Pl, Dct), Gunja (Abrus precatorius, Rt, Dct), Dusparsa (Tragia involucrata, Rt, Dct) 2 g each. Amalaki (Phyllanthus emblica, Dr. Fr, Pst), Manjishta (Rubia cordifolia, Rt, Pst), Guggulu (Balsamodendron mukul, Lx, Pst), Chitraka (Plumbago zeylanica, Rt, Pst) 2.5 g each. Kera thaila (Cocos nucifera, Oil) 27.50 ml, Eranda thaila (Ricinus communis, Oil) 82.50 ml, Eucalyptus Oil (Eucalyptus globulus, Oil), 100 ml, Liquid, The oil has anti-inflammatory and analgesic properties, It imparts muscle tone and lubricates the joints, It also imparts firmness to the limbs, It can help stimulate circulation, It helps the lymphatic functioning for detoxification",,"Read the label carefully before use, Store in a cool and dry place, Keep out of reach of children"
https://www.1mg.com/otc/jiva-pain-calm-oil-pain-reliever-for-joint-pain-back-pain-frozen-shoulder-sprain-muscle-soreness-with-knee-cap-free-otc651981,Jiva Pain Calm Oil,Jiva Ayurvedic Pharmacy Ltd,,,,
https://www.1mg.com/otc/lp-330-heelcare-cushion-cups-pair-large-otc331575,LP #330 Heelcare Cushion Cups,LP Support,It is used to reduce the pain in heels while walking or performing any sports activity.,,Use as directed by the physician.,"Read the label carefully before use, Keep out of reach of the children, Store in a cool dry place"
https://www.1mg.com/otc/miduty-nerve-pain-relief-capsule-alpha-lipoic-acid-b-vitamins-neuropathy-support-otc918605,Miduty Nerve Pain Relief Capsule,Midvision Pvt Ltd,,,Use as directed on the label or as advised by your healthcare provider,
https://www.1mg.com/otc/dominion-care-combo-pack-of-accu-paduka-accupressure-massage-slipper-and-dolphin-massager-otc516250,,Kapil Plastic Mould,,,,
https://www.1mg.com/otc/pravek-maha-balvardhak-oil-otc601978,Pravek Maha Balvardhak Oil,Pravek Kalp Private Limited,,,Massage adequate quantity of oil gently on the affected areas till it is absorbed. Use 2-3 times in a day for better results or as directed by the physician.,
https://www.1mg.com/otc/jiva-pain-calm-oil-pain-reliever-for-joint-pain-back-pain-frozen-shoulder-sprain-muscle-soreness-otc651626,Jiva Pain Calm Oil,Jiva Ayurvedic Pharmacy Ltd,,,,
https://www.1mg.com/otc/jiva-pain-calm-oil-pain-reliever-for-joint-pain-back-pain-frozen-shoulder-sprain-muscle-soreness-with-knee-cap-free-otc651981,Jiva Pain Calm Oil,Jiva Ayurvedic Pharmacy Ltd,,,,
https://www.1mg.com/otc/dr-ortho-an-ayurvedic-medicine-strong-oil-otc901775,Dr Ortho an Ayurvedic Medicine Strong Oil,Dr Ortho Ayurvedic,,,,
https://www.1mg.com/otc/volini-maxx-pain-relief-spray-for-back-neck-joint-muscle-pain-bone-joint-muscle-care-otc457561,Volini Maxx Spray,Sun Pharmaceutical Industries Ltd,,"Diclofenac Diethylamine IP Equivalent to Dicoflenac Sodium, Methyl Salicylate IP, Menthol IP, Provides instant pain relief and supports bone, joint and muscle care, A unique formulation of 2% diclofenac makes it 100% stronger than other sprays, Provides effective relief from severe neck and back pain, Helps in relieving musculoskeletal and joint pain, Effective in healing pain due to strain and sprain, Useful in case of sports injuries, Has a unique 360-degree delivery mechanism that ensures standardised drug delivery, It provides instant and long-lasting pain relief from knee pain, joint pain, back pain, calf pain, and neck pain","Shake well before each use. Spray the contents from 5 cm distance on the affected areas 3-4 times in a day or, as directed by the physician.","Read the label carefully before use, Store in a cool and dry place away from direct sunlight, Keep out of reach of the children, Do not exceed the recommended dosage, For external use only, Should be applied only to intact skin surfaces and not to skin wounds and open injuries, Should not come into contact with eyes, mucous membranes and should not be ingested, Store in a cool and dry place"
https://www.1mg.com/otc/dr.-reckeweg-r69-for-pain-between-the-ribs-drop-otc327380,,Dr Reckeweg & Co,,,,
https://www.1mg.com/otc/jiva-pain-calm-oil-pain-reliever-for-joint-pain-back-pain-frozen-shoulder-sprain-muscle-soreness-otc651626,Jiva Pain Calm Oil,Jiva Ayurvedic Pharmacy Ltd,,,,
https://www.1mg.com/otc/sbl-mercurius-iodatus-flavus-dilution-200-ch-otc348295,,SBL Pvt Ltd,,,,
https://www.1mg.com/otc/moov-pain-relief-ointment-for-back-pain-joint-pain-knee-pain-muscle-pain-otc377375,"Moov Pain Relief Ointment for Back Pain, Joint Pain, Knee Pain, Muscle Pain",Reckitt Benckiser Healthcare Pvt. Ltd.,,"Ointment, 30g",,
https://www.1mg.com/otc/repl-dr.-advice-no.42-tempex-drop-otc339377,,Renovision Exports Pvt Ltd,,,,
https://www.1mg.com/otc/sbl-guarana-dilution-200-ch-otc353290,SBL Guarana Dilution,SBL Pvt Ltd,,"Guarana with alcohol, Relieves migraine and sick headache, Effective in treating mild depression, Helps in boosting energy, Relieves severe diarrhoea, Has spermatogenic properties on which research is being done",Dosage should be directed by the physician,"Read the label carefully before use, Do not exceed the recommended dose, Keep out of the reach of children, Store in a cool and dry place"
https://www.1mg.com/otc/volini-pain-relief-gel-for-sprain-muscle-joint-neck-low-back-pain-bone-joint-muscle-care-otc138818,Volini Pain Relief Gel,Sun Pharmaceutical Industries Ltd,,"Diclofenac Diethylamine Equivalent to Diclofenac Sodium 1% w/w, Methyl Salicylate IP, Menthol IP, Virgin Linseed Oil BP, Preservative, Benzyl Alcohol IP, Gel Base, The spray can offer relief when in pain and supports bone, muscle and joint care., It is effective for pain in the joints, knees, back, shoulders, and neck, It can work great on sports injuries such as muscle pulls, sprains, and strain, It provides instant and long-lasting pain relief from knee pain, joint pain, back pain, calf pain, and neck pain","The Volini pain relief bottle should be shaken well before spraying, Hold the spray bottle at a 5cm distance from the affected area and spray, You can use the spray about three to four times daily or as recommened by your physician","Read the label carefully before use, Store in a cool and dry place, away from sunlight, Keep out of reach of children, The Volini pain relief spray is meant for external application only, Use Volini per the doctor’s guidance, and be careful not to use more than the given dosage, Do not use the spray on open wounds or surfaces of the skin that are ruptured, The spray should not be ingested or come in contact with the eyes and mucous membranes, Avoid using the spray near a naked flame, Do not burn or make a hole in the bottle even after the spray is over"
https://www.1mg.com/otc/dr.-reckeweg-baptisia-tinctoria-dilution-1000-ch-otc328803,Dr. Reckeweg Baptisia Tinctoria Dilution,Dr Reckeweg & Co,,"It is primarily effective in the treatment of high fever, malarial poisoning and issues associated with influenza, Useful in the treatment of thyroid fever at all stages and corrects vital fluid decomposition and rapid disintegration, Has properties that forms anti-bodies which helps the body resist the invasion of bacillary intoxication that causes typhoid, Highly effective remedy for the treatment of grade fevers accompanied by nervousness, chilliness and pain in head, back and limbs, Effective in treatment of diarrhoea and flatulence in stomach",Take 3-5 drops of dilution in 1/4th cup of water thrice a day or as directed by the physician.,"Read the label carefully before use, Do not exceed the recommended dosage, Keep out of the reach of children, Store in a cool dry place away from direct sunlight and heat"
https://www.1mg.com/otc/dr-willmar-schwabe-india-plumbum-metallicum-trituration-tablet-3x-otc400979,,Dr Willmar Schwabe India Pvt Ltd,,,,
https://www.1mg.com/otc/dr.-johns-j-37-sprain-drop-otc387633,Dr. Johns J-37 Sprain Drop,Nanak Laboratories Pvt Ltd,,"Ledum palustre, Arnica montana, Rhus toxicodendron, Ruta graveolans, Carbo animalis, It helps to repair the damaged ligaments, It helps reduce pain and swelling, It helps to prevent stiffness of the muscles",As directed by the physician,"Keep out of reach of children, Store in a cool and dry place, Do not exceed the recommended dosage, Read label before use"
https://www.1mg.com/otc/tynor-a-11-chest-binder-small-otc345460,Tynor A-11 Chest Binder,Tynor Orthotics Pvt. Ltd.,To support the chest after traumatic injury.,"50 mm thick PUF pad hold and binds the fractured sternum without compromising on patient comfort, Strong elastic band gives good grip and helps in equidistribution of pressure, Reduces post-operative pain and discomfiture, Facilitates phlegm expulsion after cardio thoracic surgery",Use as per requirement or as directed by the physician.,"Read the label carefully before use, Keep out of the reach of children, Store in a cool and dry place"
https://www.1mg.com/otc/sbl-arnica-montana-dilution-dilution-3-ch-otc351136,SBL Arnica Montana Dilution,SBL Pvt Ltd,,"Arnica Montana, Liquid",,
https://www.1mg.com/otc/sbl-cuprum-aceticum-dilution-30-ch-otc346460,SBL Cuprum Aceticum Dilution,SBL Pvt Ltd,,"Neutral acetate of copper, Alcohol, Treatment of leprosy and psoriasis, Reduces chronic labor pain of women, Reduces facial pain of cheek bone and right ear, Helps in relieving severe headache, Relieves chronic throbbing and crying tendencies, Provides relief from spasmodic pain in the stomach, Relieves fever with cough, Helps in reducing chest constriction",Dosage should be directed by the physician.,"Read the label carefully before use, Maintain 30 minutes gap between any food, drink and any other medicine, Avoid any strong smell in mouth during taking the medicine like garlic, coffee, camphor, etc, It can also be taken with allopathic medicines, Do not exceed the recommended dosage, Keep out of the reach of children"
https://www.1mg.com/otc/dr-willmar-schwabe-india-guarana-dilution-1000-ch-otc403614,,Dr Willmar Schwabe India Pvt Ltd,,,,
https://www.1mg.com/otc/comprezon-classic-varicose-vein-stockings-class-2-above-knee-1-pair-medium-beige-otc390188,Comprezon Classic Varicose Vein Stockings Class 2 Above Knee (1 Pair),Dynamic Techno Medicals Pvt. Ltd.,Boost flow of blood back from legs to heart. Prevents the pooling of blood in the legs which is the main cause of varicose veins,,As described by your physician,"Read the label carefully before use, Store in a cool, dry place away from direct sunlight, Keep out of reach of children, Avoid physical damage"
https://www.1mg.com/otc/sbl-gelsemium-sempervirens-mother-tincture-q-otc338726,,SBL Pvt Ltd,,,,
https://www.1mg.com/otc/deve-herbes-pure-pumpkin-cucurbita-pepo-seed-oil-otc396896,Deve Herbes Pure Pumpkin Seed Oil,Deve Herbes,,Pure Pumpkin Seed Oil,It may be used alone or with other oils to nourish your skin.,
https://www.1mg.com/otc/bjain-rhus-toxicodendron-dilution-50m-ch-otc434350,Bjain Rhus Toxicodendron Dilution,Bjain Pharmaceuticals Pvt. Ltd.,,,Take 3-5 drops of the dilution in 1 teaspoon of water twice a day or as directed by the physician.,
https://www.1mg.com/otc/tynor-j-01-neoprene-hinged-knee-support-medium-otc344160,Tynor J01 Knee Support Hinged (Neoprene),Tynor Orthotics Pvt. Ltd.,It is used to provide support to knee joint and ligaments.,,Use as per requirement or as directed by the physician.,
https://www.1mg.com/otc/sbl-rhus-toxicodendron-0-1-lm-otc365080,,SBL Pvt Ltd,,,,
https://www.1mg.com/otc/sbl-conium-maculatum-dilution-1000-ch-otc346426,SBL Conium Maculatum Dilution,SBL Pvt Ltd,,,"Dosage should be directed by the physician.Maintain 30 minutes gap between drink, food or any other medication.Avoid strong smell in the mouth before taking a dose.",
https://www.1mg.com/otc/herbal-brews-herbal-pain-relief-patch-otc832777,Herbal Brews Herbal Pain Relief Patch,Herbal Brews International,,"Wormwood, The patches stay where you need them and are easy to remove, Provides relief from the pain associated with sore muscles and knee pain, Regular use helps to alleviate muscle soreness, joint pain, and sprains, Herbal Brews pain relieving patches offer pain relief for up to 8 hours","Clean the body part of the application before use, Remove the release paper and apply the patch to the uncomfortable place of the body, The patches are applied once a day and generally for 8 to 10 hours","Read the label instruction carefully before use, Store in a cool and dry place, away from sunlight, Keep out of reach of children"
https://www.1mg.com/otc/dr-willmar-schwabe-india-ferrum-phosphoricum-biochemic-tablet-12x-otc338242,Dr Willmar Schwabe India Ferrum Phosphoricum Biochemic Tablet,Dr Willmar Schwabe India Pvt Ltd,,,As directed by the physician,
https://www.1mg.com/otc/sloan-s-liniment-kills-pain-reduces-swelling-strengthens-muscles-ligaments-otc315107,Sloan's Liniment,Piramal Enterprises Ltd,,Oil,,
https://www.1mg.com/otc/jiva-pain-calm-oil-pain-reliever-for-joint-pain-back-pain-frozen-shoulder-sprain-muscle-soreness-otc329877,Jiva Pain Calm Oil,Jiva Ayurvedic Pharmacy Ltd,,,,
https://www.1mg.com/otc/sbl-cinchona-officinalis-dilution-30-ch-otc338344,SBL Cinchona Officinalis Dilution,SBL Pvt Ltd,,Cinchona Officinalis,Take 3-5 drops of dilution in 1 teaspoon of water three times a day or as directed by the physician.,
https://www.1mg.com/otc/himalaya-rumalaya-pain-relief-gel-quick-relief-from-body-pain-ayurvedic-gel-otc90714,Himalaya Rumalaya Gel,Himalaya Wellness Company,,"30 gm, Gel",Apply a small quantity of the gel to the tender area and lightly massage it in or as directed by the physician.,
https://www.1mg.com/otc/lp-944-ankle-support-single-large-otc331338,LP #944 Ankle Support Single,LP Support,Primarily used to gain relief from inflammatory conditions of the ankle joints which cause great pain and swelling.,"It can be used in high impact, sporting activities or by individuals where repetitive ankle injuries are common, It also helps to control swelling, oedema or sprains and rollovers of the ankle, Ensures easy application and removal",Use as per requirement or as directed by the physician.,"Read the label carefully before use, Keep out of the reach of children, Store in a cool dry place away from direct sunlight"
https://www.1mg.com/otc/vissco-icecool-gel-pack-re-freezable-for-shoulder-back-pain-relief-universal-otc393899,Vissco Activecool Open Re-Freezable Cold Pack H1034,Vissco Rehabilitation Aids Pvt. Ltd.,It gives orthopaedic support with cold compression.,"It assists in reducing inflammation and swelling, Helps to reduce muscle spasms, Useful in improving the recovery time, Easy to use, portable and effective in reducing swelling, Stays cool for a longer time, Sizes: Small and Universal, Dimensions: Regular- 24 x 12 cm","Place the gel pack in the refrigerator for 30 minutes, Once the gel is cool enough, place it over the affected areas","Read the label carefully before use, Keep away from direct contact with sunlight, Do not pierce, Do not expose to extensive heat, Not for consumption"
https://www.1mg.com/otc/moov-cool-therapy-gel-otc964102,Moov Cool Therapy Gel,Reckitt Benckiser Healthcare Pvt. Ltd.,,"Each gram of gel contains: Pudina Satva (Mentha piperita) extract (Aerial parts of plant) 8.0% w/w, Preservative: Benzyl Alcohol IP, Colouring Agents: Brilliant Blue FCF, Tartrazine Yellow., Gel., 20g.",Apply a thin film of the gel to the affected area and massage gently. Repeat 3-4 times daily for best results.,
https://www.1mg.com/otc/sbl-bovista-dilution-1000-ch-otc346046,SBL Bovista Dilution,SBL Pvt Ltd,,"Improves the grip on the hands, when everything seems to fall from the hands, Reduces the pain in the head that increases early in the morning and person feels like the head is growing, Scalp itches, which is painful that gives you the feeling to scratch until its sore, It helps with kids suffering from stammering, Excellent remedy for pimples that arise due to the use of excessive cosmetics, Reduces loose motions before and after periods when they come early with heavy flow, Good remedy for colicky pains which are better by eating, pain becomes severe that makes him bend forward",As prescribed by physician. Can be taken along with allopathic medicines.,"Read the label carefully before use, Avoid eating tobacco or drinking alcohol during the course, Keep out of the reach of children, Use under medical supervision, Avoid any strong smell in the mouth such as coffee, onion, hing, mint, camphor, garlic etc while taking the medicine, Keep at least half an hour gap between food/drink/ any other medicines and allopathic medicine"
https://www.1mg.com/otc/kerala-ayurveda-bala-thailam-otc361069,Kerala Ayurveda Bala Thailam,Kerala Ayurveda Limited,,,,
https://www.1mg.com/otc/dr.-reckeweg-hypericum-per-dilution-10m-ch-otc376073,,Dr Reckeweg & Co,,,,
https://www.1mg.com/otc/baidyanath-nagpur-ekangweer-ras-otc627179,Baidyanath (Nagpur) Ekangweer Ras,Shree Baidyanath Ayurved Bhawan (P)Limited (Nagpur),,,1 to 2 tablets twice a day with water or honey.,
https://www.1mg.com/otc/volini-maxx-pain-relief-spray-for-back-neck-joint-muscle-pain-bone-joint-muscle-care-otc457560,Volini Maxx Spray,Sun Pharmaceutical Industries Ltd,,"Diclofenac Diethylamine IP Equivalent to Dicoflenac Sodium, Methyl Salicylate IP, Menthol IP, Provides instant pain relief and supports bone, joint and muscle care, A unique formulation of 2% diclofenac makes it 100% stronger than other sprays, Provides effective relief from severe neck and back pain, Helps in relieving musculoskeletal and joint pain, Effective in healing pain due to strain and sprain, Useful in case of sports injuries, Has a unique 360-degree delivery mechanism that ensures standardised drug delivery, It provides instant and long-lasting pain relief from knee pain, joint pain, back pain, calf pain, and neck pain","Shake well before each use. Spray the contents from 5 cm distance on the affected areas 3-4 times in a day or, as directed by the physician.","Read the label carefully before use, Store in a cool and dry place away from direct sunlight, Keep out of reach of the children, Do not exceed the recommended dosage, For external use only, Should be applied only to intact skin surfaces and not to skin wounds and open injuries, Should not come into contact with eyes, mucous membranes and should not be ingested, Store in a cool and dry place"
https://www.1mg.com/otc/deve-herbes-pure-nirgundi-oil-otc396830,,Deve Herbes,,,,
https://www.1mg.com/otc/lp-649-elbow-guard-single-large-black-otc331247,LP 649 Elbow Guard Single,LP Support,It is primarily used to provide relief in lateral and medial epicondylitis (tennis elbow golfer’s elbow).,"Facilitates support to the elbow during playing, Provides concentrated pressure, Provides relief from generalized pain and tenderness in the forearm and elbow, The product can be used while exercising or post-exercise, Helps to enhance the blood circulation, Minimizes the muscle tension, Alleviates pain and reduces swelling",Use as per requirement or as directed by the physician.,"Read the label carefully before use, Keep out of the reach of children, Store in a cool dry place away from direct sunlight"
https://www.1mg.com/otc/pankajakasthuri-orthoherb-ayurvedic-oil-with-amla-for-joint-pain-relief-otc356687,Pankajakasthuri Orthoherb Oil,Pankajakasthuri Herbals India (P) Ltd.,,"Vasa (Adhatoda vasica, Rt, Dct), Eranda (Ricinus communis, Rt, Dct), Bilwa (Aegle marmelos, Rt, Dct), Thwak (Cinnamomum zeylanicum, St. Bk, Dct), Maricha (Piper nigrum, Dr. Fr, Dct), Lavanga (Syzygium aromaticum, Dr. Fr, Dct), Jati (Myristica fragrans, Pp, Dct), Pata (Cyclea peltata, Rt, Dct), Nimba (Azadirachta indica, Rt, bk, Dct), Sahachara (Strobilanthes ciliatus, Rt, Dct), Nirgundi (Vitex negundo, Lf, Dct), Bala (Sida retusa, Rt, Dct), Punarnava (Boerhavia diffusa, Pl, Dct), Gunja (Abrus precatorius, Rt, Dct), Dusparsa (Tragia involucrata, Rt, Dct) 2 g each. Amalaki (Phyllanthus emblica, Dr. Fr, Pst), Manjishta (Rubia cordifolia, Rt, Pst), Guggulu (Balsamodendron mukul, Lx, Pst), Chitraka (Plumbago zeylanica, Rt, Pst) 2.5 g each. Kera thaila (Cocos nucifera, Oil) 27.50 ml, Eranda thaila (Ricinus communis, Oil) 82.50 ml, Eucalyptus Oil (Eucalyptus globulus, Oil), 100 ml, Liquid, The oil has anti-inflammatory and analgesic properties, It imparts muscle tone and lubricates the joints, It also imparts firmness to the limbs, It can help stimulate circulation, It helps the lymphatic functioning for detoxification",,"Read the label carefully before use, Store in a cool and dry place, Keep out of reach of children"
https://www.1mg.com/otc/sbl-arnica-montana-0-6-lm-otc360830,,SBL Pvt Ltd,,,,
https://www.1mg.com/otc/sbl-arnica-montana-0-8-lm-otc360832,,SBL Pvt Ltd,,,,
https://www.1mg.com/otc/miduty-nerve-pain-relief-capsule-alpha-lipoic-acid-b-vitamins-neuropathy-support-otc918605,Miduty Nerve Pain Relief Capsule,Midvision Pvt Ltd,,,Use as directed on the label or as advised by your healthcare provider,
https://www.1mg.com/otc/jiva-pain-calm-oil-pain-reliever-for-joint-pain-back-pain-frozen-shoulder-sprain-muscle-soreness-otc329877,Jiva Pain Calm Oil,Jiva Ayurvedic Pharmacy Ltd,,,,
https://www.1mg.com/otc/dr.-reckeweg-tellurium-metallicum-dilution-30-otc326384,Dr. Reckeweg Tellurium Metallicum Dilution,Dr Reckeweg & Co,,"Tellurium Metallicum, 11ml, Dilution, This formula is primarily used for the management of skin ailments such as acne, pimple eruptions, dry skin and scars, It is also useful in managing severe headaches and related symptoms such as dizziness, and nausea and promotes better sleep, This dilution may help to relieve the burning sensation and itchiness in the eyes and restrict the discharge of pus from the eye, It may help to manage conditions associated with ears such as the presence of abscess behind the ears, discharge of pus, itching and inflammation of the ear, deafness and sensation of tremor in the ears, It can also be extremely helpful in the management of pain below the spinal cord",,"Read the label carefully before use, Store in a cool and dry place, Keep out of reach of children, Do not exceed the recommended dose, Self-medication is not advised"
https://www.1mg.com/otc/pravek-maha-balvardhak-oil-otc601978,Pravek Maha Balvardhak Oil,Pravek Kalp Private Limited,,,Massage adequate quantity of oil gently on the affected areas till it is absorbed. Use 2-3 times in a day for better results or as directed by the physician.,
https://www.1mg.com/otc/bjain-arnica-montana-dilution-30c-otc433313,Bjain Arnica Montana Dilution,Bjain Pharmaceuticals Pvt. Ltd.,,,"10 to 15 drops in ¼ cup of water, two times a day, 10 minutes before or after meals or as prescribed by the physician.",
https://www.1mg.com/otc/jiva-pain-calm-oil-pain-reliever-for-joint-pain-back-pain-frozen-shoulder-sprain-muscle-soreness-with-knee-cap-free-otc651981,Jiva Pain Calm Oil,Jiva Ayurvedic Pharmacy Ltd,,,,
https://www.1mg.com/otc/dr-willmar-schwabe-india-magnesia-phosphoricum-biochemic-tablet-12x-otc448615,Dr Willmar Schwabe India Magnesia Phosphoricum Biochemic Tablet,Dr Willmar Schwabe India Pvt Ltd,,,,
https://www.1mg.com/otc/jain-pain-off-oil-otc347254,"Kabiron Kab-Cast Fiber Glass Casting Tape 3"" x 4yrds 7.5cm x 3.6m",Sri Jain Ayurvedic Pharmacy,,,,
https://www.1mg.com/otc/volini-maxx-pain-relief-spray-for-back-neck-joint-muscle-pain-bone-joint-muscle-care-otc457561,Volini Maxx Spray,Sun Pharmaceutical Industries Ltd,,"Diclofenac Diethylamine IP Equivalent to Dicoflenac Sodium, Methyl Salicylate IP, Menthol IP, Provides instant pain relief and supports bone, joint and muscle care, A unique formulation of 2% diclofenac makes it 100% stronger than other sprays, Provides effective relief from severe neck and back pain, Helps in relieving musculoskeletal and joint pain, Effective in healing pain due to strain and sprain, Useful in case of sports injuries, Has a unique 360-degree delivery mechanism that ensures standardised drug delivery, It provides instant and long-lasting pain relief from knee pain, joint pain, back pain, calf pain, and neck pain","Shake well before each use. Spray the contents from 5 cm distance on the affected areas 3-4 times in a day or, as directed by the physician.","Read the label carefully before use, Store in a cool and dry place away from direct sunlight, Keep out of reach of the children, Do not exceed the recommended dosage, For external use only, Should be applied only to intact skin surfaces and not to skin wounds and open injuries, Should not come into contact with eyes, mucous membranes and should not be ingested, Store in a cool and dry place"
https://www.1mg.com/otc/dr-willmar-schwabe-india-eupatorium-perfoliatum-dilution-30-ch-otc402680,Dr. Willmar Schwabe India Eupatorium Perfoliatum Dilution,Dr Willmar Schwabe India Pvt Ltd,,"Eupatorium Perfoliatum, It is useful in the treatment of bone-pain, Eupatorium Perfoliatum is indicated for the sluggishness of all organs and functions, It assists in the treatment of herpes, ringworm, wounds, gout, The dilution acts as an immune-stimulant",,"Read the label carefully before use, Store in a cool and dry place, away from sunlight, Avoid eating tobacco or drinking alcohol during the course, Keep out of the reach of children, Use under medical supervision, Avoid any strong smell in the mouth such as coffee, onion, hing, mint, camphor, garlic, etc while taking the medicine, Keep at least half an hour gap between food/drink/ any other medicines and allopathic medicine"
https://www.1mg.com/otc/jeevan-ras-kalmegh-juice-otc424440,,Axiom Ayurveda,,,,
https://www.1mg.com/otc/jiva-pain-calm-oil-pain-reliever-for-joint-pain-back-pain-frozen-shoulder-sprain-muscle-soreness-otc651626,Jiva Pain Calm Oil,Jiva Ayurvedic Pharmacy Ltd,,,,
https://www.1mg.com/otc/dominion-care-acupressure-thumb-pad-general-otc495792,,Kapil Plastic Mould,,,,
https://www.1mg.com/otc/gurukul-mahanaryan-tail-otc648511,Gurukul Mahanarayan Tail,Gurukul Kangri Pharmacy,,"Ashwagandha, Kateri Gokhru, Sonapatha, Punarnava mool, Shatavari, Rasna, Saunf, Devdaru, Keshar, Haldi, Safed Chandan, Yastimadhu, Til oil, Full of demulcent and emollient action, Used in rheumatic pain, paralysis and gout, Provides relief from joint pain, backaches, muscle aches etc",Use as advised by the healthcare professional.,"Read the label carefully before use, Keep out of reach of children, Store in a cool and dry place"
https://www.1mg.com/otc/moov-pain-relief-ointment-for-back-pain-joint-pain-knee-pain-muscle-pain-otc377375,"Moov Pain Relief Ointment for Back Pain, Joint Pain, Knee Pain, Muscle Pain",Reckitt Benckiser Healthcare Pvt. Ltd.,,"Ointment, 30g",,
https://www.1mg.com/otc/sbl-pancreatinum-dilution-200-ch-otc348477,,SBL Pvt Ltd,,,,
https://www.1mg.com/otc/bhargava-spondin-oral-spray-otc962669,Spondin Oral Spray,Bhargava Phytolab,,"Benzocaine, Menthol, Glycerin",,
https://www.1mg.com/otc/volini-pain-relief-gel-for-sprain-muscle-joint-neck-low-back-pain-bone-joint-muscle-care-otc138818,Volini Pain Relief Gel,Sun Pharmaceutical Industries Ltd,,"Diclofenac Diethylamine Equivalent to Diclofenac Sodium 1% w/w, Methyl Salicylate IP, Menthol IP, Virgin Linseed Oil BP, Preservative, Benzyl Alcohol IP, Gel Base, The spray can offer relief when in pain and supports bone, muscle and joint care., It is effective for pain in the joints, knees, back, shoulders, and neck, It can work great on sports injuries such as muscle pulls, sprains, and strain, It provides instant and long-lasting pain relief from knee pain, joint pain, back pain, calf pain, and neck pain","The Volini pain relief bottle should be shaken well before spraying, Hold the spray bottle at a 5cm distance from the affected area and spray, You can use the spray about three to four times daily or as recommened by your physician","Read the label carefully before use, Store in a cool and dry place, away from sunlight, Keep out of reach of children, The Volini pain relief spray is meant for external application only, Use Volini per the doctor’s guidance, and be careful not to use more than the given dosage, Do not use the spray on open wounds or surfaces of the skin that are ruptured, The spray should not be ingested or come in contact with the eyes and mucous membranes, Avoid using the spray near a naked flame, Do not burn or make a hole in the bottle even after the spray is over"
https://www.1mg.com/otc/bjain-chininum-sulphuricum-dilution-200-ch-otc438983,Bjain Chininum Sulphuricum Dilution,Bjain Pharmaceuticals Pvt. Ltd.,,Chininum Sulphuricum,Take 3-5 drops of drops in 1 teaspoon of water twice a day or as directed by the physician.,
https://www.1mg.com/otc/dr.-reckeweg-magnesium-muriaticum-dilution-200-ch-otc332001,Dr. Reckeweg Magnesium Muriaticum Dilution,Dr Reckeweg & Co,,"Magnesium Muriaticum, 11 ml, Liquid drops, The dilution helps manage infections and enlargement of the liver, It provides relief from chronic headaches and blocked nose, It helps in addressing diarrhoea and indigestion, It addresses constipation issues, It is useful for menstrual complaints in females, It helps reduce bloating and hemorrhoids",,"Do not exceed the recommended dosage, Read the label carefully before use, Store in a cool dry place away from direct sunlight, Keep out of reach of children, Avoid any strong smell in the mouth such as coffee, onion, hing, mint, camphor, garlic etc. while taking the medicine, Keep at least half an hour gap between food/drink/ any other medicines and allopathic medicine"
https://www.1mg.com/otc/tynor-b-19-contoured-cervical-pillow-universal-for-pain-relief-supports-neck-posture-while-sleeping-universal-otc345510,Tynor B-19 Contoured Cervical Pillow,Tynor Orthotics Pvt. Ltd.,It is designed in a manner that keeps the neck in hyperextension position thus helping them get a good night's sleep.,,Measure the distance between the edge of the sternum and lower jaw with the neck in the extension position.,"Read the label carefully before use, Keep out of reach of the children, Store in a cool dry place"
https://www.1mg.com/otc/maryus-painease-liniment-otc842626,Maryus Painease Liniment,Maryus Healthcare Pvt. Ltd.,,"Wintergreen oil, Mahanarayan oil, Mentha Piperita oil, Dalchini oil, Jyotismathi oil, Eucalyptus oil, Nirgundi oil, Lavang oil, Kapoor, Deodhar, Brassica Nigra oil, Sesamomum indicum oil, Wintergreen oil, mahanarayan oil and nirgundi oil together give penetrative action for rapid pain relief, Eucalyptus oil relieves joint stiffness, Sesamum indicum and barisca nigra together are time-tested herbs to balance vata doshas",Gently massage 2 or 3 times a day.,"Read the label carefully before use, Store in a cool and dry place, away from sunlight, Keep out of reach of children, Use under medical supervision"
https://www.1mg.com/otc/sbl-calcarea-carbonicum-trituration-tablet-3x-otc339018,,SBL Pvt Ltd,,,,
https://www.1mg.com/otc/dr-willmar-schwabe-india-cornus-circinata-dilution-200-ch-otc400614,Dr. Willmar Schwabe India Cornus Circinata Dilution,Dr Willmar Schwabe India Pvt Ltd,,"Cornus Circinata, Extra Neutral Alcohol, Helps in treating malaria, jaundice and hepatitis, Helps in reducing morning weakness, Provides relief in stomach pain, Aids in treating mouth ulcers, Helps in relieving buttock and genital eruptions",Use as directed by the physician,"Keep out of reach of children, Use under the consultation of physician, Avoid any strong smell in the mouth such as coffee, onion, hing, mint, camphor, garlic etc while taking the medicine, Keep at least half an hour gap between food/drink/ any other medicines and allopathic medicine"
https://www.1mg.com/otc/sbl-arsenic-sulphuratum-rubrum-dilution-1000-ch-otc345924,SBL Arsenic Sulphuratum Rubrum Dilution,SBL Pvt Ltd,,"Arsenicum sulphuratum rubrum with alcohol, Relieves occipital region headache with intense nasal coryza, Relieves painful leucorrhoea and anaemic appearance, Cures sciatica post influenza, Relieves forehead pain over eyes extending inwards, Gets rid of thick mucus of throat that causes hoarseness, Relieves chest pain and breathing, Cures abdominal and stomach pain, especially after eating, Gets rid of diarrhoea and anus burning sensation, Eases lower back soreness in the morning and joint mechanisms",Take 3-5 drops two to three times a day or as directed by the physician.,"Read the label carefully before use, Do not exceed the recommended dose, Keep it away from the children, Store in a cool dry place away from direct sunlight"
https://www.1mg.com/otc/hapdco-spondolat-drop-otc386184,,HAPDCO,,,,
https://www.1mg.com/otc/jeevan-ras-arand-mool-tailam-otc425261,,Axiom Ayurveda,,,,
https://www.1mg.com/otc/jiva-dashmool-kwath-otc330025,Jiva Dashmool Kwath,Jiva Ayurvedic Pharmacy Ltd,,"Shalaparni, Prushniparni, Kantakari, Gokshura, Sonapatha, Bilva, Gambhari, Patla, Brihati, Permitted class II preservative Q.S., Liquid, 200 ml, Male/Female, Kantakari and prushniparni help clear respiratory passages and support healthy breathing, Bilva and sonapatha help in relieving congestion and promoting lung health, Gokshura and shaliparni possess anti-inflammatory properties that help in joint health and alleviate discomfort, Gambhari and patla support digestive functions and help maintain gastrointestinal health while brihati aids in promoting healthy digestion and alleviating digestive disturbances, The combination of these herbs fortifies the immune system, enhancing the body's natural defence mechanisms, Jiva dashmool kwath has calming properties that help in managing stress and promoting relaxation, Some components assist in the detoxification process, supporting the body's natural cleansing mechanisms, Gokshura contributes to male reproductive health and vitality, Certain herbs in this formulation can support women's health, helping in hormonal balance and overall wellness","Shake well before use, Take 10-20 ml kwath twice a day or as directed by the physician, Colour variation is normal with natural ayurvedic formulation without affecting its efficacy","Store in a cool and dry place away from direct sunlight, Read the product label carefully before use, Keep out of reach of children, Do not exceed the recommended dosage"
https://www.1mg.com/otc/sbl-ruta-ointment-otc331006,SBL Ruta Ointment,SBL Pvt Ltd,,"Ruta graveolens, The ointment helps to relieve muscular and nerve sprains and strains, Ruta graveolens may help in the prevention of periostracum, It helps to relieve pain in the forehead and soothes inflammation, SBL Ruta ointment may reduce stinging and burning pain in the eyes",Apply the ointment on the affected area and rub gently for better absorption,"Keep out of reach of children, Store in a cool and dry place, For external usage only, Read the label before use"
https://www.1mg.com/otc/sbl-natrum-salicylicum-dilution-6-ch-otc355056,,SBL Pvt Ltd,,,,
https://www.1mg.com/otc/dr-willmar-schwabe-india-franciscea-uniflora-dilution-30-ch-otc403062,,Dr Willmar Schwabe India Pvt Ltd,,,,
https://www.1mg.com/otc/tynor-c-06-pouch-arm-sling-baggy-small-otc345568,Tynor C-06 Pouch Arm Sling (Baggy),Tynor Orthotics Pvt. Ltd.,It has been designed to cover the cast and give extra protection to the injured arm.,,Measure the circumference around the chest below the under arms and wear accordingly.,"Read the label carefully before use, Keep out of reach of the children, Store in a cool dry place"
https://www.1mg.com/otc/sloan-s-liniment-kills-pain-reduces-swelling-strengthens-muscles-ligaments-otc315107,Sloan's Liniment,Piramal Enterprises Ltd,,Oil,,
https://www.1mg.com/otc/jiva-pain-calm-oil-pain-reliever-for-joint-pain-back-pain-frozen-shoulder-sprain-muscle-soreness-otc329877,Jiva Pain Calm Oil,Jiva Ayurvedic Pharmacy Ltd,,,,
https://www.1mg.com/otc/himalaya-rumalaya-pain-relief-gel-quick-relief-from-body-pain-ayurvedic-gel-otc90714,Himalaya Rumalaya Gel,Himalaya Wellness Company,,"30 gm, Gel",Apply a small quantity of the gel to the tender area and lightly massage it in or as directed by the physician.,
https://www.1mg.com/otc/moov-cool-therapy-gel-otc964102,Moov Cool Therapy Gel,Reckitt Benckiser Healthcare Pvt. Ltd.,,"Each gram of gel contains: Pudina Satva (Mentha piperita) extract (Aerial parts of plant) 8.0% w/w, Preservative: Benzyl Alcohol IP, Colouring Agents: Brilliant Blue FCF, Tartrazine Yellow., Gel., 20g.",Apply a thin film of the gel to the affected area and massage gently. Repeat 3-4 times daily for best results.,
https://www.1mg.com/otc/tata-1mg-tennis-elbow-support-by-tata-1mg-large-otc872255,Tata 1mg Tennis Elbow Support,Tata 1mg Healthcare Solutions Private Limited,,,,
https://www.1mg.com/otc/tynor-b-07-cervical-collar-soft-medium-otc345505,Uses:,Tynor Orthotics Pvt. Ltd.,"It is used as a prophylactic collar, reduces pain and provides comfortable support during travelling.",,Measure the distance between the edge of the sternum and lower jaw with the neck in the extension position.,"Read the label carefully before use, Keep out of reach of the children, Store in a cool dry place"
https://www.1mg.com/otc/oppo-2022-elastic-knee-support-medium-otc352950,,OPPO Medical Inc,,,,
https://www.1mg.com/otc/lp-668-elbow-sleeve-single-xl-blue-otc331257,LP #668 Elbow Sleeve,LP Support,Elbow Sleeve is recommended for tennis and golf elbow.,,Use as recommended by the health-care professional.,"Read the label carefully before use, Keep out of reach of the children, Hand wash and air dry at room temperature"
https://www.1mg.com/otc/volini-maxx-pain-relief-spray-for-back-neck-joint-muscle-pain-bone-joint-muscle-care-otc457560,Volini Maxx Spray,Sun Pharmaceutical Industries Ltd,,"Diclofenac Diethylamine IP Equivalent to Dicoflenac Sodium, Methyl Salicylate IP, Menthol IP, Provides instant pain relief and supports bone, joint and muscle care, A unique formulation of 2% diclofenac makes it 100% stronger than other sprays, Provides effective relief from severe neck and back pain, Helps in relieving musculoskeletal and joint pain, Effective in healing pain due to strain and sprain, Useful in case of sports injuries, Has a unique 360-degree delivery mechanism that ensures standardised drug delivery, It provides instant and long-lasting pain relief from knee pain, joint pain, back pain, calf pain, and neck pain","Shake well before each use. Spray the contents from 5 cm distance on the affected areas 3-4 times in a day or, as directed by the physician.","Read the label carefully before use, Store in a cool and dry place away from direct sunlight, Keep out of reach of the children, Do not exceed the recommended dosage, For external use only, Should be applied only to intact skin surfaces and not to skin wounds and open injuries, Should not come into contact with eyes, mucous membranes and should not be ingested, Store in a cool and dry place"
https://www.1mg.com/otc/sbl-magnesia-muriaticum-dilution-6-ch-otc354444,,SBL Pvt Ltd,,,,
https://www.1mg.com/otc/sbl-conium-maculatum-dilution-50m-ch-otc385208,SBL Conium Maculatum Dilution,SBL Pvt Ltd,,,"Dosage should be directed by the physician.Maintain 30 minutes gap between drink, food or any other medication.Avoid strong smell in the mouth before taking a dose.",
https://www.1mg.com/otc/pankajakasthuri-orthoherb-ayurvedic-oil-with-amla-for-joint-pain-relief-otc356687,Pankajakasthuri Orthoherb Oil,Pankajakasthuri Herbals India (P) Ltd.,,"Vasa (Adhatoda vasica, Rt, Dct), Eranda (Ricinus communis, Rt, Dct), Bilwa (Aegle marmelos, Rt, Dct), Thwak (Cinnamomum zeylanicum, St. Bk, Dct), Maricha (Piper nigrum, Dr. Fr, Dct), Lavanga (Syzygium aromaticum, Dr. Fr, Dct), Jati (Myristica fragrans, Pp, Dct), Pata (Cyclea peltata, Rt, Dct), Nimba (Azadirachta indica, Rt, bk, Dct), Sahachara (Strobilanthes ciliatus, Rt, Dct), Nirgundi (Vitex negundo, Lf, Dct), Bala (Sida retusa, Rt, Dct), Punarnava (Boerhavia diffusa, Pl, Dct), Gunja (Abrus precatorius, Rt, Dct), Dusparsa (Tragia involucrata, Rt, Dct) 2 g each. Amalaki (Phyllanthus emblica, Dr. Fr, Pst), Manjishta (Rubia cordifolia, Rt, Pst), Guggulu (Balsamodendron mukul, Lx, Pst), Chitraka (Plumbago zeylanica, Rt, Pst) 2.5 g each. Kera thaila (Cocos nucifera, Oil) 27.50 ml, Eranda thaila (Ricinus communis, Oil) 82.50 ml, Eucalyptus Oil (Eucalyptus globulus, Oil), 100 ml, Liquid, The oil has anti-inflammatory and analgesic properties, It imparts muscle tone and lubricates the joints, It also imparts firmness to the limbs, It can help stimulate circulation, It helps the lymphatic functioning for detoxification",,"Read the label carefully before use, Store in a cool and dry place, Keep out of reach of children"
https://www.1mg.com/otc/sbl-onosmodium-virginianum-dilution-30-ch-otc348449,SBL Onosmodium Virginianum Dilution,SBL Pvt Ltd,,"30 ml, Liquid",,
https://www.1mg.com/otc/sandu-pathyadi-kadha-otc664126,Sandu Pathyadi Kadha,Sandu Pharmaceuticals Pvt Ltd,,"Triphala, Kiratatikta (Swertia chirata), Haridra (Curcuma longa), Neem (Azadirachta indica), Shunthi (Zingiber officinale), Beneficial in vascular headache, headaches caused by eye strain, earache, eye pain, and eye disorders with inflammation and vision disturbances, Reduces the frequency and intensity of migraine attacks, Has antioxidant and adaptogenic properties",4 teaspoons (20 ml) 2 times a day.,"Read the label carefully before use, Store in a cool dry place away from direct sunlight, Keep out of reach of the children"
https://www.1mg.com/otc/miduty-nerve-pain-relief-capsule-alpha-lipoic-acid-b-vitamins-neuropathy-support-otc918605,Miduty Nerve Pain Relief Capsule,Midvision Pvt Ltd,,,Use as directed on the label or as advised by your healthcare provider,
https://www.1mg.com/otc/dr-willmar-schwabe-india-streptococcinum-dilution-30-ch-otc391971,,Dr Willmar Schwabe India Pvt Ltd,,,,
https://www.1mg.com/otc/pravek-maha-balvardhak-oil-otc601978,Pravek Maha Balvardhak Oil,Pravek Kalp Private Limited,,,Massage adequate quantity of oil gently on the affected areas till it is absorbed. Use 2-3 times in a day for better results or as directed by the physician.,
https://www.1mg.com/otc/gogogesic-gel-30gm-each-otc955050,Gogogesic Gel,Deem Pharmaceuticals,,"Diclofenac, Linseed Oil, Menthol, Methyl Salicylate, Gogogesic Gel is a powerful pain killer, aiding in providing relief from muscular, bone, and general body pain, The inclusion of diclofenac helps reduce inflammation, contributing to pain alleviation, Menthol delivers a cooling effect, soothing and relieving pain in the applied area, Linseed Oil offers a natural approach to pain relief, promoting overall skin health, Methyl Salicylate acts as an analgesic, aiding in the relief of pain and discomfort",As mentioned on the label or as advised by your healthcare practitioner,"Read the label carefully before use, Store in a cool and dry place, away from sunlight, Keep out of reach of children"
https://www.1mg.com/otc/pyridolo-oil-otc490809,Pyridolo Oil,Century Life Science,,"Natural herbs, The oil helps to prevent joint stiffness and immobility, It helps to relieve muscular pain and joint pain, The formulation helps to manage joint disorders, It helps to prevent bone degeneration and improves muscle strength",Use as directed on the label or by the physician,"Keep out of reach of children, Store in a cool and dry place, For external usage only, Read the label before use"
https://www.1mg.com/otc/jiva-pain-calm-oil-pain-reliever-for-joint-pain-back-pain-frozen-shoulder-sprain-muscle-soreness-with-knee-cap-free-otc651981,Jiva Pain Calm Oil,Jiva Ayurvedic Pharmacy Ltd,,,,
https://www.1mg.com/otc/yuvika-beej-sambhalu-nirgundi-seeds-vitex-negundo-otc520152,,DKC AGROTECH PVT. LTD.,,,,
https://www.1mg.com/otc/dr.-johns-j-80-dengue-fever-drop-otc387744,Dr. Johns J-80 Dengue Fever Drop,Nanak Laboratories Pvt Ltd,,"Eupatorium Perf., Aconite Nap., Belladonna, Gelsemium, Rhus Tox, This formulation can provide relief from muscle and joint pain, It can provide relief from low platelet count, It can be effective in dealing with weakness and fatigue due to fever","Adults: 10-15 drops in some water, 3 times a day, one hour before meals, Children: Half the adult dose or as directed by the physician","Read the label carefully before use, Do not exceed the recommended dosage, Store in a cool and dry place away from direct sunlight, Keep out of reach of children"
https://www.1mg.com/otc/volini-maxx-pain-relief-spray-for-back-neck-joint-muscle-pain-bone-joint-muscle-care-otc457561,Volini Maxx Spray,Sun Pharmaceutical Industries Ltd,,"Diclofenac Diethylamine IP Equivalent to Dicoflenac Sodium, Methyl Salicylate IP, Menthol IP, Provides instant pain relief and supports bone, joint and muscle care, A unique formulation of 2% diclofenac makes it 100% stronger than other sprays, Provides effective relief from severe neck and back pain, Helps in relieving musculoskeletal and joint pain, Effective in healing pain due to strain and sprain, Useful in case of sports injuries, Has a unique 360-degree delivery mechanism that ensures standardised drug delivery, It provides instant and long-lasting pain relief from knee pain, joint pain, back pain, calf pain, and neck pain","Shake well before each use. Spray the contents from 5 cm distance on the affected areas 3-4 times in a day or, as directed by the physician.","Read the label carefully before use, Store in a cool and dry place away from direct sunlight, Keep out of reach of the children, Do not exceed the recommended dosage, For external use only, Should be applied only to intact skin surfaces and not to skin wounds and open injuries, Should not come into contact with eyes, mucous membranes and should not be ingested, Store in a cool and dry place"
https://www.1mg.com/otc/tata-1mg-ankle-binder-ankle-support-for-pain-relief-injuries-and-inflammation-ankle-protection-guard-post-cast-care-and-post-operation-large-otc811661,Tata 1mg Ankle Binder,Tata 1mg Healthcare Solutions Private Limited,"It is helpful for post-cast care, sports injuries (muscle, tendon, and ligament Injuries), and post-operations.","It comes with a dual grip and four-way stretchable fabric, It has versatile closing with elasticized wrap in figure eight, It has optimal support, which improves ankle stability, It has stretchable fabric, which helps in a convenient application, It has by-layer nylon, which helps in better heat retention and provides therapeutic warmth to the ankle, Its comfort and breathable fabric provide effective sweat absorption, Available sizes:It comes in 4 sizes: Small (S), Medium (M), Large (L), and Extra Large (XL)","Wipe the area properly before use, Pull on the compression sleeve with longer half upwards, The heel should fit in its position, Wrap the elasticized strap around the ankle in a figure or eight shape, Affix loop rejoinders to a comfortable compression, Please refer to pack for further details","Dry in shade on a flat surface, Do not dry clean, Do not iron, Do not bleach, Close the loop fastener before washing, Contact with oil can substantially reduce the life of the product"
https://www.1mg.com/otc/hapdco-mtc-3-pain-drop-otc370832,,HAPDCO,,,,
https://www.1mg.com/otc/jiva-pain-calm-oil-pain-reliever-for-joint-pain-back-pain-frozen-shoulder-sprain-muscle-soreness-otc651626,Jiva Pain Calm Oil,Jiva Ayurvedic Pharmacy Ltd,,,,
https://www.1mg.com/otc/aurthot-clavicle-brace-medium-otc389255,,Aurthot Surgicals (OPC) Pvt Ltd,,,,
https://www.1mg.com/otc/aurthot-anklete-with-binder-medium-otc389276,,Aurthot Surgicals (OPC) Private Limited,,,,
https://www.1mg.com/otc/moov-pain-relief-ointment-for-back-pain-joint-pain-knee-pain-muscle-pain-otc377375,"Moov Pain Relief Ointment for Back Pain, Joint Pain, Knee Pain, Muscle Pain",Reckitt Benckiser Healthcare Pvt. Ltd.,,"Ointment, 30g",,
https://www.1mg.com/otc/tynor-c03-elastic-shoulder-immobiliser-medium-otc345522,Tynor C-03 Elastic Shoulder Immobiliser,Tynor Orthotics Pvt. Ltd.,It helps to reduce abduction and arm rotation by positioning the arm close to the body.,,Measure the circumference around the chest and wear accordingly.,"Read the label carefully before use, Keep out of reach of the children, Store in a cool dry place"
https://www.1mg.com/otc/bjain-taxus-baccatta-dilution-200-ch-otc432205,Bjain Taxus Baccatta Dilution,Bjain Pharmaceuticals Pvt. Ltd.,,,,
https://www.1mg.com/otc/volini-pain-relief-gel-for-sprain-muscle-joint-neck-low-back-pain-bone-joint-muscle-care-otc138818,Volini Pain Relief Gel,Sun Pharmaceutical Industries Ltd,,"Diclofenac Diethylamine Equivalent to Diclofenac Sodium 1% w/w, Methyl Salicylate IP, Menthol IP, Virgin Linseed Oil BP, Preservative, Benzyl Alcohol IP, Gel Base, The spray can offer relief when in pain and supports bone, muscle and joint care., It is effective for pain in the joints, knees, back, shoulders, and neck, It can work great on sports injuries such as muscle pulls, sprains, and strain, It provides instant and long-lasting pain relief from knee pain, joint pain, back pain, calf pain, and neck pain","The Volini pain relief bottle should be shaken well before spraying, Hold the spray bottle at a 5cm distance from the affected area and spray, You can use the spray about three to four times daily or as recommened by your physician","Read the label carefully before use, Store in a cool and dry place, away from sunlight, Keep out of reach of children, The Volini pain relief spray is meant for external application only, Use Volini per the doctor’s guidance, and be careful not to use more than the given dosage, Do not use the spray on open wounds or surfaces of the skin that are ruptured, The spray should not be ingested or come in contact with the eyes and mucous membranes, Avoid using the spray near a naked flame, Do not burn or make a hole in the bottle even after the spray is over"
https://www.1mg.com/otc/samson-ca0108-cervical-pillow-memory-foam-universal-white-otc487769,Samson CA-0108 Cervical Pillow (Memory Foam),Samson Scientifics & Surgicals,It has been designed to support the chin and cervical spine and helps to relieve the pain.,,Use as directed in the user manual.,"Read the label carefully before use, Store in a cool dry place away from direct sunlight"
https://www.1mg.com/otc/dominion-care-powerful-electric-double-head-hammerpro-body-massager-otc492104,Dominion Care Powerful Electric Double Head Hammerpro Body Massager,Kapil Plastic Mould,Relieves muscle exhaustion and pain.,"Reduces stress and builds up the immune system for quality well-being, Contains three sets of removable free massage heads, Comprises of double head massager, The product encompasses a nonslip rubber grip for better results and easy usage, Provides auto-start function along with customised speed, Recommended for the areas of the neck, back, legs, and foot","Operated manually, plug-in into the power slot and switch it on, Read the label carefully for usage instructions","Read the label carefully before use, Store in a cool and dry place, away from sunlight, Keep out of reach of children, Protect from physical damage"
https://www.1mg.com/otc/spol-kinematics-tex-sports-muscle-black-tape-otc491841,,Dr. Sayani's Health Care Pvt. Ltd.,,,,
https://www.1mg.com/otc/sbl-lycopersicum-esculentum-dilution-6-ch-otc354424,,SBL Pvt Ltd,,,,
https://www.1mg.com/otc/tata-1mg-knee-support-knee-cap-for-men-women-sports-pain-relief-comfort-large-black-otc811666,Tata 1mg Knee Support Lite,Tata 1mg Healthcare Solutions Private Limited,,,,
https://www.1mg.com/otc/adel-acid-oxalicum-dilution-200-otc332638,ADEL Acid Oxalicum Dilution,Adel Pekana Germany,,"Oxalic Acid, Liquid, It is helpful in case of respiratory tract infections and helps manage cough, It helps provide relief from severe headaches, It assists in dealing with sneezing accompanied by a runny nose, It is useful in dealing with diarrhoea and allergic rhinitis, It assists in relieving stomach pain",,"Read the label carefully before use, Keep out of the reach of children, Store in a cool and dry place"
https://www.1mg.com/otc/deve-herbes-pure-amla-emblica-officinalis-oil-otc394761,Deve Herbes Pure Amla Oil,Deve Herbes,,"Cold Pressed Extracted Carrier Oils, Pure Amla oil is aperient, carminative and diuretic., It has astringent and antibacterial properties., Enriches hair growth and pigmentation by stimulating the hair roots and scalp., Prevents premature graying of hair and dandruff., Deve Herbes products are Vegan and Cruelty-Free.",As directed by healthcare professional.,"Read the label carefully before use, Store in a cool and dry place, away from sunlight, Keep out of the reach of children"
https://www.1mg.com/otc/bjain-kali-carbonicum-dilution-50m-ch-otc709933,Bjain Kali Carbonicum Dilution,Bjain Pharmaceuticals Pvt. Ltd.,,,,
https://www.1mg.com/otc/silver-age-pain-relief-oil-otc965875,Silver Age Pain Relief Oil,Casajoya Pvt Ltd,,"Peedashamak Tailum 1.5ml, Mahavishgarb Tailum 1.5ml, Nirgundi Tailum 1ml, Mahanayrayan Tailum 1ml, Panchgun Tailum 1ml, Dhanvantarumtailum 2ml, Boswellia Serrata Roxb 1ml, Syzygium Aromaticum 0.2ml, Capsicum Annum 0.1ml, Cinnamomum Zeylanicum 0.7ml, Myristica Fragrans Houtt 0.2ml, Zingiber Officinale 0.3ml, Gaultheria Fragrantissima 1ml, Camphora 0.1gm, Carum Copticum Benth 0.3gm, Mentha Piperata Linn. 0.2gm, Relief from back, joint, neck and shoulder pain:Soothing relief with one of the best pain relief oils, designed to provide comfort from back pain, joint pain, and neck or shoulder pain. This versatile oil is your go-to solution for aching muscles and joints, Natural authentic ayurvedic herbs:This pain relief oil is enriched with herbs like clove, cinnamon, mahamash, shatavari and ashwagandha that work together to help alleviate body pain, knee pain, and joint discomfort. The complete list of ingredients is transparently declared on the packaging, Explore more applications for pain relief:This oil can be used in various applications, such as knee cap relief, ortho relief, and pain relief sprays. Whether you're seeking garam patti for leg pain or foot patches, this pain relief oil complements these applications effectively, Safe and effective for all ages:This ayurvedic pain relief oil is safe and effective for people of all ages, including adults, children and pregnant women. Use as knee pain relief products or general pain relief oils to experience the effectiveness, Hydration for wellness and quick relief:This body massager oil for pain relief is easy to apply, and is quickly absorbed, providing rapid comfort as well as skin hydration. A simple yet effective addition to your daily wellness routine",Apply 10 drops to the affected area and massage.,"For external use only, Store it in a cool and dry place, Keep it away from direct sunlight, Keep it away from the reach of the children"
https://www.1mg.com/otc/similia-camphorhus-oil-otc503517,,Similia Homoeo Laboratory,,,,
https://www.1mg.com/otc/united-vatarin-oil-otc376490,United Vatarin Oil,United Pharmaceuticals,,,,
https://www.1mg.com/otc/sbl-acidum-citricum-dilution-3-ch-otc350860,,SBL Pvt Ltd,,,,
https://www.1mg.com/otc/bjain-camphora-dilution-10m-ch-otc437349,Bjain Magnesium Phosphoricum Dilution,Bjain Pharmaceuticals Pvt. Ltd.,,Magnesium Phosphoricum,,
https://www.1mg.com/otc/sloan-s-liniment-kills-pain-reduces-swelling-strengthens-muscles-ligaments-otc315107,Sloan's Liniment,Piramal Enterprises Ltd,,Oil,,
https://www.1mg.com/otc/jiva-pain-calm-oil-pain-reliever-for-joint-pain-back-pain-frozen-shoulder-sprain-muscle-soreness-otc329877,Jiva Pain Calm Oil,Jiva Ayurvedic Pharmacy Ltd,,,,
https://www.1mg.com/otc/himalaya-rumalaya-pain-relief-gel-quick-relief-from-body-pain-ayurvedic-gel-otc90714,Himalaya Rumalaya Gel,Himalaya Wellness Company,,"30 gm, Gel",Apply a small quantity of the gel to the tender area and lightly massage it in or as directed by the physician.,
https://www.1mg.com/otc/babuline-babtail-balm-oil-for-body-back-knee-legs-shoulder-and-muscle-pain-suitable-for-relief-from-cold-cough-headache-blocked-nose-10ml-each-otc929707,"Babuline Babtail Balm Oil for Muscle Pain, Joint Pain, Cold and Cough",Babuline Pharma,,"Karpura, Pudina Sat, Cajuput Taila, Eucalyptus Taila, Gandhapura Patra Taila and Coconut Taila., It is an effective ayurvedic product that may help to provide relief from joint pain and muscle pain, This oil can also help to reduce muscle cramps and enhance the flexibility of the muscles, This balm oil can help to manage and condition if one is suffering from a severe cold and cough",Gently roll on Babtail balm oil for about 5 minutes in the affected area.,"Use before 36 months from the date of manufacture, Store it in a cool and dry place, Keep it away from direct sunlight, Keep it away from the reach of the children"
https://www.1mg.com/otc/dabur-rheumatil-oil-for-joint-pain-relief-for-backache-knee-pain-shoulder-pain-otc497924,Dabur Rheumatil Oil,Dabur India Ltd,,"Mahanarayan Tail (Bhaishajya Ratnawali/Vatavya Dhi Chikitsa), Murcchit Tila Tail (Sesamum Indicum, Sd. Oil) 5Ml; Godudha, S6Atavari (Asparagus Recemosus, Rt., Svarasa), Bilva(Aegle Marmelos, St. Bk.), Ashwagandha (Withania Somnifera, Rt.), Brihati (Solanum Indicum, Pl.), Gokshura (Tribulus Terrestris, Fr.). Shayonaka (Oroxylum Indicum, St. Bk.), Bala (Sida Cordifolia, Rt.), Panbhadra (Erythrina Indica, St. Bk.), Kanatakari (Solanum Surattense, Pl.), Rakta Punarmava (Boorhavia Diffusa, Rt.), Atibala (Abutilon Indicum, Rt.). Agnimantha (Premna Integrifolia, St. Bk.), Prasarini (Paederia Foetida, Pt.), Patala (Stereospermum Suaveolens, St. Bk.), Rasna (Pluchea Lanceolata, Lf.), Ashwagandha (Withania Somnifora, Rt.), Mishreya (Foeniculum Vulgare, Fr.). Devadaru (Cedrus Deodara. Ht. Wd.), Kushta (Saussurea Lappa, Rt.). Shalapami (Desmodium Gangaticum. Pl.), Prishniparni (Uraria Picta. Pl.), Mudgapami (Phaseolus Trilobus, Pl.). Mashapami (Teramnus Labialis, Pi.), Nagakosara (Mesua Ferra, Stmn.), Saindhava Lavana, Jatamansi (Nardostachys Jatamansi, Rz.). Haridra (Curcuma Longa, Rz.), Daruharidra (Berberis Aristata. St.), Shaileya (Parmelia Perlata, Pl), Pushkara (Inula Racemosa Rt.), Sukshmaila (Elettaria Cardamomun, Sd.), Manjishtha (Rubla Cordifolia, St.). Yasht (Glycyrrhiza Glabra, Rt.), Tagar (Valeriana Walliehil. Rz.), Musta (Cyperus Rotundus, Rz.). Tvakpatra (Cinnamomum Tamala, Lt.). Tvak (Cinnamomum Zeylanicum, Bk.), Jivaka (Pueraria Tuberosa-Officail Substitute, Rt. Tr.), Rishbhaka (Pueraria Tuberosa-Official Substitute, Rt. Tr.), Kakoli (Withania Somnifera-Official Substitute, Rt.) Kshira Kakoll (Withania Somnifera-Official Subsitute, Rt.), Meda (Asparagus Racemosus-Official Subsitute, Rt.), Mahameda (Asparagus Racemosus-Official Subsituta, Rt.). Riddhi (Dioscorea Bulbifera-Official Substitute, Rt. Tr.), Vriddhi (Dioscrea Bulbifera-Official Substitute, Rt. Tr.), Hrivera (Colaus Vettiveroides Rt.), Vacha (Acorus Calamus, Rz) Palasha (Butea Monosperma, St. Bk.), Shveta Punarmava (Borcrhavia Verticillata, Rt.), Chorka (Angelica Glauca Rz), Karpura (Cinnamomum Camphora, Sub.Ext.), Kumkuma (Crocus Sativus. Sti./Stg:), Oil",,
https://www.1mg.com/otc/moov-cool-therapy-gel-otc964102,Moov Cool Therapy Gel,Reckitt Benckiser Healthcare Pvt. Ltd.,,"Each gram of gel contains: Pudina Satva (Mentha piperita) extract (Aerial parts of plant) 8.0% w/w, Preservative: Benzyl Alcohol IP, Colouring Agents: Brilliant Blue FCF, Tartrazine Yellow., Gel., 20g.",Apply a thin film of the gel to the affected area and massage gently. Repeat 3-4 times daily for best results.,
https://www.1mg.com/otc/sbl-hepar-sulphur-trituration-tablet-3x-otc338989,,SBL Pvt Ltd,,,,
https://www.1mg.com/otc/bjain-camphora-dilution-12-ch-otc437366,Bjain Magnesium Phosphoricum Dilution,Bjain Pharmaceuticals Pvt. Ltd.,,Magnesium Phosphoricum,,
https://www.1mg.com/otc/deve-herbes-pure-linseed-cold-pressed-oil-otc396712,Deve Herbes Pure Linseed Oil,Deve Herbes,,"Pure Linseed Oil, It can lower the cholesterol levels and reduce the risk of heart disease, The linseed oil not only reduces inflammation in the joints, skin and kidneys, but also lowers cholesterol levels that may be elevated by the disease, The EFAs in linseed oil assist in the transmission of nerve impulses making the oil potentially valuable in treating conditions of numbness and tingling, Improves the uterine function and thus treats fertility problems",Dosage as directed by the physician.,"Use under medical supervision, Keep out of reach of children, Read the label carefully before use, Store in a cool and dry place away from sunlight and heat"
https://www.1mg.com/otc/salo-orthotics-tailbone-pain-coccyx-cushion-for-office-chair-car-seat-xl-otc394480,,Salo Orthotics,,,,
https://www.1mg.com/otc/volini-maxx-pain-relief-spray-for-back-neck-joint-muscle-pain-bone-joint-muscle-care-otc457560,Volini Maxx Spray,Sun Pharmaceutical Industries Ltd,,"Diclofenac Diethylamine IP Equivalent to Dicoflenac Sodium, Methyl Salicylate IP, Menthol IP, Provides instant pain relief and supports bone, joint and muscle care, A unique formulation of 2% diclofenac makes it 100% stronger than other sprays, Provides effective relief from severe neck and back pain, Helps in relieving musculoskeletal and joint pain, Effective in healing pain due to strain and sprain, Useful in case of sports injuries, Has a unique 360-degree delivery mechanism that ensures standardised drug delivery, It provides instant and long-lasting pain relief from knee pain, joint pain, back pain, calf pain, and neck pain","Shake well before each use. Spray the contents from 5 cm distance on the affected areas 3-4 times in a day or, as directed by the physician.","Read the label carefully before use, Store in a cool and dry place away from direct sunlight, Keep out of reach of the children, Do not exceed the recommended dosage, For external use only, Should be applied only to intact skin surfaces and not to skin wounds and open injuries, Should not come into contact with eyes, mucous membranes and should not be ingested, Store in a cool and dry place"
https://www.1mg.com/otc/lord-s-l-105-abdominal-left-side-drop-otc448744,Lord's L 105 Abdominal Left Side Drop,Lord's Homoeopathic Laboratory Pvt Ltd,,"Lachesis 30x, Lycopodium clav 30x, Palladium 12x, Pimpinella Saxifraga 30x, Lachesis 30x is useful for soothing left ovary pain and reducing swelling, Trifacial neuralgia is beneficial for the left side, heat running up into the head, Lycopodium clav 30x: Symptoms characteristically run from right to left, Palladium is indicated in right-sided complaints of should affections and right shoulder pains, Pimpinella saxifraga is useful in renal colic right-sided complaints","10-15 drops should be diluted in water and taken 3 times a day, Or as advised by your healthcare practitioner","Read the label carefully before use, Store in a cool and dry place, away from sunlight, Keep out of reach of children"
https://www.1mg.com/otc/dr.-reckeweg-zincum-sulf-dilution-cm-ch-otc375637,,Dr Reckeweg & Co,,,,
https://www.1mg.com/otc/pankajakasthuri-orthoherb-ayurvedic-oil-with-amla-for-joint-pain-relief-otc356687,Pankajakasthuri Orthoherb Oil,Pankajakasthuri Herbals India (P) Ltd.,,"Vasa (Adhatoda vasica, Rt, Dct), Eranda (Ricinus communis, Rt, Dct), Bilwa (Aegle marmelos, Rt, Dct), Thwak (Cinnamomum zeylanicum, St. Bk, Dct), Maricha (Piper nigrum, Dr. Fr, Dct), Lavanga (Syzygium aromaticum, Dr. Fr, Dct), Jati (Myristica fragrans, Pp, Dct), Pata (Cyclea peltata, Rt, Dct), Nimba (Azadirachta indica, Rt, bk, Dct), Sahachara (Strobilanthes ciliatus, Rt, Dct), Nirgundi (Vitex negundo, Lf, Dct), Bala (Sida retusa, Rt, Dct), Punarnava (Boerhavia diffusa, Pl, Dct), Gunja (Abrus precatorius, Rt, Dct), Dusparsa (Tragia involucrata, Rt, Dct) 2 g each. Amalaki (Phyllanthus emblica, Dr. Fr, Pst), Manjishta (Rubia cordifolia, Rt, Pst), Guggulu (Balsamodendron mukul, Lx, Pst), Chitraka (Plumbago zeylanica, Rt, Pst) 2.5 g each. Kera thaila (Cocos nucifera, Oil) 27.50 ml, Eranda thaila (Ricinus communis, Oil) 82.50 ml, Eucalyptus Oil (Eucalyptus globulus, Oil), 100 ml, Liquid, The oil has anti-inflammatory and analgesic properties, It imparts muscle tone and lubricates the joints, It also imparts firmness to the limbs, It can help stimulate circulation, It helps the lymphatic functioning for detoxification",,"Read the label carefully before use, Store in a cool and dry place, Keep out of reach of children"
https://www.1mg.com/otc/sbl-conium-maculatum-dilution-10m-ch-otc385207,SBL Conium Maculatum Dilution,SBL Pvt Ltd,,,"Dosage should be directed by the physician.Maintain 30 minutes gap between drink, food or any other medication.Avoid strong smell in the mouth before taking a dose.",
https://www.1mg.com/otc/deve-herbes-pure-calendula-calendula-officinalis-cold-pressed-oil-otc396427,Deve Herbes Pure Calendula Oil,Deve Herbes,,"Calendula Oil, Contains anti-inflammatory properties which help treat swollen tissue on the skin, Calnedula Oil’s high triterpenoid content is helpful in the treatment of skin issues such as dry skin, eczema and haemorrhoids, It can be used amongst infants to soothe and heal diaper rash and prevents irritation, Helps fight bacterial skin infections in skin abrasions, It can effectively be used for the treatment and prevention of acne",Most Carrier Oils are unscented or lightly scented and don't interfere with an essential oil's therapeutic properties. They may be used alone or with other oils to nourish your skin.,"Read the label carefully before use, For external use only, Avoid contact with the eyes, Keep out of the reach of children, Store in a cool dry place away from direct sunlight and heat"
https://www.1mg.com/otc/miduty-nerve-pain-relief-capsule-alpha-lipoic-acid-b-vitamins-neuropathy-support-otc918605,Miduty Nerve Pain Relief Capsule,Midvision Pvt Ltd,,,Use as directed on the label or as advised by your healthcare provider,
https://www.1mg.com/otc/oxalgin-nano-gel-otc159302,Oxalgin Nano Gel,Zydus Cadila,,Gel,,
https://www.1mg.com/otc/pravek-maha-balvardhak-oil-otc601978,Pravek Maha Balvardhak Oil,Pravek Kalp Private Limited,,,Massage adequate quantity of oil gently on the affected areas till it is absorbed. Use 2-3 times in a day for better results or as directed by the physician.,
